inventory_id,pharmacy_id,medicine_id,quantity,status,updated_at
INV000001,PH0001,MED0047,112,AVAILABLE,2026-08-21 06:34:24
INV000002,PH0001,MED0379,315,AVAILABLE,2026-08-21 05:48:25
INV000003,PH0001,MED0517,138,AVAILABLE,2026-08-21 02:12:19
INV000004,PH0001,MED0018,216,AVAILABLE,2026-08-21 07:37:14
INV000005,PH0001,MED0027,28,AVAILABLE,2026-08-21 07:17:03
INV000006,PH0001,MED0042,304,AVAILABLE,2026-08-21 02:37:10
INV000007,PH0001,MED0250,218,AVAILABLE,2026-08-21 04:57:40
INV000008,PH0001,MED0049,46,AVAILABLE,2026-08-21 05:42:09
INV000009,PH0001,MED0038,222,AVAILABLE,2026-08-21 06:37:49
INV000010,PH0001,MED0369,0,OUT_OF_STOCK,2026-08-21 07:17:13
INV000011,PH0001,MED0201,348,AVAILABLE,2026-08-21 07:32:11
INV000012,PH0001,MED0017,156,AVAILABLE,2026-08-21 03:02:17
INV000013,PH0001,MED0323,1,LOW_STOCK,2026-08-21 02:54:19
INV000014,PH0001,MED0023,323,AVAILABLE,2026-08-21 07:21:11
INV000015,PH0001,MED0506,399,AVAILABLE,2026-08-21 06:38:21
INV000016,PH0001,MED0358,206,AVAILABLE,2026-08-21 07:15:04
INV000017,PH0001,MED0127,193,AVAILABLE,2026-08-21 07:06:51
INV000018,PH0001,MED0108,255,AVAILABLE,2026-08-21 03:31:15
INV000019,PH0001,MED0097,376,AVAILABLE,2026-08-21 04:28:40
INV000020,PH0001,MED0289,77,AVAILABLE,2026-08-21 04:36:57
INV000021,PH0001,MED0373,220,AVAILABLE,2026-08-21 07:48:46
INV000022,PH0001,MED0477,293,AVAILABLE,2026-08-21 05:28:49
INV000023,PH0001,MED0162,257,AVAILABLE,2026-08-21 05:58:11
INV000024,PH0001,MED0106,272,AVAILABLE,2026-08-21 02:27:21
INV000025,PH0001,MED0011,151,AVAILABLE,2026-08-21 03:11:41
INV000026,PH0001,MED0278,5,LOW_STOCK,2026-08-21 07:47:58
INV000027,PH0001,MED0380,305,AVAILABLE,2026-08-21 02:17:12
INV000028,PH0001,MED0067,166,AVAILABLE,2026-08-21 02:30:30
INV000029,PH0001,MED0499,66,AVAILABLE,2026-08-21 07:18:59
INV000030,PH0001,MED0181,307,AVAILABLE,2026-08-21 07:20:17
INV000031,PH0001,MED0254,219,AVAILABLE,2026-08-21 05:58:32
INV000032,PH0001,MED0008,128,AVAILABLE,2026-08-21 06:21:44
INV000033,PH0001,MED0062,164,AVAILABLE,2026-08-21 03:29:24
INV000034,PH0001,MED0268,227,AVAILABLE,2026-08-21 07:07:16
INV000035,PH0001,MED0296,371,AVAILABLE,2026-08-21 05:50:12
INV000036,PH0001,MED0504,335,AVAILABLE,2026-08-21 05:05:33
INV000037,PH0001,MED0410,228,AVAILABLE,2026-08-21 05:47:00
INV000038,PH0001,MED0113,229,AVAILABLE,2026-08-21 07:26:50
INV000039,PH0001,MED0193,91,AVAILABLE,2026-08-21 06:12:18
INV000040,PH0001,MED0110,249,AVAILABLE,2026-08-21 07:59:59
INV000041,PH0001,MED0292,347,AVAILABLE,2026-08-21 07:08:13
INV000042,PH0001,MED0455,227,AVAILABLE,2026-08-21 07:57:59
INV000043,PH0001,MED0469,52,AVAILABLE,2026-08-21 05:52:00
INV000044,PH0001,MED0126,56,AVAILABLE,2026-08-21 05:48:57
INV000045,PH0001,MED0003,22,AVAILABLE,2026-08-21 07:39:20
INV000046,PH0001,MED0331,391,AVAILABLE,2026-08-21 04:15:14
INV000047,PH0001,MED0206,274,AVAILABLE,2026-08-21 03:12:32
INV000048,PH0001,MED0438,47,AVAILABLE,2026-08-21 05:58:53
INV000049,PH0001,MED0434,51,AVAILABLE,2026-08-21 05:49:20
INV000050,PH0001,MED0212,174,AVAILABLE,2026-08-21 07:36:44
INV000051,PH0001,MED0105,187,AVAILABLE,2026-08-21 06:13:02
INV000052,PH0001,MED0194,48,AVAILABLE,2026-08-21 03:48:17
INV000053,PH0001,MED0209,394,AVAILABLE,2026-08-21 03:35:26
INV000054,PH0001,MED0057,368,AVAILABLE,2026-08-21 03:11:34
INV000055,PH0001,MED0453,259,AVAILABLE,2026-08-21 04:33:41
INV000056,PH0001,MED0012,255,AVAILABLE,2026-08-21 07:19:26
INV000057,PH0002,MED0088,0,OUT_OF_STOCK,2026-08-19 12:38:21
INV000058,PH0002,MED0332,13,LOW_STOCK,2026-08-19 13:53:19
INV000059,PH0002,MED0206,0,OUT_OF_STOCK,2026-08-19 12:11:10
INV000060,PH0002,MED0449,239,AVAILABLE,2026-08-19 14:30:59
INV000061,PH0002,MED0157,7,LOW_STOCK,2026-08-19 11:12:38
INV000062,PH0002,MED0010,273,AVAILABLE,2026-08-19 14:54:50
INV000063,PH0002,MED0237,18,LOW_STOCK,2026-08-19 10:46:05
INV000064,PH0002,MED0184,259,AVAILABLE,2026-08-19 16:12:07
INV000065,PH0002,MED0208,144,AVAILABLE,2026-08-19 10:32:03
INV000066,PH0002,MED0089,262,AVAILABLE,2026-08-19 11:41:22
INV000067,PH0002,MED0056,155,AVAILABLE,2026-08-19 15:01:51
INV000068,PH0002,MED0029,348,AVAILABLE,2026-08-19 15:53:44
INV000069,PH0002,MED0428,33,AVAILABLE,2026-08-19 12:52:35
INV000070,PH0002,MED0336,143,AVAILABLE,2026-08-19 15:11:42
INV000071,PH0002,MED0065,93,AVAILABLE,2026-08-19 12:21:21
INV000072,PH0002,MED0192,265,AVAILABLE,2026-08-19 15:13:15
INV000073,PH0002,MED0095,127,AVAILABLE,2026-08-19 13:06:14
INV000074,PH0002,MED0162,0,OUT_OF_STOCK,2026-08-19 16:15:27
INV000075,PH0002,MED0124,88,AVAILABLE,2026-08-19 14:33:51
INV000076,PH0002,MED0354,222,AVAILABLE,2026-08-19 10:53:18
INV000077,PH0002,MED0459,19,LOW_STOCK,2026-08-19 12:34:50
INV000078,PH0002,MED0179,244,AVAILABLE,2026-08-19 13:39:24
INV000079,PH0002,MED0496,383,AVAILABLE,2026-08-19 15:32:25
INV000080,PH0002,MED0337,193,AVAILABLE,2026-08-19 12:35:13
INV000081,PH0002,MED0262,142,AVAILABLE,2026-08-19 12:22:52
INV000082,PH0002,MED0311,68,AVAILABLE,2026-08-19 14:59:20
INV000083,PH0002,MED0025,0,OUT_OF_STOCK,2026-08-19 12:47:46
INV000084,PH0002,MED0353,109,AVAILABLE,2026-08-19 13:23:58
INV000085,PH0002,MED0011,128,AVAILABLE,2026-08-19 10:43:41
INV000086,PH0002,MED0269,56,AVAILABLE,2026-08-19 12:52:09
INV000087,PH0002,MED0167,331,AVAILABLE,2026-08-19 16:26:33
INV000088,PH0002,MED0210,189,AVAILABLE,2026-08-19 11:34:40
INV000089,PH0002,MED0201,0,OUT_OF_STOCK,2026-08-19 14:53:05
INV000090,PH0002,MED0207,219,AVAILABLE,2026-08-19 16:09:06
INV000091,PH0002,MED0159,0,OUT_OF_STOCK,2026-08-19 13:05:12
INV000092,PH0002,MED0122,55,AVAILABLE,2026-08-19 15:17:12
INV000093,PH0002,MED0467,0,OUT_OF_STOCK,2026-08-19 16:28:28
INV000094,PH0002,MED0117,8,LOW_STOCK,2026-08-19 15:12:59
INV000095,PH0002,MED0061,241,AVAILABLE,2026-08-19 10:32:23
INV000096,PH0002,MED0097,97,AVAILABLE,2026-08-19 11:00:56
INV000097,PH0002,MED0280,259,AVAILABLE,2026-08-19 13:41:45
INV000098,PH0002,MED0241,58,AVAILABLE,2026-08-19 14:00:43
INV000099,PH0002,MED0248,378,AVAILABLE,2026-08-19 10:44:12
INV000100,PH0002,MED0082,0,OUT_OF_STOCK,2026-08-19 14:42:17
INV000101,PH0002,MED0016,246,AVAILABLE,2026-08-19 16:28:35
INV000102,PH0002,MED0019,46,AVAILABLE,2026-08-19 15:04:08
INV000103,PH0002,MED0104,0,OUT_OF_STOCK,2026-08-19 14:37:05
INV000104,PH0002,MED0349,175,AVAILABLE,2026-08-19 15:41:08
INV000105,PH0002,MED0297,392,AVAILABLE,2026-08-19 11:33:09
INV000106,PH0002,MED0258,10,LOW_STOCK,2026-08-19 12:07:46
INV000107,PH0002,MED0114,273,AVAILABLE,2026-08-19 14:52:32
INV000108,PH0002,MED0246,242,AVAILABLE,2026-08-19 13:39:27
INV000109,PH0002,MED0116,14,LOW_STOCK,2026-08-19 13:46:35
INV000110,PH0002,MED0057,311,AVAILABLE,2026-08-19 10:56:28
INV000111,PH0003,MED0206,0,OUT_OF_STOCK,2026-08-21 03:38:07
INV000112,PH0003,MED0446,145,AVAILABLE,2026-08-21 00:21:18
INV000113,PH0003,MED0077,280,AVAILABLE,2026-08-21 00:37:14
INV000114,PH0003,MED0194,226,AVAILABLE,2026-08-20 23:17:47
INV000115,PH0003,MED0064,230,AVAILABLE,2026-08-21 00:13:16
INV000116,PH0003,MED0026,249,AVAILABLE,2026-08-21 02:59:28
INV000117,PH0003,MED0299,350,AVAILABLE,2026-08-21 01:04:39
INV000118,PH0003,MED0270,131,AVAILABLE,2026-08-20 22:42:32
INV000119,PH0003,MED0395,312,AVAILABLE,2026-08-21 00:31:06
INV000120,PH0003,MED0442,297,AVAILABLE,2026-08-21 00:20:46
INV000121,PH0003,MED0369,3,LOW_STOCK,2026-08-21 03:02:54
INV000122,PH0003,MED0130,2,LOW_STOCK,2026-08-21 01:03:32
INV000123,PH0003,MED0221,181,AVAILABLE,2026-08-20 23:42:41
INV000124,PH0003,MED0201,164,AVAILABLE,2026-08-21 01:00:41
INV000125,PH0003,MED0065,126,AVAILABLE,2026-08-21 03:44:13
INV000126,PH0003,MED0008,243,AVAILABLE,2026-08-21 02:48:54
INV000127,PH0003,MED0496,133,AVAILABLE,2026-08-20 22:44:33
INV000128,PH0003,MED0289,215,AVAILABLE,2026-08-21 03:59:10
INV000129,PH0003,MED0029,387,AVAILABLE,2026-08-21 01:18:23
INV000130,PH0003,MED0387,293,AVAILABLE,2026-08-20 23:45:40
INV000131,PH0003,MED0122,73,AVAILABLE,2026-08-21 02:37:02
INV000132,PH0003,MED0249,193,AVAILABLE,2026-08-21 03:13:36
INV000133,PH0003,MED0393,378,AVAILABLE,2026-08-21 04:09:19
INV000134,PH0003,MED0258,243,AVAILABLE,2026-08-21 00:08:48
INV000135,PH0003,MED0173,5,LOW_STOCK,2026-08-20 23:08:13
INV000136,PH0003,MED0073,291,AVAILABLE,2026-08-21 00:22:31
INV000137,PH0003,MED0078,274,AVAILABLE,2026-08-21 02:47:37
INV000138,PH0003,MED0398,6,LOW_STOCK,2026-08-21 02:32:55
INV000139,PH0003,MED0150,278,AVAILABLE,2026-08-21 00:25:05
INV000140,PH0003,MED0067,282,AVAILABLE,2026-08-20 23:56:55
INV000141,PH0003,MED0123,85,AVAILABLE,2026-08-21 03:21:52
INV000142,PH0003,MED0411,299,AVAILABLE,2026-08-21 00:42:04
INV000143,PH0003,MED0235,356,AVAILABLE,2026-08-21 01:18:53
INV000144,PH0003,MED0456,54,AVAILABLE,2026-08-21 02:16:01
INV000145,PH0003,MED0187,377,AVAILABLE,2026-08-21 04:07:57
INV000146,PH0003,MED0434,377,AVAILABLE,2026-08-21 00:15:16
INV000147,PH0003,MED0110,0,OUT_OF_STOCK,2026-08-21 02:45:32
INV000148,PH0003,MED0292,18,LOW_STOCK,2026-08-20 22:45:35
INV000149,PH0003,MED0218,0,OUT_OF_STOCK,2026-08-21 00:04:35
INV000150,PH0003,MED0214,239,AVAILABLE,2026-08-21 00:28:28
INV000151,PH0003,MED0352,310,AVAILABLE,2026-08-20 23:56:40
INV000152,PH0003,MED0353,367,AVAILABLE,2026-08-21 01:20:42
INV000153,PH0003,MED0063,15,LOW_STOCK,2026-08-21 03:40:11
INV000154,PH0003,MED0290,81,AVAILABLE,2026-08-21 04:17:25
INV000155,PH0003,MED0018,313,AVAILABLE,2026-08-20 23:18:51
INV000156,PH0003,MED0510,216,AVAILABLE,2026-08-21 02:11:24
INV000157,PH0003,MED0053,234,AVAILABLE,2026-08-21 02:39:31
INV000158,PH0003,MED0129,17,LOW_STOCK,2026-08-21 02:09:23
INV000159,PH0003,MED0248,275,AVAILABLE,2026-08-21 00:36:05
INV000160,PH0003,MED0232,224,AVAILABLE,2026-08-21 02:39:35
INV000161,PH0003,MED0375,203,AVAILABLE,2026-08-20 23:15:50
INV000162,PH0004,MED0362,108,AVAILABLE,2026-08-20 15:51:09
INV000163,PH0004,MED0453,22,AVAILABLE,2026-08-20 17:20:24
INV000164,PH0004,MED0221,248,AVAILABLE,2026-08-20 15:21:20
INV000165,PH0004,MED0313,232,AVAILABLE,2026-08-20 12:31:51
INV000166,PH0004,MED0241,0,OUT_OF_STOCK,2026-08-20 17:02:10
INV000167,PH0004,MED0397,215,AVAILABLE,2026-08-20 15:15:49
INV000168,PH0004,MED0273,98,AVAILABLE,2026-08-20 16:19:49
INV000169,PH0004,MED0428,174,AVAILABLE,2026-08-20 15:49:15
INV000170,PH0004,MED0192,321,AVAILABLE,2026-08-20 13:42:40
INV000171,PH0004,MED0115,0,OUT_OF_STOCK,2026-08-20 12:34:15
INV000172,PH0004,MED0482,123,AVAILABLE,2026-08-20 14:12:19
INV000173,PH0004,MED0064,1,LOW_STOCK,2026-08-20 14:18:20
INV000174,PH0004,MED0438,182,AVAILABLE,2026-08-20 12:27:27
INV000175,PH0004,MED0048,393,AVAILABLE,2026-08-20 16:59:59
INV000176,PH0004,MED0016,145,AVAILABLE,2026-08-20 14:55:54
INV000177,PH0004,MED0028,338,AVAILABLE,2026-08-20 15:35:28
INV000178,PH0004,MED0518,98,AVAILABLE,2026-08-20 11:52:59
INV000179,PH0004,MED0430,230,AVAILABLE,2026-08-20 17:00:59
INV000180,PH0004,MED0044,375,AVAILABLE,2026-08-20 15:23:03
INV000181,PH0004,MED0462,333,AVAILABLE,2026-08-20 12:57:56
INV000182,PH0004,MED0180,331,AVAILABLE,2026-08-20 12:43:11
INV000183,PH0004,MED0134,55,AVAILABLE,2026-08-20 16:06:20
INV000184,PH0004,MED0012,26,AVAILABLE,2026-08-20 13:52:40
INV000185,PH0004,MED0230,53,AVAILABLE,2026-08-20 12:26:20
INV000186,PH0004,MED0373,268,AVAILABLE,2026-08-20 12:10:23
INV000187,PH0004,MED0095,314,AVAILABLE,2026-08-20 12:06:54
INV000188,PH0004,MED0389,159,AVAILABLE,2026-08-20 15:21:40
INV000189,PH0004,MED0213,157,AVAILABLE,2026-08-20 16:43:26
INV000190,PH0004,MED0284,332,AVAILABLE,2026-08-20 15:45:33
INV000191,PH0004,MED0378,182,AVAILABLE,2026-08-20 11:53:41
INV000192,PH0004,MED0054,201,AVAILABLE,2026-08-20 12:51:36
INV000193,PH0004,MED0402,373,AVAILABLE,2026-08-20 14:25:41
INV000194,PH0004,MED0188,1,LOW_STOCK,2026-08-20 13:56:34
INV000195,PH0004,MED0055,347,AVAILABLE,2026-08-20 11:39:39
INV000196,PH0004,MED0459,366,AVAILABLE,2026-08-20 17:16:05
INV000197,PH0004,MED0461,341,AVAILABLE,2026-08-20 12:48:48
INV000198,PH0004,MED0190,356,AVAILABLE,2026-08-20 11:29:08
INV000199,PH0004,MED0353,387,AVAILABLE,2026-08-20 13:40:44
INV000200,PH0004,MED0173,353,AVAILABLE,2026-08-20 12:08:58
INV000201,PH0004,MED0088,139,AVAILABLE,2026-08-20 11:33:51
INV000202,PH0004,MED0049,291,AVAILABLE,2026-08-20 13:46:41
INV000203,PH0004,MED0495,190,AVAILABLE,2026-08-20 14:15:27
INV000204,PH0004,MED0113,28,AVAILABLE,2026-08-20 14:34:09
INV000205,PH0004,MED0056,98,AVAILABLE,2026-08-20 17:08:09
INV000206,PH0004,MED0309,400,AVAILABLE,2026-08-20 14:44:27
INV000207,PH0004,MED0040,166,AVAILABLE,2026-08-20 14:11:08
INV000208,PH0004,MED0175,332,AVAILABLE,2026-08-20 15:11:21
INV000209,PH0004,MED0161,356,AVAILABLE,2026-08-20 15:31:42
INV000210,PH0004,MED0466,237,AVAILABLE,2026-08-20 12:57:15
INV000211,PH0004,MED0446,6,LOW_STOCK,2026-08-20 16:10:20
INV000212,PH0004,MED0029,390,AVAILABLE,2026-08-20 16:36:22
INV000213,PH0004,MED0132,348,AVAILABLE,2026-08-20 14:15:40
INV000214,PH0004,MED0418,283,AVAILABLE,2026-08-20 12:32:42
INV000215,PH0004,MED0257,312,AVAILABLE,2026-08-20 14:51:33
INV000216,PH0004,MED0018,132,AVAILABLE,2026-08-20 16:22:16
INV000217,PH0004,MED0510,0,OUT_OF_STOCK,2026-08-20 13:31:26
INV000218,PH0004,MED0434,212,AVAILABLE,2026-08-20 13:04:57
INV000219,PH0004,MED0026,104,AVAILABLE,2026-08-20 14:37:32
INV000220,PH0004,MED0153,169,AVAILABLE,2026-08-20 11:48:45
INV000221,PH0004,MED0141,247,AVAILABLE,2026-08-20 16:13:34
INV000222,PH0004,MED0237,226,AVAILABLE,2026-08-20 16:17:25
INV000223,PH0004,MED0006,356,AVAILABLE,2026-08-20 11:34:53
INV000224,PH0004,MED0369,0,OUT_OF_STOCK,2026-08-20 16:49:38
INV000225,PH0005,MED0023,3,LOW_STOCK,2026-08-18 00:53:38
INV000226,PH0005,MED0238,170,AVAILABLE,2026-08-17 23:01:57
INV000227,PH0005,MED0304,11,LOW_STOCK,2026-08-18 00:19:39
INV000228,PH0005,MED0173,300,AVAILABLE,2026-08-18 00:08:38
INV000229,PH0005,MED0212,235,AVAILABLE,2026-08-17 22:08:21
INV000230,PH0005,MED0155,255,AVAILABLE,2026-08-17 23:21:24
INV000231,PH0005,MED0296,262,AVAILABLE,2026-08-18 02:59:31
INV000232,PH0005,MED0158,1,LOW_STOCK,2026-08-17 21:49:19
INV000233,PH0005,MED0150,0,OUT_OF_STOCK,2026-08-17 23:37:49
INV000234,PH0005,MED0406,38,AVAILABLE,2026-08-17 23:27:20
INV000235,PH0005,MED0280,239,AVAILABLE,2026-08-18 01:48:29
INV000236,PH0005,MED0451,385,AVAILABLE,2026-08-18 00:27:12
INV000237,PH0005,MED0378,48,AVAILABLE,2026-08-17 23:40:47
INV000238,PH0005,MED0204,258,AVAILABLE,2026-08-17 21:47:59
INV000239,PH0005,MED0239,380,AVAILABLE,2026-08-18 02:08:58
INV000240,PH0005,MED0329,247,AVAILABLE,2026-08-18 01:10:55
INV000241,PH0005,MED0257,123,AVAILABLE,2026-08-18 00:08:46
INV000242,PH0005,MED0372,298,AVAILABLE,2026-08-18 00:27:42
INV000243,PH0005,MED0237,7,LOW_STOCK,2026-08-18 00:55:47
INV000244,PH0005,MED0519,318,AVAILABLE,2026-08-18 03:19:03
INV000245,PH0005,MED0059,49,AVAILABLE,2026-08-18 00:21:33
INV000246,PH0005,MED0421,281,AVAILABLE,2026-08-17 21:46:51
INV000247,PH0005,MED0152,6,LOW_STOCK,2026-08-18 01:16:35
INV000248,PH0005,MED0354,278,AVAILABLE,2026-08-18 02:07:29
INV000249,PH0005,MED0365,0,OUT_OF_STOCK,2026-08-18 00:33:20
INV000250,PH0005,MED0306,16,LOW_STOCK,2026-08-18 01:18:53
INV000251,PH0005,MED0056,323,AVAILABLE,2026-08-18 01:18:41
INV000252,PH0005,MED0380,78,AVAILABLE,2026-08-17 22:05:32
INV000253,PH0005,MED0083,11,LOW_STOCK,2026-08-17 23:16:37
INV000254,PH0005,MED0297,4,LOW_STOCK,2026-08-18 02:46:41
INV000255,PH0005,MED0124,296,AVAILABLE,2026-08-18 00:34:06
INV000256,PH0005,MED0097,355,AVAILABLE,2026-08-17 23:00:05
INV000257,PH0005,MED0018,88,AVAILABLE,2026-08-17 22:48:48
INV000258,PH0005,MED0006,270,AVAILABLE,2026-08-18 03:39:50
INV000259,PH0005,MED0051,386,AVAILABLE,2026-08-17 23:08:37
INV000260,PH0005,MED0198,0,OUT_OF_STOCK,2026-08-18 02:59:45
INV000261,PH0005,MED0082,87,AVAILABLE,2026-08-18 02:23:22
INV000262,PH0005,MED0405,5,LOW_STOCK,2026-08-18 01:22:50
INV000263,PH0005,MED0202,138,AVAILABLE,2026-08-18 02:21:46
INV000264,PH0005,MED0265,14,LOW_STOCK,2026-08-17 23:44:17
INV000265,PH0005,MED0515,252,AVAILABLE,2026-08-17 22:10:42
INV000266,PH0005,MED0092,181,AVAILABLE,2026-08-18 03:26:27
INV000267,PH0005,MED0516,255,AVAILABLE,2026-08-18 00:38:24
INV000268,PH0005,MED0063,285,AVAILABLE,2026-08-17 23:00:31
INV000269,PH0005,MED0017,7,LOW_STOCK,2026-08-18 01:40:35
INV000270,PH0005,MED0362,26,AVAILABLE,2026-08-17 22:54:15
INV000271,PH0006,MED0097,398,AVAILABLE,2026-08-18 15:29:58
INV000272,PH0006,MED0468,356,AVAILABLE,2026-08-18 10:42:57
INV000273,PH0006,MED0064,185,AVAILABLE,2026-08-18 14:07:59
INV000274,PH0006,MED0331,368,AVAILABLE,2026-08-18 11:02:38
INV000275,PH0006,MED0044,366,AVAILABLE,2026-08-18 10:40:42
INV000276,PH0006,MED0329,349,AVAILABLE,2026-08-18 15:32:49
INV000277,PH0006,MED0411,328,AVAILABLE,2026-08-18 12:03:21
INV000278,PH0006,MED0157,9,LOW_STOCK,2026-08-18 14:31:42
INV000279,PH0006,MED0362,280,AVAILABLE,2026-08-18 12:53:04
INV000280,PH0006,MED0174,59,AVAILABLE,2026-08-18 14:14:26
INV000281,PH0006,MED0221,267,AVAILABLE,2026-08-18 10:24:10
INV000282,PH0006,MED0493,379,AVAILABLE,2026-08-18 15:29:40
INV000283,PH0006,MED0272,136,AVAILABLE,2026-08-18 10:14:32
INV000284,PH0006,MED0257,45,AVAILABLE,2026-08-18 14:55:05
INV000285,PH0006,MED0460,247,AVAILABLE,2026-08-18 15:25:33
INV000286,PH0006,MED0369,0,OUT_OF_STOCK,2026-08-18 10:30:09
INV000287,PH0006,MED0304,58,AVAILABLE,2026-08-18 11:38:49
INV000288,PH0006,MED0150,244,AVAILABLE,2026-08-18 10:50:19
INV000289,PH0006,MED0060,248,AVAILABLE,2026-08-18 12:52:57
INV000290,PH0006,MED0335,0,OUT_OF_STOCK,2026-08-18 12:16:33
INV000291,PH0006,MED0355,341,AVAILABLE,2026-08-18 14:30:24
INV000292,PH0006,MED0242,169,AVAILABLE,2026-08-18 14:31:42
INV000293,PH0006,MED0125,10,LOW_STOCK,2026-08-18 15:57:37
INV000294,PH0006,MED0285,138,AVAILABLE,2026-08-18 11:11:32
INV000295,PH0006,MED0457,238,AVAILABLE,2026-08-18 10:23:10
INV000296,PH0006,MED0103,0,OUT_OF_STOCK,2026-08-18 14:48:04
INV000297,PH0006,MED0011,183,AVAILABLE,2026-08-18 13:13:49
INV000298,PH0006,MED0229,279,AVAILABLE,2026-08-18 12:08:14
INV000299,PH0006,MED0238,0,OUT_OF_STOCK,2026-08-18 10:26:22
INV000300,PH0006,MED0234,381,AVAILABLE,2026-08-18 10:36:24
INV000301,PH0006,MED0360,380,AVAILABLE,2026-08-18 12:05:33
INV000302,PH0006,MED0192,139,AVAILABLE,2026-08-18 15:28:55
INV000303,PH0006,MED0490,306,AVAILABLE,2026-08-18 11:27:53
INV000304,PH0006,MED0135,39,AVAILABLE,2026-08-18 15:17:19
INV000305,PH0006,MED0440,0,OUT_OF_STOCK,2026-08-18 13:53:56
INV000306,PH0006,MED0041,175,AVAILABLE,2026-08-18 12:15:13
INV000307,PH0006,MED0057,0,OUT_OF_STOCK,2026-08-18 15:03:30
INV000308,PH0006,MED0100,397,AVAILABLE,2026-08-18 13:52:18
INV000309,PH0006,MED0396,340,AVAILABLE,2026-08-18 11:40:32
INV000310,PH0006,MED0450,13,LOW_STOCK,2026-08-18 15:57:54
INV000311,PH0006,MED0114,126,AVAILABLE,2026-08-18 14:18:34
INV000312,PH0006,MED0463,261,AVAILABLE,2026-08-18 11:51:17
INV000313,PH0006,MED0475,12,LOW_STOCK,2026-08-18 11:39:02
INV000314,PH0006,MED0347,298,AVAILABLE,2026-08-18 14:24:29
INV000315,PH0006,MED0237,341,AVAILABLE,2026-08-18 13:11:11
INV000316,PH0006,MED0195,332,AVAILABLE,2026-08-18 15:25:10
INV000317,PH0006,MED0190,21,AVAILABLE,2026-08-18 14:05:19
INV000318,PH0006,MED0264,3,LOW_STOCK,2026-08-18 13:01:37
INV000319,PH0006,MED0134,309,AVAILABLE,2026-08-18 12:47:52
INV000320,PH0006,MED0111,166,AVAILABLE,2026-08-18 10:45:41
INV000321,PH0006,MED0301,173,AVAILABLE,2026-08-18 11:04:56
INV000322,PH0006,MED0489,217,AVAILABLE,2026-08-18 11:54:52
INV000323,PH0006,MED0325,322,AVAILABLE,2026-08-18 14:34:40
INV000324,PH0006,MED0389,375,AVAILABLE,2026-08-18 13:11:15
INV000325,PH0006,MED0021,0,OUT_OF_STOCK,2026-08-18 10:07:53
INV000326,PH0006,MED0203,5,LOW_STOCK,2026-08-18 12:53:34
INV000327,PH0007,MED0508,346,AVAILABLE,2026-08-18 22:42:07
INV000328,PH0007,MED0155,1,LOW_STOCK,2026-08-18 23:48:43
INV000329,PH0007,MED0173,344,AVAILABLE,2026-08-19 02:35:46
INV000330,PH0007,MED0139,0,OUT_OF_STOCK,2026-08-19 00:19:39
INV000331,PH0007,MED0230,6,LOW_STOCK,2026-08-19 03:59:02
INV000332,PH0007,MED0519,0,OUT_OF_STOCK,2026-08-19 01:58:08
INV000333,PH0007,MED0477,213,AVAILABLE,2026-08-18 22:44:38
INV000334,PH0007,MED0188,59,AVAILABLE,2026-08-19 04:40:28
INV000335,PH0007,MED0094,8,LOW_STOCK,2026-08-19 03:00:58
INV000336,PH0007,MED0202,36,AVAILABLE,2026-08-19 03:52:37
INV000337,PH0007,MED0105,85,AVAILABLE,2026-08-19 03:52:54
INV000338,PH0007,MED0112,0,OUT_OF_STOCK,2026-08-19 01:00:04
INV000339,PH0007,MED0408,57,AVAILABLE,2026-08-18 23:17:08
INV000340,PH0007,MED0156,244,AVAILABLE,2026-08-18 22:51:06
INV000341,PH0007,MED0287,235,AVAILABLE,2026-08-19 01:45:15
INV000342,PH0007,MED0285,28,AVAILABLE,2026-08-19 04:07:15
INV000343,PH0007,MED0436,334,AVAILABLE,2026-08-19 04:15:02
INV000344,PH0007,MED0039,175,AVAILABLE,2026-08-19 03:01:37
INV000345,PH0007,MED0030,160,AVAILABLE,2026-08-19 02:55:15
INV000346,PH0007,MED0367,0,OUT_OF_STOCK,2026-08-19 00:01:20
INV000347,PH0007,MED0057,254,AVAILABLE,2026-08-19 02:51:33
INV000348,PH0007,MED0457,204,AVAILABLE,2026-08-19 02:04:40
INV000349,PH0007,MED0480,212,AVAILABLE,2026-08-18 23:48:08
INV000350,PH0007,MED0402,216,AVAILABLE,2026-08-19 03:12:20
INV000351,PH0007,MED0347,0,OUT_OF_STOCK,2026-08-19 04:17:04
INV000352,PH0007,MED0058,202,AVAILABLE,2026-08-19 00:16:23
INV000353,PH0007,MED0020,333,AVAILABLE,2026-08-19 00:52:52
INV000354,PH0007,MED0221,100,AVAILABLE,2026-08-19 00:50:50
INV000355,PH0007,MED0016,244,AVAILABLE,2026-08-19 02:25:47
INV000356,PH0007,MED0131,67,AVAILABLE,2026-08-19 02:53:30
INV000357,PH0007,MED0432,130,AVAILABLE,2026-08-18 23:07:11
INV000358,PH0007,MED0333,18,LOW_STOCK,2026-08-19 02:44:36
INV000359,PH0007,MED0469,11,LOW_STOCK,2026-08-19 02:37:26
INV000360,PH0007,MED0348,9,LOW_STOCK,2026-08-19 00:00:24
INV000361,PH0007,MED0328,0,OUT_OF_STOCK,2026-08-19 01:23:15
INV000362,PH0007,MED0032,112,AVAILABLE,2026-08-19 01:28:58
INV000363,PH0007,MED0064,313,AVAILABLE,2026-08-19 04:40:43
INV000364,PH0007,MED0141,143,AVAILABLE,2026-08-18 22:56:36
INV000365,PH0007,MED0518,204,AVAILABLE,2026-08-19 03:01:39
INV000366,PH0007,MED0017,376,AVAILABLE,2026-08-19 04:10:53
INV000367,PH0007,MED0001,169,AVAILABLE,2026-08-19 01:12:07
INV000368,PH0007,MED0473,203,AVAILABLE,2026-08-19 04:07:36
INV000369,PH0007,MED0399,321,AVAILABLE,2026-08-19 01:56:08
INV000370,PH0007,MED0420,321,AVAILABLE,2026-08-18 23:44:24
INV000371,PH0007,MED0232,88,AVAILABLE,2026-08-18 23:26:04
INV000372,PH0007,MED0121,27,AVAILABLE,2026-08-19 01:11:04
INV000373,PH0007,MED0428,245,AVAILABLE,2026-08-19 01:42:37
INV000374,PH0007,MED0028,68,AVAILABLE,2026-08-19 01:36:02
INV000375,PH0007,MED0296,290,AVAILABLE,2026-08-18 23:51:26
INV000376,PH0007,MED0054,0,OUT_OF_STOCK,2026-08-19 00:20:42
INV000377,PH0008,MED0436,144,AVAILABLE,2026-08-20 07:54:08
INV000378,PH0008,MED0061,63,AVAILABLE,2026-08-20 06:28:10
INV000379,PH0008,MED0390,148,AVAILABLE,2026-08-20 07:02:38
INV000380,PH0008,MED0240,231,AVAILABLE,2026-08-20 07:23:31
INV000381,PH0008,MED0234,27,AVAILABLE,2026-08-20 05:30:05
INV000382,PH0008,MED0101,300,AVAILABLE,2026-08-20 05:40:49
INV000383,PH0008,MED0127,363,AVAILABLE,2026-08-20 05:59:04
INV000384,PH0008,MED0187,236,AVAILABLE,2026-08-20 06:36:35
INV000385,PH0008,MED0156,252,AVAILABLE,2026-08-20 03:22:59
INV000386,PH0008,MED0063,300,AVAILABLE,2026-08-20 04:30:24
INV000387,PH0008,MED0223,239,AVAILABLE,2026-08-20 03:29:06
INV000388,PH0008,MED0213,145,AVAILABLE,2026-08-20 02:52:11
INV000389,PH0008,MED0490,210,AVAILABLE,2026-08-20 02:45:52
INV000390,PH0008,MED0138,400,AVAILABLE,2026-08-20 07:14:23
INV000391,PH0008,MED0317,47,AVAILABLE,2026-08-20 07:18:31
INV000392,PH0008,MED0412,277,AVAILABLE,2026-08-20 05:49:35
INV000393,PH0008,MED0198,351,AVAILABLE,2026-08-20 04:16:07
INV000394,PH0008,MED0478,376,AVAILABLE,2026-08-20 08:18:13
INV000395,PH0008,MED0402,90,AVAILABLE,2026-08-20 07:24:27
INV000396,PH0008,MED0434,69,AVAILABLE,2026-08-20 06:40:52
INV000397,PH0008,MED0328,226,AVAILABLE,2026-08-20 05:57:49
INV000398,PH0008,MED0092,181,AVAILABLE,2026-08-20 07:57:52
INV000399,PH0008,MED0218,321,AVAILABLE,2026-08-20 05:01:06
INV000400,PH0008,MED0349,225,AVAILABLE,2026-08-20 05:52:13
INV000401,PH0008,MED0016,398,AVAILABLE,2026-08-20 05:18:03
INV000402,PH0008,MED0023,89,AVAILABLE,2026-08-20 06:44:58
INV000403,PH0008,MED0449,183,AVAILABLE,2026-08-20 07:01:27
INV000404,PH0008,MED0056,0,OUT_OF_STOCK,2026-08-20 04:25:40
INV000405,PH0008,MED0519,213,AVAILABLE,2026-08-20 07:34:40
INV000406,PH0008,MED0048,359,AVAILABLE,2026-08-20 03:58:55
INV000407,PH0008,MED0360,58,AVAILABLE,2026-08-20 07:44:01
INV000408,PH0008,MED0153,293,AVAILABLE,2026-08-20 06:34:35
INV000409,PH0008,MED0145,71,AVAILABLE,2026-08-20 07:15:44
INV000410,PH0008,MED0108,206,AVAILABLE,2026-08-20 07:19:39
INV000411,PH0008,MED0228,79,AVAILABLE,2026-08-20 03:38:14
INV000412,PH0008,MED0194,395,AVAILABLE,2026-08-20 04:49:50
INV000413,PH0008,MED0329,230,AVAILABLE,2026-08-20 04:20:28
INV000414,PH0008,MED0331,130,AVAILABLE,2026-08-20 06:35:28
INV000415,PH0008,MED0363,172,AVAILABLE,2026-08-20 03:46:54
INV000416,PH0008,MED0351,246,AVAILABLE,2026-08-20 05:50:51
INV000417,PH0008,MED0457,155,AVAILABLE,2026-08-20 04:54:54
INV000418,PH0008,MED0319,118,AVAILABLE,2026-08-20 06:48:40
INV000419,PH0008,MED0171,393,AVAILABLE,2026-08-20 03:33:19
INV000420,PH0008,MED0185,146,AVAILABLE,2026-08-20 05:47:36
INV000421,PH0008,MED0158,8,LOW_STOCK,2026-08-20 06:45:23
INV000422,PH0008,MED0019,346,AVAILABLE,2026-08-20 04:39:59
INV000423,PH0008,MED0430,261,AVAILABLE,2026-08-20 03:26:04
INV000424,PH0008,MED0407,67,AVAILABLE,2026-08-20 06:24:33
INV000425,PH0008,MED0411,216,AVAILABLE,2026-08-20 02:31:33
INV000426,PH0008,MED0219,190,AVAILABLE,2026-08-20 05:02:26
INV000427,PH0008,MED0499,269,AVAILABLE,2026-08-20 03:49:57
INV000428,PH0008,MED0396,100,AVAILABLE,2026-08-20 06:11:54
INV000429,PH0008,MED0439,347,AVAILABLE,2026-08-20 05:21:05
INV000430,PH0008,MED0212,233,AVAILABLE,2026-08-20 05:55:04
INV000431,PH0008,MED0413,262,AVAILABLE,2026-08-20 03:43:13
INV000432,PH0008,MED0370,147,AVAILABLE,2026-08-20 05:59:27
INV000433,PH0008,MED0320,0,OUT_OF_STOCK,2026-08-20 06:41:08
INV000434,PH0008,MED0494,158,AVAILABLE,2026-08-20 02:52:26
INV000435,PH0008,MED0373,388,AVAILABLE,2026-08-20 06:30:36
INV000436,PH0008,MED0444,126,AVAILABLE,2026-08-20 05:02:59
INV000437,PH0008,MED0075,14,LOW_STOCK,2026-08-20 07:39:11
INV000438,PH0008,MED0445,18,LOW_STOCK,2026-08-20 03:05:15
INV000439,PH0008,MED0064,98,AVAILABLE,2026-08-20 06:40:44
INV000440,PH0009,MED0036,382,AVAILABLE,2026-08-20 17:53:58
INV000441,PH0009,MED0449,323,AVAILABLE,2026-08-20 21:31:30
INV000442,PH0009,MED0155,263,AVAILABLE,2026-08-20 21:56:19
INV000443,PH0009,MED0018,350,AVAILABLE,2026-08-20 18:14:32
INV000444,PH0009,MED0054,120,AVAILABLE,2026-08-20 17:57:35
INV000445,PH0009,MED0238,134,AVAILABLE,2026-08-20 20:29:07
INV000446,PH0009,MED0233,357,AVAILABLE,2026-08-20 20:42:35
INV000447,PH0009,MED0125,276,AVAILABLE,2026-08-20 17:56:05
INV000448,PH0009,MED0086,315,AVAILABLE,2026-08-20 22:16:21
INV000449,PH0009,MED0074,0,OUT_OF_STOCK,2026-08-20 19:11:56
INV000450,PH0009,MED0017,260,AVAILABLE,2026-08-20 18:53:16
INV000451,PH0009,MED0005,331,AVAILABLE,2026-08-20 17:55:01
INV000452,PH0009,MED0168,356,AVAILABLE,2026-08-20 21:57:59
INV000453,PH0009,MED0157,134,AVAILABLE,2026-08-20 18:23:11
INV000454,PH0009,MED0297,71,AVAILABLE,2026-08-20 20:04:03
INV000455,PH0009,MED0156,355,AVAILABLE,2026-08-20 21:14:56
INV000456,PH0009,MED0041,34,AVAILABLE,2026-08-20 20:57:37
INV000457,PH0009,MED0386,126,AVAILABLE,2026-08-20 19:35:07
INV000458,PH0009,MED0500,261,AVAILABLE,2026-08-20 18:16:57
INV000459,PH0009,MED0085,22,AVAILABLE,2026-08-20 16:46:17
INV000460,PH0009,MED0057,334,AVAILABLE,2026-08-20 19:53:15
INV000461,PH0009,MED0334,303,AVAILABLE,2026-08-20 17:00:23
INV000462,PH0009,MED0438,91,AVAILABLE,2026-08-20 20:06:35
INV000463,PH0009,MED0369,126,AVAILABLE,2026-08-20 21:43:20
INV000464,PH0009,MED0123,13,LOW_STOCK,2026-08-20 17:43:36
INV000465,PH0009,MED0185,172,AVAILABLE,2026-08-20 17:43:53
INV000466,PH0009,MED0248,114,AVAILABLE,2026-08-20 20:29:22
INV000467,PH0009,MED0284,93,AVAILABLE,2026-08-20 17:56:14
INV000468,PH0009,MED0476,13,LOW_STOCK,2026-08-20 17:22:29
INV000469,PH0009,MED0083,227,AVAILABLE,2026-08-20 21:11:55
INV000470,PH0009,MED0385,326,AVAILABLE,2026-08-20 21:46:34
INV000471,PH0009,MED0365,319,AVAILABLE,2026-08-20 17:15:57
INV000472,PH0009,MED0498,1,LOW_STOCK,2026-08-20 21:08:16
INV000473,PH0009,MED0131,154,AVAILABLE,2026-08-20 19:23:44
INV000474,PH0009,MED0518,361,AVAILABLE,2026-08-20 21:46:13
INV000475,PH0009,MED0214,13,LOW_STOCK,2026-08-20 18:07:04
INV000476,PH0009,MED0127,65,AVAILABLE,2026-08-20 18:42:24
INV000477,PH0009,MED0008,364,AVAILABLE,2026-08-20 22:16:33
INV000478,PH0009,MED0282,7,LOW_STOCK,2026-08-20 20:27:27
INV000479,PH0009,MED0025,36,AVAILABLE,2026-08-20 21:48:00
INV000480,PH0009,MED0425,106,AVAILABLE,2026-08-20 20:19:48
INV000481,PH0009,MED0198,34,AVAILABLE,2026-08-20 21:44:52
INV000482,PH0009,MED0219,146,AVAILABLE,2026-08-20 19:01:23
INV000483,PH0009,MED0452,319,AVAILABLE,2026-08-20 22:13:34
INV000484,PH0009,MED0269,119,AVAILABLE,2026-08-20 21:04:15
INV000485,PH0009,MED0474,159,AVAILABLE,2026-08-20 21:08:12
INV000486,PH0009,MED0428,234,AVAILABLE,2026-08-20 17:25:48
INV000487,PH0009,MED0099,0,OUT_OF_STOCK,2026-08-20 18:18:55
INV000488,PH0009,MED0119,71,AVAILABLE,2026-08-20 20:44:26
INV000489,PH0009,MED0455,9,LOW_STOCK,2026-08-20 21:53:52
INV000490,PH0009,MED0435,56,AVAILABLE,2026-08-20 17:14:22
INV000491,PH0009,MED0413,130,AVAILABLE,2026-08-20 22:12:11
INV000492,PH0009,MED0329,3,LOW_STOCK,2026-08-20 21:48:25
INV000493,PH0009,MED0275,164,AVAILABLE,2026-08-20 18:57:33
INV000494,PH0009,MED0187,359,AVAILABLE,2026-08-20 18:28:59
INV000495,PH0009,MED0003,44,AVAILABLE,2026-08-20 17:20:20
INV000496,PH0009,MED0104,102,AVAILABLE,2026-08-20 17:04:03
INV000497,PH0010,MED0418,291,AVAILABLE,2026-08-19 07:45:46
INV000498,PH0010,MED0107,233,AVAILABLE,2026-08-19 05:34:44
INV000499,PH0010,MED0002,298,AVAILABLE,2026-08-19 05:08:18
INV000500,PH0010,MED0019,57,AVAILABLE,2026-08-19 05:52:36
INV000501,PH0010,MED0029,146,AVAILABLE,2026-08-19 09:22:55
INV000502,PH0010,MED0406,122,AVAILABLE,2026-08-19 09:35:13
INV000503,PH0010,MED0250,10,LOW_STOCK,2026-08-19 07:48:46
INV000504,PH0010,MED0459,7,LOW_STOCK,2026-08-19 09:13:06
INV000505,PH0010,MED0485,51,AVAILABLE,2026-08-19 06:57:42
INV000506,PH0010,MED0008,363,AVAILABLE,2026-08-19 10:33:24
INV000507,PH0010,MED0444,4,LOW_STOCK,2026-08-19 09:54:05
INV000508,PH0010,MED0365,50,AVAILABLE,2026-08-19 10:39:17
INV000509,PH0010,MED0382,70,AVAILABLE,2026-08-19 06:00:09
INV000510,PH0010,MED0399,4,LOW_STOCK,2026-08-19 09:54:51
INV000511,PH0010,MED0384,381,AVAILABLE,2026-08-19 10:32:50
INV000512,PH0010,MED0325,28,AVAILABLE,2026-08-19 05:09:20
INV000513,PH0010,MED0234,257,AVAILABLE,2026-08-19 07:07:11
INV000514,PH0010,MED0275,286,AVAILABLE,2026-08-19 07:48:00
INV000515,PH0010,MED0249,168,AVAILABLE,2026-08-19 10:34:54
INV000516,PH0010,MED0257,293,AVAILABLE,2026-08-19 08:22:39
INV000517,PH0010,MED0394,182,AVAILABLE,2026-08-19 10:18:48
INV000518,PH0010,MED0437,376,AVAILABLE,2026-08-19 10:41:00
INV000519,PH0010,MED0475,0,OUT_OF_STOCK,2026-08-19 08:31:01
INV000520,PH0010,MED0185,208,AVAILABLE,2026-08-19 08:11:19
INV000521,PH0010,MED0361,239,AVAILABLE,2026-08-19 10:00:31
INV000522,PH0010,MED0072,303,AVAILABLE,2026-08-19 06:24:07
INV000523,PH0010,MED0319,346,AVAILABLE,2026-08-19 08:08:16
INV000524,PH0010,MED0007,76,AVAILABLE,2026-08-19 07:11:17
INV000525,PH0010,MED0202,315,AVAILABLE,2026-08-19 05:08:28
INV000526,PH0010,MED0151,348,AVAILABLE,2026-08-19 10:13:24
INV000527,PH0010,MED0113,44,AVAILABLE,2026-08-19 10:40:37
INV000528,PH0010,MED0227,191,AVAILABLE,2026-08-19 09:49:37
INV000529,PH0010,MED0039,325,AVAILABLE,2026-08-19 07:09:11
INV000530,PH0010,MED0478,0,OUT_OF_STOCK,2026-08-19 10:44:07
INV000531,PH0010,MED0065,196,AVAILABLE,2026-08-19 09:06:39
INV000532,PH0010,MED0131,0,OUT_OF_STOCK,2026-08-19 07:11:52
INV000533,PH0010,MED0116,1,LOW_STOCK,2026-08-19 10:18:01
INV000534,PH0010,MED0063,269,AVAILABLE,2026-08-19 06:48:35
INV000535,PH0010,MED0363,382,AVAILABLE,2026-08-19 08:20:04
INV000536,PH0010,MED0168,380,AVAILABLE,2026-08-19 07:27:08
INV000537,PH0010,MED0381,203,AVAILABLE,2026-08-19 08:34:42
INV000538,PH0010,MED0130,8,LOW_STOCK,2026-08-19 05:14:48
INV000539,PH0010,MED0519,74,AVAILABLE,2026-08-19 07:35:19
INV000540,PH0010,MED0343,394,AVAILABLE,2026-08-19 09:05:22
INV000541,PH0010,MED0308,359,AVAILABLE,2026-08-19 05:37:54
INV000542,PH0010,MED0060,206,AVAILABLE,2026-08-19 06:27:50
INV000543,PH0010,MED0046,94,AVAILABLE,2026-08-19 06:01:24
INV000544,PH0010,MED0482,346,AVAILABLE,2026-08-19 06:47:14
INV000545,PH0010,MED0491,219,AVAILABLE,2026-08-19 08:42:31
INV000546,PH0010,MED0026,205,AVAILABLE,2026-08-19 08:42:11
INV000547,PH0010,MED0385,215,AVAILABLE,2026-08-19 05:53:24
INV000548,PH0010,MED0378,359,AVAILABLE,2026-08-19 10:52:36
INV000549,PH0011,MED0073,354,AVAILABLE,2026-08-18 20:31:20
INV000550,PH0011,MED0381,133,AVAILABLE,2026-08-19 02:01:03
INV000551,PH0011,MED0156,280,AVAILABLE,2026-08-18 22:09:31
INV000552,PH0011,MED0235,9,LOW_STOCK,2026-08-19 01:48:18
INV000553,PH0011,MED0428,247,AVAILABLE,2026-08-18 21:22:48
INV000554,PH0011,MED0250,22,AVAILABLE,2026-08-19 02:01:39
INV000555,PH0011,MED0238,230,AVAILABLE,2026-08-18 23:35:35
INV000556,PH0011,MED0227,364,AVAILABLE,2026-08-19 00:25:00
INV000557,PH0011,MED0297,16,LOW_STOCK,2026-08-19 01:14:05
INV000558,PH0011,MED0397,261,AVAILABLE,2026-08-18 23:36:08
INV000559,PH0011,MED0164,388,AVAILABLE,2026-08-19 01:22:49
INV000560,PH0011,MED0034,357,AVAILABLE,2026-08-19 01:04:49
INV000561,PH0011,MED0072,302,AVAILABLE,2026-08-19 01:09:35
INV000562,PH0011,MED0409,99,AVAILABLE,2026-08-19 00:20:41
INV000563,PH0011,MED0255,261,AVAILABLE,2026-08-19 00:05:16
INV000564,PH0011,MED0114,118,AVAILABLE,2026-08-18 23:54:03
INV000565,PH0011,MED0008,2,LOW_STOCK,2026-08-19 02:02:26
INV000566,PH0011,MED0468,391,AVAILABLE,2026-08-18 21:32:25
INV000567,PH0011,MED0408,329,AVAILABLE,2026-08-18 21:13:59
INV000568,PH0011,MED0402,72,AVAILABLE,2026-08-18 21:49:16
INV000569,PH0011,MED0031,0,OUT_OF_STOCK,2026-08-19 01:52:12
INV000570,PH0011,MED0025,7,LOW_STOCK,2026-08-19 00:08:10
INV000571,PH0011,MED0056,246,AVAILABLE,2026-08-18 20:28:56
INV000572,PH0011,MED0062,349,AVAILABLE,2026-08-18 22:51:52
INV000573,PH0011,MED0412,23,AVAILABLE,2026-08-18 21:17:56
INV000574,PH0011,MED0474,80,AVAILABLE,2026-08-18 22:12:39
INV000575,PH0011,MED0304,0,OUT_OF_STOCK,2026-08-18 23:06:43
INV000576,PH0011,MED0015,15,LOW_STOCK,2026-08-18 22:54:11
INV000577,PH0011,MED0436,296,AVAILABLE,2026-08-19 01:56:42
INV000578,PH0011,MED0203,173,AVAILABLE,2026-08-19 01:26:03
INV000579,PH0011,MED0410,384,AVAILABLE,2026-08-18 20:23:20
INV000580,PH0011,MED0390,59,AVAILABLE,2026-08-18 22:22:07
INV000581,PH0011,MED0191,0,OUT_OF_STOCK,2026-08-18 21:28:32
INV000582,PH0011,MED0064,0,OUT_OF_STOCK,2026-08-18 22:06:49
INV000583,PH0011,MED0299,304,AVAILABLE,2026-08-18 23:35:18
INV000584,PH0011,MED0229,395,AVAILABLE,2026-08-18 20:44:44
INV000585,PH0011,MED0281,38,AVAILABLE,2026-08-19 00:59:47
INV000586,PH0011,MED0347,365,AVAILABLE,2026-08-18 22:42:55
INV000587,PH0011,MED0506,0,OUT_OF_STOCK,2026-08-19 00:42:58
INV000588,PH0011,MED0369,306,AVAILABLE,2026-08-18 22:11:36
INV000589,PH0011,MED0427,8,LOW_STOCK,2026-08-18 23:15:37
INV000590,PH0011,MED0480,79,AVAILABLE,2026-08-18 22:02:33
INV000591,PH0011,MED0394,358,AVAILABLE,2026-08-18 22:19:29
INV000592,PH0011,MED0259,0,OUT_OF_STOCK,2026-08-18 20:27:40
INV000593,PH0012,MED0147,13,LOW_STOCK,2026-08-17 16:03:11
INV000594,PH0012,MED0173,189,AVAILABLE,2026-08-17 16:18:55
INV000595,PH0012,MED0459,12,LOW_STOCK,2026-08-17 16:04:36
INV000596,PH0012,MED0016,30,AVAILABLE,2026-08-17 16:21:44
INV000597,PH0012,MED0079,314,AVAILABLE,2026-08-17 14:15:43
INV000598,PH0012,MED0267,234,AVAILABLE,2026-08-17 16:00:51
INV000599,PH0012,MED0008,346,AVAILABLE,2026-08-17 19:20:16
INV000600,PH0012,MED0327,98,AVAILABLE,2026-08-17 16:30:42
INV000601,PH0012,MED0174,0,OUT_OF_STOCK,2026-08-17 17:22:02
INV000602,PH0012,MED0156,218,AVAILABLE,2026-08-17 17:38:29
INV000603,PH0012,MED0373,139,AVAILABLE,2026-08-17 16:55:00
INV000604,PH0012,MED0005,247,AVAILABLE,2026-08-17 14:16:07
INV000605,PH0012,MED0144,182,AVAILABLE,2026-08-17 18:46:02
INV000606,PH0012,MED0219,134,AVAILABLE,2026-08-17 17:07:16
INV000607,PH0012,MED0053,173,AVAILABLE,2026-08-17 16:06:15
INV000608,PH0012,MED0038,91,AVAILABLE,2026-08-17 17:29:04
INV000609,PH0012,MED0242,282,AVAILABLE,2026-08-17 17:56:55
INV000610,PH0012,MED0382,224,AVAILABLE,2026-08-17 15:56:06
INV000611,PH0012,MED0284,333,AVAILABLE,2026-08-17 14:32:15
INV000612,PH0012,MED0223,174,AVAILABLE,2026-08-17 16:52:18
INV000613,PH0012,MED0258,6,LOW_STOCK,2026-08-17 17:41:31
INV000614,PH0012,MED0257,24,AVAILABLE,2026-08-17 16:26:30
INV000615,PH0012,MED0380,143,AVAILABLE,2026-08-17 15:10:01
INV000616,PH0012,MED0046,0,OUT_OF_STOCK,2026-08-17 17:49:18
INV000617,PH0012,MED0411,36,AVAILABLE,2026-08-17 17:59:14
INV000618,PH0012,MED0397,84,AVAILABLE,2026-08-17 17:47:02
INV000619,PH0012,MED0308,195,AVAILABLE,2026-08-17 18:09:04
INV000620,PH0012,MED0113,327,AVAILABLE,2026-08-17 18:58:57
INV000621,PH0012,MED0252,181,AVAILABLE,2026-08-17 16:52:46
INV000622,PH0012,MED0201,1,LOW_STOCK,2026-08-17 17:19:32
INV000623,PH0012,MED0017,308,AVAILABLE,2026-08-17 14:46:36
INV000624,PH0012,MED0041,162,AVAILABLE,2026-08-17 18:38:36
INV000625,PH0012,MED0483,142,AVAILABLE,2026-08-17 13:39:01
INV000626,PH0012,MED0519,356,AVAILABLE,2026-08-17 18:45:51
INV000627,PH0012,MED0346,365,AVAILABLE,2026-08-17 16:01:55
INV000628,PH0012,MED0413,133,AVAILABLE,2026-08-17 14:32:27
INV000629,PH0012,MED0520,295,AVAILABLE,2026-08-17 14:06:03
INV000630,PH0012,MED0126,218,AVAILABLE,2026-08-17 18:16:21
INV000631,PH0012,MED0434,91,AVAILABLE,2026-08-17 16:00:00
INV000632,PH0012,MED0510,373,AVAILABLE,2026-08-17 15:55:38
INV000633,PH0012,MED0504,100,AVAILABLE,2026-08-17 19:02:08
INV000634,PH0012,MED0171,100,AVAILABLE,2026-08-17 16:01:45
INV000635,PH0012,MED0234,0,OUT_OF_STOCK,2026-08-17 19:06:31
INV000636,PH0012,MED0367,6,LOW_STOCK,2026-08-17 14:11:59
INV000637,PH0012,MED0193,143,AVAILABLE,2026-08-17 16:05:19
INV000638,PH0012,MED0014,0,OUT_OF_STOCK,2026-08-17 18:22:16
INV000639,PH0012,MED0128,22,AVAILABLE,2026-08-17 17:15:12
INV000640,PH0012,MED0076,2,LOW_STOCK,2026-08-17 13:48:13
INV000641,PH0012,MED0035,138,AVAILABLE,2026-08-17 16:06:45
INV000642,PH0012,MED0246,174,AVAILABLE,2026-08-17 16:26:27
INV000643,PH0012,MED0288,203,AVAILABLE,2026-08-17 19:35:07
INV000644,PH0012,MED0039,234,AVAILABLE,2026-08-17 19:03:34
INV000645,PH0012,MED0044,0,OUT_OF_STOCK,2026-08-17 18:11:40
INV000646,PH0012,MED0384,211,AVAILABLE,2026-08-17 15:55:00
INV000647,PH0013,MED0272,269,AVAILABLE,2026-08-20 04:07:01
INV000648,PH0013,MED0277,49,AVAILABLE,2026-08-20 00:44:55
INV000649,PH0013,MED0029,317,AVAILABLE,2026-08-20 00:44:14
INV000650,PH0013,MED0019,212,AVAILABLE,2026-08-20 03:44:53
INV000651,PH0013,MED0141,212,AVAILABLE,2026-08-20 00:19:56
INV000652,PH0013,MED0380,378,AVAILABLE,2026-08-20 01:40:19
INV000653,PH0013,MED0376,208,AVAILABLE,2026-08-20 02:30:07
INV000654,PH0013,MED0467,21,AVAILABLE,2026-08-20 00:15:46
INV000655,PH0013,MED0353,338,AVAILABLE,2026-08-19 23:45:15
INV000656,PH0013,MED0481,20,AVAILABLE,2026-08-20 02:54:41
INV000657,PH0013,MED0446,392,AVAILABLE,2026-08-19 23:48:09
INV000658,PH0013,MED0256,400,AVAILABLE,2026-08-20 03:13:10
INV000659,PH0013,MED0463,353,AVAILABLE,2026-08-20 00:51:37
INV000660,PH0013,MED0320,3,LOW_STOCK,2026-08-20 02:54:58
INV000661,PH0013,MED0039,245,AVAILABLE,2026-08-20 00:13:19
INV000662,PH0013,MED0191,247,AVAILABLE,2026-08-20 04:32:54
INV000663,PH0013,MED0478,334,AVAILABLE,2026-08-20 02:51:04
INV000664,PH0013,MED0449,120,AVAILABLE,2026-08-20 00:33:34
INV000665,PH0013,MED0035,73,AVAILABLE,2026-08-19 23:06:20
INV000666,PH0013,MED0154,275,AVAILABLE,2026-08-20 02:03:29
INV000667,PH0013,MED0369,239,AVAILABLE,2026-08-20 02:35:08
INV000668,PH0013,MED0053,357,AVAILABLE,2026-08-20 01:47:59
INV000669,PH0013,MED0037,234,AVAILABLE,2026-08-20 04:13:27
INV000670,PH0013,MED0487,314,AVAILABLE,2026-08-20 03:39:53
INV000671,PH0013,MED0003,378,AVAILABLE,2026-08-20 00:44:15
INV000672,PH0013,MED0455,48,AVAILABLE,2026-08-20 02:11:05
INV000673,PH0013,MED0018,389,AVAILABLE,2026-08-20 00:52:33
INV000674,PH0013,MED0410,145,AVAILABLE,2026-08-20 04:12:36
INV000675,PH0013,MED0192,264,AVAILABLE,2026-08-20 00:52:09
INV000676,PH0013,MED0041,246,AVAILABLE,2026-08-20 04:28:52
INV000677,PH0013,MED0061,264,AVAILABLE,2026-08-20 00:49:47
INV000678,PH0013,MED0484,145,AVAILABLE,2026-08-20 03:48:45
INV000679,PH0013,MED0456,268,AVAILABLE,2026-08-20 03:53:12
INV000680,PH0013,MED0113,99,AVAILABLE,2026-08-20 04:11:45
INV000681,PH0013,MED0155,345,AVAILABLE,2026-08-20 01:31:28
INV000682,PH0013,MED0076,282,AVAILABLE,2026-08-20 02:25:11
INV000683,PH0013,MED0469,274,AVAILABLE,2026-08-20 04:07:22
INV000684,PH0013,MED0348,97,AVAILABLE,2026-08-20 00:59:16
INV000685,PH0013,MED0411,40,AVAILABLE,2026-08-20 04:27:07
INV000686,PH0013,MED0221,252,AVAILABLE,2026-08-19 23:38:40
INV000687,PH0013,MED0363,0,OUT_OF_STOCK,2026-08-20 00:06:41
INV000688,PH0013,MED0049,376,AVAILABLE,2026-08-20 03:44:04
INV000689,PH0013,MED0367,377,AVAILABLE,2026-08-20 04:11:11
INV000690,PH0013,MED0419,243,AVAILABLE,2026-08-20 02:33:29
INV000691,PH0013,MED0335,277,AVAILABLE,2026-08-19 23:31:00
INV000692,PH0013,MED0107,126,AVAILABLE,2026-08-20 03:51:52
INV000693,PH0013,MED0194,294,AVAILABLE,2026-08-20 00:20:38
INV000694,PH0013,MED0334,357,AVAILABLE,2026-08-20 01:18:11
INV000695,PH0013,MED0364,274,AVAILABLE,2026-08-20 02:08:56
INV000696,PH0013,MED0430,194,AVAILABLE,2026-08-19 23:15:08
INV000697,PH0014,MED0106,0,OUT_OF_STOCK,2026-08-20 03:09:27
INV000698,PH0014,MED0202,361,AVAILABLE,2026-08-19 22:29:53
INV000699,PH0014,MED0296,200,AVAILABLE,2026-08-20 02:44:27
INV000700,PH0014,MED0184,169,AVAILABLE,2026-08-20 02:37:08
INV000701,PH0014,MED0421,132,AVAILABLE,2026-08-19 22:29:38
INV000702,PH0014,MED0131,93,AVAILABLE,2026-08-20 00:47:45
INV000703,PH0014,MED0053,0,OUT_OF_STOCK,2026-08-20 01:39:01
INV000704,PH0014,MED0503,16,LOW_STOCK,2026-08-19 22:01:19
INV000705,PH0014,MED0195,220,AVAILABLE,2026-08-20 01:50:20
INV000706,PH0014,MED0273,334,AVAILABLE,2026-08-20 00:54:26
INV000707,PH0014,MED0122,290,AVAILABLE,2026-08-20 01:04:31
INV000708,PH0014,MED0297,238,AVAILABLE,2026-08-20 02:45:52
INV000709,PH0014,MED0454,315,AVAILABLE,2026-08-20 01:59:42
INV000710,PH0014,MED0349,81,AVAILABLE,2026-08-20 03:35:34
INV000711,PH0014,MED0116,90,AVAILABLE,2026-08-20 01:50:01
INV000712,PH0014,MED0290,316,AVAILABLE,2026-08-20 02:56:43
INV000713,PH0014,MED0001,187,AVAILABLE,2026-08-20 01:25:28
INV000714,PH0014,MED0044,5,LOW_STOCK,2026-08-19 22:48:45
INV000715,PH0014,MED0284,235,AVAILABLE,2026-08-19 23:07:39
INV000716,PH0014,MED0371,233,AVAILABLE,2026-08-19 23:27:26
INV000717,PH0014,MED0342,138,AVAILABLE,2026-08-19 23:17:05
INV000718,PH0014,MED0272,334,AVAILABLE,2026-08-20 01:04:40
INV000719,PH0014,MED0412,151,AVAILABLE,2026-08-19 23:36:50
INV000720,PH0014,MED0275,90,AVAILABLE,2026-08-20 03:17:07
INV000721,PH0014,MED0499,174,AVAILABLE,2026-08-20 01:06:01
INV000722,PH0014,MED0114,210,AVAILABLE,2026-08-19 22:19:00
INV000723,PH0014,MED0352,120,AVAILABLE,2026-08-20 01:58:00
INV000724,PH0014,MED0104,301,AVAILABLE,2026-08-19 21:49:09
INV000725,PH0014,MED0019,378,AVAILABLE,2026-08-19 23:42:51
INV000726,PH0014,MED0028,166,AVAILABLE,2026-08-19 22:15:31
INV000727,PH0014,MED0187,15,LOW_STOCK,2026-08-19 22:34:30
INV000728,PH0014,MED0498,79,AVAILABLE,2026-08-19 22:32:20
INV000729,PH0014,MED0124,355,AVAILABLE,2026-08-20 03:24:41
INV000730,PH0014,MED0043,137,AVAILABLE,2026-08-19 23:49:28
INV000731,PH0014,MED0002,67,AVAILABLE,2026-08-20 01:58:02
INV000732,PH0014,MED0091,93,AVAILABLE,2026-08-19 23:04:40
INV000733,PH0014,MED0042,350,AVAILABLE,2026-08-19 23:20:10
INV000734,PH0014,MED0346,48,AVAILABLE,2026-08-19 22:09:51
INV000735,PH0014,MED0196,0,OUT_OF_STOCK,2026-08-20 03:20:19
INV000736,PH0014,MED0157,15,LOW_STOCK,2026-08-20 03:39:09
INV000737,PH0014,MED0212,342,AVAILABLE,2026-08-20 02:24:17
INV000738,PH0014,MED0056,286,AVAILABLE,2026-08-20 01:09:54
INV000739,PH0014,MED0313,54,AVAILABLE,2026-08-19 21:47:32
INV000740,PH0014,MED0047,97,AVAILABLE,2026-08-20 03:33:38
INV000741,PH0014,MED0173,0,OUT_OF_STOCK,2026-08-19 22:23:39
INV000742,PH0014,MED0507,169,AVAILABLE,2026-08-20 00:42:09
INV000743,PH0014,MED0178,218,AVAILABLE,2026-08-19 22:49:13
INV000744,PH0014,MED0241,298,AVAILABLE,2026-08-20 02:30:06
INV000745,PH0014,MED0325,0,OUT_OF_STOCK,2026-08-19 22:37:42
INV000746,PH0014,MED0438,0,OUT_OF_STOCK,2026-08-19 22:02:27
INV000747,PH0014,MED0185,373,AVAILABLE,2026-08-20 00:28:53
INV000748,PH0014,MED0079,390,AVAILABLE,2026-08-19 23:16:57
INV000749,PH0014,MED0328,125,AVAILABLE,2026-08-20 01:26:09
INV000750,PH0014,MED0488,9,LOW_STOCK,2026-08-20 00:05:00
INV000751,PH0014,MED0111,242,AVAILABLE,2026-08-19 22:27:46
INV000752,PH0014,MED0231,32,AVAILABLE,2026-08-20 00:20:57
INV000753,PH0014,MED0003,234,AVAILABLE,2026-08-20 02:02:36
INV000754,PH0015,MED0024,46,AVAILABLE,2026-08-19 22:00:58
INV000755,PH0015,MED0454,153,AVAILABLE,2026-08-19 18:58:07
INV000756,PH0015,MED0023,67,AVAILABLE,2026-08-19 17:15:00
INV000757,PH0015,MED0216,0,OUT_OF_STOCK,2026-08-19 17:44:57
INV000758,PH0015,MED0130,3,LOW_STOCK,2026-08-19 22:02:56
INV000759,PH0015,MED0196,220,AVAILABLE,2026-08-19 22:02:24
INV000760,PH0015,MED0451,291,AVAILABLE,2026-08-19 18:24:22
INV000761,PH0015,MED0054,18,LOW_STOCK,2026-08-19 17:25:55
INV000762,PH0015,MED0125,288,AVAILABLE,2026-08-19 18:17:46
INV000763,PH0015,MED0202,392,AVAILABLE,2026-08-19 18:17:12
INV000764,PH0015,MED0007,346,AVAILABLE,2026-08-19 22:17:23
INV000765,PH0015,MED0397,159,AVAILABLE,2026-08-19 21:14:48
INV000766,PH0015,MED0248,217,AVAILABLE,2026-08-19 17:20:12
INV000767,PH0015,MED0281,371,AVAILABLE,2026-08-19 21:25:01
INV000768,PH0015,MED0159,287,AVAILABLE,2026-08-19 18:53:34
INV000769,PH0015,MED0310,283,AVAILABLE,2026-08-19 18:49:27
INV000770,PH0015,MED0212,254,AVAILABLE,2026-08-19 20:46:49
INV000771,PH0015,MED0339,0,OUT_OF_STOCK,2026-08-19 18:57:06
INV000772,PH0015,MED0124,226,AVAILABLE,2026-08-19 19:36:02
INV000773,PH0015,MED0226,164,AVAILABLE,2026-08-19 20:00:51
INV000774,PH0015,MED0185,250,AVAILABLE,2026-08-19 19:24:18
INV000775,PH0015,MED0062,331,AVAILABLE,2026-08-19 22:28:31
INV000776,PH0015,MED0097,356,AVAILABLE,2026-08-19 22:04:56
INV000777,PH0015,MED0463,289,AVAILABLE,2026-08-19 18:32:06
INV000778,PH0015,MED0008,124,AVAILABLE,2026-08-19 19:47:46
INV000779,PH0015,MED0105,67,AVAILABLE,2026-08-19 22:03:30
INV000780,PH0015,MED0230,0,OUT_OF_STOCK,2026-08-19 16:48:46
INV000781,PH0015,MED0096,236,AVAILABLE,2026-08-19 22:01:18
INV000782,PH0015,MED0489,260,AVAILABLE,2026-08-19 17:44:20
INV000783,PH0015,MED0238,202,AVAILABLE,2026-08-19 19:13:25
INV000784,PH0015,MED0480,123,AVAILABLE,2026-08-19 18:42:52
INV000785,PH0015,MED0042,53,AVAILABLE,2026-08-19 19:50:22
INV000786,PH0015,MED0358,184,AVAILABLE,2026-08-19 17:30:34
INV000787,PH0015,MED0243,294,AVAILABLE,2026-08-19 21:27:15
INV000788,PH0015,MED0341,202,AVAILABLE,2026-08-19 18:50:12
INV000789,PH0015,MED0122,198,AVAILABLE,2026-08-19 20:10:00
INV000790,PH0015,MED0320,0,OUT_OF_STOCK,2026-08-19 20:28:51
INV000791,PH0015,MED0405,142,AVAILABLE,2026-08-19 16:46:27
INV000792,PH0015,MED0371,323,AVAILABLE,2026-08-19 18:04:32
INV000793,PH0015,MED0010,164,AVAILABLE,2026-08-19 21:44:35
INV000794,PH0015,MED0264,92,AVAILABLE,2026-08-19 22:07:58
INV000795,PH0015,MED0453,378,AVAILABLE,2026-08-19 19:48:24
INV000796,PH0015,MED0109,54,AVAILABLE,2026-08-19 18:36:38
INV000797,PH0015,MED0127,157,AVAILABLE,2026-08-19 17:07:27
INV000798,PH0015,MED0410,268,AVAILABLE,2026-08-19 19:04:12
INV000799,PH0015,MED0378,123,AVAILABLE,2026-08-19 22:39:35
INV000800,PH0015,MED0329,194,AVAILABLE,2026-08-19 21:28:17
INV000801,PH0015,MED0258,16,LOW_STOCK,2026-08-19 18:10:29
INV000802,PH0015,MED0296,306,AVAILABLE,2026-08-19 17:49:54
INV000803,PH0015,MED0075,182,AVAILABLE,2026-08-19 22:16:50
INV000804,PH0015,MED0234,398,AVAILABLE,2026-08-19 18:26:16
INV000805,PH0015,MED0057,84,AVAILABLE,2026-08-19 17:26:59
INV000806,PH0015,MED0384,173,AVAILABLE,2026-08-19 20:08:23
INV000807,PH0015,MED0385,0,OUT_OF_STOCK,2026-08-19 19:25:56
INV000808,PH0015,MED0199,1,LOW_STOCK,2026-08-19 19:29:15
INV000809,PH0016,MED0227,261,AVAILABLE,2026-08-19 13:33:41
INV000810,PH0016,MED0078,24,AVAILABLE,2026-08-19 10:28:42
INV000811,PH0016,MED0365,0,OUT_OF_STOCK,2026-08-19 09:07:18
INV000812,PH0016,MED0358,267,AVAILABLE,2026-08-19 09:33:06
INV000813,PH0016,MED0201,79,AVAILABLE,2026-08-19 13:35:12
INV000814,PH0016,MED0346,169,AVAILABLE,2026-08-19 13:28:14
INV000815,PH0016,MED0123,395,AVAILABLE,2026-08-19 11:25:39
INV000816,PH0016,MED0084,219,AVAILABLE,2026-08-19 13:07:17
INV000817,PH0016,MED0191,51,AVAILABLE,2026-08-19 14:15:36
INV000818,PH0016,MED0430,0,OUT_OF_STOCK,2026-08-19 14:01:25
INV000819,PH0016,MED0289,162,AVAILABLE,2026-08-19 13:28:01
INV000820,PH0016,MED0262,168,AVAILABLE,2026-08-19 11:22:43
INV000821,PH0016,MED0038,46,AVAILABLE,2026-08-19 12:13:08
INV000822,PH0016,MED0222,374,AVAILABLE,2026-08-19 10:20:19
INV000823,PH0016,MED0083,0,OUT_OF_STOCK,2026-08-19 10:35:51
INV000824,PH0016,MED0113,384,AVAILABLE,2026-08-19 08:53:31
INV000825,PH0016,MED0019,19,LOW_STOCK,2026-08-19 10:31:35
INV000826,PH0016,MED0156,206,AVAILABLE,2026-08-19 10:03:11
INV000827,PH0016,MED0221,224,AVAILABLE,2026-08-19 11:53:46
INV000828,PH0016,MED0109,171,AVAILABLE,2026-08-19 14:04:04
INV000829,PH0016,MED0154,368,AVAILABLE,2026-08-19 12:02:46
INV000830,PH0016,MED0103,119,AVAILABLE,2026-08-19 12:35:11
INV000831,PH0016,MED0493,28,AVAILABLE,2026-08-19 10:37:19
INV000832,PH0016,MED0008,102,AVAILABLE,2026-08-19 08:41:41
INV000833,PH0016,MED0029,90,AVAILABLE,2026-08-19 08:23:36
INV000834,PH0016,MED0263,384,AVAILABLE,2026-08-19 12:07:29
INV000835,PH0016,MED0053,339,AVAILABLE,2026-08-19 13:06:36
INV000836,PH0016,MED0194,85,AVAILABLE,2026-08-19 09:17:06
INV000837,PH0016,MED0018,152,AVAILABLE,2026-08-19 12:50:55
INV000838,PH0016,MED0250,26,AVAILABLE,2026-08-19 11:33:36
INV000839,PH0016,MED0367,165,AVAILABLE,2026-08-19 11:26:32
INV000840,PH0016,MED0040,45,AVAILABLE,2026-08-19 09:44:18
INV000841,PH0016,MED0515,347,AVAILABLE,2026-08-19 10:47:29
INV000842,PH0016,MED0257,188,AVAILABLE,2026-08-19 14:05:20
INV000843,PH0016,MED0357,42,AVAILABLE,2026-08-19 13:53:47
INV000844,PH0016,MED0098,97,AVAILABLE,2026-08-19 11:47:51
INV000845,PH0016,MED0094,36,AVAILABLE,2026-08-19 13:30:16
INV000846,PH0016,MED0173,312,AVAILABLE,2026-08-19 10:00:19
INV000847,PH0016,MED0016,259,AVAILABLE,2026-08-19 08:51:12
INV000848,PH0016,MED0006,304,AVAILABLE,2026-08-19 08:48:03
INV000849,PH0016,MED0281,183,AVAILABLE,2026-08-19 12:34:40
INV000850,PH0016,MED0046,125,AVAILABLE,2026-08-19 12:09:46
INV000851,PH0016,MED0126,327,AVAILABLE,2026-08-19 13:11:26
INV000852,PH0016,MED0282,226,AVAILABLE,2026-08-19 11:28:47
INV000853,PH0016,MED0213,149,AVAILABLE,2026-08-19 12:00:19
INV000854,PH0016,MED0091,14,LOW_STOCK,2026-08-19 08:24:08
INV000855,PH0016,MED0157,165,AVAILABLE,2026-08-19 10:14:21
INV000856,PH0016,MED0106,99,AVAILABLE,2026-08-19 14:10:27
INV000857,PH0016,MED0409,273,AVAILABLE,2026-08-19 10:09:21
INV000858,PH0016,MED0400,228,AVAILABLE,2026-08-19 11:46:20
INV000859,PH0016,MED0252,285,AVAILABLE,2026-08-19 13:27:36
INV000860,PH0016,MED0303,190,AVAILABLE,2026-08-19 12:43:43
INV000861,PH0016,MED0380,105,AVAILABLE,2026-08-19 08:22:51
INV000862,PH0016,MED0340,85,AVAILABLE,2026-08-19 12:34:16
INV000863,PH0016,MED0253,37,AVAILABLE,2026-08-19 10:10:36
INV000864,PH0016,MED0320,1,LOW_STOCK,2026-08-19 11:02:07
INV000865,PH0016,MED0005,64,AVAILABLE,2026-08-19 12:29:12
INV000866,PH0016,MED0414,28,AVAILABLE,2026-08-19 12:23:39
INV000867,PH0016,MED0095,306,AVAILABLE,2026-08-19 09:43:04
INV000868,PH0016,MED0195,93,AVAILABLE,2026-08-19 11:20:20
INV000869,PH0016,MED0152,353,AVAILABLE,2026-08-19 13:05:39
INV000870,PH0017,MED0278,350,AVAILABLE,2026-08-18 16:17:37
INV000871,PH0017,MED0474,140,AVAILABLE,2026-08-18 18:32:55
INV000872,PH0017,MED0125,355,AVAILABLE,2026-08-18 15:00:46
INV000873,PH0017,MED0202,384,AVAILABLE,2026-08-18 15:53:40
INV000874,PH0017,MED0160,3,LOW_STOCK,2026-08-18 15:01:40
INV000875,PH0017,MED0165,39,AVAILABLE,2026-08-18 16:56:03
INV000876,PH0017,MED0213,324,AVAILABLE,2026-08-18 16:56:18
INV000877,PH0017,MED0346,247,AVAILABLE,2026-08-18 17:20:38
INV000878,PH0017,MED0014,10,LOW_STOCK,2026-08-18 15:20:55
INV000879,PH0017,MED0038,42,AVAILABLE,2026-08-18 19:25:45
INV000880,PH0017,MED0303,138,AVAILABLE,2026-08-18 18:27:17
INV000881,PH0017,MED0011,0,OUT_OF_STOCK,2026-08-18 17:12:27
INV000882,PH0017,MED0124,112,AVAILABLE,2026-08-18 16:43:13
INV000883,PH0017,MED0067,398,AVAILABLE,2026-08-18 19:05:22
INV000884,PH0017,MED0061,381,AVAILABLE,2026-08-18 19:08:47
INV000885,PH0017,MED0367,0,OUT_OF_STOCK,2026-08-18 19:00:56
INV000886,PH0017,MED0365,107,AVAILABLE,2026-08-18 17:16:03
INV000887,PH0017,MED0083,282,AVAILABLE,2026-08-18 15:44:13
INV000888,PH0017,MED0091,90,AVAILABLE,2026-08-18 16:25:26
INV000889,PH0017,MED0051,54,AVAILABLE,2026-08-18 18:22:39
INV000890,PH0017,MED0218,10,LOW_STOCK,2026-08-18 15:47:29
INV000891,PH0017,MED0323,15,LOW_STOCK,2026-08-18 15:23:22
INV000892,PH0017,MED0103,387,AVAILABLE,2026-08-18 19:08:54
INV000893,PH0017,MED0053,3,LOW_STOCK,2026-08-18 20:15:08
INV000894,PH0017,MED0045,300,AVAILABLE,2026-08-18 14:47:20
INV000895,PH0017,MED0467,399,AVAILABLE,2026-08-18 19:00:11
INV000896,PH0017,MED0087,0,OUT_OF_STOCK,2026-08-18 14:53:27
INV000897,PH0017,MED0450,10,LOW_STOCK,2026-08-18 14:35:52
INV000898,PH0017,MED0134,319,AVAILABLE,2026-08-18 14:32:44
INV000899,PH0017,MED0338,91,AVAILABLE,2026-08-18 16:28:00
INV000900,PH0017,MED0060,262,AVAILABLE,2026-08-18 14:28:41
INV000901,PH0017,MED0025,202,AVAILABLE,2026-08-18 16:35:04
INV000902,PH0017,MED0460,73,AVAILABLE,2026-08-18 18:02:13
INV000903,PH0017,MED0223,265,AVAILABLE,2026-08-18 16:19:47
INV000904,PH0017,MED0005,273,AVAILABLE,2026-08-18 17:35:52
INV000905,PH0017,MED0175,0,OUT_OF_STOCK,2026-08-18 17:17:08
INV000906,PH0017,MED0248,130,AVAILABLE,2026-08-18 18:00:54
INV000907,PH0017,MED0336,298,AVAILABLE,2026-08-18 17:18:52
INV000908,PH0017,MED0456,203,AVAILABLE,2026-08-18 20:19:22
INV000909,PH0017,MED0042,0,OUT_OF_STOCK,2026-08-18 15:48:52
INV000910,PH0017,MED0381,13,LOW_STOCK,2026-08-18 19:26:20
INV000911,PH0017,MED0093,237,AVAILABLE,2026-08-18 17:52:36
INV000912,PH0017,MED0059,373,AVAILABLE,2026-08-18 17:22:51
INV000913,PH0017,MED0104,372,AVAILABLE,2026-08-18 19:18:07
INV000914,PH0017,MED0411,63,AVAILABLE,2026-08-18 14:46:21
INV000915,PH0017,MED0119,0,OUT_OF_STOCK,2026-08-18 19:20:48
INV000916,PH0017,MED0242,328,AVAILABLE,2026-08-18 16:24:51
INV000917,PH0017,MED0258,1,LOW_STOCK,2026-08-18 17:41:14
INV000918,PH0017,MED0333,143,AVAILABLE,2026-08-18 15:37:11
INV000919,PH0018,MED0479,74,AVAILABLE,2026-07-16 12:35:51
INV000920,PH0018,MED0459,264,AVAILABLE,2026-07-16 10:31:46
INV000921,PH0018,MED0469,185,AVAILABLE,2026-07-16 07:33:50
INV000922,PH0018,MED0512,0,OUT_OF_STOCK,2026-07-16 13:15:41
INV000923,PH0018,MED0453,305,AVAILABLE,2026-07-16 11:11:41
INV000924,PH0018,MED0061,32,AVAILABLE,2026-07-16 11:30:30
INV000925,PH0018,MED0519,10,LOW_STOCK,2026-07-16 12:39:44
INV000926,PH0018,MED0248,218,AVAILABLE,2026-07-16 11:25:59
INV000927,PH0018,MED0265,116,AVAILABLE,2026-07-16 09:58:52
INV000928,PH0018,MED0491,0,OUT_OF_STOCK,2026-07-16 07:40:03
INV000929,PH0018,MED0201,12,LOW_STOCK,2026-07-16 08:36:09
INV000930,PH0018,MED0294,245,AVAILABLE,2026-07-16 12:55:45
INV000931,PH0018,MED0403,177,AVAILABLE,2026-07-16 10:15:27
INV000932,PH0018,MED0125,353,AVAILABLE,2026-07-16 11:14:41
INV000933,PH0018,MED0117,387,AVAILABLE,2026-07-16 09:47:25
INV000934,PH0018,MED0094,324,AVAILABLE,2026-07-16 09:11:13
INV000935,PH0018,MED0365,248,AVAILABLE,2026-07-16 10:02:38
INV000936,PH0018,MED0386,0,OUT_OF_STOCK,2026-07-16 10:37:58
INV000937,PH0018,MED0010,139,AVAILABLE,2026-07-16 09:33:20
INV000938,PH0018,MED0192,321,AVAILABLE,2026-07-16 12:14:02
INV000939,PH0018,MED0176,394,AVAILABLE,2026-07-16 08:08:52
INV000940,PH0018,MED0251,26,AVAILABLE,2026-07-16 13:01:41
INV000941,PH0018,MED0476,340,AVAILABLE,2026-07-16 13:11:39
INV000942,PH0018,MED0449,312,AVAILABLE,2026-07-16 08:53:08
INV000943,PH0018,MED0044,358,AVAILABLE,2026-07-16 09:33:08
INV000944,PH0018,MED0345,112,AVAILABLE,2026-07-16 12:26:19
INV000945,PH0018,MED0104,0,OUT_OF_STOCK,2026-07-16 12:08:46
INV000946,PH0018,MED0348,307,AVAILABLE,2026-07-16 13:19:01
INV000947,PH0018,MED0489,41,AVAILABLE,2026-07-16 13:19:45
INV000948,PH0018,MED0227,1,LOW_STOCK,2026-07-16 07:46:06
INV000949,PH0018,MED0466,13,LOW_STOCK,2026-07-16 09:30:13
INV000950,PH0018,MED0276,152,AVAILABLE,2026-07-16 09:12:02
INV000951,PH0018,MED0367,0,OUT_OF_STOCK,2026-07-16 10:35:37
INV000952,PH0018,MED0053,345,AVAILABLE,2026-07-16 11:40:53
INV000953,PH0018,MED0241,187,AVAILABLE,2026-07-16 10:26:31
INV000954,PH0018,MED0253,67,AVAILABLE,2026-07-16 08:34:13
INV000955,PH0018,MED0105,176,AVAILABLE,2026-07-16 11:03:53
INV000956,PH0018,MED0049,325,AVAILABLE,2026-07-16 11:12:22
INV000957,PH0018,MED0465,273,AVAILABLE,2026-07-16 11:52:36
INV000958,PH0018,MED0238,297,AVAILABLE,2026-07-16 07:59:30
INV000959,PH0018,MED0290,205,AVAILABLE,2026-07-16 09:32:07
INV000960,PH0018,MED0452,210,AVAILABLE,2026-07-16 12:05:52
INV000961,PH0018,MED0109,53,AVAILABLE,2026-07-16 11:43:37
INV000962,PH0018,MED0257,301,AVAILABLE,2026-07-16 07:33:36
INV000963,PH0018,MED0156,234,AVAILABLE,2026-07-16 11:17:14
INV000964,PH0018,MED0252,0,OUT_OF_STOCK,2026-07-16 08:55:33
INV000965,PH0018,MED0153,121,AVAILABLE,2026-07-16 08:41:30
INV000966,PH0018,MED0073,137,AVAILABLE,2026-07-16 09:26:34
INV000967,PH0018,MED0202,14,LOW_STOCK,2026-07-16 09:37:52
INV000968,PH0018,MED0434,273,AVAILABLE,2026-07-16 12:06:57
INV000969,PH0018,MED0089,17,LOW_STOCK,2026-07-16 11:31:55
INV000970,PH0018,MED0406,359,AVAILABLE,2026-07-16 08:32:33
INV000971,PH0018,MED0097,288,AVAILABLE,2026-07-16 10:35:06
INV000972,PH0019,MED0241,10,LOW_STOCK,2026-08-19 07:25:36
INV000973,PH0019,MED0302,353,AVAILABLE,2026-08-19 06:26:16
INV000974,PH0019,MED0027,9,LOW_STOCK,2026-08-19 07:05:03
INV000975,PH0019,MED0358,393,AVAILABLE,2026-08-19 06:18:18
INV000976,PH0019,MED0256,192,AVAILABLE,2026-08-19 03:41:23
INV000977,PH0019,MED0367,32,AVAILABLE,2026-08-19 04:18:35
INV000978,PH0019,MED0147,0,OUT_OF_STOCK,2026-08-19 08:31:53
INV000979,PH0019,MED0064,0,OUT_OF_STOCK,2026-08-19 07:50:22
INV000980,PH0019,MED0124,257,AVAILABLE,2026-08-19 07:53:52
INV000981,PH0019,MED0434,46,AVAILABLE,2026-08-19 06:08:29
INV000982,PH0019,MED0015,328,AVAILABLE,2026-08-19 04:20:16
INV000983,PH0019,MED0382,376,AVAILABLE,2026-08-19 06:05:03
INV000984,PH0019,MED0394,398,AVAILABLE,2026-08-19 05:56:55
INV000985,PH0019,MED0390,322,AVAILABLE,2026-08-19 07:00:01
INV000986,PH0019,MED0342,196,AVAILABLE,2026-08-19 04:53:13
INV000987,PH0019,MED0440,0,OUT_OF_STOCK,2026-08-19 05:30:55
INV000988,PH0019,MED0360,235,AVAILABLE,2026-08-19 08:03:45
INV000989,PH0019,MED0030,199,AVAILABLE,2026-08-19 08:13:45
INV000990,PH0019,MED0369,87,AVAILABLE,2026-08-19 04:45:14
INV000991,PH0019,MED0308,173,AVAILABLE,2026-08-19 02:56:02
INV000992,PH0019,MED0339,114,AVAILABLE,2026-08-19 03:07:56
INV000993,PH0019,MED0227,127,AVAILABLE,2026-08-19 06:49:42
INV000994,PH0019,MED0409,0,OUT_OF_STOCK,2026-08-19 06:06:17
INV000995,PH0019,MED0207,370,AVAILABLE,2026-08-19 04:46:08
INV000996,PH0019,MED0456,134,AVAILABLE,2026-08-19 04:23:07
INV000997,PH0019,MED0313,189,AVAILABLE,2026-08-19 07:45:37
INV000998,PH0019,MED0021,4,LOW_STOCK,2026-08-19 08:13:07
INV000999,PH0019,MED0304,200,AVAILABLE,2026-08-19 05:25:56
INV001000,PH0019,MED0500,105,AVAILABLE,2026-08-19 06:28:56
INV001001,PH0019,MED0014,255,AVAILABLE,2026-08-19 03:59:10
INV001002,PH0019,MED0057,242,AVAILABLE,2026-08-19 03:50:45
INV001003,PH0019,MED0162,113,AVAILABLE,2026-08-19 04:03:07
INV001004,PH0019,MED0178,374,AVAILABLE,2026-08-19 08:34:55
INV001005,PH0019,MED0044,134,AVAILABLE,2026-08-19 05:43:03
INV001006,PH0019,MED0468,12,LOW_STOCK,2026-08-19 07:08:00
INV001007,PH0019,MED0311,152,AVAILABLE,2026-08-19 05:05:50
INV001008,PH0019,MED0373,40,AVAILABLE,2026-08-19 04:05:59
INV001009,PH0019,MED0117,340,AVAILABLE,2026-08-19 08:24:14
INV001010,PH0019,MED0411,68,AVAILABLE,2026-08-19 08:25:06
INV001011,PH0019,MED0288,175,AVAILABLE,2026-08-19 06:49:29
INV001012,PH0019,MED0272,370,AVAILABLE,2026-08-19 07:34:09
INV001013,PH0019,MED0226,36,AVAILABLE,2026-08-19 03:20:45
INV001014,PH0019,MED0232,262,AVAILABLE,2026-08-19 07:46:12
INV001015,PH0019,MED0466,0,OUT_OF_STOCK,2026-08-19 07:41:24
INV001016,PH0019,MED0029,217,AVAILABLE,2026-08-19 08:18:57
INV001017,PH0019,MED0072,64,AVAILABLE,2026-08-19 04:52:55
INV001018,PH0019,MED0380,211,AVAILABLE,2026-08-19 03:06:32
INV001019,PH0019,MED0236,6,LOW_STOCK,2026-08-19 04:19:21
INV001020,PH0019,MED0399,71,AVAILABLE,2026-08-19 07:50:45
INV001021,PH0019,MED0142,283,AVAILABLE,2026-08-19 07:20:37
INV001022,PH0019,MED0221,355,AVAILABLE,2026-08-19 06:14:11
INV001023,PH0019,MED0237,321,AVAILABLE,2026-08-19 05:09:36
INV001024,PH0019,MED0018,312,AVAILABLE,2026-08-19 07:29:04
INV001025,PH0019,MED0019,240,AVAILABLE,2026-08-19 07:26:45
INV001026,PH0019,MED0323,0,OUT_OF_STOCK,2026-08-19 05:10:41
INV001027,PH0019,MED0453,57,AVAILABLE,2026-08-19 06:16:26
INV001028,PH0019,MED0177,50,AVAILABLE,2026-08-19 07:01:27
INV001029,PH0019,MED0033,188,AVAILABLE,2026-08-19 04:33:44
INV001030,PH0020,MED0196,5,LOW_STOCK,2026-08-19 03:39:31
INV001031,PH0020,MED0405,234,AVAILABLE,2026-08-19 06:30:02
INV001032,PH0020,MED0238,71,AVAILABLE,2026-08-19 03:27:32
INV001033,PH0020,MED0516,0,OUT_OF_STOCK,2026-08-19 04:27:18
INV001034,PH0020,MED0173,18,LOW_STOCK,2026-08-19 05:57:41
INV001035,PH0020,MED0019,277,AVAILABLE,2026-08-19 07:04:48
INV001036,PH0020,MED0141,5,LOW_STOCK,2026-08-19 08:48:06
INV001037,PH0020,MED0066,144,AVAILABLE,2026-08-19 06:44:26
INV001038,PH0020,MED0272,367,AVAILABLE,2026-08-19 08:16:35
INV001039,PH0020,MED0363,389,AVAILABLE,2026-08-19 07:43:10
INV001040,PH0020,MED0257,87,AVAILABLE,2026-08-19 06:19:00
INV001041,PH0020,MED0017,246,AVAILABLE,2026-08-19 06:52:24
INV001042,PH0020,MED0221,332,AVAILABLE,2026-08-19 08:45:41
INV001043,PH0020,MED0193,169,AVAILABLE,2026-08-19 05:36:07
INV001044,PH0020,MED0108,7,LOW_STOCK,2026-08-19 03:46:23
INV001045,PH0020,MED0289,382,AVAILABLE,2026-08-19 07:55:34
INV001046,PH0020,MED0297,243,AVAILABLE,2026-08-19 03:50:50
INV001047,PH0020,MED0216,63,AVAILABLE,2026-08-19 03:49:31
INV001048,PH0020,MED0164,19,LOW_STOCK,2026-08-19 06:14:31
INV001049,PH0020,MED0520,348,AVAILABLE,2026-08-19 08:30:06
INV001050,PH0020,MED0387,95,AVAILABLE,2026-08-19 05:02:42
INV001051,PH0020,MED0393,364,AVAILABLE,2026-08-19 03:31:41
INV001052,PH0020,MED0491,0,OUT_OF_STOCK,2026-08-19 04:27:05
INV001053,PH0020,MED0437,52,AVAILABLE,2026-08-19 03:41:12
INV001054,PH0020,MED0246,102,AVAILABLE,2026-08-19 06:05:22
INV001055,PH0020,MED0048,92,AVAILABLE,2026-08-19 05:01:59
INV001056,PH0020,MED0023,47,AVAILABLE,2026-08-19 04:45:29
INV001057,PH0020,MED0406,336,AVAILABLE,2026-08-19 08:12:40
INV001058,PH0020,MED0477,301,AVAILABLE,2026-08-19 07:40:04
INV001059,PH0020,MED0441,0,OUT_OF_STOCK,2026-08-19 07:12:41
INV001060,PH0020,MED0115,255,AVAILABLE,2026-08-19 06:32:02
INV001061,PH0020,MED0248,33,AVAILABLE,2026-08-19 06:59:27
INV001062,PH0020,MED0454,369,AVAILABLE,2026-08-19 06:26:15
INV001063,PH0020,MED0468,349,AVAILABLE,2026-08-19 07:23:34
INV001064,PH0020,MED0367,3,LOW_STOCK,2026-08-19 06:54:21
INV001065,PH0020,MED0117,150,AVAILABLE,2026-08-19 07:30:00
INV001066,PH0020,MED0365,110,AVAILABLE,2026-08-19 09:06:35
INV001067,PH0020,MED0497,0,OUT_OF_STOCK,2026-08-19 04:18:12
INV001068,PH0020,MED0309,273,AVAILABLE,2026-08-19 05:48:55
INV001069,PH0020,MED0223,129,AVAILABLE,2026-08-19 04:40:34
INV001070,PH0020,MED0450,197,AVAILABLE,2026-08-19 03:51:43
INV001071,PH0020,MED0114,181,AVAILABLE,2026-08-19 06:07:37
INV001072,PH0020,MED0082,223,AVAILABLE,2026-08-19 08:51:41
INV001073,PH0020,MED0357,44,AVAILABLE,2026-08-19 07:30:42
INV001074,PH0020,MED0078,388,AVAILABLE,2026-08-19 04:24:46
INV001075,PH0020,MED0313,370,AVAILABLE,2026-08-19 05:00:22
INV001076,PH0020,MED0190,172,AVAILABLE,2026-08-19 05:23:32
INV001077,PH0021,MED0332,8,LOW_STOCK,2026-08-20 02:33:15
INV001078,PH0021,MED0055,69,AVAILABLE,2026-08-20 07:01:09
INV001079,PH0021,MED0190,301,AVAILABLE,2026-08-20 03:17:49
INV001080,PH0021,MED0333,56,AVAILABLE,2026-08-20 06:59:47
INV001081,PH0021,MED0361,71,AVAILABLE,2026-08-20 05:49:30
INV001082,PH0021,MED0243,50,AVAILABLE,2026-08-20 06:41:02
INV001083,PH0021,MED0311,96,AVAILABLE,2026-08-20 07:16:10
INV001084,PH0021,MED0329,356,AVAILABLE,2026-08-20 04:00:20
INV001085,PH0021,MED0139,140,AVAILABLE,2026-08-20 06:14:39
INV001086,PH0021,MED0133,3,LOW_STOCK,2026-08-20 01:59:53
INV001087,PH0021,MED0010,287,AVAILABLE,2026-08-20 06:33:28
INV001088,PH0021,MED0449,230,AVAILABLE,2026-08-20 05:57:13
INV001089,PH0021,MED0377,141,AVAILABLE,2026-08-20 04:03:44
INV001090,PH0021,MED0050,368,AVAILABLE,2026-08-20 06:46:17
INV001091,PH0021,MED0359,8,LOW_STOCK,2026-08-20 02:51:27
INV001092,PH0021,MED0433,17,LOW_STOCK,2026-08-20 03:43:55
INV001093,PH0021,MED0202,268,AVAILABLE,2026-08-20 04:43:00
INV001094,PH0021,MED0041,41,AVAILABLE,2026-08-20 07:08:54
INV001095,PH0021,MED0496,151,AVAILABLE,2026-08-20 03:05:41
INV001096,PH0021,MED0115,45,AVAILABLE,2026-08-20 01:29:17
INV001097,PH0021,MED0218,14,LOW_STOCK,2026-08-20 05:50:18
INV001098,PH0021,MED0018,34,AVAILABLE,2026-08-20 02:31:13
INV001099,PH0021,MED0185,330,AVAILABLE,2026-08-20 05:21:48
INV001100,PH0021,MED0487,254,AVAILABLE,2026-08-20 07:14:55
INV001101,PH0021,MED0304,76,AVAILABLE,2026-08-20 01:59:39
INV001102,PH0021,MED0061,61,AVAILABLE,2026-08-20 03:33:14
INV001103,PH0021,MED0488,0,OUT_OF_STOCK,2026-08-20 05:43:47
INV001104,PH0021,MED0175,330,AVAILABLE,2026-08-20 04:27:05
INV001105,PH0021,MED0131,196,AVAILABLE,2026-08-20 05:15:23
INV001106,PH0021,MED0447,15,LOW_STOCK,2026-08-20 04:43:13
INV001107,PH0021,MED0077,244,AVAILABLE,2026-08-20 04:36:37
INV001108,PH0021,MED0399,79,AVAILABLE,2026-08-20 03:09:31
INV001109,PH0021,MED0358,276,AVAILABLE,2026-08-20 04:47:44
INV001110,PH0021,MED0173,237,AVAILABLE,2026-08-20 05:50:38
INV001111,PH0021,MED0255,74,AVAILABLE,2026-08-20 06:28:49
INV001112,PH0021,MED0078,215,AVAILABLE,2026-08-20 01:44:42
INV001113,PH0021,MED0080,132,AVAILABLE,2026-08-20 01:38:50
INV001114,PH0021,MED0441,273,AVAILABLE,2026-08-20 06:02:32
INV001115,PH0021,MED0363,298,AVAILABLE,2026-08-20 02:12:38
INV001116,PH0021,MED0221,166,AVAILABLE,2026-08-20 02:20:53
INV001117,PH0021,MED0401,393,AVAILABLE,2026-08-20 06:26:54
INV001118,PH0021,MED0440,10,LOW_STOCK,2026-08-20 03:17:02
INV001119,PH0021,MED0238,174,AVAILABLE,2026-08-20 05:30:16
INV001120,PH0021,MED0248,215,AVAILABLE,2026-08-20 06:13:54
INV001121,PH0021,MED0469,392,AVAILABLE,2026-08-20 05:58:36
INV001122,PH0021,MED0011,368,AVAILABLE,2026-08-20 06:37:28
INV001123,PH0021,MED0103,233,AVAILABLE,2026-08-20 02:36:44
INV001124,PH0021,MED0042,0,OUT_OF_STOCK,2026-08-20 03:15:41
INV001125,PH0021,MED0109,171,AVAILABLE,2026-08-20 04:13:08
INV001126,PH0021,MED0347,223,AVAILABLE,2026-08-20 01:20:42
INV001127,PH0021,MED0241,126,AVAILABLE,2026-08-20 01:57:51
INV001128,PH0021,MED0425,265,AVAILABLE,2026-08-20 07:07:26
INV001129,PH0022,MED0361,180,AVAILABLE,2026-08-16 19:24:05
INV001130,PH0022,MED0053,0,OUT_OF_STOCK,2026-08-16 18:36:03
INV001131,PH0022,MED0293,0,OUT_OF_STOCK,2026-08-16 19:23:59
INV001132,PH0022,MED0347,138,AVAILABLE,2026-08-16 21:38:46
INV001133,PH0022,MED0332,132,AVAILABLE,2026-08-16 18:44:44
INV001134,PH0022,MED0156,348,AVAILABLE,2026-08-16 20:17:49
INV001135,PH0022,MED0131,373,AVAILABLE,2026-08-16 16:36:23
INV001136,PH0022,MED0308,6,LOW_STOCK,2026-08-16 17:10:59
INV001137,PH0022,MED0517,381,AVAILABLE,2026-08-16 15:44:13
INV001138,PH0022,MED0088,358,AVAILABLE,2026-08-16 17:48:03
INV001139,PH0022,MED0095,49,AVAILABLE,2026-08-16 19:21:51
INV001140,PH0022,MED0500,163,AVAILABLE,2026-08-16 21:16:39
INV001141,PH0022,MED0420,0,OUT_OF_STOCK,2026-08-16 17:12:25
INV001142,PH0022,MED0082,3,LOW_STOCK,2026-08-16 18:24:17
INV001143,PH0022,MED0247,282,AVAILABLE,2026-08-16 20:43:22
INV001144,PH0022,MED0281,285,AVAILABLE,2026-08-16 20:30:31
INV001145,PH0022,MED0451,78,AVAILABLE,2026-08-16 18:59:09
INV001146,PH0022,MED0047,225,AVAILABLE,2026-08-16 17:45:07
INV001147,PH0022,MED0362,15,LOW_STOCK,2026-08-16 18:30:33
INV001148,PH0022,MED0409,17,LOW_STOCK,2026-08-16 17:43:37
INV001149,PH0022,MED0033,10,LOW_STOCK,2026-08-16 18:10:27
INV001150,PH0022,MED0352,327,AVAILABLE,2026-08-16 21:19:22
INV001151,PH0022,MED0214,89,AVAILABLE,2026-08-16 21:01:31
INV001152,PH0022,MED0221,162,AVAILABLE,2026-08-16 18:23:11
INV001153,PH0022,MED0449,191,AVAILABLE,2026-08-16 15:44:13
INV001154,PH0022,MED0019,397,AVAILABLE,2026-08-16 21:05:40
INV001155,PH0022,MED0505,1,LOW_STOCK,2026-08-16 19:04:05
INV001156,PH0022,MED0108,343,AVAILABLE,2026-08-16 16:51:33
INV001157,PH0022,MED0333,11,LOW_STOCK,2026-08-16 19:13:33
INV001158,PH0022,MED0233,228,AVAILABLE,2026-08-16 20:27:48
INV001159,PH0022,MED0310,325,AVAILABLE,2026-08-16 18:53:53
INV001160,PH0022,MED0520,15,LOW_STOCK,2026-08-16 16:45:22
INV001161,PH0022,MED0017,4,LOW_STOCK,2026-08-16 19:09:10
INV001162,PH0023,MED0016,230,AVAILABLE,2026-08-18 13:47:58
INV001163,PH0023,MED0029,3,LOW_STOCK,2026-08-18 11:39:48
INV001164,PH0023,MED0030,19,LOW_STOCK,2026-08-18 11:13:03
INV001165,PH0023,MED0373,47,AVAILABLE,2026-08-18 12:45:19
INV001166,PH0023,MED0380,0,OUT_OF_STOCK,2026-08-18 14:49:22
INV001167,PH0023,MED0234,1,LOW_STOCK,2026-08-18 12:06:34
INV001168,PH0023,MED0497,7,LOW_STOCK,2026-08-18 10:20:06
INV001169,PH0023,MED0516,78,AVAILABLE,2026-08-18 12:46:23
INV001170,PH0023,MED0037,373,AVAILABLE,2026-08-18 13:56:25
INV001171,PH0023,MED0496,8,LOW_STOCK,2026-08-18 14:38:45
INV001172,PH0023,MED0438,9,LOW_STOCK,2026-08-18 11:38:12
INV001173,PH0023,MED0393,43,AVAILABLE,2026-08-18 13:14:39
INV001174,PH0023,MED0358,48,AVAILABLE,2026-08-18 13:39:04
INV001175,PH0023,MED0246,327,AVAILABLE,2026-08-18 12:57:49
INV001176,PH0023,MED0005,284,AVAILABLE,2026-08-18 10:26:53
INV001177,PH0023,MED0467,194,AVAILABLE,2026-08-18 10:56:17
INV001178,PH0023,MED0091,8,LOW_STOCK,2026-08-18 11:01:36
INV001179,PH0023,MED0014,4,LOW_STOCK,2026-08-18 14:11:17
INV001180,PH0023,MED0411,7,LOW_STOCK,2026-08-18 11:29:04
INV001181,PH0023,MED0281,184,AVAILABLE,2026-08-18 10:26:38
INV001182,PH0023,MED0155,0,OUT_OF_STOCK,2026-08-18 10:15:17
INV001183,PH0023,MED0197,327,AVAILABLE,2026-08-18 10:54:13
INV001184,PH0023,MED0257,305,AVAILABLE,2026-08-18 09:49:25
INV001185,PH0023,MED0428,398,AVAILABLE,2026-08-18 10:02:56
INV001186,PH0023,MED0006,16,LOW_STOCK,2026-08-18 09:54:04
INV001187,PH0023,MED0339,4,LOW_STOCK,2026-08-18 10:11:37
INV001188,PH0023,MED0308,13,LOW_STOCK,2026-08-18 10:14:26
INV001189,PH0023,MED0363,297,AVAILABLE,2026-08-18 12:44:10
INV001190,PH0023,MED0420,153,AVAILABLE,2026-08-18 12:57:33
INV001191,PH0023,MED0286,126,AVAILABLE,2026-08-18 10:46:02
INV001192,PH0023,MED0464,182,AVAILABLE,2026-08-18 13:42:16
INV001193,PH0023,MED0469,131,AVAILABLE,2026-08-18 10:27:04
INV001194,PH0023,MED0451,24,AVAILABLE,2026-08-18 09:44:19
INV001195,PH0023,MED0334,326,AVAILABLE,2026-08-18 12:42:27
INV001196,PH0023,MED0186,192,AVAILABLE,2026-08-18 10:27:22
INV001197,PH0023,MED0292,14,LOW_STOCK,2026-08-18 10:55:57
INV001198,PH0023,MED0158,316,AVAILABLE,2026-08-18 11:52:37
INV001199,PH0023,MED0453,162,AVAILABLE,2026-08-18 09:37:09
INV001200,PH0023,MED0289,332,AVAILABLE,2026-08-18 11:28:30
INV001201,PH0023,MED0410,75,AVAILABLE,2026-08-18 12:20:30
INV001202,PH0023,MED0446,116,AVAILABLE,2026-08-18 13:08:07
INV001203,PH0023,MED0271,14,LOW_STOCK,2026-08-18 12:42:16
INV001204,PH0023,MED0042,125,AVAILABLE,2026-08-18 13:48:44
INV001205,PH0023,MED0131,118,AVAILABLE,2026-08-18 09:30:05
INV001206,PH0023,MED0104,264,AVAILABLE,2026-08-18 10:57:09
INV001207,PH0023,MED0248,356,AVAILABLE,2026-08-18 13:44:56
INV001208,PH0023,MED0157,25,AVAILABLE,2026-08-18 10:52:08
INV001209,PH0023,MED0054,87,AVAILABLE,2026-08-18 11:12:16
INV001210,PH0024,MED0082,396,AVAILABLE,2026-08-19 16:32:06
INV001211,PH0024,MED0412,372,AVAILABLE,2026-08-19 17:56:26
INV001212,PH0024,MED0061,389,AVAILABLE,2026-08-19 20:15:50
INV001213,PH0024,MED0095,230,AVAILABLE,2026-08-19 17:35:55
INV001214,PH0024,MED0289,395,AVAILABLE,2026-08-19 20:13:58
INV001215,PH0024,MED0057,27,AVAILABLE,2026-08-19 21:04:34
INV001216,PH0024,MED0108,352,AVAILABLE,2026-08-19 16:53:44
INV001217,PH0024,MED0124,106,AVAILABLE,2026-08-19 19:51:42
INV001218,PH0024,MED0156,9,LOW_STOCK,2026-08-19 20:42:33
INV001219,PH0024,MED0029,0,OUT_OF_STOCK,2026-08-19 17:28:56
INV001220,PH0024,MED0116,208,AVAILABLE,2026-08-19 21:35:49
INV001221,PH0024,MED0016,244,AVAILABLE,2026-08-19 19:10:22
INV001222,PH0024,MED0370,66,AVAILABLE,2026-08-19 20:55:58
INV001223,PH0024,MED0365,0,OUT_OF_STOCK,2026-08-19 21:15:01
INV001224,PH0024,MED0049,160,AVAILABLE,2026-08-19 21:35:33
INV001225,PH0024,MED0252,165,AVAILABLE,2026-08-19 21:01:22
INV001226,PH0024,MED0486,118,AVAILABLE,2026-08-19 17:54:54
INV001227,PH0024,MED0018,53,AVAILABLE,2026-08-19 16:15:27
INV001228,PH0024,MED0173,183,AVAILABLE,2026-08-19 19:46:29
INV001229,PH0024,MED0011,173,AVAILABLE,2026-08-19 16:36:30
INV001230,PH0024,MED0401,2,LOW_STOCK,2026-08-19 18:35:22
INV001231,PH0024,MED0106,217,AVAILABLE,2026-08-19 16:28:50
INV001232,PH0024,MED0481,56,AVAILABLE,2026-08-19 21:28:41
INV001233,PH0024,MED0202,216,AVAILABLE,2026-08-19 19:43:26
INV001234,PH0024,MED0499,315,AVAILABLE,2026-08-19 18:04:45
INV001235,PH0024,MED0369,344,AVAILABLE,2026-08-19 15:54:00
INV001236,PH0024,MED0241,215,AVAILABLE,2026-08-19 17:22:27
INV001237,PH0024,MED0038,359,AVAILABLE,2026-08-19 16:01:18
INV001238,PH0024,MED0371,108,AVAILABLE,2026-08-19 16:59:20
INV001239,PH0024,MED0434,139,AVAILABLE,2026-08-19 20:15:03
INV001240,PH0024,MED0483,311,AVAILABLE,2026-08-19 20:08:26
INV001241,PH0024,MED0449,340,AVAILABLE,2026-08-19 16:42:17
INV001242,PH0024,MED0021,0,OUT_OF_STOCK,2026-08-19 17:34:48
INV001243,PH0024,MED0453,138,AVAILABLE,2026-08-19 16:56:25
INV001244,PH0024,MED0168,163,AVAILABLE,2026-08-19 17:43:07
INV001245,PH0024,MED0188,170,AVAILABLE,2026-08-19 21:37:40
INV001246,PH0024,MED0291,110,AVAILABLE,2026-08-19 18:34:00
INV001247,PH0024,MED0415,229,AVAILABLE,2026-08-19 20:29:35
INV001248,PH0024,MED0380,365,AVAILABLE,2026-08-19 18:32:12
INV001249,PH0024,MED0183,141,AVAILABLE,2026-08-19 20:05:49
INV001250,PH0024,MED0336,72,AVAILABLE,2026-08-19 16:00:24
INV001251,PH0024,MED0028,215,AVAILABLE,2026-08-19 19:01:26
INV001252,PH0024,MED0485,394,AVAILABLE,2026-08-19 21:25:02
INV001253,PH0024,MED0094,205,AVAILABLE,2026-08-19 16:46:10
INV001254,PH0024,MED0491,147,AVAILABLE,2026-08-19 17:16:34
INV001255,PH0024,MED0383,337,AVAILABLE,2026-08-19 15:58:22
INV001256,PH0024,MED0157,195,AVAILABLE,2026-08-19 21:30:58
INV001257,PH0024,MED0020,194,AVAILABLE,2026-08-19 16:42:50
INV001258,PH0024,MED0257,197,AVAILABLE,2026-08-19 20:39:45
INV001259,PH0024,MED0206,17,LOW_STOCK,2026-08-19 16:47:57
INV001260,PH0024,MED0042,16,LOW_STOCK,2026-08-19 16:34:47
INV001261,PH0024,MED0302,147,AVAILABLE,2026-08-19 18:13:30
INV001262,PH0024,MED0229,329,AVAILABLE,2026-08-19 16:23:57
INV001263,PH0024,MED0310,187,AVAILABLE,2026-08-19 20:23:02
INV001264,PH0024,MED0056,260,AVAILABLE,2026-08-19 19:12:43
INV001265,PH0024,MED0092,254,AVAILABLE,2026-08-19 20:53:36
INV001266,PH0024,MED0246,123,AVAILABLE,2026-08-19 21:36:50
INV001267,PH0024,MED0119,321,AVAILABLE,2026-08-19 19:35:59
INV001268,PH0024,MED0373,280,AVAILABLE,2026-08-19 15:56:37
INV001269,PH0024,MED0110,160,AVAILABLE,2026-08-19 15:43:31
INV001270,PH0024,MED0457,332,AVAILABLE,2026-08-19 17:46:14
INV001271,PH0024,MED0004,284,AVAILABLE,2026-08-19 15:51:49
INV001272,PH0024,MED0247,321,AVAILABLE,2026-08-19 18:24:27
INV001273,PH0024,MED0212,253,AVAILABLE,2026-08-19 21:32:33
INV001274,PH0024,MED0134,254,AVAILABLE,2026-08-19 17:26:21
INV001275,PH0024,MED0226,31,AVAILABLE,2026-08-19 16:24:28
INV001276,PH0024,MED0329,241,AVAILABLE,2026-08-19 18:08:08
INV001277,PH0024,MED0456,153,AVAILABLE,2026-08-19 17:54:49
INV001278,PH0024,MED0053,61,AVAILABLE,2026-08-19 21:28:59
INV001279,PH0024,MED0019,288,AVAILABLE,2026-08-19 20:04:36
INV001280,PH0025,MED0175,15,LOW_STOCK,2026-08-18 22:14:12
INV001281,PH0025,MED0360,203,AVAILABLE,2026-08-18 20:20:22
INV001282,PH0025,MED0021,0,OUT_OF_STOCK,2026-08-18 20:49:12
INV001283,PH0025,MED0329,278,AVAILABLE,2026-08-18 20:19:05
INV001284,PH0025,MED0213,69,AVAILABLE,2026-08-18 20:32:46
INV001285,PH0025,MED0345,153,AVAILABLE,2026-08-18 19:28:28
INV001286,PH0025,MED0290,112,AVAILABLE,2026-08-18 21:37:33
INV001287,PH0025,MED0019,208,AVAILABLE,2026-08-18 19:11:17
INV001288,PH0025,MED0173,0,OUT_OF_STOCK,2026-08-18 19:44:59
INV001289,PH0025,MED0263,162,AVAILABLE,2026-08-18 20:54:26
INV001290,PH0025,MED0349,350,AVAILABLE,2026-08-18 20:50:30
INV001291,PH0025,MED0406,382,AVAILABLE,2026-08-18 19:23:34
INV001292,PH0025,MED0128,10,LOW_STOCK,2026-08-18 22:34:44
INV001293,PH0025,MED0075,9,LOW_STOCK,2026-08-18 17:26:42
INV001294,PH0025,MED0008,0,OUT_OF_STOCK,2026-08-18 20:01:21
INV001295,PH0025,MED0518,320,AVAILABLE,2026-08-18 21:50:44
INV001296,PH0025,MED0517,248,AVAILABLE,2026-08-18 22:06:22
INV001297,PH0025,MED0278,11,LOW_STOCK,2026-08-18 22:31:05
INV001298,PH0025,MED0064,18,LOW_STOCK,2026-08-18 20:54:36
INV001299,PH0025,MED0377,271,AVAILABLE,2026-08-18 20:17:07
INV001300,PH0025,MED0302,212,AVAILABLE,2026-08-18 17:36:18
INV001301,PH0025,MED0382,56,AVAILABLE,2026-08-18 19:04:38
INV001302,PH0025,MED0270,0,OUT_OF_STOCK,2026-08-18 18:58:17
INV001303,PH0025,MED0176,14,LOW_STOCK,2026-08-18 17:41:44
INV001304,PH0025,MED0394,363,AVAILABLE,2026-08-18 20:32:25
INV001305,PH0025,MED0133,199,AVAILABLE,2026-08-18 21:31:41
INV001306,PH0025,MED0258,0,OUT_OF_STOCK,2026-08-18 18:14:01
INV001307,PH0025,MED0288,92,AVAILABLE,2026-08-18 20:13:00
INV001308,PH0025,MED0363,3,LOW_STOCK,2026-08-18 17:03:05
INV001309,PH0025,MED0333,126,AVAILABLE,2026-08-18 22:50:35
INV001310,PH0025,MED0510,277,AVAILABLE,2026-08-18 17:41:40
INV001311,PH0025,MED0214,382,AVAILABLE,2026-08-18 19:54:50
INV001312,PH0025,MED0454,212,AVAILABLE,2026-08-18 18:17:54
INV001313,PH0025,MED0132,130,AVAILABLE,2026-08-18 20:31:43
INV001314,PH0025,MED0250,46,AVAILABLE,2026-08-18 17:10:49
INV001315,PH0025,MED0181,130,AVAILABLE,2026-08-18 21:19:48
INV001316,PH0025,MED0490,0,OUT_OF_STOCK,2026-08-18 19:16:54
INV001317,PH0025,MED0114,326,AVAILABLE,2026-08-18 20:35:14
INV001318,PH0025,MED0152,0,OUT_OF_STOCK,2026-08-18 22:13:22
INV001319,PH0025,MED0041,97,AVAILABLE,2026-08-18 21:40:31
INV001320,PH0025,MED0011,367,AVAILABLE,2026-08-18 20:19:20
INV001321,PH0025,MED0235,400,AVAILABLE,2026-08-18 17:26:21
INV001322,PH0025,MED0140,132,AVAILABLE,2026-08-18 17:49:23
INV001323,PH0025,MED0298,0,OUT_OF_STOCK,2026-08-18 17:39:15
INV001324,PH0025,MED0504,239,AVAILABLE,2026-08-18 21:48:50
INV001325,PH0025,MED0082,89,AVAILABLE,2026-08-18 20:31:25
INV001326,PH0025,MED0071,0,OUT_OF_STOCK,2026-08-18 20:58:24
INV001327,PH0025,MED0080,334,AVAILABLE,2026-08-18 17:26:31
INV001328,PH0025,MED0076,329,AVAILABLE,2026-08-18 19:55:19
INV001329,PH0026,MED0416,273,AVAILABLE,2026-08-19 09:34:25
INV001330,PH0026,MED0132,10,LOW_STOCK,2026-08-19 11:28:13
INV001331,PH0026,MED0055,11,LOW_STOCK,2026-08-19 14:32:26
INV001332,PH0026,MED0500,117,AVAILABLE,2026-08-19 12:41:38
INV001333,PH0026,MED0192,149,AVAILABLE,2026-08-19 10:06:06
INV001334,PH0026,MED0261,8,LOW_STOCK,2026-08-19 12:30:49
INV001335,PH0026,MED0482,305,AVAILABLE,2026-08-19 12:31:08
INV001336,PH0026,MED0194,96,AVAILABLE,2026-08-19 15:14:08
INV001337,PH0026,MED0348,0,OUT_OF_STOCK,2026-08-19 13:14:33
INV001338,PH0026,MED0515,247,AVAILABLE,2026-08-19 13:15:59
INV001339,PH0026,MED0223,58,AVAILABLE,2026-08-19 13:28:05
INV001340,PH0026,MED0188,126,AVAILABLE,2026-08-19 11:27:37
INV001341,PH0026,MED0045,338,AVAILABLE,2026-08-19 11:50:26
INV001342,PH0026,MED0381,2,LOW_STOCK,2026-08-19 11:56:41
INV001343,PH0026,MED0502,37,AVAILABLE,2026-08-19 10:35:34
INV001344,PH0026,MED0015,202,AVAILABLE,2026-08-19 11:00:53
INV001345,PH0026,MED0208,168,AVAILABLE,2026-08-19 11:02:12
INV001346,PH0026,MED0372,288,AVAILABLE,2026-08-19 09:28:18
INV001347,PH0026,MED0140,355,AVAILABLE,2026-08-19 11:25:38
INV001348,PH0026,MED0486,195,AVAILABLE,2026-08-19 09:38:52
INV001349,PH0026,MED0360,5,LOW_STOCK,2026-08-19 09:43:18
INV001350,PH0026,MED0242,36,AVAILABLE,2026-08-19 11:34:58
INV001351,PH0026,MED0097,1,LOW_STOCK,2026-08-19 10:12:02
INV001352,PH0026,MED0329,258,AVAILABLE,2026-08-19 15:11:50
INV001353,PH0026,MED0289,3,LOW_STOCK,2026-08-19 15:00:40
INV001354,PH0026,MED0168,177,AVAILABLE,2026-08-19 11:51:40
INV001355,PH0026,MED0113,205,AVAILABLE,2026-08-19 10:25:26
INV001356,PH0026,MED0490,327,AVAILABLE,2026-08-19 11:14:03
INV001357,PH0026,MED0054,13,LOW_STOCK,2026-08-19 10:22:10
INV001358,PH0026,MED0457,0,OUT_OF_STOCK,2026-08-19 14:45:36
INV001359,PH0026,MED0377,15,LOW_STOCK,2026-08-19 10:38:43
INV001360,PH0026,MED0428,238,AVAILABLE,2026-08-19 14:54:42
INV001361,PH0026,MED0510,14,LOW_STOCK,2026-08-19 09:49:51
INV001362,PH0026,MED0423,351,AVAILABLE,2026-08-19 12:55:14
INV001363,PH0026,MED0458,20,AVAILABLE,2026-08-19 13:41:12
INV001364,PH0026,MED0496,318,AVAILABLE,2026-08-19 12:54:04
INV001365,PH0026,MED0453,216,AVAILABLE,2026-08-19 12:05:07
INV001366,PH0026,MED0056,334,AVAILABLE,2026-08-19 15:16:33
INV001367,PH0026,MED0346,88,AVAILABLE,2026-08-19 13:09:27
INV001368,PH0026,MED0293,12,LOW_STOCK,2026-08-19 15:16:12
INV001369,PH0026,MED0157,0,OUT_OF_STOCK,2026-08-19 11:03:39
INV001370,PH0026,MED0257,374,AVAILABLE,2026-08-19 13:58:53
INV001371,PH0026,MED0434,314,AVAILABLE,2026-08-19 11:08:40
INV001372,PH0026,MED0284,166,AVAILABLE,2026-08-19 10:14:19
INV001373,PH0026,MED0166,266,AVAILABLE,2026-08-19 11:17:18
INV001374,PH0026,MED0333,236,AVAILABLE,2026-08-19 14:19:20
INV001375,PH0026,MED0205,149,AVAILABLE,2026-08-19 15:02:31
INV001376,PH0026,MED0119,65,AVAILABLE,2026-08-19 12:10:45
INV001377,PH0026,MED0396,177,AVAILABLE,2026-08-19 12:27:48
INV001378,PH0026,MED0180,144,AVAILABLE,2026-08-19 14:05:29
INV001379,PH0026,MED0178,66,AVAILABLE,2026-08-19 13:51:03
INV001380,PH0026,MED0193,276,AVAILABLE,2026-08-19 13:19:59
INV001381,PH0026,MED0028,173,AVAILABLE,2026-08-19 10:10:56
INV001382,PH0026,MED0425,21,AVAILABLE,2026-08-19 14:14:34
INV001383,PH0026,MED0007,164,AVAILABLE,2026-08-19 14:45:07
INV001384,PH0026,MED0228,6,LOW_STOCK,2026-08-19 09:52:22
INV001385,PH0027,MED0331,278,AVAILABLE,2026-08-18 12:27:51
INV001386,PH0027,MED0337,202,AVAILABLE,2026-08-18 09:23:48
INV001387,PH0027,MED0056,369,AVAILABLE,2026-08-18 11:09:04
INV001388,PH0027,MED0080,231,AVAILABLE,2026-08-18 13:29:19
INV001389,PH0027,MED0248,10,LOW_STOCK,2026-08-18 14:46:34
INV001390,PH0027,MED0268,124,AVAILABLE,2026-08-18 09:50:14
INV001391,PH0027,MED0509,365,AVAILABLE,2026-08-18 14:13:19
INV001392,PH0027,MED0373,283,AVAILABLE,2026-08-18 13:06:22
INV001393,PH0027,MED0115,234,AVAILABLE,2026-08-18 10:42:53
INV001394,PH0027,MED0081,60,AVAILABLE,2026-08-18 13:15:13
INV001395,PH0027,MED0121,18,LOW_STOCK,2026-08-18 13:09:40
INV001396,PH0027,MED0254,80,AVAILABLE,2026-08-18 12:24:56
INV001397,PH0027,MED0108,195,AVAILABLE,2026-08-18 10:05:18
INV001398,PH0027,MED0404,0,OUT_OF_STOCK,2026-08-18 11:53:07
INV001399,PH0027,MED0141,366,AVAILABLE,2026-08-18 10:35:15
INV001400,PH0027,MED0238,107,AVAILABLE,2026-08-18 09:31:21
INV001401,PH0027,MED0302,212,AVAILABLE,2026-08-18 13:22:03
INV001402,PH0027,MED0018,4,LOW_STOCK,2026-08-18 13:05:19
INV001403,PH0027,MED0015,337,AVAILABLE,2026-08-18 14:16:57
INV001404,PH0027,MED0495,69,AVAILABLE,2026-08-18 11:49:25
INV001405,PH0027,MED0227,312,AVAILABLE,2026-08-18 14:47:57
INV001406,PH0027,MED0101,2,LOW_STOCK,2026-08-18 09:23:34
INV001407,PH0027,MED0005,0,OUT_OF_STOCK,2026-08-18 13:48:00
INV001408,PH0027,MED0435,152,AVAILABLE,2026-08-18 14:35:11
INV001409,PH0027,MED0205,108,AVAILABLE,2026-08-18 13:28:44
INV001410,PH0027,MED0185,372,AVAILABLE,2026-08-18 11:41:59
INV001411,PH0027,MED0453,257,AVAILABLE,2026-08-18 10:52:55
INV001412,PH0027,MED0025,46,AVAILABLE,2026-08-18 10:18:25
INV001413,PH0027,MED0021,0,OUT_OF_STOCK,2026-08-18 14:58:10
INV001414,PH0027,MED0427,261,AVAILABLE,2026-08-18 09:55:18
INV001415,PH0027,MED0381,64,AVAILABLE,2026-08-18 13:34:30
INV001416,PH0027,MED0237,120,AVAILABLE,2026-08-18 13:51:09
INV001417,PH0027,MED0029,348,AVAILABLE,2026-08-18 13:12:40
INV001418,PH0027,MED0329,47,AVAILABLE,2026-08-18 09:38:08
INV001419,PH0027,MED0412,39,AVAILABLE,2026-08-18 14:12:38
INV001420,PH0027,MED0155,0,OUT_OF_STOCK,2026-08-18 12:39:02
INV001421,PH0027,MED0500,363,AVAILABLE,2026-08-18 11:04:34
INV001422,PH0027,MED0437,14,LOW_STOCK,2026-08-18 13:11:09
INV001423,PH0027,MED0019,359,AVAILABLE,2026-08-18 10:44:28
INV001424,PH0027,MED0026,228,AVAILABLE,2026-08-18 10:54:03
INV001425,PH0027,MED0247,141,AVAILABLE,2026-08-18 10:51:12
INV001426,PH0027,MED0295,175,AVAILABLE,2026-08-18 14:37:52
INV001427,PH0027,MED0125,114,AVAILABLE,2026-08-18 11:45:49
INV001428,PH0027,MED0131,228,AVAILABLE,2026-08-18 09:43:00
INV001429,PH0027,MED0290,326,AVAILABLE,2026-08-18 13:44:52
INV001430,PH0027,MED0438,233,AVAILABLE,2026-08-18 13:30:31
INV001431,PH0027,MED0146,336,AVAILABLE,2026-08-18 09:50:43
INV001432,PH0027,MED0213,31,AVAILABLE,2026-08-18 12:50:00
INV001433,PH0027,MED0388,375,AVAILABLE,2026-08-18 10:51:36
INV001434,PH0027,MED0440,0,OUT_OF_STOCK,2026-08-18 11:39:15
INV001435,PH0027,MED0243,379,AVAILABLE,2026-08-18 10:59:21
INV001436,PH0027,MED0446,101,AVAILABLE,2026-08-18 11:21:52
INV001437,PH0027,MED0489,398,AVAILABLE,2026-08-18 14:36:30
INV001438,PH0027,MED0309,233,AVAILABLE,2026-08-18 10:24:14
INV001439,PH0027,MED0303,0,OUT_OF_STOCK,2026-08-18 14:50:49
INV001440,PH0027,MED0020,0,OUT_OF_STOCK,2026-08-18 11:31:16
INV001441,PH0027,MED0173,215,AVAILABLE,2026-08-18 10:20:07
INV001442,PH0028,MED0122,215,AVAILABLE,2026-08-16 11:22:06
INV001443,PH0028,MED0457,119,AVAILABLE,2026-08-16 13:18:27
INV001444,PH0028,MED0207,382,AVAILABLE,2026-08-16 16:34:40
INV001445,PH0028,MED0287,196,AVAILABLE,2026-08-16 13:41:02
INV001446,PH0028,MED0185,344,AVAILABLE,2026-08-16 13:17:45
INV001447,PH0028,MED0022,16,LOW_STOCK,2026-08-16 16:19:08
INV001448,PH0028,MED0486,341,AVAILABLE,2026-08-16 14:21:39
INV001449,PH0028,MED0453,100,AVAILABLE,2026-08-16 16:13:17
INV001450,PH0028,MED0361,350,AVAILABLE,2026-08-16 13:07:48
INV001451,PH0028,MED0380,0,OUT_OF_STOCK,2026-08-16 15:03:30
INV001452,PH0028,MED0195,85,AVAILABLE,2026-08-16 15:34:17
INV001453,PH0028,MED0049,257,AVAILABLE,2026-08-16 11:27:37
INV001454,PH0028,MED0053,199,AVAILABLE,2026-08-16 16:33:57
INV001455,PH0028,MED0010,387,AVAILABLE,2026-08-16 12:13:39
INV001456,PH0028,MED0405,282,AVAILABLE,2026-08-16 11:47:18
INV001457,PH0028,MED0370,0,OUT_OF_STOCK,2026-08-16 11:31:03
INV001458,PH0028,MED0233,13,LOW_STOCK,2026-08-16 17:00:01
INV001459,PH0028,MED0302,167,AVAILABLE,2026-08-16 13:46:53
INV001460,PH0028,MED0224,113,AVAILABLE,2026-08-16 15:31:23
INV001461,PH0028,MED0181,203,AVAILABLE,2026-08-16 12:00:46
INV001462,PH0028,MED0019,0,OUT_OF_STOCK,2026-08-16 11:22:06
INV001463,PH0028,MED0062,330,AVAILABLE,2026-08-16 11:17:59
INV001464,PH0028,MED0348,316,AVAILABLE,2026-08-16 16:57:22
INV001465,PH0028,MED0289,19,LOW_STOCK,2026-08-16 14:03:56
INV001466,PH0028,MED0384,372,AVAILABLE,2026-08-16 15:32:18
INV001467,PH0028,MED0119,219,AVAILABLE,2026-08-16 15:07:14
INV001468,PH0028,MED0188,0,OUT_OF_STOCK,2026-08-16 16:17:19
INV001469,PH0028,MED0246,271,AVAILABLE,2026-08-16 13:54:39
INV001470,PH0028,MED0249,0,OUT_OF_STOCK,2026-08-16 11:48:56
INV001471,PH0028,MED0026,376,AVAILABLE,2026-08-16 11:12:03
INV001472,PH0028,MED0082,8,LOW_STOCK,2026-08-16 16:39:06
INV001473,PH0028,MED0086,46,AVAILABLE,2026-08-16 14:35:45
INV001474,PH0028,MED0105,90,AVAILABLE,2026-08-16 12:02:09
INV001475,PH0028,MED0482,65,AVAILABLE,2026-08-16 11:08:32
INV001476,PH0028,MED0491,18,LOW_STOCK,2026-08-16 14:48:10
INV001477,PH0028,MED0142,19,LOW_STOCK,2026-08-16 15:26:00
INV001478,PH0028,MED0354,60,AVAILABLE,2026-08-16 12:34:26
INV001479,PH0028,MED0067,129,AVAILABLE,2026-08-16 14:02:32
INV001480,PH0028,MED0158,82,AVAILABLE,2026-08-16 12:32:11
INV001481,PH0028,MED0496,286,AVAILABLE,2026-08-16 13:34:29
INV001482,PH0028,MED0042,0,OUT_OF_STOCK,2026-08-16 15:37:14
INV001483,PH0028,MED0255,387,AVAILABLE,2026-08-16 13:40:43
INV001484,PH0028,MED0029,321,AVAILABLE,2026-08-16 12:49:41
INV001485,PH0028,MED0006,255,AVAILABLE,2026-08-16 12:14:34
INV001486,PH0028,MED0434,205,AVAILABLE,2026-08-16 15:41:45
INV001487,PH0028,MED0459,307,AVAILABLE,2026-08-16 15:39:35
INV001488,PH0028,MED0064,67,AVAILABLE,2026-08-16 11:21:08
INV001489,PH0028,MED0040,130,AVAILABLE,2026-08-16 13:15:30
INV001490,PH0028,MED0001,0,OUT_OF_STOCK,2026-08-16 15:46:11
INV001491,PH0028,MED0043,0,OUT_OF_STOCK,2026-08-16 17:02:56
INV001492,PH0029,MED0106,281,AVAILABLE,2026-08-19 18:16:36
INV001493,PH0029,MED0238,340,AVAILABLE,2026-08-19 19:39:33
INV001494,PH0029,MED0329,189,AVAILABLE,2026-08-19 20:33:06
INV001495,PH0029,MED0051,323,AVAILABLE,2026-08-19 17:29:10
INV001496,PH0029,MED0233,359,AVAILABLE,2026-08-19 17:11:45
INV001497,PH0029,MED0271,115,AVAILABLE,2026-08-19 17:35:45
INV001498,PH0029,MED0158,104,AVAILABLE,2026-08-19 18:31:48
INV001499,PH0029,MED0046,4,LOW_STOCK,2026-08-19 19:40:12
INV001500,PH0029,MED0096,211,AVAILABLE,2026-08-19 21:34:25
INV001501,PH0029,MED0028,281,AVAILABLE,2026-08-19 19:44:46
INV001502,PH0029,MED0133,14,LOW_STOCK,2026-08-19 19:55:18
INV001503,PH0029,MED0119,273,AVAILABLE,2026-08-19 19:49:02
INV001504,PH0029,MED0019,224,AVAILABLE,2026-08-19 21:09:37
INV001505,PH0029,MED0496,132,AVAILABLE,2026-08-19 19:57:13
INV001506,PH0029,MED0441,163,AVAILABLE,2026-08-19 19:23:04
INV001507,PH0029,MED0147,5,LOW_STOCK,2026-08-19 22:21:20
INV001508,PH0029,MED0055,122,AVAILABLE,2026-08-19 22:20:40
INV001509,PH0029,MED0187,196,AVAILABLE,2026-08-19 18:43:46
INV001510,PH0029,MED0503,327,AVAILABLE,2026-08-19 19:03:38
INV001511,PH0029,MED0037,378,AVAILABLE,2026-08-19 19:05:44
INV001512,PH0029,MED0124,382,AVAILABLE,2026-08-19 20:05:15
INV001513,PH0029,MED0518,371,AVAILABLE,2026-08-19 22:26:43
INV001514,PH0029,MED0088,289,AVAILABLE,2026-08-19 20:31:01
INV001515,PH0029,MED0114,100,AVAILABLE,2026-08-19 20:15:37
INV001516,PH0029,MED0040,81,AVAILABLE,2026-08-19 17:47:50
INV001517,PH0029,MED0221,335,AVAILABLE,2026-08-19 19:07:07
INV001518,PH0029,MED0042,191,AVAILABLE,2026-08-19 21:29:15
INV001519,PH0029,MED0219,202,AVAILABLE,2026-08-19 18:06:31
INV001520,PH0029,MED0400,203,AVAILABLE,2026-08-19 18:09:35
INV001521,PH0029,MED0066,77,AVAILABLE,2026-08-19 19:09:48
INV001522,PH0029,MED0077,326,AVAILABLE,2026-08-19 20:16:15
INV001523,PH0029,MED0007,24,AVAILABLE,2026-08-19 17:21:02
INV001524,PH0029,MED0063,125,AVAILABLE,2026-08-19 20:43:33
INV001525,PH0029,MED0035,114,AVAILABLE,2026-08-19 22:27:55
INV001526,PH0029,MED0232,118,AVAILABLE,2026-08-19 17:48:32
INV001527,PH0029,MED0417,397,AVAILABLE,2026-08-19 20:52:04
INV001528,PH0029,MED0252,347,AVAILABLE,2026-08-19 21:54:00
INV001529,PH0029,MED0075,0,OUT_OF_STOCK,2026-08-19 19:41:08
INV001530,PH0029,MED0303,130,AVAILABLE,2026-08-19 20:59:59
INV001531,PH0029,MED0117,105,AVAILABLE,2026-08-19 19:57:14
INV001532,PH0029,MED0478,44,AVAILABLE,2026-08-19 19:25:31
INV001533,PH0029,MED0199,0,OUT_OF_STOCK,2026-08-19 18:54:08
INV001534,PH0029,MED0270,62,AVAILABLE,2026-08-19 18:00:17
INV001535,PH0029,MED0156,37,AVAILABLE,2026-08-19 21:11:02
INV001536,PH0029,MED0425,120,AVAILABLE,2026-08-19 17:22:18
INV001537,PH0029,MED0397,56,AVAILABLE,2026-08-19 17:48:02
INV001538,PH0029,MED0338,132,AVAILABLE,2026-08-19 20:11:59
INV001539,PH0029,MED0207,289,AVAILABLE,2026-08-19 20:26:12
INV001540,PH0029,MED0378,12,LOW_STOCK,2026-08-19 20:52:26
INV001541,PH0029,MED0442,28,AVAILABLE,2026-08-19 20:45:40
INV001542,PH0029,MED0104,221,AVAILABLE,2026-08-19 22:35:10
INV001543,PH0029,MED0419,268,AVAILABLE,2026-08-19 17:41:48
INV001544,PH0029,MED0112,13,LOW_STOCK,2026-08-19 19:02:01
INV001545,PH0029,MED0044,89,AVAILABLE,2026-08-19 22:32:35
INV001546,PH0029,MED0240,125,AVAILABLE,2026-08-19 20:27:40
INV001547,PH0029,MED0255,173,AVAILABLE,2026-08-19 19:05:14
INV001548,PH0029,MED0194,326,AVAILABLE,2026-08-19 18:41:11
INV001549,PH0029,MED0212,12,LOW_STOCK,2026-08-19 20:22:44
INV001550,PH0030,MED0233,5,LOW_STOCK,2026-08-18 16:05:17
INV001551,PH0030,MED0349,41,AVAILABLE,2026-08-18 19:52:55
INV001552,PH0030,MED0255,202,AVAILABLE,2026-08-18 15:05:14
INV001553,PH0030,MED0308,352,AVAILABLE,2026-08-18 15:52:32
INV001554,PH0030,MED0191,145,AVAILABLE,2026-08-18 15:44:27
INV001555,PH0030,MED0476,252,AVAILABLE,2026-08-18 18:51:55
INV001556,PH0030,MED0046,91,AVAILABLE,2026-08-18 20:22:13
INV001557,PH0030,MED0227,113,AVAILABLE,2026-08-18 18:24:20
INV001558,PH0030,MED0024,330,AVAILABLE,2026-08-18 18:40:54
INV001559,PH0030,MED0438,282,AVAILABLE,2026-08-18 19:18:15
INV001560,PH0030,MED0234,0,OUT_OF_STOCK,2026-08-18 17:32:21
INV001561,PH0030,MED0459,0,OUT_OF_STOCK,2026-08-18 18:01:24
INV001562,PH0030,MED0241,361,AVAILABLE,2026-08-18 16:13:07
INV001563,PH0030,MED0410,311,AVAILABLE,2026-08-18 15:16:38
INV001564,PH0030,MED0007,53,AVAILABLE,2026-08-18 18:10:11
INV001565,PH0030,MED0381,55,AVAILABLE,2026-08-18 19:59:14
INV001566,PH0030,MED0176,0,OUT_OF_STOCK,2026-08-18 20:19:49
INV001567,PH0030,MED0056,104,AVAILABLE,2026-08-18 18:52:19
INV001568,PH0030,MED0321,239,AVAILABLE,2026-08-18 15:24:01
INV001569,PH0030,MED0066,111,AVAILABLE,2026-08-18 17:47:10
INV001570,PH0030,MED0101,0,OUT_OF_STOCK,2026-08-18 16:13:21
INV001571,PH0030,MED0160,312,AVAILABLE,2026-08-18 18:03:04
INV001572,PH0030,MED0332,0,OUT_OF_STOCK,2026-08-18 18:37:51
INV001573,PH0030,MED0031,38,AVAILABLE,2026-08-18 18:01:04
INV001574,PH0030,MED0187,175,AVAILABLE,2026-08-18 16:33:16
INV001575,PH0030,MED0447,382,AVAILABLE,2026-08-18 19:38:41
INV001576,PH0030,MED0172,0,OUT_OF_STOCK,2026-08-18 16:18:40
INV001577,PH0030,MED0390,356,AVAILABLE,2026-08-18 17:57:02
INV001578,PH0030,MED0253,230,AVAILABLE,2026-08-18 16:06:07
INV001579,PH0030,MED0212,92,AVAILABLE,2026-08-18 16:33:03
INV001580,PH0030,MED0041,156,AVAILABLE,2026-08-18 16:18:01
INV001581,PH0030,MED0119,0,OUT_OF_STOCK,2026-08-18 18:28:36
INV001582,PH0030,MED0267,0,OUT_OF_STOCK,2026-08-18 15:42:56
INV001583,PH0030,MED0365,204,AVAILABLE,2026-08-18 17:20:38
INV001584,PH0030,MED0244,46,AVAILABLE,2026-08-18 16:55:20
INV001585,PH0030,MED0385,190,AVAILABLE,2026-08-18 17:02:44
INV001586,PH0030,MED0069,137,AVAILABLE,2026-08-18 16:18:26
INV001587,PH0030,MED0510,0,OUT_OF_STOCK,2026-08-18 16:55:37
INV001588,PH0030,MED0054,18,LOW_STOCK,2026-08-18 18:00:13
INV001589,PH0030,MED0265,207,AVAILABLE,2026-08-18 18:05:47
INV001590,PH0030,MED0500,225,AVAILABLE,2026-08-18 19:22:44
INV001591,PH0030,MED0376,158,AVAILABLE,2026-08-18 17:01:02
INV001592,PH0030,MED0491,4,LOW_STOCK,2026-08-18 18:32:43
INV001593,PH0030,MED0259,352,AVAILABLE,2026-08-18 18:39:42
INV001594,PH0030,MED0249,360,AVAILABLE,2026-08-18 19:01:19
INV001595,PH0030,MED0335,94,AVAILABLE,2026-08-18 17:41:16
INV001596,PH0030,MED0105,0,OUT_OF_STOCK,2026-08-18 20:48:01
INV001597,PH0030,MED0301,318,AVAILABLE,2026-08-18 16:11:30
INV001598,PH0030,MED0254,10,LOW_STOCK,2026-08-18 15:54:33
INV001599,PH0030,MED0396,276,AVAILABLE,2026-08-18 20:19:12
INV001600,PH0030,MED0444,42,AVAILABLE,2026-08-18 19:58:26
INV001601,PH0030,MED0049,9,LOW_STOCK,2026-08-18 17:08:16
INV001602,PH0030,MED0469,119,AVAILABLE,2026-08-18 18:26:35
INV001603,PH0030,MED0434,399,AVAILABLE,2026-08-18 16:29:24
INV001604,PH0030,MED0405,15,LOW_STOCK,2026-08-18 20:53:42
INV001605,PH0030,MED0490,72,AVAILABLE,2026-08-18 19:23:47
INV001606,PH0030,MED0343,247,AVAILABLE,2026-08-18 17:06:17
INV001607,PH0030,MED0104,393,AVAILABLE,2026-08-18 15:01:55
INV001608,PH0031,MED0204,270,AVAILABLE,2026-08-01 15:23:22
INV001609,PH0031,MED0357,10,LOW_STOCK,2026-08-01 18:57:53
INV001610,PH0031,MED0356,183,AVAILABLE,2026-08-01 16:16:48
INV001611,PH0031,MED0115,7,LOW_STOCK,2026-08-01 16:42:56
INV001612,PH0031,MED0500,385,AVAILABLE,2026-08-01 15:06:43
INV001613,PH0031,MED0314,256,AVAILABLE,2026-08-01 19:33:33
INV001614,PH0031,MED0134,218,AVAILABLE,2026-08-01 19:06:25
INV001615,PH0031,MED0290,198,AVAILABLE,2026-08-01 16:01:01
INV001616,PH0031,MED0434,40,AVAILABLE,2026-08-01 15:09:49
INV001617,PH0031,MED0292,38,AVAILABLE,2026-08-01 14:04:15
INV001618,PH0031,MED0258,350,AVAILABLE,2026-08-01 18:05:36
INV001619,PH0031,MED0026,298,AVAILABLE,2026-08-01 17:07:00
INV001620,PH0031,MED0030,290,AVAILABLE,2026-08-01 17:50:09
INV001621,PH0031,MED0158,0,OUT_OF_STOCK,2026-08-01 15:29:23
INV001622,PH0031,MED0302,206,AVAILABLE,2026-08-01 16:14:30
INV001623,PH0031,MED0237,19,LOW_STOCK,2026-08-01 17:09:58
INV001624,PH0031,MED0497,0,OUT_OF_STOCK,2026-08-01 13:43:20
INV001625,PH0031,MED0373,269,AVAILABLE,2026-08-01 13:42:45
INV001626,PH0031,MED0016,364,AVAILABLE,2026-08-01 14:56:17
INV001627,PH0031,MED0318,2,LOW_STOCK,2026-08-01 16:46:38
INV001628,PH0031,MED0033,88,AVAILABLE,2026-08-01 16:30:28
INV001629,PH0031,MED0474,63,AVAILABLE,2026-08-01 13:54:33
INV001630,PH0031,MED0105,196,AVAILABLE,2026-08-01 14:47:24
INV001631,PH0031,MED0255,333,AVAILABLE,2026-08-01 19:40:04
INV001632,PH0031,MED0212,44,AVAILABLE,2026-08-01 16:05:24
INV001633,PH0031,MED0226,0,OUT_OF_STOCK,2026-08-01 16:45:24
INV001634,PH0031,MED0253,334,AVAILABLE,2026-08-01 18:21:05
INV001635,PH0031,MED0502,364,AVAILABLE,2026-08-01 14:10:27
INV001636,PH0031,MED0078,384,AVAILABLE,2026-08-01 15:04:49
INV001637,PH0031,MED0480,246,AVAILABLE,2026-08-01 15:05:59
INV001638,PH0031,MED0213,9,LOW_STOCK,2026-08-01 16:35:26
INV001639,PH0031,MED0179,380,AVAILABLE,2026-08-01 15:06:20
INV001640,PH0031,MED0029,2,LOW_STOCK,2026-08-01 14:13:35
INV001641,PH0031,MED0296,136,AVAILABLE,2026-08-01 14:53:02
INV001642,PH0031,MED0326,243,AVAILABLE,2026-08-01 14:39:02
INV001643,PH0031,MED0218,98,AVAILABLE,2026-08-01 17:22:21
INV001644,PH0031,MED0294,109,AVAILABLE,2026-08-01 13:51:56
INV001645,PH0031,MED0233,362,AVAILABLE,2026-08-01 17:13:16
INV001646,PH0031,MED0254,19,LOW_STOCK,2026-08-01 14:02:08
INV001647,PH0031,MED0438,5,LOW_STOCK,2026-08-01 14:23:36
INV001648,PH0031,MED0271,287,AVAILABLE,2026-08-01 17:22:10
INV001649,PH0031,MED0206,0,OUT_OF_STOCK,2026-08-01 14:51:00
INV001650,PH0031,MED0234,6,LOW_STOCK,2026-08-01 19:15:29
INV001651,PH0031,MED0433,0,OUT_OF_STOCK,2026-08-01 14:30:40
INV001652,PH0031,MED0428,62,AVAILABLE,2026-08-01 14:10:19
INV001653,PH0031,MED0049,348,AVAILABLE,2026-08-01 16:25:56
INV001654,PH0031,MED0241,0,OUT_OF_STOCK,2026-08-01 17:42:46
INV001655,PH0031,MED0083,176,AVAILABLE,2026-08-01 17:20:44
INV001656,PH0031,MED0517,183,AVAILABLE,2026-08-01 17:00:09
INV001657,PH0031,MED0017,342,AVAILABLE,2026-08-01 18:04:28
INV001658,PH0031,MED0309,6,LOW_STOCK,2026-08-01 17:27:46
INV001659,PH0031,MED0144,163,AVAILABLE,2026-08-01 17:59:35
INV001660,PH0031,MED0246,286,AVAILABLE,2026-08-01 19:07:34
INV001661,PH0031,MED0189,292,AVAILABLE,2026-08-01 15:43:02
INV001662,PH0031,MED0077,376,AVAILABLE,2026-08-01 17:39:21
INV001663,PH0031,MED0106,250,AVAILABLE,2026-08-01 18:35:10
INV001664,PH0031,MED0020,5,LOW_STOCK,2026-08-01 19:21:50
INV001665,PH0031,MED0122,351,AVAILABLE,2026-08-01 15:51:03
INV001666,PH0031,MED0015,323,AVAILABLE,2026-08-01 18:24:48
INV001667,PH0031,MED0456,389,AVAILABLE,2026-08-01 17:08:19
INV001668,PH0031,MED0167,71,AVAILABLE,2026-08-01 16:29:21
INV001669,PH0031,MED0298,3,LOW_STOCK,2026-08-01 18:09:02
INV001670,PH0032,MED0266,104,AVAILABLE,2026-08-16 02:10:33
INV001671,PH0032,MED0015,358,AVAILABLE,2026-08-15 23:12:35
INV001672,PH0032,MED0048,185,AVAILABLE,2026-08-16 00:44:29
INV001673,PH0032,MED0126,69,AVAILABLE,2026-08-16 01:40:32
INV001674,PH0032,MED0254,297,AVAILABLE,2026-08-16 01:06:03
INV001675,PH0032,MED0393,120,AVAILABLE,2026-08-16 02:20:01
INV001676,PH0032,MED0157,222,AVAILABLE,2026-08-15 20:49:21
INV001677,PH0032,MED0175,19,LOW_STOCK,2026-08-16 02:16:47
INV001678,PH0032,MED0115,360,AVAILABLE,2026-08-15 23:26:39
INV001679,PH0032,MED0480,298,AVAILABLE,2026-08-16 00:55:11
INV001680,PH0032,MED0187,93,AVAILABLE,2026-08-15 21:54:02
INV001681,PH0032,MED0285,267,AVAILABLE,2026-08-15 23:49:00
INV001682,PH0032,MED0083,53,AVAILABLE,2026-08-15 22:31:27
INV001683,PH0032,MED0162,68,AVAILABLE,2026-08-15 23:20:57
INV001684,PH0032,MED0412,299,AVAILABLE,2026-08-15 23:12:07
INV001685,PH0032,MED0132,307,AVAILABLE,2026-08-16 02:02:50
INV001686,PH0032,MED0308,276,AVAILABLE,2026-08-16 00:00:13
INV001687,PH0032,MED0305,42,AVAILABLE,2026-08-16 00:59:10
INV001688,PH0032,MED0052,102,AVAILABLE,2026-08-16 00:01:14
INV001689,PH0032,MED0248,188,AVAILABLE,2026-08-15 21:34:05
INV001690,PH0032,MED0272,239,AVAILABLE,2026-08-15 23:32:23
INV001691,PH0032,MED0122,333,AVAILABLE,2026-08-16 01:50:36
INV001692,PH0032,MED0186,387,AVAILABLE,2026-08-15 20:54:21
INV001693,PH0032,MED0442,1,LOW_STOCK,2026-08-16 00:01:18
INV001694,PH0032,MED0082,19,LOW_STOCK,2026-08-16 02:08:39
INV001695,PH0032,MED0496,383,AVAILABLE,2026-08-15 21:50:21
INV001696,PH0032,MED0474,137,AVAILABLE,2026-08-16 00:33:11
INV001697,PH0032,MED0156,358,AVAILABLE,2026-08-15 20:21:18
INV001698,PH0032,MED0064,2,LOW_STOCK,2026-08-16 01:36:10
INV001699,PH0032,MED0029,211,AVAILABLE,2026-08-15 22:59:29
INV001700,PH0032,MED0334,223,AVAILABLE,2026-08-15 20:22:57
INV001701,PH0032,MED0150,220,AVAILABLE,2026-08-15 23:33:21
INV001702,PH0032,MED0515,161,AVAILABLE,2026-08-16 01:17:32
INV001703,PH0032,MED0229,3,LOW_STOCK,2026-08-15 22:45:11
INV001704,PH0032,MED0468,0,OUT_OF_STOCK,2026-08-16 01:30:43
INV001705,PH0032,MED0065,13,LOW_STOCK,2026-08-15 21:34:04
INV001706,PH0032,MED0191,77,AVAILABLE,2026-08-15 23:48:09
INV001707,PH0032,MED0282,18,LOW_STOCK,2026-08-15 22:05:46
INV001708,PH0032,MED0444,17,LOW_STOCK,2026-08-16 02:16:49
INV001709,PH0032,MED0099,8,LOW_STOCK,2026-08-16 01:08:57
INV001710,PH0032,MED0394,17,LOW_STOCK,2026-08-15 21:22:40
INV001711,PH0032,MED0173,338,AVAILABLE,2026-08-15 22:30:38
INV001712,PH0032,MED0100,205,AVAILABLE,2026-08-15 23:39:05
INV001713,PH0032,MED0516,0,OUT_OF_STOCK,2026-08-16 01:50:11
INV001714,PH0032,MED0237,149,AVAILABLE,2026-08-16 00:04:44
INV001715,PH0032,MED0261,373,AVAILABLE,2026-08-15 22:06:26
INV001716,PH0032,MED0172,103,AVAILABLE,2026-08-15 21:56:12
INV001717,PH0032,MED0490,65,AVAILABLE,2026-08-16 01:26:24
INV001718,PH0033,MED0118,116,AVAILABLE,2026-08-20 04:42:18
INV001719,PH0033,MED0183,282,AVAILABLE,2026-08-19 23:31:00
INV001720,PH0033,MED0434,266,AVAILABLE,2026-08-20 01:49:41
INV001721,PH0033,MED0149,132,AVAILABLE,2026-08-20 03:11:33
INV001722,PH0033,MED0293,4,LOW_STOCK,2026-08-20 02:16:08
INV001723,PH0033,MED0376,268,AVAILABLE,2026-08-20 01:01:49
INV001724,PH0033,MED0387,196,AVAILABLE,2026-08-20 02:45:39
INV001725,PH0033,MED0129,49,AVAILABLE,2026-08-19 23:51:58
INV001726,PH0033,MED0117,86,AVAILABLE,2026-08-20 03:42:14
INV001727,PH0033,MED0005,0,OUT_OF_STOCK,2026-08-20 03:14:45
INV001728,PH0033,MED0138,149,AVAILABLE,2026-08-20 01:58:50
INV001729,PH0033,MED0301,344,AVAILABLE,2026-08-20 01:26:19
INV001730,PH0033,MED0449,126,AVAILABLE,2026-08-20 03:47:29
INV001731,PH0033,MED0456,152,AVAILABLE,2026-08-20 04:32:02
INV001732,PH0033,MED0420,226,AVAILABLE,2026-08-20 02:28:50
INV001733,PH0033,MED0029,243,AVAILABLE,2026-08-20 00:04:46
INV001734,PH0033,MED0426,163,AVAILABLE,2026-08-20 03:52:45
INV001735,PH0033,MED0468,355,AVAILABLE,2026-08-20 00:10:08
INV001736,PH0033,MED0287,15,LOW_STOCK,2026-08-20 01:10:04
INV001737,PH0033,MED0064,139,AVAILABLE,2026-08-20 00:10:09
INV001738,PH0033,MED0084,261,AVAILABLE,2026-08-20 00:39:50
INV001739,PH0033,MED0154,135,AVAILABLE,2026-08-20 04:09:48
INV001740,PH0033,MED0106,235,AVAILABLE,2026-08-20 00:44:07
INV001741,PH0033,MED0402,251,AVAILABLE,2026-08-20 03:13:33
INV001742,PH0033,MED0031,9,LOW_STOCK,2026-08-19 23:15:30
INV001743,PH0033,MED0171,20,AVAILABLE,2026-08-20 03:24:45
INV001744,PH0033,MED0187,293,AVAILABLE,2026-08-20 00:04:23
INV001745,PH0033,MED0033,378,AVAILABLE,2026-08-19 23:59:10
INV001746,PH0033,MED0131,131,AVAILABLE,2026-08-20 00:09:49
INV001747,PH0033,MED0042,196,AVAILABLE,2026-08-20 02:54:13
INV001748,PH0033,MED0423,168,AVAILABLE,2026-08-20 04:15:09
INV001749,PH0033,MED0086,324,AVAILABLE,2026-08-20 00:32:56
INV001750,PH0033,MED0095,204,AVAILABLE,2026-08-20 00:19:12
INV001751,PH0033,MED0068,173,AVAILABLE,2026-08-20 00:24:33
INV001752,PH0033,MED0298,80,AVAILABLE,2026-08-20 04:35:40
INV001753,PH0033,MED0094,314,AVAILABLE,2026-08-20 02:23:23
INV001754,PH0033,MED0198,250,AVAILABLE,2026-08-20 03:03:12
INV001755,PH0033,MED0362,199,AVAILABLE,2026-08-20 02:42:57
INV001756,PH0033,MED0490,282,AVAILABLE,2026-08-20 01:50:03
INV001757,PH0033,MED0038,105,AVAILABLE,2026-08-20 02:54:05
INV001758,PH0033,MED0405,171,AVAILABLE,2026-08-20 02:11:03
INV001759,PH0033,MED0212,368,AVAILABLE,2026-08-20 05:04:38
INV001760,PH0033,MED0144,25,AVAILABLE,2026-08-20 01:34:21
INV001761,PH0033,MED0008,370,AVAILABLE,2026-08-20 02:56:40
INV001762,PH0033,MED0299,1,LOW_STOCK,2026-08-20 00:10:07
INV001763,PH0033,MED0491,322,AVAILABLE,2026-08-20 00:51:08
INV001764,PH0033,MED0057,352,AVAILABLE,2026-08-20 00:55:07
INV001765,PH0033,MED0441,131,AVAILABLE,2026-08-20 02:06:33
INV001766,PH0033,MED0406,16,LOW_STOCK,2026-08-20 05:01:23
INV001767,PH0033,MED0127,246,AVAILABLE,2026-08-19 23:55:36
INV001768,PH0033,MED0385,0,OUT_OF_STOCK,2026-08-20 02:58:41
INV001769,PH0033,MED0032,354,AVAILABLE,2026-08-20 03:59:42
INV001770,PH0033,MED0390,228,AVAILABLE,2026-08-20 04:21:35
INV001771,PH0033,MED0072,259,AVAILABLE,2026-08-20 01:41:24
INV001772,PH0033,MED0180,15,LOW_STOCK,2026-08-20 04:48:26
INV001773,PH0033,MED0248,48,AVAILABLE,2026-08-19 23:32:51
INV001774,PH0033,MED0519,203,AVAILABLE,2026-08-20 04:29:11
INV001775,PH0033,MED0346,234,AVAILABLE,2026-08-20 04:11:29
INV001776,PH0033,MED0246,36,AVAILABLE,2026-08-20 02:47:04
INV001777,PH0033,MED0261,6,LOW_STOCK,2026-08-20 03:30:04
INV001778,PH0033,MED0290,118,AVAILABLE,2026-08-20 01:07:09
INV001779,PH0033,MED0428,46,AVAILABLE,2026-08-20 00:29:56
INV001780,PH0033,MED0378,321,AVAILABLE,2026-08-19 23:39:05
INV001781,PH0033,MED0168,214,AVAILABLE,2026-08-20 05:05:25
INV001782,PH0033,MED0105,382,AVAILABLE,2026-08-19 23:53:17
INV001783,PH0033,MED0239,213,AVAILABLE,2026-08-20 01:49:47
INV001784,PH0034,MED0382,1,LOW_STOCK,2026-08-19 21:00:24
INV001785,PH0034,MED0191,86,AVAILABLE,2026-08-19 22:15:19
INV001786,PH0034,MED0454,220,AVAILABLE,2026-08-19 21:27:39
INV001787,PH0034,MED0481,176,AVAILABLE,2026-08-19 22:51:27
INV001788,PH0034,MED0259,144,AVAILABLE,2026-08-19 20:30:19
INV001789,PH0034,MED0467,0,OUT_OF_STOCK,2026-08-19 21:06:16
INV001790,PH0034,MED0390,0,OUT_OF_STOCK,2026-08-19 18:05:06
INV001791,PH0034,MED0198,167,AVAILABLE,2026-08-19 20:12:34
INV001792,PH0034,MED0492,194,AVAILABLE,2026-08-19 21:55:38
INV001793,PH0034,MED0441,316,AVAILABLE,2026-08-19 19:36:33
INV001794,PH0034,MED0278,286,AVAILABLE,2026-08-19 18:41:59
INV001795,PH0034,MED0197,205,AVAILABLE,2026-08-19 21:17:57
INV001796,PH0034,MED0375,93,AVAILABLE,2026-08-19 20:13:23
INV001797,PH0034,MED0253,146,AVAILABLE,2026-08-19 17:33:11
INV001798,PH0034,MED0126,174,AVAILABLE,2026-08-19 17:34:33
INV001799,PH0034,MED0439,16,LOW_STOCK,2026-08-19 20:03:24
INV001800,PH0034,MED0054,0,OUT_OF_STOCK,2026-08-19 20:13:10
INV001801,PH0034,MED0349,1,LOW_STOCK,2026-08-19 19:19:38
INV001802,PH0034,MED0238,389,AVAILABLE,2026-08-19 19:51:33
INV001803,PH0034,MED0511,82,AVAILABLE,2026-08-19 21:54:18
INV001804,PH0034,MED0456,266,AVAILABLE,2026-08-19 23:11:40
INV001805,PH0034,MED0305,11,LOW_STOCK,2026-08-19 20:02:19
INV001806,PH0034,MED0365,19,LOW_STOCK,2026-08-19 18:44:44
INV001807,PH0034,MED0200,296,AVAILABLE,2026-08-19 18:31:59
INV001808,PH0034,MED0171,267,AVAILABLE,2026-08-19 22:26:34
INV001809,PH0034,MED0442,3,LOW_STOCK,2026-08-19 21:53:24
INV001810,PH0034,MED0398,178,AVAILABLE,2026-08-19 19:59:43
INV001811,PH0034,MED0430,0,OUT_OF_STOCK,2026-08-19 18:29:42
INV001812,PH0034,MED0130,13,LOW_STOCK,2026-08-19 21:32:29
INV001813,PH0034,MED0236,24,AVAILABLE,2026-08-19 21:59:34
INV001814,PH0034,MED0138,297,AVAILABLE,2026-08-19 20:03:34
INV001815,PH0034,MED0297,22,AVAILABLE,2026-08-19 23:17:00
INV001816,PH0034,MED0046,41,AVAILABLE,2026-08-19 22:19:36
INV001817,PH0034,MED0030,193,AVAILABLE,2026-08-19 19:17:27
INV001818,PH0034,MED0344,30,AVAILABLE,2026-08-19 22:31:00
INV001819,PH0034,MED0512,380,AVAILABLE,2026-08-19 19:27:47
INV001820,PH0034,MED0014,390,AVAILABLE,2026-08-19 18:04:30
INV001821,PH0034,MED0479,207,AVAILABLE,2026-08-19 17:43:01
INV001822,PH0034,MED0005,161,AVAILABLE,2026-08-19 20:13:14
INV001823,PH0034,MED0017,357,AVAILABLE,2026-08-19 18:12:37
INV001824,PH0034,MED0060,157,AVAILABLE,2026-08-19 20:57:53
INV001825,PH0034,MED0139,258,AVAILABLE,2026-08-19 21:28:56
INV001826,PH0034,MED0308,70,AVAILABLE,2026-08-19 21:15:59
INV001827,PH0034,MED0281,368,AVAILABLE,2026-08-19 19:58:22
INV001828,PH0034,MED0449,107,AVAILABLE,2026-08-19 18:26:53
INV001829,PH0034,MED0028,389,AVAILABLE,2026-08-19 21:00:36
INV001830,PH0034,MED0106,194,AVAILABLE,2026-08-19 21:38:44
INV001831,PH0034,MED0309,116,AVAILABLE,2026-08-19 22:11:23
INV001832,PH0034,MED0421,0,OUT_OF_STOCK,2026-08-19 17:41:08
INV001833,PH0034,MED0516,141,AVAILABLE,2026-08-19 19:16:01
INV001834,PH0034,MED0045,293,AVAILABLE,2026-08-19 19:09:23
INV001835,PH0034,MED0150,45,AVAILABLE,2026-08-19 18:37:33
INV001836,PH0034,MED0144,191,AVAILABLE,2026-08-19 20:43:37
INV001837,PH0034,MED0091,137,AVAILABLE,2026-08-19 22:35:32
INV001838,PH0034,MED0148,157,AVAILABLE,2026-08-19 18:57:02
INV001839,PH0034,MED0227,276,AVAILABLE,2026-08-19 19:10:39
INV001840,PH0034,MED0243,4,LOW_STOCK,2026-08-19 21:12:35
INV001841,PH0035,MED0367,16,LOW_STOCK,2026-08-18 16:17:46
INV001842,PH0035,MED0335,267,AVAILABLE,2026-08-18 15:56:09
INV001843,PH0035,MED0127,86,AVAILABLE,2026-08-18 17:50:58
INV001844,PH0035,MED0241,43,AVAILABLE,2026-08-18 19:14:13
INV001845,PH0035,MED0297,12,LOW_STOCK,2026-08-18 19:11:38
INV001846,PH0035,MED0183,96,AVAILABLE,2026-08-18 14:08:05
INV001847,PH0035,MED0298,21,AVAILABLE,2026-08-18 14:57:50
INV001848,PH0035,MED0356,121,AVAILABLE,2026-08-18 15:25:41
INV001849,PH0035,MED0056,278,AVAILABLE,2026-08-18 18:58:58
INV001850,PH0035,MED0498,0,OUT_OF_STOCK,2026-08-18 14:09:50
INV001851,PH0035,MED0341,210,AVAILABLE,2026-08-18 14:27:54
INV001852,PH0035,MED0482,59,AVAILABLE,2026-08-18 17:22:32
INV001853,PH0035,MED0201,329,AVAILABLE,2026-08-18 16:04:35
INV001854,PH0035,MED0459,327,AVAILABLE,2026-08-18 18:57:45
INV001855,PH0035,MED0399,258,AVAILABLE,2026-08-18 17:56:47
INV001856,PH0035,MED0357,0,OUT_OF_STOCK,2026-08-18 14:47:48
INV001857,PH0035,MED0131,6,LOW_STOCK,2026-08-18 18:09:28
INV001858,PH0035,MED0196,19,LOW_STOCK,2026-08-18 17:28:46
INV001859,PH0035,MED0371,197,AVAILABLE,2026-08-18 16:20:39
INV001860,PH0035,MED0049,299,AVAILABLE,2026-08-18 18:31:31
INV001861,PH0035,MED0434,173,AVAILABLE,2026-08-18 16:01:59
INV001862,PH0035,MED0512,16,LOW_STOCK,2026-08-18 15:35:10
INV001863,PH0035,MED0349,350,AVAILABLE,2026-08-18 17:20:47
INV001864,PH0035,MED0470,265,AVAILABLE,2026-08-18 18:55:15
INV001865,PH0035,MED0130,0,OUT_OF_STOCK,2026-08-18 16:08:23
INV001866,PH0035,MED0489,195,AVAILABLE,2026-08-18 14:47:32
INV001867,PH0035,MED0027,16,LOW_STOCK,2026-08-18 18:57:47
INV001868,PH0035,MED0096,0,OUT_OF_STOCK,2026-08-18 17:05:33
INV001869,PH0035,MED0411,227,AVAILABLE,2026-08-18 15:26:09
INV001870,PH0035,MED0350,0,OUT_OF_STOCK,2026-08-18 16:50:26
INV001871,PH0035,MED0410,42,AVAILABLE,2026-08-18 14:56:32
INV001872,PH0035,MED0041,312,AVAILABLE,2026-08-18 19:40:14
INV001873,PH0035,MED0052,158,AVAILABLE,2026-08-18 14:23:00
INV001874,PH0035,MED0428,348,AVAILABLE,2026-08-18 18:10:15
INV001875,PH0035,MED0290,317,AVAILABLE,2026-08-18 14:46:01
INV001876,PH0035,MED0449,2,LOW_STOCK,2026-08-18 16:32:46
INV001877,PH0035,MED0310,53,AVAILABLE,2026-08-18 17:26:17
INV001878,PH0035,MED0303,136,AVAILABLE,2026-08-18 17:05:04
INV001879,PH0035,MED0302,105,AVAILABLE,2026-08-18 17:31:07
INV001880,PH0035,MED0023,375,AVAILABLE,2026-08-18 14:57:07
INV001881,PH0035,MED0453,153,AVAILABLE,2026-08-18 16:23:18
INV001882,PH0035,MED0197,0,OUT_OF_STOCK,2026-08-18 15:15:38
INV001883,PH0035,MED0231,324,AVAILABLE,2026-08-18 15:23:20
INV001884,PH0035,MED0087,157,AVAILABLE,2026-08-18 14:24:51
INV001885,PH0035,MED0258,50,AVAILABLE,2026-08-18 14:28:39
INV001886,PH0035,MED0158,0,OUT_OF_STOCK,2026-08-18 18:30:05
INV001887,PH0035,MED0248,0,OUT_OF_STOCK,2026-08-18 17:11:28
INV001888,PH0035,MED0382,222,AVAILABLE,2026-08-18 18:05:15
INV001889,PH0035,MED0192,271,AVAILABLE,2026-08-18 14:11:30
INV001890,PH0035,MED0327,312,AVAILABLE,2026-08-18 14:08:02
INV001891,PH0036,MED0075,25,AVAILABLE,2026-08-19 09:28:11
INV001892,PH0036,MED0161,84,AVAILABLE,2026-08-19 07:45:51
INV001893,PH0036,MED0220,131,AVAILABLE,2026-08-19 07:24:04
INV001894,PH0036,MED0117,397,AVAILABLE,2026-08-19 11:38:14
INV001895,PH0036,MED0503,103,AVAILABLE,2026-08-19 12:19:38
INV001896,PH0036,MED0261,144,AVAILABLE,2026-08-19 08:16:13
INV001897,PH0036,MED0119,11,LOW_STOCK,2026-08-19 09:34:33
INV001898,PH0036,MED0053,375,AVAILABLE,2026-08-19 10:23:12
INV001899,PH0036,MED0060,62,AVAILABLE,2026-08-19 07:22:37
INV001900,PH0036,MED0268,324,AVAILABLE,2026-08-19 13:09:19
INV001901,PH0036,MED0016,240,AVAILABLE,2026-08-19 08:39:35
INV001902,PH0036,MED0056,174,AVAILABLE,2026-08-19 10:29:05
INV001903,PH0036,MED0033,226,AVAILABLE,2026-08-19 11:19:40
INV001904,PH0036,MED0413,123,AVAILABLE,2026-08-19 12:24:54
INV001905,PH0036,MED0437,314,AVAILABLE,2026-08-19 13:02:49
INV001906,PH0036,MED0369,0,OUT_OF_STOCK,2026-08-19 11:28:15
INV001907,PH0036,MED0180,54,AVAILABLE,2026-08-19 08:05:12
INV001908,PH0036,MED0320,0,OUT_OF_STOCK,2026-08-19 10:33:54
INV001909,PH0036,MED0108,397,AVAILABLE,2026-08-19 09:02:26
INV001910,PH0036,MED0040,357,AVAILABLE,2026-08-19 07:38:40
INV001911,PH0036,MED0021,0,OUT_OF_STOCK,2026-08-19 09:25:36
INV001912,PH0036,MED0445,337,AVAILABLE,2026-08-19 10:19:06
INV001913,PH0036,MED0357,381,AVAILABLE,2026-08-19 08:46:30
INV001914,PH0036,MED0496,246,AVAILABLE,2026-08-19 07:34:21
INV001915,PH0036,MED0311,157,AVAILABLE,2026-08-19 07:35:53
INV001916,PH0036,MED0072,120,AVAILABLE,2026-08-19 11:26:24
INV001917,PH0036,MED0215,314,AVAILABLE,2026-08-19 10:52:23
INV001918,PH0036,MED0095,183,AVAILABLE,2026-08-19 08:09:09
INV001919,PH0036,MED0209,363,AVAILABLE,2026-08-19 09:44:05
INV001920,PH0036,MED0356,372,AVAILABLE,2026-08-19 11:11:38
INV001921,PH0036,MED0263,305,AVAILABLE,2026-08-19 09:06:40
INV001922,PH0036,MED0278,121,AVAILABLE,2026-08-19 11:47:09
INV001923,PH0036,MED0077,281,AVAILABLE,2026-08-19 12:40:59
INV001924,PH0036,MED0429,30,AVAILABLE,2026-08-19 07:40:09
INV001925,PH0036,MED0015,194,AVAILABLE,2026-08-19 11:47:00
INV001926,PH0036,MED0491,2,LOW_STOCK,2026-08-19 12:11:23
INV001927,PH0036,MED0466,178,AVAILABLE,2026-08-19 12:39:57
INV001928,PH0036,MED0094,170,AVAILABLE,2026-08-19 08:43:32
INV001929,PH0036,MED0195,0,OUT_OF_STOCK,2026-08-19 09:51:15
INV001930,PH0036,MED0067,385,AVAILABLE,2026-08-19 08:21:40
INV001931,PH0036,MED0039,143,AVAILABLE,2026-08-19 11:53:37
INV001932,PH0036,MED0202,57,AVAILABLE,2026-08-19 10:52:34
INV001933,PH0036,MED0150,87,AVAILABLE,2026-08-19 11:18:53
INV001934,PH0036,MED0436,269,AVAILABLE,2026-08-19 09:01:21
INV001935,PH0036,MED0029,202,AVAILABLE,2026-08-19 11:19:44
INV001936,PH0036,MED0138,47,AVAILABLE,2026-08-19 08:27:03
INV001937,PH0036,MED0258,0,OUT_OF_STOCK,2026-08-19 07:17:19
INV001938,PH0037,MED0149,97,AVAILABLE,2026-08-19 05:28:21
INV001939,PH0037,MED0171,371,AVAILABLE,2026-08-19 02:20:08
INV001940,PH0037,MED0498,0,OUT_OF_STOCK,2026-08-19 05:57:32
INV001941,PH0037,MED0399,100,AVAILABLE,2026-08-19 04:09:30
INV001942,PH0037,MED0437,64,AVAILABLE,2026-08-19 05:35:48
INV001943,PH0037,MED0253,38,AVAILABLE,2026-08-19 00:44:17
INV001944,PH0037,MED0145,58,AVAILABLE,2026-08-19 02:52:05
INV001945,PH0037,MED0485,12,LOW_STOCK,2026-08-19 00:57:57
INV001946,PH0037,MED0120,400,AVAILABLE,2026-08-19 05:02:49
INV001947,PH0037,MED0047,332,AVAILABLE,2026-08-19 00:37:13
INV001948,PH0037,MED0360,55,AVAILABLE,2026-08-19 02:41:15
INV001949,PH0037,MED0219,76,AVAILABLE,2026-08-19 04:23:14
INV001950,PH0037,MED0369,180,AVAILABLE,2026-08-19 04:14:19
INV001951,PH0037,MED0233,13,LOW_STOCK,2026-08-19 03:47:34
INV001952,PH0037,MED0063,283,AVAILABLE,2026-08-19 02:35:44
INV001953,PH0037,MED0187,162,AVAILABLE,2026-08-19 03:55:44
INV001954,PH0037,MED0113,240,AVAILABLE,2026-08-19 05:39:51
INV001955,PH0037,MED0010,58,AVAILABLE,2026-08-19 02:21:29
INV001956,PH0037,MED0153,356,AVAILABLE,2026-08-19 04:11:53
INV001957,PH0037,MED0441,0,OUT_OF_STOCK,2026-08-19 04:29:26
INV001958,PH0037,MED0273,20,AVAILABLE,2026-08-19 03:38:13
INV001959,PH0037,MED0491,0,OUT_OF_STOCK,2026-08-19 04:39:05
INV001960,PH0037,MED0234,330,AVAILABLE,2026-08-19 03:00:43
INV001961,PH0037,MED0354,203,AVAILABLE,2026-08-19 02:22:49
INV001962,PH0037,MED0045,248,AVAILABLE,2026-08-19 03:37:22
INV001963,PH0037,MED0456,117,AVAILABLE,2026-08-19 02:16:16
INV001964,PH0037,MED0289,236,AVAILABLE,2026-08-19 06:14:33
INV001965,PH0037,MED0434,41,AVAILABLE,2026-08-19 01:54:55
INV001966,PH0037,MED0277,75,AVAILABLE,2026-08-19 06:07:17
INV001967,PH0037,MED0002,233,AVAILABLE,2026-08-19 01:59:23
INV001968,PH0037,MED0268,5,LOW_STOCK,2026-08-19 03:28:22
INV001969,PH0037,MED0207,276,AVAILABLE,2026-08-19 03:02:34
INV001970,PH0037,MED0329,126,AVAILABLE,2026-08-19 06:09:24
INV001971,PH0037,MED0286,4,LOW_STOCK,2026-08-19 04:04:16
INV001972,PH0037,MED0379,287,AVAILABLE,2026-08-19 05:42:11
INV001973,PH0037,MED0466,18,LOW_STOCK,2026-08-19 01:58:59
INV001974,PH0037,MED0357,370,AVAILABLE,2026-08-19 04:16:01
INV001975,PH0037,MED0094,325,AVAILABLE,2026-08-19 06:06:42
INV001976,PH0037,MED0350,38,AVAILABLE,2026-08-19 02:25:16
INV001977,PH0037,MED0414,224,AVAILABLE,2026-08-19 01:50:02
INV001978,PH0037,MED0054,102,AVAILABLE,2026-08-19 04:06:18
INV001979,PH0037,MED0490,37,AVAILABLE,2026-08-19 06:18:51
INV001980,PH0037,MED0488,6,LOW_STOCK,2026-08-19 01:26:29
INV001981,PH0037,MED0241,303,AVAILABLE,2026-08-19 05:42:46
INV001982,PH0037,MED0050,168,AVAILABLE,2026-08-19 03:42:06
INV001983,PH0037,MED0015,254,AVAILABLE,2026-08-19 05:07:18
INV001984,PH0037,MED0333,29,AVAILABLE,2026-08-19 03:35:23
INV001985,PH0037,MED0502,390,AVAILABLE,2026-08-19 02:06:53
INV001986,PH0037,MED0053,293,AVAILABLE,2026-08-19 05:03:16
INV001987,PH0037,MED0363,17,LOW_STOCK,2026-08-19 01:49:29
INV001988,PH0037,MED0362,311,AVAILABLE,2026-08-19 04:09:32
INV001989,PH0037,MED0021,0,OUT_OF_STOCK,2026-08-19 04:40:55
INV001990,PH0037,MED0079,230,AVAILABLE,2026-08-19 03:37:03
INV001991,PH0037,MED0017,218,AVAILABLE,2026-08-19 03:30:05
INV001992,PH0037,MED0019,242,AVAILABLE,2026-08-19 04:06:46
INV001993,PH0037,MED0380,233,AVAILABLE,2026-08-19 03:41:23
INV001994,PH0037,MED0231,307,AVAILABLE,2026-08-19 04:21:38
INV001995,PH0037,MED0411,71,AVAILABLE,2026-08-19 05:52:56
INV001996,PH0037,MED0337,240,AVAILABLE,2026-08-19 06:06:49
INV001997,PH0037,MED0220,207,AVAILABLE,2026-08-19 01:27:36
INV001998,PH0037,MED0237,175,AVAILABLE,2026-08-19 04:53:33
INV001999,PH0037,MED0440,15,LOW_STOCK,2026-08-19 05:07:45
INV002000,PH0037,MED0336,0,OUT_OF_STOCK,2026-08-19 06:11:31
INV002001,PH0037,MED0344,197,AVAILABLE,2026-08-19 03:48:54
INV002002,PH0037,MED0359,129,AVAILABLE,2026-08-19 04:56:42
INV002003,PH0037,MED0449,264,AVAILABLE,2026-08-19 03:29:37
INV002004,PH0037,MED0165,366,AVAILABLE,2026-08-19 05:11:09
INV002005,PH0037,MED0106,372,AVAILABLE,2026-08-19 03:02:35
INV002006,PH0037,MED0250,102,AVAILABLE,2026-08-19 01:20:54
INV002007,PH0037,MED0474,164,AVAILABLE,2026-08-19 03:06:04
INV002008,PH0037,MED0405,26,AVAILABLE,2026-08-19 01:16:25
INV002009,PH0038,MED0399,360,AVAILABLE,2026-08-17 22:30:52
INV002010,PH0038,MED0411,10,LOW_STOCK,2026-08-17 20:50:16
INV002011,PH0038,MED0018,49,AVAILABLE,2026-08-17 16:52:45
INV002012,PH0038,MED0008,36,AVAILABLE,2026-08-17 19:48:58
INV002013,PH0038,MED0507,0,OUT_OF_STOCK,2026-08-17 19:28:42
INV002014,PH0038,MED0106,19,LOW_STOCK,2026-08-17 17:46:48
INV002015,PH0038,MED0183,254,AVAILABLE,2026-08-17 21:26:18
INV002016,PH0038,MED0030,89,AVAILABLE,2026-08-17 21:00:03
INV002017,PH0038,MED0270,129,AVAILABLE,2026-08-17 22:46:51
INV002018,PH0038,MED0402,8,LOW_STOCK,2026-08-17 19:42:11
INV002019,PH0038,MED0145,0,OUT_OF_STOCK,2026-08-17 22:40:49
INV002020,PH0038,MED0217,134,AVAILABLE,2026-08-17 20:58:57
INV002021,PH0038,MED0158,8,LOW_STOCK,2026-08-17 16:56:40
INV002022,PH0038,MED0446,385,AVAILABLE,2026-08-17 21:11:31
INV002023,PH0038,MED0491,310,AVAILABLE,2026-08-17 19:27:41
INV002024,PH0038,MED0267,180,AVAILABLE,2026-08-17 16:55:04
INV002025,PH0038,MED0478,218,AVAILABLE,2026-08-17 21:56:39
INV002026,PH0038,MED0036,374,AVAILABLE,2026-08-17 21:41:31
INV002027,PH0038,MED0393,330,AVAILABLE,2026-08-17 18:04:09
INV002028,PH0038,MED0309,192,AVAILABLE,2026-08-17 21:55:43
INV002029,PH0038,MED0064,2,LOW_STOCK,2026-08-17 22:50:05
INV002030,PH0038,MED0476,39,AVAILABLE,2026-08-17 22:04:55
INV002031,PH0038,MED0486,0,OUT_OF_STOCK,2026-08-17 20:37:34
INV002032,PH0038,MED0372,251,AVAILABLE,2026-08-17 17:44:28
INV002033,PH0038,MED0326,0,OUT_OF_STOCK,2026-08-17 20:42:12
INV002034,PH0038,MED0035,285,AVAILABLE,2026-08-17 19:28:36
INV002035,PH0038,MED0084,154,AVAILABLE,2026-08-17 22:14:46
INV002036,PH0038,MED0125,342,AVAILABLE,2026-08-17 21:51:50
INV002037,PH0038,MED0443,1,LOW_STOCK,2026-08-17 20:50:20
INV002038,PH0038,MED0238,240,AVAILABLE,2026-08-17 22:35:57
INV002039,PH0038,MED0021,0,OUT_OF_STOCK,2026-08-17 21:46:54
INV002040,PH0038,MED0420,269,AVAILABLE,2026-08-17 19:41:48
INV002041,PH0038,MED0467,161,AVAILABLE,2026-08-17 19:56:40
INV002042,PH0038,MED0272,318,AVAILABLE,2026-08-17 19:31:07
INV002043,PH0038,MED0517,0,OUT_OF_STOCK,2026-08-17 20:54:06
INV002044,PH0038,MED0338,333,AVAILABLE,2026-08-17 20:55:20
INV002045,PH0038,MED0235,164,AVAILABLE,2026-08-17 21:02:36
INV002046,PH0038,MED0292,94,AVAILABLE,2026-08-17 21:53:58
INV002047,PH0038,MED0044,5,LOW_STOCK,2026-08-17 21:21:13
INV002048,PH0038,MED0188,221,AVAILABLE,2026-08-17 21:42:41
INV002049,PH0038,MED0305,256,AVAILABLE,2026-08-17 21:27:06
INV002050,PH0038,MED0365,207,AVAILABLE,2026-08-17 22:36:38
INV002051,PH0038,MED0061,4,LOW_STOCK,2026-08-17 17:22:46
INV002052,PH0038,MED0442,98,AVAILABLE,2026-08-17 20:34:42
INV002053,PH0038,MED0474,320,AVAILABLE,2026-08-17 17:59:13
INV002054,PH0038,MED0496,8,LOW_STOCK,2026-08-17 18:50:34
INV002055,PH0038,MED0194,216,AVAILABLE,2026-08-17 22:20:54
INV002056,PH0038,MED0373,67,AVAILABLE,2026-08-17 17:37:11
INV002057,PH0038,MED0054,4,LOW_STOCK,2026-08-17 17:58:21
INV002058,PH0038,MED0386,11,LOW_STOCK,2026-08-17 17:46:40
INV002059,PH0038,MED0332,5,LOW_STOCK,2026-08-17 17:31:46
INV002060,PH0038,MED0045,0,OUT_OF_STOCK,2026-08-17 19:32:48
INV002061,PH0039,MED0041,168,AVAILABLE,2026-08-19 08:27:09
INV002062,PH0039,MED0467,154,AVAILABLE,2026-08-19 08:21:43
INV002063,PH0039,MED0018,55,AVAILABLE,2026-08-19 05:44:20
INV002064,PH0039,MED0297,307,AVAILABLE,2026-08-19 05:01:55
INV002065,PH0039,MED0015,195,AVAILABLE,2026-08-19 03:18:11
INV002066,PH0039,MED0053,138,AVAILABLE,2026-08-19 07:53:37
INV002067,PH0039,MED0157,0,OUT_OF_STOCK,2026-08-19 05:18:34
INV002068,PH0039,MED0369,179,AVAILABLE,2026-08-19 06:07:49
INV002069,PH0039,MED0248,232,AVAILABLE,2026-08-19 08:49:29
INV002070,PH0039,MED0207,44,AVAILABLE,2026-08-19 03:59:34
INV002071,PH0039,MED0114,10,LOW_STOCK,2026-08-19 04:52:10
INV002072,PH0039,MED0475,3,LOW_STOCK,2026-08-19 08:42:08
INV002073,PH0039,MED0371,201,AVAILABLE,2026-08-19 04:15:19
INV002074,PH0039,MED0094,181,AVAILABLE,2026-08-19 05:59:24
INV002075,PH0039,MED0131,0,OUT_OF_STOCK,2026-08-19 06:51:51
INV002076,PH0039,MED0081,2,LOW_STOCK,2026-08-19 06:06:11
INV002077,PH0039,MED0179,133,AVAILABLE,2026-08-19 07:32:39
INV002078,PH0039,MED0091,0,OUT_OF_STOCK,2026-08-19 07:17:00
INV002079,PH0039,MED0007,334,AVAILABLE,2026-08-19 03:18:23
INV002080,PH0039,MED0073,21,AVAILABLE,2026-08-19 05:12:26
INV002081,PH0039,MED0316,331,AVAILABLE,2026-08-19 08:11:37
INV002082,PH0039,MED0327,334,AVAILABLE,2026-08-19 07:05:58
INV002083,PH0039,MED0137,342,AVAILABLE,2026-08-19 06:24:21
INV002084,PH0039,MED0242,22,AVAILABLE,2026-08-19 03:49:56
INV002085,PH0039,MED0057,105,AVAILABLE,2026-08-19 06:16:23
INV002086,PH0039,MED0397,199,AVAILABLE,2026-08-19 07:25:50
INV002087,PH0039,MED0072,350,AVAILABLE,2026-08-19 05:29:38
INV002088,PH0039,MED0033,223,AVAILABLE,2026-08-19 07:23:03
INV002089,PH0039,MED0011,38,AVAILABLE,2026-08-19 08:20:44
INV002090,PH0039,MED0259,11,LOW_STOCK,2026-08-19 07:03:40
INV002091,PH0039,MED0187,104,AVAILABLE,2026-08-19 06:54:01
INV002092,PH0039,MED0246,218,AVAILABLE,2026-08-19 03:14:48
INV002093,PH0039,MED0472,163,AVAILABLE,2026-08-19 06:11:17
INV002094,PH0039,MED0438,0,OUT_OF_STOCK,2026-08-19 05:14:10
INV002095,PH0039,MED0272,0,OUT_OF_STOCK,2026-08-19 05:01:10
INV002096,PH0039,MED0150,285,AVAILABLE,2026-08-19 05:17:14
INV002097,PH0039,MED0286,284,AVAILABLE,2026-08-19 08:25:01
INV002098,PH0039,MED0176,352,AVAILABLE,2026-08-19 07:21:15
INV002099,PH0039,MED0008,0,OUT_OF_STOCK,2026-08-19 08:30:42
INV002100,PH0039,MED0420,1,LOW_STOCK,2026-08-19 04:18:43
INV002101,PH0039,MED0082,133,AVAILABLE,2026-08-19 04:54:36
INV002102,PH0039,MED0434,178,AVAILABLE,2026-08-19 05:15:35
INV002103,PH0039,MED0518,38,AVAILABLE,2026-08-19 06:10:05
INV002104,PH0039,MED0161,57,AVAILABLE,2026-08-19 06:10:44
INV002105,PH0039,MED0400,236,AVAILABLE,2026-08-19 03:50:24
INV002106,PH0039,MED0411,0,OUT_OF_STOCK,2026-08-19 08:41:28
INV002107,PH0039,MED0366,0,OUT_OF_STOCK,2026-08-19 07:04:14
INV002108,PH0039,MED0001,11,LOW_STOCK,2026-08-19 03:44:16
INV002109,PH0039,MED0478,163,AVAILABLE,2026-08-19 07:28:06
INV002110,PH0039,MED0354,358,AVAILABLE,2026-08-19 05:43:08
INV002111,PH0039,MED0266,393,AVAILABLE,2026-08-19 06:23:24
INV002112,PH0039,MED0158,0,OUT_OF_STOCK,2026-08-19 03:11:32
INV002113,PH0039,MED0393,75,AVAILABLE,2026-08-19 05:57:10
INV002114,PH0040,MED0420,128,AVAILABLE,2026-08-19 06:06:13
INV002115,PH0040,MED0390,20,AVAILABLE,2026-08-19 05:12:23
INV002116,PH0040,MED0104,0,OUT_OF_STOCK,2026-08-19 06:17:47
INV002117,PH0040,MED0213,112,AVAILABLE,2026-08-19 08:09:23
INV002118,PH0040,MED0055,198,AVAILABLE,2026-08-19 09:10:42
INV002119,PH0040,MED0080,77,AVAILABLE,2026-08-19 04:43:17
INV002120,PH0040,MED0481,351,AVAILABLE,2026-08-19 05:28:34
INV002121,PH0040,MED0257,252,AVAILABLE,2026-08-19 09:09:58
INV002122,PH0040,MED0253,175,AVAILABLE,2026-08-19 05:53:05
INV002123,PH0040,MED0183,99,AVAILABLE,2026-08-19 08:49:36
INV002124,PH0040,MED0380,390,AVAILABLE,2026-08-19 09:33:05
INV002125,PH0040,MED0049,18,LOW_STOCK,2026-08-19 05:31:44
INV002126,PH0040,MED0434,212,AVAILABLE,2026-08-19 05:19:05
INV002127,PH0040,MED0117,0,OUT_OF_STOCK,2026-08-19 06:44:04
INV002128,PH0040,MED0029,357,AVAILABLE,2026-08-19 05:35:33
INV002129,PH0040,MED0369,9,LOW_STOCK,2026-08-19 06:15:26
INV002130,PH0040,MED0060,9,LOW_STOCK,2026-08-19 07:00:21
INV002131,PH0040,MED0228,266,AVAILABLE,2026-08-19 04:57:37
INV002132,PH0040,MED0021,14,LOW_STOCK,2026-08-19 10:25:47
INV002133,PH0040,MED0047,348,AVAILABLE,2026-08-19 09:51:26
INV002134,PH0040,MED0297,15,LOW_STOCK,2026-08-19 06:49:11
INV002135,PH0040,MED0227,387,AVAILABLE,2026-08-19 09:44:11
INV002136,PH0040,MED0259,32,AVAILABLE,2026-08-19 08:06:20
INV002137,PH0040,MED0125,7,LOW_STOCK,2026-08-19 04:51:29
INV002138,PH0040,MED0064,154,AVAILABLE,2026-08-19 08:06:22
INV002139,PH0040,MED0298,323,AVAILABLE,2026-08-19 07:15:15
INV002140,PH0040,MED0209,27,AVAILABLE,2026-08-19 09:51:18
INV002141,PH0040,MED0358,341,AVAILABLE,2026-08-19 06:35:22
INV002142,PH0040,MED0030,22,AVAILABLE,2026-08-19 05:22:59
INV002143,PH0040,MED0202,387,AVAILABLE,2026-08-19 09:02:27
INV002144,PH0040,MED0284,4,LOW_STOCK,2026-08-19 06:07:09
INV002145,PH0040,MED0195,0,OUT_OF_STOCK,2026-08-19 05:58:50
INV002146,PH0040,MED0438,0,OUT_OF_STOCK,2026-08-19 09:42:29
INV002147,PH0040,MED0248,11,LOW_STOCK,2026-08-19 10:19:18
INV002148,PH0040,MED0487,0,OUT_OF_STOCK,2026-08-19 10:08:36
INV002149,PH0040,MED0041,61,AVAILABLE,2026-08-19 05:45:44
INV002150,PH0040,MED0145,76,AVAILABLE,2026-08-19 06:27:41
INV002151,PH0040,MED0491,0,OUT_OF_STOCK,2026-08-19 08:30:17
INV002152,PH0040,MED0061,56,AVAILABLE,2026-08-19 05:23:18
INV002153,PH0040,MED0449,307,AVAILABLE,2026-08-19 08:55:02
INV002154,PH0040,MED0304,339,AVAILABLE,2026-08-19 06:42:15
INV002155,PH0040,MED0005,64,AVAILABLE,2026-08-19 05:19:57
INV002156,PH0040,MED0348,364,AVAILABLE,2026-08-19 06:01:32
INV002157,PH0040,MED0442,355,AVAILABLE,2026-08-19 05:52:56
INV002158,PH0040,MED0016,175,AVAILABLE,2026-08-19 06:28:08
INV002159,PH0040,MED0023,313,AVAILABLE,2026-08-19 06:43:04
INV002160,PH0040,MED0008,18,LOW_STOCK,2026-08-19 05:20:55
INV002161,PH0040,MED0170,0,OUT_OF_STOCK,2026-08-19 04:52:19
INV002162,PH0040,MED0463,155,AVAILABLE,2026-08-19 06:28:23
INV002163,PH0040,MED0493,272,AVAILABLE,2026-08-19 06:24:26
INV002164,PH0040,MED0263,8,LOW_STOCK,2026-08-19 06:41:46
INV002165,PH0040,MED0384,205,AVAILABLE,2026-08-19 04:38:54
INV002166,PH0040,MED0201,55,AVAILABLE,2026-08-19 06:49:46
INV002167,PH0040,MED0398,56,AVAILABLE,2026-08-19 05:49:56
INV002168,PH0041,MED0173,89,AVAILABLE,2026-08-18 08:24:01
INV002169,PH0041,MED0284,129,AVAILABLE,2026-08-18 09:10:08
INV002170,PH0041,MED0393,223,AVAILABLE,2026-08-18 08:44:28
INV002171,PH0041,MED0159,216,AVAILABLE,2026-08-18 13:17:39
INV002172,PH0041,MED0128,387,AVAILABLE,2026-08-18 12:19:58
INV002173,PH0041,MED0432,117,AVAILABLE,2026-08-18 11:11:32
INV002174,PH0041,MED0488,14,LOW_STOCK,2026-08-18 10:01:39
INV002175,PH0041,MED0115,116,AVAILABLE,2026-08-18 11:46:18
INV002176,PH0041,MED0430,322,AVAILABLE,2026-08-18 13:16:34
INV002177,PH0041,MED0053,242,AVAILABLE,2026-08-18 12:01:46
INV002178,PH0041,MED0410,0,OUT_OF_STOCK,2026-08-18 08:59:01
INV002179,PH0041,MED0218,385,AVAILABLE,2026-08-18 10:14:37
INV002180,PH0041,MED0002,111,AVAILABLE,2026-08-18 07:48:28
INV002181,PH0041,MED0018,293,AVAILABLE,2026-08-18 12:46:40
INV002182,PH0041,MED0023,225,AVAILABLE,2026-08-18 08:50:34
INV002183,PH0041,MED0046,0,OUT_OF_STOCK,2026-08-18 08:20:40
INV002184,PH0041,MED0396,318,AVAILABLE,2026-08-18 12:06:46
INV002185,PH0041,MED0047,310,AVAILABLE,2026-08-18 11:44:52
INV002186,PH0041,MED0090,115,AVAILABLE,2026-08-18 11:47:41
INV002187,PH0041,MED0409,0,OUT_OF_STOCK,2026-08-18 12:07:46
INV002188,PH0041,MED0366,286,AVAILABLE,2026-08-18 12:00:09
INV002189,PH0041,MED0195,342,AVAILABLE,2026-08-18 11:05:52
INV002190,PH0041,MED0104,297,AVAILABLE,2026-08-18 11:03:46
INV002191,PH0041,MED0212,79,AVAILABLE,2026-08-18 13:13:36
INV002192,PH0041,MED0124,133,AVAILABLE,2026-08-18 12:20:54
INV002193,PH0041,MED0486,32,AVAILABLE,2026-08-18 10:02:35
INV002194,PH0041,MED0231,184,AVAILABLE,2026-08-18 10:18:05
INV002195,PH0041,MED0201,190,AVAILABLE,2026-08-18 11:46:10
INV002196,PH0041,MED0006,365,AVAILABLE,2026-08-18 09:42:48
INV002197,PH0041,MED0038,347,AVAILABLE,2026-08-18 08:12:50
INV002198,PH0041,MED0362,105,AVAILABLE,2026-08-18 08:59:35
INV002199,PH0041,MED0041,332,AVAILABLE,2026-08-18 13:21:36
INV002200,PH0041,MED0444,5,LOW_STOCK,2026-08-18 13:34:41
INV002201,PH0041,MED0042,8,LOW_STOCK,2026-08-18 10:51:55
INV002202,PH0041,MED0157,111,AVAILABLE,2026-08-18 08:21:18
INV002203,PH0041,MED0030,0,OUT_OF_STOCK,2026-08-18 13:32:17
INV002204,PH0041,MED0238,185,AVAILABLE,2026-08-18 10:37:14
INV002205,PH0041,MED0194,23,AVAILABLE,2026-08-18 12:37:18
INV002206,PH0041,MED0040,356,AVAILABLE,2026-08-18 09:57:27
INV002207,PH0041,MED0021,8,LOW_STOCK,2026-08-18 09:20:38
INV002208,PH0041,MED0353,7,LOW_STOCK,2026-08-18 10:03:47
INV002209,PH0041,MED0153,270,AVAILABLE,2026-08-18 08:33:24
INV002210,PH0041,MED0500,197,AVAILABLE,2026-08-18 13:16:06
INV002211,PH0041,MED0411,9,LOW_STOCK,2026-08-18 09:21:15
INV002212,PH0041,MED0130,63,AVAILABLE,2026-08-18 13:13:55
INV002213,PH0041,MED0491,130,AVAILABLE,2026-08-18 07:44:49
INV002214,PH0041,MED0233,7,LOW_STOCK,2026-08-18 09:24:36
INV002215,PH0041,MED0084,201,AVAILABLE,2026-08-18 11:18:55
INV002216,PH0041,MED0190,240,AVAILABLE,2026-08-18 13:02:55
INV002217,PH0041,MED0044,304,AVAILABLE,2026-08-18 11:55:23
INV002218,PH0041,MED0083,125,AVAILABLE,2026-08-18 12:25:30
INV002219,PH0041,MED0008,12,LOW_STOCK,2026-08-18 11:17:07
INV002220,PH0041,MED0206,400,AVAILABLE,2026-08-18 07:59:11
INV002221,PH0041,MED0160,6,LOW_STOCK,2026-08-18 09:54:12
INV002222,PH0041,MED0438,17,LOW_STOCK,2026-08-18 10:52:30
INV002223,PH0041,MED0333,107,AVAILABLE,2026-08-18 08:52:36
INV002224,PH0041,MED0349,261,AVAILABLE,2026-08-18 09:34:31
INV002225,PH0041,MED0286,123,AVAILABLE,2026-08-18 13:10:25
INV002226,PH0041,MED0234,137,AVAILABLE,2026-08-18 09:22:31
INV002227,PH0041,MED0088,10,LOW_STOCK,2026-08-18 10:24:15
INV002228,PH0041,MED0261,21,AVAILABLE,2026-08-18 10:50:29
INV002229,PH0042,MED0520,335,AVAILABLE,2026-08-20 12:35:42
INV002230,PH0042,MED0407,171,AVAILABLE,2026-08-20 14:27:50
INV002231,PH0042,MED0390,364,AVAILABLE,2026-08-20 14:52:26
INV002232,PH0042,MED0290,102,AVAILABLE,2026-08-20 12:20:59
INV002233,PH0042,MED0060,127,AVAILABLE,2026-08-20 11:30:53
INV002234,PH0042,MED0410,100,AVAILABLE,2026-08-20 11:32:31
INV002235,PH0042,MED0483,200,AVAILABLE,2026-08-20 13:17:53
INV002236,PH0042,MED0472,29,AVAILABLE,2026-08-20 15:10:49
INV002237,PH0042,MED0429,61,AVAILABLE,2026-08-20 15:05:46
INV002238,PH0042,MED0454,175,AVAILABLE,2026-08-20 11:09:30
INV002239,PH0042,MED0207,383,AVAILABLE,2026-08-20 14:31:00
INV002240,PH0042,MED0057,108,AVAILABLE,2026-08-20 14:02:32
INV002241,PH0042,MED0162,127,AVAILABLE,2026-08-20 12:46:48
INV002242,PH0042,MED0025,0,OUT_OF_STOCK,2026-08-20 13:50:47
INV002243,PH0042,MED0108,354,AVAILABLE,2026-08-20 12:06:59
INV002244,PH0042,MED0054,117,AVAILABLE,2026-08-20 11:16:20
INV002245,PH0042,MED0436,347,AVAILABLE,2026-08-20 13:38:32
INV002246,PH0042,MED0009,0,OUT_OF_STOCK,2026-08-20 14:03:43
INV002247,PH0042,MED0021,242,AVAILABLE,2026-08-20 10:41:06
INV002248,PH0042,MED0119,306,AVAILABLE,2026-08-20 15:06:34
INV002249,PH0042,MED0197,232,AVAILABLE,2026-08-20 11:02:00
INV002250,PH0042,MED0039,236,AVAILABLE,2026-08-20 10:14:55
INV002251,PH0042,MED0498,18,LOW_STOCK,2026-08-20 12:27:46
INV002252,PH0042,MED0303,24,AVAILABLE,2026-08-20 13:47:52
INV002253,PH0042,MED0013,150,AVAILABLE,2026-08-20 13:02:50
INV002254,PH0042,MED0026,52,AVAILABLE,2026-08-20 09:37:59
INV002255,PH0042,MED0045,243,AVAILABLE,2026-08-20 12:56:40
INV002256,PH0042,MED0212,22,AVAILABLE,2026-08-20 15:06:23
INV002257,PH0042,MED0230,168,AVAILABLE,2026-08-20 10:33:27
INV002258,PH0042,MED0221,34,AVAILABLE,2026-08-20 14:41:28
INV002259,PH0042,MED0468,0,OUT_OF_STOCK,2026-08-20 12:50:49
INV002260,PH0042,MED0016,231,AVAILABLE,2026-08-20 10:18:34
INV002261,PH0042,MED0372,21,AVAILABLE,2026-08-20 11:46:19
INV002262,PH0042,MED0118,80,AVAILABLE,2026-08-20 13:08:17
INV002263,PH0042,MED0106,29,AVAILABLE,2026-08-20 11:21:54
INV002264,PH0042,MED0384,0,OUT_OF_STOCK,2026-08-20 11:51:05
INV002265,PH0042,MED0257,70,AVAILABLE,2026-08-20 10:54:19
INV002266,PH0042,MED0417,0,OUT_OF_STOCK,2026-08-20 10:16:17
INV002267,PH0042,MED0262,210,AVAILABLE,2026-08-20 14:19:53
INV002268,PH0042,MED0348,103,AVAILABLE,2026-08-20 14:29:28
INV002269,PH0042,MED0349,302,AVAILABLE,2026-08-20 09:40:39
INV002270,PH0042,MED0347,300,AVAILABLE,2026-08-20 14:07:53
INV002271,PH0042,MED0271,247,AVAILABLE,2026-08-20 11:28:28
INV002272,PH0042,MED0144,158,AVAILABLE,2026-08-20 10:50:57
INV002273,PH0042,MED0329,385,AVAILABLE,2026-08-20 13:27:14
INV002274,PH0042,MED0350,0,OUT_OF_STOCK,2026-08-20 13:15:03
INV002275,PH0042,MED0068,121,AVAILABLE,2026-08-20 11:42:55
INV002276,PH0042,MED0116,74,AVAILABLE,2026-08-20 14:46:07
INV002277,PH0042,MED0292,11,LOW_STOCK,2026-08-20 13:22:27
INV002278,PH0042,MED0017,112,AVAILABLE,2026-08-20 12:30:44
INV002279,PH0042,MED0283,302,AVAILABLE,2026-08-20 12:03:37
INV002280,PH0042,MED0312,133,AVAILABLE,2026-08-20 14:47:43
INV002281,PH0042,MED0287,292,AVAILABLE,2026-08-20 11:45:53
INV002282,PH0042,MED0234,0,OUT_OF_STOCK,2026-08-20 09:50:21
INV002283,PH0042,MED0467,293,AVAILABLE,2026-08-20 09:56:41
INV002284,PH0042,MED0396,381,AVAILABLE,2026-08-20 10:44:05
INV002285,PH0042,MED0248,298,AVAILABLE,2026-08-20 12:41:58
INV002286,PH0042,MED0233,10,LOW_STOCK,2026-08-20 10:19:45
INV002287,PH0042,MED0100,331,AVAILABLE,2026-08-20 09:20:25
INV002288,PH0042,MED0219,379,AVAILABLE,2026-08-20 13:19:09
INV002289,PH0042,MED0046,171,AVAILABLE,2026-08-20 11:19:32
INV002290,PH0042,MED0196,112,AVAILABLE,2026-08-20 15:01:08
INV002291,PH0043,MED0373,200,AVAILABLE,2026-08-19 09:08:13
INV002292,PH0043,MED0040,247,AVAILABLE,2026-08-19 09:32:34
INV002293,PH0043,MED0465,65,AVAILABLE,2026-08-19 11:52:35
INV002294,PH0043,MED0492,249,AVAILABLE,2026-08-19 06:34:54
INV002295,PH0043,MED0057,134,AVAILABLE,2026-08-19 12:24:30
INV002296,PH0043,MED0229,189,AVAILABLE,2026-08-19 09:42:42
INV002297,PH0043,MED0491,0,OUT_OF_STOCK,2026-08-19 11:01:03
INV002298,PH0043,MED0267,369,AVAILABLE,2026-08-19 11:53:37
INV002299,PH0043,MED0114,0,OUT_OF_STOCK,2026-08-19 09:05:54
INV002300,PH0043,MED0425,202,AVAILABLE,2026-08-19 06:42:37
INV002301,PH0043,MED0380,39,AVAILABLE,2026-08-19 07:43:49
INV002302,PH0043,MED0207,198,AVAILABLE,2026-08-19 08:33:45
INV002303,PH0043,MED0092,112,AVAILABLE,2026-08-19 11:49:14
INV002304,PH0043,MED0340,214,AVAILABLE,2026-08-19 08:15:44
INV002305,PH0043,MED0240,212,AVAILABLE,2026-08-19 12:09:12
INV002306,PH0043,MED0284,0,OUT_OF_STOCK,2026-08-19 09:46:02
INV002307,PH0043,MED0130,0,OUT_OF_STOCK,2026-08-19 08:29:19
INV002308,PH0043,MED0265,284,AVAILABLE,2026-08-19 08:59:53
INV002309,PH0043,MED0044,0,OUT_OF_STOCK,2026-08-19 06:35:16
INV002310,PH0043,MED0294,219,AVAILABLE,2026-08-19 07:06:11
INV002311,PH0043,MED0409,19,LOW_STOCK,2026-08-19 08:53:33
INV002312,PH0043,MED0026,315,AVAILABLE,2026-08-19 07:12:54
INV002313,PH0043,MED0419,84,AVAILABLE,2026-08-19 09:43:08
INV002314,PH0043,MED0119,188,AVAILABLE,2026-08-19 08:20:33
INV002315,PH0043,MED0451,8,LOW_STOCK,2026-08-19 11:15:03
INV002316,PH0043,MED0434,296,AVAILABLE,2026-08-19 07:13:36
INV002317,PH0043,MED0054,5,LOW_STOCK,2026-08-19 09:26:17
INV002318,PH0043,MED0094,307,AVAILABLE,2026-08-19 07:21:13
INV002319,PH0043,MED0020,282,AVAILABLE,2026-08-19 08:36:23
INV002320,PH0043,MED0218,152,AVAILABLE,2026-08-19 07:51:45
INV002321,PH0043,MED0462,8,LOW_STOCK,2026-08-19 12:12:41
INV002322,PH0043,MED0432,1,LOW_STOCK,2026-08-19 09:41:48
INV002323,PH0043,MED0041,165,AVAILABLE,2026-08-19 08:49:31
INV002324,PH0043,MED0194,10,LOW_STOCK,2026-08-19 07:49:38
INV002325,PH0043,MED0430,370,AVAILABLE,2026-08-19 07:06:51
INV002326,PH0043,MED0323,10,LOW_STOCK,2026-08-19 10:51:20
INV002327,PH0043,MED0322,0,OUT_OF_STOCK,2026-08-19 10:06:01
INV002328,PH0043,MED0304,107,AVAILABLE,2026-08-19 08:03:19
INV002329,PH0043,MED0117,347,AVAILABLE,2026-08-19 07:53:28
INV002330,PH0043,MED0460,354,AVAILABLE,2026-08-19 11:07:29
INV002331,PH0043,MED0256,201,AVAILABLE,2026-08-19 06:33:26
INV002332,PH0043,MED0503,220,AVAILABLE,2026-08-19 12:19:56
INV002333,PH0043,MED0030,152,AVAILABLE,2026-08-19 11:01:17
INV002334,PH0043,MED0173,283,AVAILABLE,2026-08-19 11:15:45
INV002335,PH0043,MED0348,188,AVAILABLE,2026-08-19 06:47:22
INV002336,PH0043,MED0297,2,LOW_STOCK,2026-08-19 09:44:45
INV002337,PH0043,MED0238,313,AVAILABLE,2026-08-19 06:43:17
INV002338,PH0043,MED0237,180,AVAILABLE,2026-08-19 09:48:56
INV002339,PH0043,MED0517,364,AVAILABLE,2026-08-19 09:32:13
INV002340,PH0043,MED0279,302,AVAILABLE,2026-08-19 12:05:09
INV002341,PH0043,MED0459,178,AVAILABLE,2026-08-19 06:32:32
INV002342,PH0043,MED0458,176,AVAILABLE,2026-08-19 08:27:18
INV002343,PH0043,MED0209,375,AVAILABLE,2026-08-19 11:15:18
INV002344,PH0043,MED0011,4,LOW_STOCK,2026-08-19 07:40:48
INV002345,PH0043,MED0428,258,AVAILABLE,2026-08-19 06:46:28
INV002346,PH0043,MED0281,371,AVAILABLE,2026-08-19 08:41:50
INV002347,PH0043,MED0131,356,AVAILABLE,2026-08-19 12:21:54
INV002348,PH0043,MED0015,271,AVAILABLE,2026-08-19 09:28:16
INV002349,PH0043,MED0417,318,AVAILABLE,2026-08-19 11:34:40
INV002350,PH0044,MED0256,386,AVAILABLE,2026-08-16 20:50:09
INV002351,PH0044,MED0190,26,AVAILABLE,2026-08-16 23:41:15
INV002352,PH0044,MED0117,317,AVAILABLE,2026-08-16 21:34:42
INV002353,PH0044,MED0250,303,AVAILABLE,2026-08-16 23:06:26
INV002354,PH0044,MED0062,392,AVAILABLE,2026-08-16 23:58:54
INV002355,PH0044,MED0046,90,AVAILABLE,2026-08-16 19:31:38
INV002356,PH0044,MED0488,0,OUT_OF_STOCK,2026-08-16 23:55:55
INV002357,PH0044,MED0451,180,AVAILABLE,2026-08-16 20:56:21
INV002358,PH0044,MED0243,10,LOW_STOCK,2026-08-16 21:22:01
INV002359,PH0044,MED0367,324,AVAILABLE,2026-08-16 20:57:56
INV002360,PH0044,MED0105,85,AVAILABLE,2026-08-16 23:37:53
INV002361,PH0044,MED0510,0,OUT_OF_STOCK,2026-08-16 22:33:44
INV002362,PH0044,MED0502,37,AVAILABLE,2026-08-16 21:35:40
INV002363,PH0044,MED0175,0,OUT_OF_STOCK,2026-08-16 23:02:14
INV002364,PH0044,MED0479,41,AVAILABLE,2026-08-16 19:37:33
INV002365,PH0044,MED0253,40,AVAILABLE,2026-08-16 22:38:20
INV002366,PH0044,MED0024,57,AVAILABLE,2026-08-16 23:56:17
INV002367,PH0044,MED0014,0,OUT_OF_STOCK,2026-08-16 19:30:19
INV002368,PH0044,MED0198,160,AVAILABLE,2026-08-16 20:18:34
INV002369,PH0044,MED0145,0,OUT_OF_STOCK,2026-08-17 00:08:41
INV002370,PH0044,MED0329,147,AVAILABLE,2026-08-16 19:32:33
INV002371,PH0044,MED0424,345,AVAILABLE,2026-08-17 00:13:14
INV002372,PH0044,MED0074,1,LOW_STOCK,2026-08-16 20:02:56
INV002373,PH0044,MED0079,244,AVAILABLE,2026-08-16 20:41:45
INV002374,PH0044,MED0262,98,AVAILABLE,2026-08-17 00:05:32
INV002375,PH0044,MED0134,297,AVAILABLE,2026-08-16 21:12:39
INV002376,PH0044,MED0191,343,AVAILABLE,2026-08-17 00:56:49
INV002377,PH0044,MED0381,165,AVAILABLE,2026-08-16 22:35:24
INV002378,PH0044,MED0480,0,OUT_OF_STOCK,2026-08-17 01:04:45
INV002379,PH0044,MED0238,209,AVAILABLE,2026-08-16 23:09:45
INV002380,PH0044,MED0235,2,LOW_STOCK,2026-08-17 00:20:56
INV002381,PH0044,MED0414,381,AVAILABLE,2026-08-16 23:06:30
INV002382,PH0044,MED0122,275,AVAILABLE,2026-08-16 22:10:54
INV002383,PH0044,MED0064,364,AVAILABLE,2026-08-16 23:14:09
INV002384,PH0044,MED0330,0,OUT_OF_STOCK,2026-08-17 00:17:02
INV002385,PH0044,MED0261,118,AVAILABLE,2026-08-16 21:38:46
INV002386,PH0044,MED0237,0,OUT_OF_STOCK,2026-08-16 20:09:52
INV002387,PH0044,MED0219,286,AVAILABLE,2026-08-17 00:02:16
INV002388,PH0044,MED0373,145,AVAILABLE,2026-08-16 22:42:13
INV002389,PH0044,MED0273,358,AVAILABLE,2026-08-16 19:12:26
INV002390,PH0045,MED0478,14,LOW_STOCK,2026-08-18 21:06:43
INV002391,PH0045,MED0226,114,AVAILABLE,2026-08-18 20:46:08
INV002392,PH0045,MED0307,51,AVAILABLE,2026-08-18 23:03:55
INV002393,PH0045,MED0121,192,AVAILABLE,2026-08-18 22:23:29
INV002394,PH0045,MED0282,254,AVAILABLE,2026-08-18 21:48:40
INV002395,PH0045,MED0104,349,AVAILABLE,2026-08-18 20:49:10
INV002396,PH0045,MED0045,3,LOW_STOCK,2026-08-18 20:42:49
INV002397,PH0045,MED0463,108,AVAILABLE,2026-08-19 02:13:07
INV002398,PH0045,MED0033,126,AVAILABLE,2026-08-19 00:56:01
INV002399,PH0045,MED0276,254,AVAILABLE,2026-08-18 23:49:56
INV002400,PH0045,MED0043,103,AVAILABLE,2026-08-18 20:58:35
INV002401,PH0045,MED0202,392,AVAILABLE,2026-08-19 02:00:27
INV002402,PH0045,MED0233,371,AVAILABLE,2026-08-19 01:01:29
INV002403,PH0045,MED0257,138,AVAILABLE,2026-08-18 22:55:18
INV002404,PH0045,MED0114,57,AVAILABLE,2026-08-18 22:00:25
INV002405,PH0045,MED0230,213,AVAILABLE,2026-08-18 21:45:05
INV002406,PH0045,MED0332,0,OUT_OF_STOCK,2026-08-18 21:21:00
INV002407,PH0045,MED0410,265,AVAILABLE,2026-08-19 01:56:26
INV002408,PH0045,MED0258,233,AVAILABLE,2026-08-19 02:11:53
INV002409,PH0045,MED0101,306,AVAILABLE,2026-08-19 01:41:43
INV002410,PH0045,MED0360,139,AVAILABLE,2026-08-18 22:32:11
INV002411,PH0045,MED0162,163,AVAILABLE,2026-08-19 01:21:35
INV002412,PH0045,MED0393,181,AVAILABLE,2026-08-19 00:44:03
INV002413,PH0045,MED0217,271,AVAILABLE,2026-08-18 22:02:19
INV002414,PH0045,MED0405,247,AVAILABLE,2026-08-18 21:42:54
INV002415,PH0045,MED0408,2,LOW_STOCK,2026-08-19 00:02:58
INV002416,PH0045,MED0329,374,AVAILABLE,2026-08-18 22:29:21
INV002417,PH0045,MED0188,400,AVAILABLE,2026-08-19 02:17:45
INV002418,PH0045,MED0131,105,AVAILABLE,2026-08-18 23:55:21
INV002419,PH0045,MED0019,47,AVAILABLE,2026-08-18 21:02:29
INV002420,PH0045,MED0290,380,AVAILABLE,2026-08-18 23:56:10
INV002421,PH0045,MED0200,185,AVAILABLE,2026-08-19 01:37:36
INV002422,PH0045,MED0309,271,AVAILABLE,2026-08-19 00:00:02
INV002423,PH0045,MED0428,233,AVAILABLE,2026-08-18 21:32:23
INV002424,PH0045,MED0176,9,LOW_STOCK,2026-08-18 23:48:39
INV002425,PH0045,MED0256,151,AVAILABLE,2026-08-18 20:56:59
INV002426,PH0045,MED0358,0,OUT_OF_STOCK,2026-08-18 23:41:04
INV002427,PH0045,MED0481,258,AVAILABLE,2026-08-18 22:16:53
INV002428,PH0045,MED0119,300,AVAILABLE,2026-08-18 21:00:50
INV002429,PH0045,MED0238,246,AVAILABLE,2026-08-19 02:25:45
INV002430,PH0045,MED0058,330,AVAILABLE,2026-08-19 00:48:55
INV002431,PH0045,MED0209,259,AVAILABLE,2026-08-18 23:42:06
INV002432,PH0045,MED0059,3,LOW_STOCK,2026-08-19 01:35:49
INV002433,PH0045,MED0156,276,AVAILABLE,2026-08-18 22:48:39
INV002434,PH0045,MED0183,0,OUT_OF_STOCK,2026-08-19 00:36:46
INV002435,PH0045,MED0062,51,AVAILABLE,2026-08-18 21:40:38
INV002436,PH0045,MED0480,95,AVAILABLE,2026-08-18 21:05:21
INV002437,PH0045,MED0275,56,AVAILABLE,2026-08-18 22:12:22
INV002438,PH0045,MED0112,0,OUT_OF_STOCK,2026-08-18 23:49:31
INV002439,PH0045,MED0304,120,AVAILABLE,2026-08-18 21:15:24
INV002440,PH0045,MED0124,284,AVAILABLE,2026-08-18 20:48:06
INV002441,PH0045,MED0001,218,AVAILABLE,2026-08-18 22:04:44
INV002442,PH0045,MED0499,283,AVAILABLE,2026-08-19 02:23:14
INV002443,PH0045,MED0496,373,AVAILABLE,2026-08-18 21:24:53
INV002444,PH0045,MED0190,213,AVAILABLE,2026-08-19 00:37:01
INV002445,PH0045,MED0347,315,AVAILABLE,2026-08-18 21:25:19
INV002446,PH0045,MED0018,93,AVAILABLE,2026-08-18 23:39:12
INV002447,PH0045,MED0206,83,AVAILABLE,2026-08-18 21:10:12
INV002448,PH0045,MED0512,5,LOW_STOCK,2026-08-18 23:06:39
INV002449,PH0045,MED0187,211,AVAILABLE,2026-08-18 22:25:02
INV002450,PH0045,MED0513,224,AVAILABLE,2026-08-18 21:42:00
INV002451,PH0045,MED0247,329,AVAILABLE,2026-08-19 01:56:14
INV002452,PH0045,MED0289,368,AVAILABLE,2026-08-19 00:52:50
INV002453,PH0046,MED0011,245,AVAILABLE,2026-08-18 15:23:25
INV002454,PH0046,MED0426,17,LOW_STOCK,2026-08-18 10:43:48
INV002455,PH0046,MED0033,268,AVAILABLE,2026-08-18 10:10:24
INV002456,PH0046,MED0028,107,AVAILABLE,2026-08-18 15:10:13
INV002457,PH0046,MED0520,0,OUT_OF_STOCK,2026-08-18 09:42:45
INV002458,PH0046,MED0043,166,AVAILABLE,2026-08-18 15:03:27
INV002459,PH0046,MED0457,237,AVAILABLE,2026-08-18 09:33:24
INV002460,PH0046,MED0517,394,AVAILABLE,2026-08-18 12:45:04
INV002461,PH0046,MED0114,378,AVAILABLE,2026-08-18 14:29:49
INV002462,PH0046,MED0323,0,OUT_OF_STOCK,2026-08-18 11:23:19
INV002463,PH0046,MED0513,54,AVAILABLE,2026-08-18 14:51:26
INV002464,PH0046,MED0309,1,LOW_STOCK,2026-08-18 15:05:58
INV002465,PH0046,MED0063,74,AVAILABLE,2026-08-18 12:25:43
INV002466,PH0046,MED0417,0,OUT_OF_STOCK,2026-08-18 14:20:50
INV002467,PH0046,MED0088,96,AVAILABLE,2026-08-18 13:19:07
INV002468,PH0046,MED0193,262,AVAILABLE,2026-08-18 14:25:33
INV002469,PH0046,MED0105,340,AVAILABLE,2026-08-18 14:01:44
INV002470,PH0046,MED0225,0,OUT_OF_STOCK,2026-08-18 14:54:55
INV002471,PH0046,MED0001,0,OUT_OF_STOCK,2026-08-18 09:59:58
INV002472,PH0046,MED0077,339,AVAILABLE,2026-08-18 10:39:48
INV002473,PH0046,MED0469,351,AVAILABLE,2026-08-18 12:38:33
INV002474,PH0046,MED0146,11,LOW_STOCK,2026-08-18 11:34:00
INV002475,PH0046,MED0238,236,AVAILABLE,2026-08-18 13:28:45
INV002476,PH0046,MED0190,10,LOW_STOCK,2026-08-18 13:52:49
INV002477,PH0046,MED0394,197,AVAILABLE,2026-08-18 14:29:55
INV002478,PH0046,MED0348,9,LOW_STOCK,2026-08-18 11:23:35
INV002479,PH0046,MED0466,164,AVAILABLE,2026-08-18 14:54:23
INV002480,PH0046,MED0167,198,AVAILABLE,2026-08-18 10:44:08
INV002481,PH0046,MED0493,169,AVAILABLE,2026-08-18 15:10:15
INV002482,PH0046,MED0373,368,AVAILABLE,2026-08-18 10:18:07
INV002483,PH0046,MED0233,116,AVAILABLE,2026-08-18 13:58:36
INV002484,PH0046,MED0117,8,LOW_STOCK,2026-08-18 10:11:47
INV002485,PH0046,MED0297,13,LOW_STOCK,2026-08-18 10:57:27
INV002486,PH0046,MED0202,371,AVAILABLE,2026-08-18 11:45:33
INV002487,PH0046,MED0316,78,AVAILABLE,2026-08-18 10:56:44
INV002488,PH0046,MED0447,1,LOW_STOCK,2026-08-18 10:22:55
INV002489,PH0046,MED0347,274,AVAILABLE,2026-08-18 10:48:21
INV002490,PH0046,MED0123,254,AVAILABLE,2026-08-18 13:35:59
INV002491,PH0046,MED0398,17,LOW_STOCK,2026-08-18 13:37:02
INV002492,PH0046,MED0198,284,AVAILABLE,2026-08-18 12:21:07
INV002493,PH0046,MED0433,321,AVAILABLE,2026-08-18 11:43:59
INV002494,PH0046,MED0221,128,AVAILABLE,2026-08-18 09:40:15
INV002495,PH0046,MED0368,6,LOW_STOCK,2026-08-18 13:42:26
INV002496,PH0046,MED0479,202,AVAILABLE,2026-08-18 12:44:30
INV002497,PH0046,MED0025,33,AVAILABLE,2026-08-18 12:01:02
INV002498,PH0046,MED0241,243,AVAILABLE,2026-08-18 14:09:08
INV002499,PH0047,MED0285,144,AVAILABLE,2026-08-20 13:20:21
INV002500,PH0047,MED0271,4,LOW_STOCK,2026-08-20 14:39:37
INV002501,PH0047,MED0256,374,AVAILABLE,2026-08-20 09:27:59
INV002502,PH0047,MED0018,3,LOW_STOCK,2026-08-20 09:28:13
INV002503,PH0047,MED0253,366,AVAILABLE,2026-08-20 12:41:51
INV002504,PH0047,MED0464,303,AVAILABLE,2026-08-20 11:14:00
INV002505,PH0047,MED0002,325,AVAILABLE,2026-08-20 13:54:32
INV002506,PH0047,MED0190,144,AVAILABLE,2026-08-20 13:06:05
INV002507,PH0047,MED0426,0,OUT_OF_STOCK,2026-08-20 11:14:50
INV002508,PH0047,MED0056,357,AVAILABLE,2026-08-20 12:31:10
INV002509,PH0047,MED0122,353,AVAILABLE,2026-08-20 13:35:36
INV002510,PH0047,MED0209,2,LOW_STOCK,2026-08-20 09:56:05
INV002511,PH0047,MED0196,234,AVAILABLE,2026-08-20 13:39:18
INV002512,PH0047,MED0434,273,AVAILABLE,2026-08-20 11:16:01
INV002513,PH0047,MED0041,191,AVAILABLE,2026-08-20 10:08:02
INV002514,PH0047,MED0103,103,AVAILABLE,2026-08-20 10:18:27
INV002515,PH0047,MED0150,267,AVAILABLE,2026-08-20 09:42:54
INV002516,PH0047,MED0076,72,AVAILABLE,2026-08-20 10:56:01
INV002517,PH0047,MED0187,52,AVAILABLE,2026-08-20 10:07:12
INV002518,PH0047,MED0176,9,LOW_STOCK,2026-08-20 11:35:24
INV002519,PH0047,MED0119,248,AVAILABLE,2026-08-20 13:24:46
INV002520,PH0047,MED0200,109,AVAILABLE,2026-08-20 11:44:24
INV002521,PH0047,MED0325,16,LOW_STOCK,2026-08-20 10:55:01
INV002522,PH0047,MED0297,6,LOW_STOCK,2026-08-20 14:45:34
INV002523,PH0047,MED0468,16,LOW_STOCK,2026-08-20 13:13:39
INV002524,PH0047,MED0348,158,AVAILABLE,2026-08-20 13:10:42
INV002525,PH0047,MED0276,112,AVAILABLE,2026-08-20 12:42:01
INV002526,PH0047,MED0347,17,LOW_STOCK,2026-08-20 12:07:57
INV002527,PH0047,MED0257,321,AVAILABLE,2026-08-20 09:17:03
INV002528,PH0047,MED0141,260,AVAILABLE,2026-08-20 13:15:34
INV002529,PH0047,MED0237,282,AVAILABLE,2026-08-20 13:41:43
INV002530,PH0047,MED0265,170,AVAILABLE,2026-08-20 09:26:40
INV002531,PH0047,MED0340,22,AVAILABLE,2026-08-20 14:33:00
INV002532,PH0047,MED0442,89,AVAILABLE,2026-08-20 10:54:39
INV002533,PH0047,MED0282,7,LOW_STOCK,2026-08-20 12:44:51
INV002534,PH0047,MED0508,21,AVAILABLE,2026-08-20 11:05:44
INV002535,PH0047,MED0407,0,OUT_OF_STOCK,2026-08-20 11:04:15
INV002536,PH0047,MED0019,52,AVAILABLE,2026-08-20 09:18:57
INV002537,PH0047,MED0047,148,AVAILABLE,2026-08-20 12:58:55
INV002538,PH0047,MED0053,328,AVAILABLE,2026-08-20 15:04:48
INV002539,PH0047,MED0288,162,AVAILABLE,2026-08-20 10:11:39
INV002540,PH0047,MED0075,16,LOW_STOCK,2026-08-20 11:37:08
INV002541,PH0047,MED0432,362,AVAILABLE,2026-08-20 13:08:47
INV002542,PH0047,MED0394,55,AVAILABLE,2026-08-20 09:21:22
INV002543,PH0047,MED0518,225,AVAILABLE,2026-08-20 14:25:36
INV002544,PH0047,MED0113,142,AVAILABLE,2026-08-20 10:02:11
INV002545,PH0047,MED0478,258,AVAILABLE,2026-08-20 15:04:26
INV002546,PH0047,MED0454,334,AVAILABLE,2026-08-20 13:43:45
INV002547,PH0047,MED0044,181,AVAILABLE,2026-08-20 09:26:11
INV002548,PH0047,MED0225,37,AVAILABLE,2026-08-20 14:27:19
INV002549,PH0047,MED0362,345,AVAILABLE,2026-08-20 09:42:01
INV002550,PH0047,MED0286,47,AVAILABLE,2026-08-20 13:57:51
INV002551,PH0047,MED0373,365,AVAILABLE,2026-08-20 14:11:08
INV002552,PH0047,MED0258,16,LOW_STOCK,2026-08-20 14:50:20
INV002553,PH0047,MED0199,352,AVAILABLE,2026-08-20 14:16:17
INV002554,PH0047,MED0114,200,AVAILABLE,2026-08-20 12:43:59
INV002555,PH0047,MED0505,4,LOW_STOCK,2026-08-20 14:27:46
INV002556,PH0047,MED0313,298,AVAILABLE,2026-08-20 11:03:07
INV002557,PH0047,MED0039,115,AVAILABLE,2026-08-20 11:53:51
INV002558,PH0047,MED0274,44,AVAILABLE,2026-08-20 09:48:22
INV002559,PH0048,MED0005,183,AVAILABLE,2026-08-19 22:41:01
INV002560,PH0048,MED0013,338,AVAILABLE,2026-08-19 21:41:41
INV002561,PH0048,MED0319,225,AVAILABLE,2026-08-20 00:36:19
INV002562,PH0048,MED0270,186,AVAILABLE,2026-08-19 22:36:49
INV002563,PH0048,MED0409,287,AVAILABLE,2026-08-19 21:17:06
INV002564,PH0048,MED0134,302,AVAILABLE,2026-08-19 22:46:53
INV002565,PH0048,MED0502,91,AVAILABLE,2026-08-20 02:24:33
INV002566,PH0048,MED0114,359,AVAILABLE,2026-08-19 23:43:32
INV002567,PH0048,MED0019,241,AVAILABLE,2026-08-19 23:21:41
INV002568,PH0048,MED0470,181,AVAILABLE,2026-08-19 21:51:37
INV002569,PH0048,MED0519,219,AVAILABLE,2026-08-19 23:19:46
INV002570,PH0048,MED0335,289,AVAILABLE,2026-08-19 22:17:54
INV002571,PH0048,MED0124,276,AVAILABLE,2026-08-19 21:31:19
INV002572,PH0048,MED0461,10,LOW_STOCK,2026-08-20 00:10:17
INV002573,PH0048,MED0439,98,AVAILABLE,2026-08-20 02:35:55
INV002574,PH0048,MED0296,132,AVAILABLE,2026-08-19 21:49:37
INV002575,PH0048,MED0203,335,AVAILABLE,2026-08-19 23:37:23
INV002576,PH0048,MED0194,6,LOW_STOCK,2026-08-20 01:36:28
INV002577,PH0048,MED0150,28,AVAILABLE,2026-08-20 01:37:03
INV002578,PH0048,MED0206,215,AVAILABLE,2026-08-19 23:43:40
INV002579,PH0048,MED0063,0,OUT_OF_STOCK,2026-08-20 00:12:37
INV002580,PH0048,MED0417,13,LOW_STOCK,2026-08-20 02:02:54
INV002581,PH0048,MED0479,379,AVAILABLE,2026-08-19 22:53:06
INV002582,PH0048,MED0143,261,AVAILABLE,2026-08-20 02:00:05
INV002583,PH0048,MED0441,213,AVAILABLE,2026-08-19 20:58:34
INV002584,PH0048,MED0232,96,AVAILABLE,2026-08-20 02:49:40
INV002585,PH0048,MED0209,18,LOW_STOCK,2026-08-20 01:30:23
INV002586,PH0048,MED0252,60,AVAILABLE,2026-08-19 21:07:33
INV002587,PH0048,MED0015,113,AVAILABLE,2026-08-19 22:52:13
INV002588,PH0048,MED0213,133,AVAILABLE,2026-08-20 01:16:11
INV002589,PH0048,MED0491,345,AVAILABLE,2026-08-19 22:38:24
INV002590,PH0048,MED0384,195,AVAILABLE,2026-08-19 21:31:16
INV002591,PH0048,MED0498,352,AVAILABLE,2026-08-20 02:05:28
INV002592,PH0048,MED0081,251,AVAILABLE,2026-08-19 23:52:02
INV002593,PH0048,MED0237,38,AVAILABLE,2026-08-20 02:31:47
INV002594,PH0048,MED0292,193,AVAILABLE,2026-08-19 23:40:52
INV002595,PH0048,MED0201,260,AVAILABLE,2026-08-20 01:33:20
INV002596,PH0048,MED0111,256,AVAILABLE,2026-08-20 01:32:30
INV002597,PH0048,MED0395,84,AVAILABLE,2026-08-20 01:50:39
INV002598,PH0048,MED0116,249,AVAILABLE,2026-08-19 21:19:43
INV002599,PH0048,MED0192,383,AVAILABLE,2026-08-20 01:53:10
INV002600,PH0048,MED0179,392,AVAILABLE,2026-08-19 21:02:23
INV002601,PH0048,MED0050,192,AVAILABLE,2026-08-20 01:07:24
INV002602,PH0048,MED0305,329,AVAILABLE,2026-08-19 22:30:24
INV002603,PH0048,MED0385,134,AVAILABLE,2026-08-19 20:58:44
INV002604,PH0048,MED0156,254,AVAILABLE,2026-08-19 22:58:12
INV002605,PH0048,MED0130,73,AVAILABLE,2026-08-20 00:22:19
INV002606,PH0048,MED0042,3,LOW_STOCK,2026-08-20 00:42:26
INV002607,PH0048,MED0289,346,AVAILABLE,2026-08-19 22:09:34
INV002608,PH0048,MED0158,350,AVAILABLE,2026-08-20 00:06:14
INV002609,PH0048,MED0475,11,LOW_STOCK,2026-08-20 00:35:05
INV002610,PH0048,MED0437,162,AVAILABLE,2026-08-19 23:46:34
INV002611,PH0048,MED0046,0,OUT_OF_STOCK,2026-08-19 22:50:19
INV002612,PH0048,MED0058,136,AVAILABLE,2026-08-20 01:37:19
INV002613,PH0048,MED0075,3,LOW_STOCK,2026-08-19 21:04:35
INV002614,PH0048,MED0380,298,AVAILABLE,2026-08-19 23:15:06
INV002615,PH0048,MED0227,258,AVAILABLE,2026-08-19 21:21:26
INV002616,PH0048,MED0141,25,AVAILABLE,2026-08-19 22:54:36
INV002617,PH0048,MED0053,102,AVAILABLE,2026-08-20 01:25:50
INV002618,PH0049,MED0026,180,AVAILABLE,2026-08-19 13:44:36
INV002619,PH0049,MED0015,162,AVAILABLE,2026-08-19 11:29:10
INV002620,PH0049,MED0029,36,AVAILABLE,2026-08-19 14:18:37
INV002621,PH0049,MED0126,304,AVAILABLE,2026-08-19 13:40:17
INV002622,PH0049,MED0511,63,AVAILABLE,2026-08-19 16:28:00
INV002623,PH0049,MED0035,135,AVAILABLE,2026-08-19 12:04:57
INV002624,PH0049,MED0466,281,AVAILABLE,2026-08-19 17:03:56
INV002625,PH0049,MED0435,389,AVAILABLE,2026-08-19 11:34:03
INV002626,PH0049,MED0412,212,AVAILABLE,2026-08-19 16:22:36
INV002627,PH0049,MED0115,202,AVAILABLE,2026-08-19 14:41:37
INV002628,PH0049,MED0405,184,AVAILABLE,2026-08-19 11:53:34
INV002629,PH0049,MED0308,58,AVAILABLE,2026-08-19 17:00:37
INV002630,PH0049,MED0517,79,AVAILABLE,2026-08-19 15:02:36
INV002631,PH0049,MED0005,254,AVAILABLE,2026-08-19 15:33:29
INV002632,PH0049,MED0463,186,AVAILABLE,2026-08-19 14:49:02
INV002633,PH0049,MED0252,345,AVAILABLE,2026-08-19 13:18:13
INV002634,PH0049,MED0042,281,AVAILABLE,2026-08-19 12:38:15
INV002635,PH0049,MED0282,183,AVAILABLE,2026-08-19 11:41:00
INV002636,PH0049,MED0510,240,AVAILABLE,2026-08-19 13:16:44
INV002637,PH0049,MED0227,376,AVAILABLE,2026-08-19 11:44:25
INV002638,PH0049,MED0233,171,AVAILABLE,2026-08-19 15:07:07
INV002639,PH0049,MED0260,310,AVAILABLE,2026-08-19 15:10:47
INV002640,PH0049,MED0083,208,AVAILABLE,2026-08-19 17:05:12
INV002641,PH0049,MED0273,352,AVAILABLE,2026-08-19 15:47:58
INV002642,PH0049,MED0451,88,AVAILABLE,2026-08-19 13:51:38
INV002643,PH0049,MED0166,246,AVAILABLE,2026-08-19 16:33:03
INV002644,PH0049,MED0478,166,AVAILABLE,2026-08-19 11:51:14
INV002645,PH0049,MED0458,339,AVAILABLE,2026-08-19 15:10:10
INV002646,PH0049,MED0123,180,AVAILABLE,2026-08-19 16:27:12
INV002647,PH0049,MED0053,207,AVAILABLE,2026-08-19 16:22:44
INV002648,PH0049,MED0357,17,LOW_STOCK,2026-08-19 13:22:04
INV002649,PH0049,MED0402,58,AVAILABLE,2026-08-19 14:52:23
INV002650,PH0049,MED0436,54,AVAILABLE,2026-08-19 13:34:40
INV002651,PH0049,MED0201,67,AVAILABLE,2026-08-19 15:26:35
INV002652,PH0049,MED0056,271,AVAILABLE,2026-08-19 15:28:01
INV002653,PH0049,MED0064,96,AVAILABLE,2026-08-19 16:52:45
INV002654,PH0049,MED0087,360,AVAILABLE,2026-08-19 16:25:35
INV002655,PH0049,MED0366,338,AVAILABLE,2026-08-19 11:56:57
INV002656,PH0049,MED0453,33,AVAILABLE,2026-08-19 14:09:43
INV002657,PH0049,MED0157,0,OUT_OF_STOCK,2026-08-19 11:31:58
INV002658,PH0049,MED0202,393,AVAILABLE,2026-08-19 15:03:54
INV002659,PH0049,MED0347,0,OUT_OF_STOCK,2026-08-19 11:36:58
INV002660,PH0049,MED0363,10,LOW_STOCK,2026-08-19 11:58:16
INV002661,PH0049,MED0442,397,AVAILABLE,2026-08-19 13:01:33
INV002662,PH0049,MED0248,243,AVAILABLE,2026-08-19 15:50:17
INV002663,PH0049,MED0218,31,AVAILABLE,2026-08-19 13:47:03
INV002664,PH0049,MED0161,386,AVAILABLE,2026-08-19 16:42:29
INV002665,PH0049,MED0416,39,AVAILABLE,2026-08-19 15:04:09
INV002666,PH0049,MED0065,104,AVAILABLE,2026-08-19 15:07:04
INV002667,PH0049,MED0488,318,AVAILABLE,2026-08-19 13:49:49
INV002668,PH0049,MED0071,164,AVAILABLE,2026-08-19 11:41:20
INV002669,PH0049,MED0049,149,AVAILABLE,2026-08-19 16:42:29
INV002670,PH0049,MED0331,355,AVAILABLE,2026-08-19 15:49:09
INV002671,PH0050,MED0105,174,AVAILABLE,2026-08-20 20:40:13
INV002672,PH0050,MED0149,324,AVAILABLE,2026-08-20 22:35:18
INV002673,PH0050,MED0115,0,OUT_OF_STOCK,2026-08-20 18:18:38
INV002674,PH0050,MED0405,393,AVAILABLE,2026-08-20 17:14:45
INV002675,PH0050,MED0509,277,AVAILABLE,2026-08-20 18:50:59
INV002676,PH0050,MED0121,123,AVAILABLE,2026-08-20 21:49:27
INV002677,PH0050,MED0015,339,AVAILABLE,2026-08-20 20:30:57
INV002678,PH0050,MED0487,256,AVAILABLE,2026-08-20 20:32:42
INV002679,PH0050,MED0116,115,AVAILABLE,2026-08-20 20:08:55
INV002680,PH0050,MED0317,85,AVAILABLE,2026-08-20 22:24:51
INV002681,PH0050,MED0128,33,AVAILABLE,2026-08-20 18:28:14
INV002682,PH0050,MED0221,376,AVAILABLE,2026-08-20 18:51:49
INV002683,PH0050,MED0368,2,LOW_STOCK,2026-08-20 22:33:24
INV002684,PH0050,MED0445,0,OUT_OF_STOCK,2026-08-20 22:54:14
INV002685,PH0050,MED0433,2,LOW_STOCK,2026-08-20 19:46:26
INV002686,PH0050,MED0029,384,AVAILABLE,2026-08-20 22:41:19
INV002687,PH0050,MED0054,231,AVAILABLE,2026-08-20 21:17:53
INV002688,PH0050,MED0081,116,AVAILABLE,2026-08-20 22:24:29
INV002689,PH0050,MED0480,366,AVAILABLE,2026-08-20 19:39:21
INV002690,PH0050,MED0512,282,AVAILABLE,2026-08-20 22:11:08
INV002691,PH0050,MED0252,118,AVAILABLE,2026-08-20 21:11:04
INV002692,PH0050,MED0381,7,LOW_STOCK,2026-08-20 22:32:44
INV002693,PH0050,MED0365,0,OUT_OF_STOCK,2026-08-20 20:31:26
INV002694,PH0050,MED0232,224,AVAILABLE,2026-08-20 20:10:33
INV002695,PH0050,MED0485,3,LOW_STOCK,2026-08-20 17:38:33
INV002696,PH0050,MED0511,355,AVAILABLE,2026-08-20 21:48:15
INV002697,PH0050,MED0213,308,AVAILABLE,2026-08-20 22:33:24
INV002698,PH0050,MED0460,279,AVAILABLE,2026-08-20 18:21:04
INV002699,PH0050,MED0188,38,AVAILABLE,2026-08-20 21:11:02
INV002700,PH0050,MED0089,77,AVAILABLE,2026-08-20 21:40:30
INV002701,PH0050,MED0327,101,AVAILABLE,2026-08-20 22:58:21
INV002702,PH0050,MED0310,147,AVAILABLE,2026-08-20 21:28:32
INV002703,PH0050,MED0333,323,AVAILABLE,2026-08-20 20:54:10
INV002704,PH0050,MED0064,272,AVAILABLE,2026-08-20 22:39:02
INV002705,PH0050,MED0066,13,LOW_STOCK,2026-08-20 21:02:26
INV002706,PH0050,MED0080,273,AVAILABLE,2026-08-20 20:23:15
INV002707,PH0050,MED0426,0,OUT_OF_STOCK,2026-08-20 18:51:55
INV002708,PH0050,MED0253,97,AVAILABLE,2026-08-20 21:45:13
INV002709,PH0050,MED0337,126,AVAILABLE,2026-08-20 22:24:15
INV002710,PH0050,MED0416,120,AVAILABLE,2026-08-20 19:08:14
INV002711,PH0050,MED0458,277,AVAILABLE,2026-08-20 18:44:30
INV002712,PH0050,MED0162,363,AVAILABLE,2026-08-20 18:38:38
INV002713,PH0050,MED0006,0,OUT_OF_STOCK,2026-08-20 17:46:38
INV002714,PH0050,MED0255,35,AVAILABLE,2026-08-20 17:23:08
INV002715,PH0050,MED0406,313,AVAILABLE,2026-08-20 19:26:16
INV002716,PH0050,MED0026,125,AVAILABLE,2026-08-20 22:44:51
INV002717,PH0050,MED0396,256,AVAILABLE,2026-08-20 22:58:26
INV002718,PH0050,MED0497,331,AVAILABLE,2026-08-20 21:25:28
INV002719,PH0050,MED0422,223,AVAILABLE,2026-08-20 20:43:37
INV002720,PH0050,MED0354,386,AVAILABLE,2026-08-20 22:17:19
INV002721,PH0050,MED0082,131,AVAILABLE,2026-08-20 18:58:12
INV002722,PH0050,MED0183,272,AVAILABLE,2026-08-20 22:27:42
INV002723,PH0050,MED0517,287,AVAILABLE,2026-08-20 18:11:51
INV002724,PH0050,MED0508,316,AVAILABLE,2026-08-20 20:08:14
INV002725,PH0050,MED0425,160,AVAILABLE,2026-08-20 19:10:28
INV002726,PH0050,MED0120,121,AVAILABLE,2026-08-20 21:36:44
INV002727,PH0050,MED0456,130,AVAILABLE,2026-08-20 18:02:38
INV002728,PH0050,MED0153,227,AVAILABLE,2026-08-20 21:05:03
INV002729,PH0050,MED0104,271,AVAILABLE,2026-08-20 21:21:04
INV002730,PH0050,MED0138,297,AVAILABLE,2026-08-20 18:56:57
INV002731,PH0050,MED0016,339,AVAILABLE,2026-08-20 17:51:31
INV002732,PH0050,MED0470,259,AVAILABLE,2026-08-20 21:05:59
INV002733,PH0050,MED0348,16,LOW_STOCK,2026-08-20 21:59:28
INV002734,PH0050,MED0305,186,AVAILABLE,2026-08-20 17:37:48
INV002735,PH0050,MED0041,92,AVAILABLE,2026-08-20 18:59:41
INV002736,PH0050,MED0027,192,AVAILABLE,2026-08-20 18:39:14
INV002737,PH0050,MED0446,77,AVAILABLE,2026-08-20 21:50:27
INV002738,PH0050,MED0207,314,AVAILABLE,2026-08-20 17:22:52
INV002739,PH0051,MED0239,129,AVAILABLE,2026-06-28 12:57:07
INV002740,PH0051,MED0026,104,AVAILABLE,2026-06-28 13:47:54
INV002741,PH0051,MED0201,273,AVAILABLE,2026-06-28 15:12:43
INV002742,PH0051,MED0514,16,LOW_STOCK,2026-06-28 17:17:43
INV002743,PH0051,MED0125,7,LOW_STOCK,2026-06-28 17:35:45
INV002744,PH0051,MED0116,28,AVAILABLE,2026-06-28 18:16:22
INV002745,PH0051,MED0329,230,AVAILABLE,2026-06-28 16:56:09
INV002746,PH0051,MED0167,179,AVAILABLE,2026-06-28 15:59:17
INV002747,PH0051,MED0117,0,OUT_OF_STOCK,2026-06-28 15:53:01
INV002748,PH0051,MED0021,4,LOW_STOCK,2026-06-28 16:06:38
INV002749,PH0051,MED0248,65,AVAILABLE,2026-06-28 17:41:11
INV002750,PH0051,MED0416,74,AVAILABLE,2026-06-28 15:43:25
INV002751,PH0051,MED0449,106,AVAILABLE,2026-06-28 15:01:03
INV002752,PH0051,MED0339,0,OUT_OF_STOCK,2026-06-28 16:54:25
INV002753,PH0051,MED0225,0,OUT_OF_STOCK,2026-06-28 17:50:50
INV002754,PH0051,MED0298,0,OUT_OF_STOCK,2026-06-28 13:40:21
INV002755,PH0051,MED0213,111,AVAILABLE,2026-06-28 15:12:13
INV002756,PH0051,MED0397,384,AVAILABLE,2026-06-28 17:10:58
INV002757,PH0051,MED0041,55,AVAILABLE,2026-06-28 18:01:54
INV002758,PH0051,MED0309,80,AVAILABLE,2026-06-28 17:51:22
INV002759,PH0051,MED0316,35,AVAILABLE,2026-06-28 13:18:34
INV002760,PH0051,MED0466,0,OUT_OF_STOCK,2026-06-28 15:22:10
INV002761,PH0051,MED0362,31,AVAILABLE,2026-06-28 13:46:18
INV002762,PH0051,MED0145,383,AVAILABLE,2026-06-28 14:41:04
INV002763,PH0051,MED0047,199,AVAILABLE,2026-06-28 13:00:34
INV002764,PH0051,MED0252,223,AVAILABLE,2026-06-28 15:27:48
INV002765,PH0051,MED0496,279,AVAILABLE,2026-06-28 13:56:58
INV002766,PH0051,MED0238,8,LOW_STOCK,2026-06-28 15:28:08
INV002767,PH0051,MED0253,156,AVAILABLE,2026-06-28 13:37:34
INV002768,PH0051,MED0183,366,AVAILABLE,2026-06-28 16:49:54
INV002769,PH0051,MED0299,0,OUT_OF_STOCK,2026-06-28 16:26:25
INV002770,PH0051,MED0274,14,LOW_STOCK,2026-06-28 18:17:45
INV002771,PH0051,MED0513,23,AVAILABLE,2026-06-28 13:21:38
INV002772,PH0051,MED0247,231,AVAILABLE,2026-06-28 14:36:24
INV002773,PH0051,MED0390,274,AVAILABLE,2026-06-28 13:48:55
INV002774,PH0051,MED0453,13,LOW_STOCK,2026-06-28 13:40:07
INV002775,PH0051,MED0381,0,OUT_OF_STOCK,2026-06-28 17:42:49
INV002776,PH0051,MED0287,392,AVAILABLE,2026-06-28 12:40:21
INV002777,PH0051,MED0138,126,AVAILABLE,2026-06-28 16:07:28
INV002778,PH0051,MED0512,293,AVAILABLE,2026-06-28 16:15:43
INV002779,PH0051,MED0227,0,OUT_OF_STOCK,2026-06-28 14:58:56
INV002780,PH0051,MED0349,343,AVAILABLE,2026-06-28 15:45:43
INV002781,PH0051,MED0428,9,LOW_STOCK,2026-06-28 18:17:30
INV002782,PH0051,MED0430,14,LOW_STOCK,2026-06-28 14:22:12
INV002783,PH0051,MED0334,0,OUT_OF_STOCK,2026-06-28 17:47:13
INV002784,PH0051,MED0105,374,AVAILABLE,2026-06-28 13:43:25
INV002785,PH0051,MED0411,1,LOW_STOCK,2026-06-28 17:01:29
INV002786,PH0052,MED0513,341,AVAILABLE,2026-08-19 19:00:12
INV002787,PH0052,MED0253,262,AVAILABLE,2026-08-19 15:38:13
INV002788,PH0052,MED0498,373,AVAILABLE,2026-08-19 17:59:41
INV002789,PH0052,MED0352,11,LOW_STOCK,2026-08-19 16:14:22
INV002790,PH0052,MED0071,383,AVAILABLE,2026-08-19 19:46:12
INV002791,PH0052,MED0051,12,LOW_STOCK,2026-08-19 18:59:03
INV002792,PH0052,MED0087,218,AVAILABLE,2026-08-19 17:56:53
INV002793,PH0052,MED0259,90,AVAILABLE,2026-08-19 15:30:10
INV002794,PH0052,MED0103,16,LOW_STOCK,2026-08-19 15:27:33
INV002795,PH0052,MED0212,0,OUT_OF_STOCK,2026-08-19 17:54:14
INV002796,PH0052,MED0242,106,AVAILABLE,2026-08-19 17:30:42
INV002797,PH0052,MED0107,0,OUT_OF_STOCK,2026-08-19 14:42:49
INV002798,PH0052,MED0402,387,AVAILABLE,2026-08-19 15:19:43
INV002799,PH0052,MED0057,248,AVAILABLE,2026-08-19 19:17:11
INV002800,PH0052,MED0043,316,AVAILABLE,2026-08-19 16:32:28
INV002801,PH0052,MED0312,183,AVAILABLE,2026-08-19 17:00:15
INV002802,PH0052,MED0257,365,AVAILABLE,2026-08-19 19:48:34
INV002803,PH0052,MED0015,128,AVAILABLE,2026-08-19 17:12:35
INV002804,PH0052,MED0470,0,OUT_OF_STOCK,2026-08-19 15:03:28
INV002805,PH0052,MED0061,269,AVAILABLE,2026-08-19 16:12:14
INV002806,PH0052,MED0451,369,AVAILABLE,2026-08-19 15:24:04
INV002807,PH0052,MED0091,247,AVAILABLE,2026-08-19 20:26:17
INV002808,PH0052,MED0068,72,AVAILABLE,2026-08-19 19:45:43
INV002809,PH0052,MED0442,0,OUT_OF_STOCK,2026-08-19 16:34:40
INV002810,PH0052,MED0474,58,AVAILABLE,2026-08-19 16:05:19
INV002811,PH0052,MED0353,158,AVAILABLE,2026-08-19 15:16:15
INV002812,PH0052,MED0093,309,AVAILABLE,2026-08-19 18:42:15
INV002813,PH0052,MED0056,377,AVAILABLE,2026-08-19 14:59:19
INV002814,PH0052,MED0019,340,AVAILABLE,2026-08-19 16:16:51
INV002815,PH0052,MED0045,8,LOW_STOCK,2026-08-19 18:38:04
INV002816,PH0052,MED0076,96,AVAILABLE,2026-08-19 15:47:30
INV002817,PH0052,MED0072,297,AVAILABLE,2026-08-19 19:18:09
INV002818,PH0052,MED0001,106,AVAILABLE,2026-08-19 16:28:03
INV002819,PH0052,MED0025,13,LOW_STOCK,2026-08-19 16:33:50
INV002820,PH0052,MED0243,7,LOW_STOCK,2026-08-19 20:13:30
INV002821,PH0052,MED0218,186,AVAILABLE,2026-08-19 18:14:40
INV002822,PH0052,MED0179,16,LOW_STOCK,2026-08-19 19:56:22
INV002823,PH0052,MED0430,285,AVAILABLE,2026-08-19 17:09:09
INV002824,PH0052,MED0286,3,LOW_STOCK,2026-08-19 15:29:59
INV002825,PH0052,MED0443,2,LOW_STOCK,2026-08-19 16:27:50
INV002826,PH0052,MED0333,324,AVAILABLE,2026-08-19 18:50:56
INV002827,PH0052,MED0354,16,LOW_STOCK,2026-08-19 16:08:54
INV002828,PH0052,MED0046,233,AVAILABLE,2026-08-19 19:47:56
INV002829,PH0052,MED0415,225,AVAILABLE,2026-08-19 18:58:04
INV002830,PH0052,MED0079,352,AVAILABLE,2026-08-19 20:01:27
INV002831,PH0052,MED0181,318,AVAILABLE,2026-08-19 15:22:37
INV002832,PH0052,MED0035,315,AVAILABLE,2026-08-19 17:46:11
INV002833,PH0052,MED0024,0,OUT_OF_STOCK,2026-08-19 15:54:36
INV002834,PH0052,MED0360,270,AVAILABLE,2026-08-19 19:14:14
INV002835,PH0052,MED0458,363,AVAILABLE,2026-08-19 17:25:03
INV002836,PH0052,MED0131,353,AVAILABLE,2026-08-19 15:55:20
INV002837,PH0052,MED0145,0,OUT_OF_STOCK,2026-08-19 17:31:56
INV002838,PH0052,MED0113,267,AVAILABLE,2026-08-19 14:41:30
INV002839,PH0052,MED0486,392,AVAILABLE,2026-08-19 17:32:28
INV002840,PH0052,MED0283,260,AVAILABLE,2026-08-19 17:09:10
INV002841,PH0052,MED0376,343,AVAILABLE,2026-08-19 19:37:57
INV002842,PH0052,MED0397,191,AVAILABLE,2026-08-19 14:55:34
INV002843,PH0052,MED0124,352,AVAILABLE,2026-08-19 16:09:08
INV002844,PH0052,MED0395,35,AVAILABLE,2026-08-19 17:12:40
INV002845,PH0052,MED0382,104,AVAILABLE,2026-08-19 18:04:39
INV002846,PH0052,MED0054,14,LOW_STOCK,2026-08-19 16:31:10
INV002847,PH0052,MED0143,29,AVAILABLE,2026-08-19 19:37:27
INV002848,PH0053,MED0510,388,AVAILABLE,2026-08-19 12:10:17
INV002849,PH0053,MED0144,130,AVAILABLE,2026-08-19 12:15:33
INV002850,PH0053,MED0333,204,AVAILABLE,2026-08-19 14:28:36
INV002851,PH0053,MED0038,226,AVAILABLE,2026-08-19 12:41:06
INV002852,PH0053,MED0003,88,AVAILABLE,2026-08-19 11:22:57
INV002853,PH0053,MED0365,0,OUT_OF_STOCK,2026-08-19 17:08:59
INV002854,PH0053,MED0518,261,AVAILABLE,2026-08-19 17:10:31
INV002855,PH0053,MED0215,1,LOW_STOCK,2026-08-19 14:33:03
INV002856,PH0053,MED0373,269,AVAILABLE,2026-08-19 14:06:42
INV002857,PH0053,MED0469,343,AVAILABLE,2026-08-19 14:09:37
INV002858,PH0053,MED0414,385,AVAILABLE,2026-08-19 13:00:09
INV002859,PH0053,MED0125,316,AVAILABLE,2026-08-19 15:53:03
INV002860,PH0053,MED0151,381,AVAILABLE,2026-08-19 17:01:20
INV002861,PH0053,MED0369,8,LOW_STOCK,2026-08-19 15:35:43
INV002862,PH0053,MED0178,99,AVAILABLE,2026-08-19 13:11:55
INV002863,PH0053,MED0427,271,AVAILABLE,2026-08-19 12:53:52
INV002864,PH0053,MED0153,229,AVAILABLE,2026-08-19 11:37:47
INV002865,PH0053,MED0461,229,AVAILABLE,2026-08-19 15:08:50
INV002866,PH0053,MED0019,166,AVAILABLE,2026-08-19 13:11:37
INV002867,PH0053,MED0204,194,AVAILABLE,2026-08-19 14:51:47
INV002868,PH0053,MED0457,238,AVAILABLE,2026-08-19 14:24:27
INV002869,PH0053,MED0185,161,AVAILABLE,2026-08-19 16:41:39
INV002870,PH0053,MED0121,102,AVAILABLE,2026-08-19 14:13:12
INV002871,PH0053,MED0028,320,AVAILABLE,2026-08-19 15:36:15
INV002872,PH0053,MED0463,199,AVAILABLE,2026-08-19 17:12:43
INV002873,PH0053,MED0186,40,AVAILABLE,2026-08-19 16:04:12
INV002874,PH0053,MED0173,87,AVAILABLE,2026-08-19 12:42:15
INV002875,PH0053,MED0442,243,AVAILABLE,2026-08-19 11:22:59
INV002876,PH0053,MED0351,135,AVAILABLE,2026-08-19 16:52:58
INV002877,PH0053,MED0349,400,AVAILABLE,2026-08-19 14:53:57
INV002878,PH0053,MED0455,0,OUT_OF_STOCK,2026-08-19 16:12:07
INV002879,PH0053,MED0486,246,AVAILABLE,2026-08-19 15:53:49
INV002880,PH0053,MED0513,386,AVAILABLE,2026-08-19 12:40:45
INV002881,PH0053,MED0001,9,LOW_STOCK,2026-08-19 12:34:46
INV002882,PH0053,MED0212,215,AVAILABLE,2026-08-19 15:52:13
INV002883,PH0053,MED0148,283,AVAILABLE,2026-08-19 15:10:33
INV002884,PH0053,MED0189,159,AVAILABLE,2026-08-19 14:26:35
INV002885,PH0053,MED0415,208,AVAILABLE,2026-08-19 16:30:00
INV002886,PH0053,MED0122,305,AVAILABLE,2026-08-19 16:01:56
INV002887,PH0053,MED0298,314,AVAILABLE,2026-08-19 13:40:18
INV002888,PH0053,MED0018,388,AVAILABLE,2026-08-19 12:26:30
INV002889,PH0053,MED0297,13,LOW_STOCK,2026-08-19 12:53:35
INV002890,PH0053,MED0261,327,AVAILABLE,2026-08-19 11:38:55
INV002891,PH0053,MED0082,272,AVAILABLE,2026-08-19 14:37:34
INV002892,PH0053,MED0199,152,AVAILABLE,2026-08-19 16:27:21
INV002893,PH0053,MED0086,201,AVAILABLE,2026-08-19 13:03:00
INV002894,PH0053,MED0258,286,AVAILABLE,2026-08-19 15:50:52
INV002895,PH0053,MED0177,132,AVAILABLE,2026-08-19 14:14:57
INV002896,PH0053,MED0361,192,AVAILABLE,2026-08-19 12:43:39
INV002897,PH0053,MED0263,38,AVAILABLE,2026-08-19 15:50:04
INV002898,PH0053,MED0192,261,AVAILABLE,2026-08-19 12:17:08
INV002899,PH0053,MED0184,385,AVAILABLE,2026-08-19 11:55:15
INV002900,PH0053,MED0216,374,AVAILABLE,2026-08-19 13:43:43
INV002901,PH0053,MED0007,126,AVAILABLE,2026-08-19 15:43:37
INV002902,PH0053,MED0105,124,AVAILABLE,2026-08-19 12:46:28
INV002903,PH0053,MED0458,121,AVAILABLE,2026-08-19 16:05:11
INV002904,PH0053,MED0222,0,OUT_OF_STOCK,2026-08-19 16:29:25
INV002905,PH0053,MED0323,17,LOW_STOCK,2026-08-19 15:58:11
INV002906,PH0054,MED0297,224,AVAILABLE,2026-08-18 05:02:34
INV002907,PH0054,MED0171,0,OUT_OF_STOCK,2026-08-18 04:58:35
INV002908,PH0054,MED0173,1,LOW_STOCK,2026-08-18 07:14:03
INV002909,PH0054,MED0284,71,AVAILABLE,2026-08-18 05:17:45
INV002910,PH0054,MED0075,12,LOW_STOCK,2026-08-18 04:20:02
INV002911,PH0054,MED0213,78,AVAILABLE,2026-08-18 05:59:07
INV002912,PH0054,MED0029,357,AVAILABLE,2026-08-18 06:32:12
INV002913,PH0054,MED0214,354,AVAILABLE,2026-08-18 05:05:00
INV002914,PH0054,MED0177,381,AVAILABLE,2026-08-18 06:42:40
INV002915,PH0054,MED0344,373,AVAILABLE,2026-08-18 07:59:09
INV002916,PH0054,MED0106,360,AVAILABLE,2026-08-18 04:40:12
INV002917,PH0054,MED0011,257,AVAILABLE,2026-08-18 05:07:34
INV002918,PH0054,MED0032,168,AVAILABLE,2026-08-18 08:40:11
INV002919,PH0054,MED0203,94,AVAILABLE,2026-08-18 05:04:30
INV002920,PH0054,MED0348,351,AVAILABLE,2026-08-18 03:01:56
INV002921,PH0054,MED0513,0,OUT_OF_STOCK,2026-08-18 05:40:28
INV002922,PH0054,MED0498,0,OUT_OF_STOCK,2026-08-18 03:04:52
INV002923,PH0054,MED0243,19,LOW_STOCK,2026-08-18 08:37:20
INV002924,PH0054,MED0260,334,AVAILABLE,2026-08-18 03:23:22
INV002925,PH0054,MED0447,366,AVAILABLE,2026-08-18 04:49:03
INV002926,PH0054,MED0179,3,LOW_STOCK,2026-08-18 04:41:24
INV002927,PH0054,MED0138,104,AVAILABLE,2026-08-18 08:16:58
INV002928,PH0054,MED0437,317,AVAILABLE,2026-08-18 03:54:17
INV002929,PH0054,MED0380,196,AVAILABLE,2026-08-18 04:03:48
INV002930,PH0054,MED0509,1,LOW_STOCK,2026-08-18 08:05:02
INV002931,PH0054,MED0269,243,AVAILABLE,2026-08-18 06:14:38
INV002932,PH0054,MED0480,13,LOW_STOCK,2026-08-18 05:01:23
INV002933,PH0054,MED0486,226,AVAILABLE,2026-08-18 04:58:23
INV002934,PH0054,MED0396,172,AVAILABLE,2026-08-18 05:53:07
INV002935,PH0054,MED0168,172,AVAILABLE,2026-08-18 03:52:39
INV002936,PH0054,MED0238,292,AVAILABLE,2026-08-18 06:16:45
INV002937,PH0054,MED0502,318,AVAILABLE,2026-08-18 06:42:01
INV002938,PH0054,MED0045,1,LOW_STOCK,2026-08-18 07:27:50
INV002939,PH0054,MED0230,178,AVAILABLE,2026-08-18 07:58:14
INV002940,PH0054,MED0131,106,AVAILABLE,2026-08-18 07:56:03
INV002941,PH0054,MED0033,309,AVAILABLE,2026-08-18 04:17:39
INV002942,PH0054,MED0372,366,AVAILABLE,2026-08-18 06:11:59
INV002943,PH0054,MED0182,366,AVAILABLE,2026-08-18 02:56:08
INV002944,PH0054,MED0076,329,AVAILABLE,2026-08-18 07:18:27
INV002945,PH0054,MED0254,325,AVAILABLE,2026-08-18 07:06:58
INV002946,PH0054,MED0405,308,AVAILABLE,2026-08-18 06:45:48
INV002947,PH0054,MED0310,166,AVAILABLE,2026-08-18 06:21:43
INV002948,PH0054,MED0056,359,AVAILABLE,2026-08-18 04:55:58
INV002949,PH0054,MED0034,260,AVAILABLE,2026-08-18 08:30:04
INV002950,PH0054,MED0353,36,AVAILABLE,2026-08-18 08:31:44
INV002951,PH0054,MED0191,66,AVAILABLE,2026-08-18 08:45:22
INV002952,PH0054,MED0054,259,AVAILABLE,2026-08-18 03:12:37
INV002953,PH0055,MED0063,212,AVAILABLE,2026-08-19 11:28:50
INV002954,PH0055,MED0289,105,AVAILABLE,2026-08-19 10:42:14
INV002955,PH0055,MED0226,256,AVAILABLE,2026-08-19 11:34:48
INV002956,PH0055,MED0238,115,AVAILABLE,2026-08-19 11:47:21
INV002957,PH0055,MED0028,165,AVAILABLE,2026-08-19 07:18:02
INV002958,PH0055,MED0021,308,AVAILABLE,2026-08-19 11:31:35
INV002959,PH0055,MED0349,0,OUT_OF_STOCK,2026-08-19 10:27:38
INV002960,PH0055,MED0518,317,AVAILABLE,2026-08-19 12:03:59
INV002961,PH0055,MED0451,174,AVAILABLE,2026-08-19 09:31:01
INV002962,PH0055,MED0358,388,AVAILABLE,2026-08-19 06:59:17
INV002963,PH0055,MED0173,246,AVAILABLE,2026-08-19 11:33:43
INV002964,PH0055,MED0469,0,OUT_OF_STOCK,2026-08-19 10:57:07
INV002965,PH0055,MED0041,249,AVAILABLE,2026-08-19 08:10:05
INV002966,PH0055,MED0258,312,AVAILABLE,2026-08-19 09:02:30
INV002967,PH0055,MED0334,260,AVAILABLE,2026-08-19 09:43:29
INV002968,PH0055,MED0174,9,LOW_STOCK,2026-08-19 12:15:40
INV002969,PH0055,MED0426,1,LOW_STOCK,2026-08-19 09:12:45
INV002970,PH0055,MED0019,232,AVAILABLE,2026-08-19 11:03:13
INV002971,PH0055,MED0206,12,LOW_STOCK,2026-08-19 08:58:42
INV002972,PH0055,MED0237,27,AVAILABLE,2026-08-19 11:05:45
INV002973,PH0055,MED0003,146,AVAILABLE,2026-08-19 08:30:53
INV002974,PH0055,MED0273,314,AVAILABLE,2026-08-19 07:47:49
INV002975,PH0055,MED0049,272,AVAILABLE,2026-08-19 08:03:10
INV002976,PH0055,MED0445,18,LOW_STOCK,2026-08-19 10:09:59
INV002977,PH0055,MED0234,49,AVAILABLE,2026-08-19 08:20:39
INV002978,PH0055,MED0001,384,AVAILABLE,2026-08-19 10:51:21
INV002979,PH0055,MED0271,313,AVAILABLE,2026-08-19 12:37:46
INV002980,PH0055,MED0482,243,AVAILABLE,2026-08-19 10:44:26
INV002981,PH0055,MED0020,15,LOW_STOCK,2026-08-19 09:33:19
INV002982,PH0055,MED0305,15,LOW_STOCK,2026-08-19 12:15:57
INV002983,PH0055,MED0097,296,AVAILABLE,2026-08-19 09:47:40
INV002984,PH0055,MED0157,0,OUT_OF_STOCK,2026-08-19 07:55:03
INV002985,PH0055,MED0124,330,AVAILABLE,2026-08-19 07:53:34
INV002986,PH0055,MED0067,336,AVAILABLE,2026-08-19 11:31:24
INV002987,PH0055,MED0423,100,AVAILABLE,2026-08-19 08:19:40
INV002988,PH0055,MED0125,142,AVAILABLE,2026-08-19 12:32:20
INV002989,PH0055,MED0441,13,LOW_STOCK,2026-08-19 11:07:36
INV002990,PH0055,MED0517,347,AVAILABLE,2026-08-19 11:49:01
INV002991,PH0055,MED0236,0,OUT_OF_STOCK,2026-08-19 07:33:36
INV002992,PH0055,MED0470,290,AVAILABLE,2026-08-19 10:22:30
INV002993,PH0055,MED0294,77,AVAILABLE,2026-08-19 11:41:22
INV002994,PH0055,MED0453,202,AVAILABLE,2026-08-19 10:28:34
INV002995,PH0055,MED0126,278,AVAILABLE,2026-08-19 10:05:53
INV002996,PH0055,MED0022,299,AVAILABLE,2026-08-19 12:32:21
INV002997,PH0055,MED0229,178,AVAILABLE,2026-08-19 10:17:30
INV002998,PH0055,MED0317,238,AVAILABLE,2026-08-19 12:48:19
INV002999,PH0055,MED0467,50,AVAILABLE,2026-08-19 11:32:16
INV003000,PH0055,MED0241,245,AVAILABLE,2026-08-19 11:09:07
INV003001,PH0055,MED0062,318,AVAILABLE,2026-08-19 12:04:27
INV003002,PH0055,MED0117,61,AVAILABLE,2026-08-19 10:15:11
INV003003,PH0055,MED0213,79,AVAILABLE,2026-08-19 07:56:04
INV003004,PH0055,MED0033,141,AVAILABLE,2026-08-19 08:26:50
INV003005,PH0056,MED0486,227,AVAILABLE,2026-08-19 08:58:53
INV003006,PH0056,MED0254,14,LOW_STOCK,2026-08-19 08:54:47
INV003007,PH0056,MED0478,379,AVAILABLE,2026-08-19 12:45:12
INV003008,PH0056,MED0387,347,AVAILABLE,2026-08-19 12:54:27
INV003009,PH0056,MED0005,0,OUT_OF_STOCK,2026-08-19 11:17:27
INV003010,PH0056,MED0026,130,AVAILABLE,2026-08-19 11:52:26
INV003011,PH0056,MED0397,298,AVAILABLE,2026-08-19 10:40:41
INV003012,PH0056,MED0309,225,AVAILABLE,2026-08-19 13:09:59
INV003013,PH0056,MED0374,283,AVAILABLE,2026-08-19 11:17:29
INV003014,PH0056,MED0023,33,AVAILABLE,2026-08-19 12:10:12
INV003015,PH0056,MED0045,7,LOW_STOCK,2026-08-19 08:26:06
INV003016,PH0056,MED0174,35,AVAILABLE,2026-08-19 12:45:45
INV003017,PH0056,MED0001,15,LOW_STOCK,2026-08-19 12:36:21
INV003018,PH0056,MED0073,211,AVAILABLE,2026-08-19 09:49:13
INV003019,PH0056,MED0220,354,AVAILABLE,2026-08-19 08:19:25
INV003020,PH0056,MED0410,331,AVAILABLE,2026-08-19 09:45:53
INV003021,PH0056,MED0510,0,OUT_OF_STOCK,2026-08-19 10:46:01
INV003022,PH0056,MED0320,0,OUT_OF_STOCK,2026-08-19 07:54:41
INV003023,PH0056,MED0144,314,AVAILABLE,2026-08-19 12:36:17
INV003024,PH0056,MED0202,323,AVAILABLE,2026-08-19 11:50:18
INV003025,PH0056,MED0372,0,OUT_OF_STOCK,2026-08-19 10:32:45
INV003026,PH0056,MED0018,358,AVAILABLE,2026-08-19 10:13:09
INV003027,PH0056,MED0170,10,LOW_STOCK,2026-08-19 09:30:44
INV003028,PH0056,MED0488,124,AVAILABLE,2026-08-19 08:55:52
INV003029,PH0056,MED0439,18,LOW_STOCK,2026-08-19 07:43:52
INV003030,PH0056,MED0207,12,LOW_STOCK,2026-08-19 13:04:13
INV003031,PH0056,MED0417,14,LOW_STOCK,2026-08-19 12:40:18
INV003032,PH0056,MED0053,0,OUT_OF_STOCK,2026-08-19 08:17:50
INV003033,PH0056,MED0218,119,AVAILABLE,2026-08-19 11:29:50
INV003034,PH0056,MED0285,89,AVAILABLE,2026-08-19 12:55:17
INV003035,PH0056,MED0334,9,LOW_STOCK,2026-08-19 12:55:33
INV003036,PH0056,MED0003,129,AVAILABLE,2026-08-19 10:18:22
INV003037,PH0056,MED0229,261,AVAILABLE,2026-08-19 10:11:52
INV003038,PH0056,MED0463,198,AVAILABLE,2026-08-19 10:51:43
INV003039,PH0056,MED0425,150,AVAILABLE,2026-08-19 09:55:43
INV003040,PH0056,MED0317,74,AVAILABLE,2026-08-19 12:45:51
INV003041,PH0056,MED0449,6,LOW_STOCK,2026-08-19 07:44:36
INV003042,PH0056,MED0271,399,AVAILABLE,2026-08-19 12:23:10
INV003043,PH0056,MED0141,137,AVAILABLE,2026-08-19 07:40:23
INV003044,PH0056,MED0352,12,LOW_STOCK,2026-08-19 07:30:54
INV003045,PH0056,MED0348,271,AVAILABLE,2026-08-19 09:07:53
INV003046,PH0057,MED0311,80,AVAILABLE,2026-08-18 05:09:11
INV003047,PH0057,MED0405,349,AVAILABLE,2026-08-18 08:05:54
INV003048,PH0057,MED0243,82,AVAILABLE,2026-08-18 04:28:33
INV003049,PH0057,MED0196,362,AVAILABLE,2026-08-18 04:13:00
INV003050,PH0057,MED0258,8,LOW_STOCK,2026-08-18 07:18:19
INV003051,PH0057,MED0094,202,AVAILABLE,2026-08-18 04:58:37
INV003052,PH0057,MED0438,19,LOW_STOCK,2026-08-18 04:09:20
INV003053,PH0057,MED0158,239,AVAILABLE,2026-08-18 03:45:04
INV003054,PH0057,MED0285,165,AVAILABLE,2026-08-18 03:35:00
INV003055,PH0057,MED0125,240,AVAILABLE,2026-08-18 05:08:58
INV003056,PH0057,MED0222,378,AVAILABLE,2026-08-18 04:50:51
INV003057,PH0057,MED0044,0,OUT_OF_STOCK,2026-08-18 08:21:30
INV003058,PH0057,MED0428,218,AVAILABLE,2026-08-18 04:40:47
INV003059,PH0057,MED0033,227,AVAILABLE,2026-08-18 03:19:06
INV003060,PH0057,MED0302,167,AVAILABLE,2026-08-18 06:19:24
INV003061,PH0057,MED0358,65,AVAILABLE,2026-08-18 08:05:19
INV003062,PH0057,MED0475,14,LOW_STOCK,2026-08-18 08:26:38
INV003063,PH0057,MED0507,160,AVAILABLE,2026-08-18 03:49:24
INV003064,PH0057,MED0086,1,LOW_STOCK,2026-08-18 06:57:37
INV003065,PH0057,MED0141,228,AVAILABLE,2026-08-18 03:26:25
INV003066,PH0057,MED0253,379,AVAILABLE,2026-08-18 08:01:37
INV003067,PH0057,MED0385,72,AVAILABLE,2026-08-18 06:56:22
INV003068,PH0057,MED0388,302,AVAILABLE,2026-08-18 03:26:05
INV003069,PH0057,MED0016,308,AVAILABLE,2026-08-18 06:31:31
INV003070,PH0057,MED0153,200,AVAILABLE,2026-08-18 08:18:01
INV003071,PH0057,MED0059,322,AVAILABLE,2026-08-18 04:23:55
INV003072,PH0057,MED0389,190,AVAILABLE,2026-08-18 03:30:27
INV003073,PH0057,MED0326,37,AVAILABLE,2026-08-18 05:59:44
INV003074,PH0057,MED0191,253,AVAILABLE,2026-08-18 06:54:20
INV003075,PH0057,MED0336,324,AVAILABLE,2026-08-18 05:08:03
INV003076,PH0057,MED0026,346,AVAILABLE,2026-08-18 05:12:04
INV003077,PH0057,MED0455,2,LOW_STOCK,2026-08-18 05:33:24
INV003078,PH0057,MED0451,160,AVAILABLE,2026-08-18 08:00:37
INV003079,PH0057,MED0399,336,AVAILABLE,2026-08-18 04:31:54
INV003080,PH0057,MED0167,203,AVAILABLE,2026-08-18 05:45:13
INV003081,PH0057,MED0116,14,LOW_STOCK,2026-08-18 07:24:16
INV003082,PH0057,MED0381,18,LOW_STOCK,2026-08-18 06:45:12
INV003083,PH0057,MED0420,219,AVAILABLE,2026-08-18 04:51:01
INV003084,PH0057,MED0156,196,AVAILABLE,2026-08-18 07:18:28
INV003085,PH0057,MED0469,166,AVAILABLE,2026-08-18 05:30:26
INV003086,PH0057,MED0199,342,AVAILABLE,2026-08-18 06:04:27
INV003087,PH0057,MED0023,170,AVAILABLE,2026-08-18 04:26:44
INV003088,PH0057,MED0439,285,AVAILABLE,2026-08-18 06:33:30
INV003089,PH0057,MED0508,88,AVAILABLE,2026-08-18 02:40:58
INV003090,PH0057,MED0206,0,OUT_OF_STOCK,2026-08-18 04:49:36
INV003091,PH0057,MED0370,218,AVAILABLE,2026-08-18 07:58:14
INV003092,PH0057,MED0212,0,OUT_OF_STOCK,2026-08-18 03:52:01
INV003093,PH0057,MED0282,242,AVAILABLE,2026-08-18 08:25:55
INV003094,PH0057,MED0097,325,AVAILABLE,2026-08-18 05:20:48
INV003095,PH0057,MED0357,224,AVAILABLE,2026-08-18 03:13:21
INV003096,PH0057,MED0115,343,AVAILABLE,2026-08-18 02:29:30
INV003097,PH0057,MED0134,267,AVAILABLE,2026-08-18 04:34:35
INV003098,PH0057,MED0254,209,AVAILABLE,2026-08-18 06:12:30
INV003099,PH0057,MED0082,271,AVAILABLE,2026-08-18 03:33:01
INV003100,PH0057,MED0138,100,AVAILABLE,2026-08-18 08:06:07
INV003101,PH0057,MED0072,274,AVAILABLE,2026-08-18 02:46:06
INV003102,PH0057,MED0180,387,AVAILABLE,2026-08-18 02:51:09
INV003103,PH0058,MED0464,160,AVAILABLE,2026-05-30 07:28:03
INV003104,PH0058,MED0500,97,AVAILABLE,2026-05-30 06:29:39
INV003105,PH0058,MED0134,37,AVAILABLE,2026-05-30 08:32:22
INV003106,PH0058,MED0468,10,LOW_STOCK,2026-05-30 04:56:32
INV003107,PH0058,MED0253,4,LOW_STOCK,2026-05-30 06:22:18
INV003108,PH0058,MED0153,0,OUT_OF_STOCK,2026-05-30 07:38:32
INV003109,PH0058,MED0021,8,LOW_STOCK,2026-05-30 06:33:39
INV003110,PH0058,MED0413,0,OUT_OF_STOCK,2026-05-30 07:49:46
INV003111,PH0058,MED0476,231,AVAILABLE,2026-05-30 08:26:37
INV003112,PH0058,MED0349,339,AVAILABLE,2026-05-30 07:09:50
INV003113,PH0058,MED0187,144,AVAILABLE,2026-05-30 07:38:49
INV003114,PH0058,MED0212,1,LOW_STOCK,2026-05-30 04:54:59
INV003115,PH0058,MED0155,19,LOW_STOCK,2026-05-30 06:55:06
INV003116,PH0058,MED0030,135,AVAILABLE,2026-05-30 04:11:25
INV003117,PH0058,MED0496,161,AVAILABLE,2026-05-30 03:05:27
INV003118,PH0058,MED0061,58,AVAILABLE,2026-05-30 06:51:26
INV003119,PH0058,MED0263,295,AVAILABLE,2026-05-30 02:59:10
INV003120,PH0058,MED0363,0,OUT_OF_STOCK,2026-05-30 04:22:32
INV003121,PH0058,MED0005,0,OUT_OF_STOCK,2026-05-30 03:29:11
INV003122,PH0058,MED0016,266,AVAILABLE,2026-05-30 04:59:35
INV003123,PH0058,MED0482,372,AVAILABLE,2026-05-30 03:18:01
INV003124,PH0058,MED0460,96,AVAILABLE,2026-05-30 07:57:48
INV003125,PH0058,MED0149,291,AVAILABLE,2026-05-30 07:39:35
INV003126,PH0058,MED0018,271,AVAILABLE,2026-05-30 04:48:26
INV003127,PH0058,MED0303,368,AVAILABLE,2026-05-30 03:08:11
INV003128,PH0058,MED0140,277,AVAILABLE,2026-05-30 07:53:21
INV003129,PH0058,MED0014,41,AVAILABLE,2026-05-30 03:43:10
INV003130,PH0058,MED0515,97,AVAILABLE,2026-05-30 03:22:28
INV003131,PH0058,MED0040,229,AVAILABLE,2026-05-30 06:28:50
INV003132,PH0058,MED0105,335,AVAILABLE,2026-05-30 04:00:52
INV003133,PH0058,MED0490,131,AVAILABLE,2026-05-30 04:28:04
INV003134,PH0058,MED0518,262,AVAILABLE,2026-05-30 05:50:01
INV003135,PH0058,MED0219,197,AVAILABLE,2026-05-30 03:20:33
INV003136,PH0058,MED0237,379,AVAILABLE,2026-05-30 06:44:26
INV003137,PH0058,MED0184,292,AVAILABLE,2026-05-30 07:40:52
INV003138,PH0058,MED0289,272,AVAILABLE,2026-05-30 03:35:59
INV003139,PH0058,MED0338,179,AVAILABLE,2026-05-30 06:46:15
INV003140,PH0058,MED0055,347,AVAILABLE,2026-05-30 06:36:43
INV003141,PH0058,MED0409,0,OUT_OF_STOCK,2026-05-30 05:44:52
INV003142,PH0058,MED0209,305,AVAILABLE,2026-05-30 04:00:00
INV003143,PH0058,MED0185,189,AVAILABLE,2026-05-30 08:16:02
INV003144,PH0058,MED0072,192,AVAILABLE,2026-05-30 06:21:01
INV003145,PH0058,MED0305,289,AVAILABLE,2026-05-30 07:25:24
INV003146,PH0058,MED0192,0,OUT_OF_STOCK,2026-05-30 02:37:17
INV003147,PH0058,MED0299,262,AVAILABLE,2026-05-30 05:55:57
INV003148,PH0058,MED0470,18,LOW_STOCK,2026-05-30 07:46:21
INV003149,PH0058,MED0144,273,AVAILABLE,2026-05-30 06:44:53
INV003150,PH0058,MED0121,276,AVAILABLE,2026-05-30 05:51:47
INV003151,PH0058,MED0485,0,OUT_OF_STOCK,2026-05-30 04:47:20
INV003152,PH0058,MED0335,56,AVAILABLE,2026-05-30 04:26:22
INV003153,PH0058,MED0519,13,LOW_STOCK,2026-05-30 05:12:39
INV003154,PH0058,MED0456,72,AVAILABLE,2026-05-30 06:18:54
INV003155,PH0058,MED0329,89,AVAILABLE,2026-05-30 06:10:00
INV003156,PH0058,MED0075,355,AVAILABLE,2026-05-30 08:20:12
INV003157,PH0058,MED0397,3,LOW_STOCK,2026-05-30 07:00:07
INV003158,PH0058,MED0459,0,OUT_OF_STOCK,2026-05-30 04:43:48
INV003159,PH0058,MED0165,218,AVAILABLE,2026-05-30 08:03:14
INV003160,PH0058,MED0497,0,OUT_OF_STOCK,2026-05-30 04:59:53
INV003161,PH0058,MED0006,0,OUT_OF_STOCK,2026-05-30 06:42:29
INV003162,PH0058,MED0438,0,OUT_OF_STOCK,2026-05-30 02:57:15
INV003163,PH0058,MED0379,324,AVAILABLE,2026-05-30 03:46:09
INV003164,PH0058,MED0348,0,OUT_OF_STOCK,2026-05-30 07:48:31
INV003165,PH0058,MED0020,0,OUT_OF_STOCK,2026-05-30 03:37:53
INV003166,PH0059,MED0156,317,AVAILABLE,2026-08-18 03:28:19
INV003167,PH0059,MED0440,241,AVAILABLE,2026-08-18 04:01:01
INV003168,PH0059,MED0478,67,AVAILABLE,2026-08-18 08:55:05
INV003169,PH0059,MED0463,125,AVAILABLE,2026-08-18 04:19:05
INV003170,PH0059,MED0158,170,AVAILABLE,2026-08-18 07:15:35
INV003171,PH0059,MED0405,206,AVAILABLE,2026-08-18 04:38:08
INV003172,PH0059,MED0337,202,AVAILABLE,2026-08-18 04:11:12
INV003173,PH0059,MED0282,17,LOW_STOCK,2026-08-18 05:55:41
INV003174,PH0059,MED0207,263,AVAILABLE,2026-08-18 05:59:55
INV003175,PH0059,MED0454,383,AVAILABLE,2026-08-18 03:05:35
INV003176,PH0059,MED0018,0,OUT_OF_STOCK,2026-08-18 06:52:15
INV003177,PH0059,MED0428,275,AVAILABLE,2026-08-18 05:25:37
INV003178,PH0059,MED0039,243,AVAILABLE,2026-08-18 03:12:12
INV003179,PH0059,MED0209,85,AVAILABLE,2026-08-18 06:07:22
INV003180,PH0059,MED0080,43,AVAILABLE,2026-08-18 03:21:13
INV003181,PH0059,MED0049,80,AVAILABLE,2026-08-18 08:06:29
INV003182,PH0059,MED0285,328,AVAILABLE,2026-08-18 07:08:24
INV003183,PH0059,MED0019,244,AVAILABLE,2026-08-18 08:59:11
INV003184,PH0059,MED0162,371,AVAILABLE,2026-08-18 08:21:47
INV003185,PH0059,MED0369,397,AVAILABLE,2026-08-18 03:48:06
INV003186,PH0059,MED0332,18,LOW_STOCK,2026-08-18 06:17:21
INV003187,PH0059,MED0309,390,AVAILABLE,2026-08-18 03:55:05
INV003188,PH0059,MED0467,255,AVAILABLE,2026-08-18 08:57:40
INV003189,PH0059,MED0329,230,AVAILABLE,2026-08-18 03:54:41
INV003190,PH0059,MED0425,0,OUT_OF_STOCK,2026-08-18 08:59:38
INV003191,PH0059,MED0510,0,OUT_OF_STOCK,2026-08-18 03:17:42
INV003192,PH0059,MED0130,301,AVAILABLE,2026-08-18 03:57:15
INV003193,PH0059,MED0333,112,AVAILABLE,2026-08-18 04:20:40
INV003194,PH0059,MED0095,85,AVAILABLE,2026-08-18 08:20:37
INV003195,PH0059,MED0138,128,AVAILABLE,2026-08-18 03:55:00
INV003196,PH0059,MED0358,295,AVAILABLE,2026-08-18 08:04:44
INV003197,PH0059,MED0087,153,AVAILABLE,2026-08-18 04:29:37
INV003198,PH0059,MED0458,153,AVAILABLE,2026-08-18 04:49:09
INV003199,PH0059,MED0046,125,AVAILABLE,2026-08-18 07:53:01
INV003200,PH0059,MED0125,173,AVAILABLE,2026-08-18 04:44:15
INV003201,PH0059,MED0048,320,AVAILABLE,2026-08-18 03:04:45
INV003202,PH0059,MED0015,105,AVAILABLE,2026-08-18 05:05:44
INV003203,PH0059,MED0094,225,AVAILABLE,2026-08-18 06:39:49
INV003204,PH0059,MED0295,0,OUT_OF_STOCK,2026-08-18 07:25:48
INV003205,PH0059,MED0502,138,AVAILABLE,2026-08-18 08:30:07
INV003206,PH0059,MED0127,354,AVAILABLE,2026-08-18 03:35:03
INV003207,PH0059,MED0028,194,AVAILABLE,2026-08-18 05:56:34
INV003208,PH0059,MED0134,316,AVAILABLE,2026-08-18 03:47:58
INV003209,PH0059,MED0296,77,AVAILABLE,2026-08-18 03:16:10
INV003210,PH0059,MED0036,241,AVAILABLE,2026-08-18 06:57:36
INV003211,PH0059,MED0098,153,AVAILABLE,2026-08-18 07:58:52
INV003212,PH0059,MED0317,219,AVAILABLE,2026-08-18 04:34:22
INV003213,PH0059,MED0450,16,LOW_STOCK,2026-08-18 04:31:34
INV003214,PH0059,MED0297,306,AVAILABLE,2026-08-18 04:48:26
INV003215,PH0059,MED0069,9,LOW_STOCK,2026-08-18 05:18:49
INV003216,PH0059,MED0256,62,AVAILABLE,2026-08-18 04:56:00
INV003217,PH0060,MED0373,316,AVAILABLE,2026-08-18 17:45:53
INV003218,PH0060,MED0466,302,AVAILABLE,2026-08-18 15:01:24
INV003219,PH0060,MED0337,313,AVAILABLE,2026-08-18 14:16:12
INV003220,PH0060,MED0157,338,AVAILABLE,2026-08-18 18:22:55
INV003221,PH0060,MED0019,121,AVAILABLE,2026-08-18 14:20:02
INV003222,PH0060,MED0184,229,AVAILABLE,2026-08-18 18:42:07
INV003223,PH0060,MED0016,192,AVAILABLE,2026-08-18 16:24:19
INV003224,PH0060,MED0193,224,AVAILABLE,2026-08-18 17:05:42
INV003225,PH0060,MED0230,263,AVAILABLE,2026-08-18 16:56:01
INV003226,PH0060,MED0485,204,AVAILABLE,2026-08-18 15:07:57
INV003227,PH0060,MED0006,126,AVAILABLE,2026-08-18 14:51:42
INV003228,PH0060,MED0009,268,AVAILABLE,2026-08-18 18:19:17
INV003229,PH0060,MED0268,319,AVAILABLE,2026-08-18 17:47:10
INV003230,PH0060,MED0486,304,AVAILABLE,2026-08-18 19:43:17
INV003231,PH0060,MED0257,298,AVAILABLE,2026-08-18 15:03:56
INV003232,PH0060,MED0028,271,AVAILABLE,2026-08-18 14:43:57
INV003233,PH0060,MED0183,331,AVAILABLE,2026-08-18 16:13:15
INV003234,PH0060,MED0207,270,AVAILABLE,2026-08-18 14:45:55
INV003235,PH0060,MED0118,34,AVAILABLE,2026-08-18 19:39:48
INV003236,PH0060,MED0392,134,AVAILABLE,2026-08-18 16:12:13
INV003237,PH0060,MED0457,289,AVAILABLE,2026-08-18 14:03:37
INV003238,PH0060,MED0518,113,AVAILABLE,2026-08-18 15:21:58
INV003239,PH0060,MED0236,148,AVAILABLE,2026-08-18 16:51:58
INV003240,PH0060,MED0345,58,AVAILABLE,2026-08-18 18:17:35
INV003241,PH0060,MED0048,26,AVAILABLE,2026-08-18 19:20:25
INV003242,PH0060,MED0454,288,AVAILABLE,2026-08-18 14:09:28
INV003243,PH0060,MED0095,216,AVAILABLE,2026-08-18 15:11:54
INV003244,PH0060,MED0082,0,OUT_OF_STOCK,2026-08-18 17:06:03
INV003245,PH0060,MED0434,179,AVAILABLE,2026-08-18 14:49:37
INV003246,PH0060,MED0139,19,LOW_STOCK,2026-08-18 14:07:41
INV003247,PH0060,MED0348,266,AVAILABLE,2026-08-18 18:31:02
INV003248,PH0060,MED0513,33,AVAILABLE,2026-08-18 17:34:26
INV003249,PH0060,MED0439,15,LOW_STOCK,2026-08-18 15:51:52
INV003250,PH0060,MED0010,112,AVAILABLE,2026-08-18 13:59:44
INV003251,PH0060,MED0186,221,AVAILABLE,2026-08-18 19:09:12
INV003252,PH0060,MED0216,15,LOW_STOCK,2026-08-18 18:46:30
INV003253,PH0060,MED0378,365,AVAILABLE,2026-08-18 18:49:18
INV003254,PH0060,MED0155,218,AVAILABLE,2026-08-18 16:27:24
INV003255,PH0060,MED0005,101,AVAILABLE,2026-08-18 14:29:15
INV003256,PH0060,MED0062,337,AVAILABLE,2026-08-18 13:57:26
INV003257,PH0060,MED0159,350,AVAILABLE,2026-08-18 17:40:41
INV003258,PH0060,MED0233,0,OUT_OF_STOCK,2026-08-18 18:41:22
INV003259,PH0060,MED0512,1,LOW_STOCK,2026-08-18 19:09:04
INV003260,PH0060,MED0142,177,AVAILABLE,2026-08-18 15:47:43
INV003261,PH0060,MED0049,258,AVAILABLE,2026-08-18 15:48:24
INV003262,PH0060,MED0128,113,AVAILABLE,2026-08-18 15:28:53
INV003263,PH0060,MED0116,0,OUT_OF_STOCK,2026-08-18 14:03:50
INV003264,PH0060,MED0277,194,AVAILABLE,2026-08-18 17:25:28
INV003265,PH0060,MED0303,294,AVAILABLE,2026-08-18 14:39:27
INV003266,PH0060,MED0323,0,OUT_OF_STOCK,2026-08-18 19:29:07
INV003267,PH0060,MED0270,16,LOW_STOCK,2026-08-18 18:39:34
INV003268,PH0060,MED0393,213,AVAILABLE,2026-08-18 13:56:40
INV003269,PH0060,MED0096,322,AVAILABLE,2026-08-18 18:06:08
INV003270,PH0061,MED0153,376,AVAILABLE,2026-08-17 09:16:25
INV003271,PH0061,MED0037,0,OUT_OF_STOCK,2026-08-17 13:08:21
INV003272,PH0061,MED0007,106,AVAILABLE,2026-08-17 12:28:21
INV003273,PH0061,MED0398,222,AVAILABLE,2026-08-17 09:43:50
INV003274,PH0061,MED0268,12,LOW_STOCK,2026-08-17 11:12:05
INV003275,PH0061,MED0309,155,AVAILABLE,2026-08-17 10:21:23
INV003276,PH0061,MED0455,13,LOW_STOCK,2026-08-17 12:27:30
INV003277,PH0061,MED0429,318,AVAILABLE,2026-08-17 10:58:13
INV003278,PH0061,MED0019,12,LOW_STOCK,2026-08-17 12:38:49
INV003279,PH0061,MED0113,397,AVAILABLE,2026-08-17 13:20:12
INV003280,PH0061,MED0308,149,AVAILABLE,2026-08-17 09:35:14
INV003281,PH0061,MED0495,387,AVAILABLE,2026-08-17 10:56:14
INV003282,PH0061,MED0258,206,AVAILABLE,2026-08-17 13:19:14
INV003283,PH0061,MED0196,1,LOW_STOCK,2026-08-17 11:24:49
INV003284,PH0061,MED0115,288,AVAILABLE,2026-08-17 11:06:06
INV003285,PH0061,MED0453,136,AVAILABLE,2026-08-17 10:55:06
INV003286,PH0061,MED0045,33,AVAILABLE,2026-08-17 13:20:47
INV003287,PH0061,MED0181,198,AVAILABLE,2026-08-17 13:05:26
INV003288,PH0061,MED0209,36,AVAILABLE,2026-08-17 10:07:53
INV003289,PH0061,MED0403,23,AVAILABLE,2026-08-17 12:31:15
INV003290,PH0061,MED0297,0,OUT_OF_STOCK,2026-08-17 11:33:59
INV003291,PH0061,MED0005,6,LOW_STOCK,2026-08-17 10:26:20
INV003292,PH0061,MED0457,228,AVAILABLE,2026-08-17 11:09:48
INV003293,PH0061,MED0155,399,AVAILABLE,2026-08-17 11:37:09
INV003294,PH0061,MED0504,161,AVAILABLE,2026-08-17 09:54:00
INV003295,PH0061,MED0467,133,AVAILABLE,2026-08-17 12:01:01
INV003296,PH0061,MED0449,160,AVAILABLE,2026-08-17 14:14:39
INV003297,PH0061,MED0261,217,AVAILABLE,2026-08-17 13:27:29
INV003298,PH0061,MED0399,1,LOW_STOCK,2026-08-17 12:52:59
INV003299,PH0061,MED0255,397,AVAILABLE,2026-08-17 09:29:29
INV003300,PH0061,MED0147,284,AVAILABLE,2026-08-17 13:23:09
INV003301,PH0061,MED0263,343,AVAILABLE,2026-08-17 11:16:48
INV003302,PH0061,MED0077,169,AVAILABLE,2026-08-17 09:13:17
INV003303,PH0061,MED0066,351,AVAILABLE,2026-08-17 12:12:22
INV003304,PH0061,MED0366,221,AVAILABLE,2026-08-17 09:35:09
INV003305,PH0061,MED0386,146,AVAILABLE,2026-08-17 13:27:29
INV003306,PH0061,MED0141,89,AVAILABLE,2026-08-17 09:20:52
INV003307,PH0061,MED0187,312,AVAILABLE,2026-08-17 11:03:09
INV003308,PH0061,MED0104,191,AVAILABLE,2026-08-17 11:12:02
INV003309,PH0061,MED0431,19,LOW_STOCK,2026-08-17 13:03:59
INV003310,PH0061,MED0198,47,AVAILABLE,2026-08-17 09:30:21
INV003311,PH0061,MED0408,341,AVAILABLE,2026-08-17 11:49:59
INV003312,PH0061,MED0074,293,AVAILABLE,2026-08-17 14:06:27
INV003313,PH0061,MED0345,187,AVAILABLE,2026-08-17 14:04:43
INV003314,PH0062,MED0162,285,AVAILABLE,2026-08-18 19:34:16
INV003315,PH0062,MED0077,16,LOW_STOCK,2026-08-18 19:55:56
INV003316,PH0062,MED0116,140,AVAILABLE,2026-08-18 15:58:02
INV003317,PH0062,MED0511,64,AVAILABLE,2026-08-18 19:33:50
INV003318,PH0062,MED0454,184,AVAILABLE,2026-08-18 18:27:44
INV003319,PH0062,MED0346,158,AVAILABLE,2026-08-18 16:54:38
INV003320,PH0062,MED0048,322,AVAILABLE,2026-08-18 19:52:59
INV003321,PH0062,MED0464,196,AVAILABLE,2026-08-18 17:08:00
INV003322,PH0062,MED0044,14,LOW_STOCK,2026-08-18 20:57:19
INV003323,PH0062,MED0406,34,AVAILABLE,2026-08-18 16:47:18
INV003324,PH0062,MED0430,14,LOW_STOCK,2026-08-18 16:36:29
INV003325,PH0062,MED0103,63,AVAILABLE,2026-08-18 17:19:35
INV003326,PH0062,MED0373,297,AVAILABLE,2026-08-18 17:03:51
INV003327,PH0062,MED0005,101,AVAILABLE,2026-08-18 17:32:50
INV003328,PH0062,MED0079,388,AVAILABLE,2026-08-18 18:45:02
INV003329,PH0062,MED0348,131,AVAILABLE,2026-08-18 17:43:32
INV003330,PH0062,MED0065,271,AVAILABLE,2026-08-18 18:22:30
INV003331,PH0062,MED0313,350,AVAILABLE,2026-08-18 17:36:57
INV003332,PH0062,MED0291,4,LOW_STOCK,2026-08-18 16:56:46
INV003333,PH0062,MED0323,8,LOW_STOCK,2026-08-18 18:09:22
INV003334,PH0062,MED0026,0,OUT_OF_STOCK,2026-08-18 19:08:19
INV003335,PH0062,MED0246,25,AVAILABLE,2026-08-18 18:12:35
INV003336,PH0062,MED0047,42,AVAILABLE,2026-08-18 17:22:39
INV003337,PH0062,MED0270,12,LOW_STOCK,2026-08-18 20:25:51
INV003338,PH0062,MED0231,238,AVAILABLE,2026-08-18 19:32:29
INV003339,PH0062,MED0003,252,AVAILABLE,2026-08-18 17:58:45
INV003340,PH0062,MED0172,368,AVAILABLE,2026-08-18 17:16:21
INV003341,PH0062,MED0037,394,AVAILABLE,2026-08-18 19:31:55
INV003342,PH0062,MED0041,8,LOW_STOCK,2026-08-18 19:37:11
INV003343,PH0062,MED0043,0,OUT_OF_STOCK,2026-08-18 19:52:01
INV003344,PH0062,MED0206,0,OUT_OF_STOCK,2026-08-18 19:26:13
INV003345,PH0062,MED0251,169,AVAILABLE,2026-08-18 15:52:46
INV003346,PH0062,MED0153,265,AVAILABLE,2026-08-18 20:02:14
INV003347,PH0062,MED0257,25,AVAILABLE,2026-08-18 20:00:38
INV003348,PH0062,MED0364,17,LOW_STOCK,2026-08-18 19:40:35
INV003349,PH0062,MED0450,0,OUT_OF_STOCK,2026-08-18 15:13:45
INV003350,PH0062,MED0266,62,AVAILABLE,2026-08-18 18:34:38
INV003351,PH0062,MED0219,186,AVAILABLE,2026-08-18 16:40:07
INV003352,PH0062,MED0503,156,AVAILABLE,2026-08-18 15:27:23
INV003353,PH0062,MED0064,18,LOW_STOCK,2026-08-18 17:46:25
INV003354,PH0062,MED0342,181,AVAILABLE,2026-08-18 15:09:59
INV003355,PH0062,MED0179,0,OUT_OF_STOCK,2026-08-18 15:10:13
INV003356,PH0062,MED0241,0,OUT_OF_STOCK,2026-08-18 17:23:15
INV003357,PH0062,MED0350,22,AVAILABLE,2026-08-18 16:04:37
INV003358,PH0062,MED0387,99,AVAILABLE,2026-08-18 18:36:20
INV003359,PH0062,MED0469,47,AVAILABLE,2026-08-18 20:24:01
INV003360,PH0062,MED0227,125,AVAILABLE,2026-08-18 16:08:42
INV003361,PH0062,MED0382,86,AVAILABLE,2026-08-18 17:30:11
INV003362,PH0062,MED0438,338,AVAILABLE,2026-08-18 18:43:56
INV003363,PH0062,MED0508,30,AVAILABLE,2026-08-18 15:23:21
INV003364,PH0062,MED0292,0,OUT_OF_STOCK,2026-08-18 19:40:12
INV003365,PH0062,MED0060,0,OUT_OF_STOCK,2026-08-18 19:33:25
INV003366,PH0062,MED0466,145,AVAILABLE,2026-08-18 20:58:10
INV003367,PH0063,MED0068,323,AVAILABLE,2026-08-18 01:12:01
INV003368,PH0063,MED0238,50,AVAILABLE,2026-08-17 21:04:42
INV003369,PH0063,MED0153,126,AVAILABLE,2026-08-17 20:21:29
INV003370,PH0063,MED0451,94,AVAILABLE,2026-08-17 20:42:22
INV003371,PH0063,MED0442,0,OUT_OF_STOCK,2026-08-18 01:20:38
INV003372,PH0063,MED0320,0,OUT_OF_STOCK,2026-08-18 01:46:20
INV003373,PH0063,MED0518,60,AVAILABLE,2026-08-17 21:55:07
INV003374,PH0063,MED0054,13,LOW_STOCK,2026-08-17 20:18:17
INV003375,PH0063,MED0359,48,AVAILABLE,2026-08-18 00:05:55
INV003376,PH0063,MED0226,2,LOW_STOCK,2026-08-17 22:30:17
INV003377,PH0063,MED0001,0,OUT_OF_STOCK,2026-08-17 20:08:24
INV003378,PH0063,MED0072,167,AVAILABLE,2026-08-17 21:39:05
INV003379,PH0063,MED0094,284,AVAILABLE,2026-08-17 23:45:03
INV003380,PH0063,MED0132,268,AVAILABLE,2026-08-17 22:18:15
INV003381,PH0063,MED0049,17,LOW_STOCK,2026-08-17 20:15:26
INV003382,PH0063,MED0476,386,AVAILABLE,2026-08-17 23:55:38
INV003383,PH0063,MED0508,141,AVAILABLE,2026-08-17 22:44:48
INV003384,PH0063,MED0053,63,AVAILABLE,2026-08-17 22:41:23
INV003385,PH0063,MED0487,367,AVAILABLE,2026-08-18 00:46:39
INV003386,PH0063,MED0023,90,AVAILABLE,2026-08-17 23:17:05
INV003387,PH0063,MED0033,87,AVAILABLE,2026-08-17 22:22:59
INV003388,PH0063,MED0125,0,OUT_OF_STOCK,2026-08-17 23:50:40
INV003389,PH0063,MED0513,0,OUT_OF_STOCK,2026-08-17 23:06:07
INV003390,PH0063,MED0318,17,LOW_STOCK,2026-08-17 21:56:10
INV003391,PH0063,MED0365,193,AVAILABLE,2026-08-17 22:21:14
INV003392,PH0063,MED0474,282,AVAILABLE,2026-08-18 01:09:39
INV003393,PH0063,MED0438,392,AVAILABLE,2026-08-17 20:47:24
INV003394,PH0063,MED0372,175,AVAILABLE,2026-08-18 00:20:01
INV003395,PH0063,MED0026,218,AVAILABLE,2026-08-18 01:17:04
INV003396,PH0063,MED0504,0,OUT_OF_STOCK,2026-08-17 21:39:10
INV003397,PH0063,MED0493,303,AVAILABLE,2026-08-18 00:12:50
INV003398,PH0063,MED0273,385,AVAILABLE,2026-08-17 20:49:57
INV003399,PH0063,MED0352,5,LOW_STOCK,2026-08-17 21:58:40
INV003400,PH0063,MED0348,384,AVAILABLE,2026-08-18 00:09:41
INV003401,PH0063,MED0332,190,AVAILABLE,2026-08-18 01:44:37
INV003402,PH0063,MED0366,0,OUT_OF_STOCK,2026-08-17 20:19:21
INV003403,PH0063,MED0305,200,AVAILABLE,2026-08-17 22:17:47
INV003404,PH0063,MED0354,127,AVAILABLE,2026-08-17 23:41:41
INV003405,PH0063,MED0057,281,AVAILABLE,2026-08-18 01:26:15
INV003406,PH0063,MED0435,384,AVAILABLE,2026-08-18 01:05:59
INV003407,PH0063,MED0050,244,AVAILABLE,2026-08-17 21:14:55
INV003408,PH0063,MED0207,251,AVAILABLE,2026-08-17 22:08:20
INV003409,PH0063,MED0166,0,OUT_OF_STOCK,2026-08-17 22:27:28
INV003410,PH0063,MED0478,165,AVAILABLE,2026-08-17 20:37:41
INV003411,PH0063,MED0346,131,AVAILABLE,2026-08-17 22:49:06
INV003412,PH0064,MED0174,167,AVAILABLE,2026-08-18 09:57:54
INV003413,PH0064,MED0082,147,AVAILABLE,2026-08-18 11:29:23
INV003414,PH0064,MED0459,39,AVAILABLE,2026-08-18 14:16:58
INV003415,PH0064,MED0378,165,AVAILABLE,2026-08-18 09:08:24
INV003416,PH0064,MED0237,10,LOW_STOCK,2026-08-18 11:06:01
INV003417,PH0064,MED0198,372,AVAILABLE,2026-08-18 09:57:42
INV003418,PH0064,MED0453,155,AVAILABLE,2026-08-18 08:51:10
INV003419,PH0064,MED0193,74,AVAILABLE,2026-08-18 11:46:00
INV003420,PH0064,MED0187,367,AVAILABLE,2026-08-18 11:00:11
INV003421,PH0064,MED0003,357,AVAILABLE,2026-08-18 09:18:44
INV003422,PH0064,MED0512,188,AVAILABLE,2026-08-18 12:12:03
INV003423,PH0064,MED0021,35,AVAILABLE,2026-08-18 08:48:15
INV003424,PH0064,MED0354,240,AVAILABLE,2026-08-18 11:42:16
INV003425,PH0064,MED0285,30,AVAILABLE,2026-08-18 12:07:52
INV003426,PH0064,MED0480,99,AVAILABLE,2026-08-18 08:55:02
INV003427,PH0064,MED0207,16,LOW_STOCK,2026-08-18 12:00:04
INV003428,PH0064,MED0216,52,AVAILABLE,2026-08-18 08:44:00
INV003429,PH0064,MED0188,77,AVAILABLE,2026-08-18 10:13:27
INV003430,PH0064,MED0278,72,AVAILABLE,2026-08-18 11:24:22
INV003431,PH0064,MED0295,45,AVAILABLE,2026-08-18 14:02:58
INV003432,PH0064,MED0101,206,AVAILABLE,2026-08-18 12:21:59
INV003433,PH0064,MED0384,168,AVAILABLE,2026-08-18 12:15:57
INV003434,PH0064,MED0336,192,AVAILABLE,2026-08-18 09:03:31
INV003435,PH0064,MED0317,242,AVAILABLE,2026-08-18 09:34:35
INV003436,PH0064,MED0516,0,OUT_OF_STOCK,2026-08-18 11:02:07
INV003437,PH0064,MED0033,0,OUT_OF_STOCK,2026-08-18 12:08:48
INV003438,PH0064,MED0335,14,LOW_STOCK,2026-08-18 11:53:47
INV003439,PH0064,MED0411,333,AVAILABLE,2026-08-18 12:14:53
INV003440,PH0064,MED0508,400,AVAILABLE,2026-08-18 10:54:06
INV003441,PH0064,MED0028,233,AVAILABLE,2026-08-18 09:49:48
INV003442,PH0064,MED0134,122,AVAILABLE,2026-08-18 13:54:29
INV003443,PH0064,MED0441,188,AVAILABLE,2026-08-18 10:18:07
INV003444,PH0064,MED0018,101,AVAILABLE,2026-08-18 13:49:26
INV003445,PH0064,MED0487,253,AVAILABLE,2026-08-18 10:53:11
INV003446,PH0064,MED0277,304,AVAILABLE,2026-08-18 12:04:57
INV003447,PH0064,MED0492,335,AVAILABLE,2026-08-18 10:17:42
INV003448,PH0064,MED0096,55,AVAILABLE,2026-08-18 10:22:32
INV003449,PH0064,MED0015,288,AVAILABLE,2026-08-18 10:55:49
INV003450,PH0064,MED0114,17,LOW_STOCK,2026-08-18 11:06:25
INV003451,PH0064,MED0498,0,OUT_OF_STOCK,2026-08-18 13:51:25
INV003452,PH0064,MED0253,302,AVAILABLE,2026-08-18 13:12:12
INV003453,PH0064,MED0124,75,AVAILABLE,2026-08-18 12:10:06
INV003454,PH0064,MED0298,42,AVAILABLE,2026-08-18 13:24:51
INV003455,PH0064,MED0186,36,AVAILABLE,2026-08-18 10:43:06
INV003456,PH0064,MED0057,367,AVAILABLE,2026-08-18 09:59:00
INV003457,PH0064,MED0030,312,AVAILABLE,2026-08-18 11:47:03
INV003458,PH0064,MED0444,41,AVAILABLE,2026-08-18 13:16:31
INV003459,PH0064,MED0483,362,AVAILABLE,2026-08-18 09:02:53
INV003460,PH0064,MED0199,17,LOW_STOCK,2026-08-18 13:22:03
INV003461,PH0065,MED0021,18,LOW_STOCK,2026-08-19 20:06:06
INV003462,PH0065,MED0192,172,AVAILABLE,2026-08-19 21:35:44
INV003463,PH0065,MED0453,14,LOW_STOCK,2026-08-19 18:39:28
INV003464,PH0065,MED0500,147,AVAILABLE,2026-08-19 18:48:33
INV003465,PH0065,MED0198,89,AVAILABLE,2026-08-19 18:51:38
INV003466,PH0065,MED0187,173,AVAILABLE,2026-08-19 20:13:13
INV003467,PH0065,MED0491,170,AVAILABLE,2026-08-19 22:10:38
INV003468,PH0065,MED0449,242,AVAILABLE,2026-08-19 21:32:34
INV003469,PH0065,MED0018,392,AVAILABLE,2026-08-19 18:23:54
INV003470,PH0065,MED0105,35,AVAILABLE,2026-08-19 21:44:58
INV003471,PH0065,MED0059,119,AVAILABLE,2026-08-19 18:41:47
INV003472,PH0065,MED0267,14,LOW_STOCK,2026-08-19 20:51:24
INV003473,PH0065,MED0408,353,AVAILABLE,2026-08-19 21:19:55
INV003474,PH0065,MED0169,374,AVAILABLE,2026-08-19 19:59:51
INV003475,PH0065,MED0023,174,AVAILABLE,2026-08-19 21:39:35
INV003476,PH0065,MED0276,179,AVAILABLE,2026-08-19 20:57:59
INV003477,PH0065,MED0393,65,AVAILABLE,2026-08-19 21:27:35
INV003478,PH0065,MED0395,0,OUT_OF_STOCK,2026-08-19 19:38:11
INV003479,PH0065,MED0136,11,LOW_STOCK,2026-08-19 21:47:58
INV003480,PH0065,MED0016,0,OUT_OF_STOCK,2026-08-19 20:40:21
INV003481,PH0065,MED0498,93,AVAILABLE,2026-08-19 22:07:10
INV003482,PH0065,MED0186,98,AVAILABLE,2026-08-19 19:32:09
INV003483,PH0065,MED0083,1,LOW_STOCK,2026-08-19 18:12:51
INV003484,PH0065,MED0138,9,LOW_STOCK,2026-08-19 18:42:05
INV003485,PH0065,MED0385,219,AVAILABLE,2026-08-19 20:47:08
INV003486,PH0065,MED0356,4,LOW_STOCK,2026-08-19 19:19:40
INV003487,PH0065,MED0265,91,AVAILABLE,2026-08-19 19:50:10
INV003488,PH0065,MED0158,0,OUT_OF_STOCK,2026-08-19 18:39:46
INV003489,PH0065,MED0290,350,AVAILABLE,2026-08-19 22:28:37
INV003490,PH0065,MED0064,271,AVAILABLE,2026-08-19 22:28:16
INV003491,PH0065,MED0080,0,OUT_OF_STOCK,2026-08-19 22:02:55
INV003492,PH0065,MED0434,305,AVAILABLE,2026-08-19 18:39:15
INV003493,PH0065,MED0182,218,AVAILABLE,2026-08-19 19:14:33
INV003494,PH0065,MED0205,283,AVAILABLE,2026-08-19 20:48:48
INV003495,PH0065,MED0427,17,LOW_STOCK,2026-08-19 17:30:48
INV003496,PH0065,MED0033,145,AVAILABLE,2026-08-19 22:59:12
INV003497,PH0065,MED0116,188,AVAILABLE,2026-08-19 21:19:42
INV003498,PH0065,MED0397,186,AVAILABLE,2026-08-19 19:14:27
INV003499,PH0065,MED0328,224,AVAILABLE,2026-08-19 19:23:06
INV003500,PH0065,MED0470,210,AVAILABLE,2026-08-19 18:20:29
INV003501,PH0065,MED0368,0,OUT_OF_STOCK,2026-08-19 19:14:00
INV003502,PH0065,MED0486,200,AVAILABLE,2026-08-19 21:16:17
INV003503,PH0065,MED0258,0,OUT_OF_STOCK,2026-08-19 20:55:19
INV003504,PH0065,MED0145,353,AVAILABLE,2026-08-19 20:44:58
INV003505,PH0066,MED0040,328,AVAILABLE,2026-07-19 19:50:00
INV003506,PH0066,MED0240,6,LOW_STOCK,2026-07-19 18:36:57
INV003507,PH0066,MED0238,74,AVAILABLE,2026-07-19 19:53:06
INV003508,PH0066,MED0453,118,AVAILABLE,2026-07-19 16:07:13
INV003509,PH0066,MED0017,110,AVAILABLE,2026-07-19 21:09:48
INV003510,PH0066,MED0365,64,AVAILABLE,2026-07-19 15:31:59
INV003511,PH0066,MED0489,246,AVAILABLE,2026-07-19 19:55:00
INV003512,PH0066,MED0285,208,AVAILABLE,2026-07-19 20:35:36
INV003513,PH0066,MED0338,62,AVAILABLE,2026-07-19 17:37:40
INV003514,PH0066,MED0038,290,AVAILABLE,2026-07-19 19:19:53
INV003515,PH0066,MED0301,0,OUT_OF_STOCK,2026-07-19 19:22:30
INV003516,PH0066,MED0193,71,AVAILABLE,2026-07-19 20:00:16
INV003517,PH0066,MED0308,300,AVAILABLE,2026-07-19 19:30:00
INV003518,PH0066,MED0360,340,AVAILABLE,2026-07-19 19:50:18
INV003519,PH0066,MED0464,115,AVAILABLE,2026-07-19 16:25:10
INV003520,PH0066,MED0352,276,AVAILABLE,2026-07-19 16:12:32
INV003521,PH0066,MED0320,0,OUT_OF_STOCK,2026-07-19 17:09:21
INV003522,PH0066,MED0267,270,AVAILABLE,2026-07-19 17:23:15
INV003523,PH0066,MED0179,0,OUT_OF_STOCK,2026-07-19 19:44:32
INV003524,PH0066,MED0097,300,AVAILABLE,2026-07-19 20:50:32
INV003525,PH0066,MED0261,400,AVAILABLE,2026-07-19 16:36:53
INV003526,PH0066,MED0408,0,OUT_OF_STOCK,2026-07-19 16:28:34
INV003527,PH0066,MED0358,206,AVAILABLE,2026-07-19 20:30:38
INV003528,PH0066,MED0497,12,LOW_STOCK,2026-07-19 18:39:44
INV003529,PH0066,MED0126,171,AVAILABLE,2026-07-19 17:56:05
INV003530,PH0066,MED0218,205,AVAILABLE,2026-07-19 17:42:30
INV003531,PH0066,MED0494,87,AVAILABLE,2026-07-19 18:34:43
INV003532,PH0066,MED0454,199,AVAILABLE,2026-07-19 17:43:07
INV003533,PH0066,MED0329,77,AVAILABLE,2026-07-19 16:36:23
INV003534,PH0066,MED0172,277,AVAILABLE,2026-07-19 16:29:14
INV003535,PH0066,MED0106,23,AVAILABLE,2026-07-19 17:39:07
INV003536,PH0066,MED0113,399,AVAILABLE,2026-07-19 17:05:59
INV003537,PH0066,MED0016,40,AVAILABLE,2026-07-19 18:50:54
INV003538,PH0066,MED0340,98,AVAILABLE,2026-07-19 16:02:04
INV003539,PH0066,MED0029,0,OUT_OF_STOCK,2026-07-19 18:07:07
INV003540,PH0066,MED0349,193,AVAILABLE,2026-07-19 16:35:44
INV003541,PH0066,MED0235,255,AVAILABLE,2026-07-19 20:45:21
INV003542,PH0066,MED0015,0,OUT_OF_STOCK,2026-07-19 16:24:39
INV003543,PH0066,MED0509,145,AVAILABLE,2026-07-19 20:55:16
INV003544,PH0066,MED0121,164,AVAILABLE,2026-07-19 19:55:25
INV003545,PH0066,MED0440,231,AVAILABLE,2026-07-19 18:52:02
INV003546,PH0066,MED0393,42,AVAILABLE,2026-07-19 20:21:50
INV003547,PH0066,MED0185,64,AVAILABLE,2026-07-19 15:59:28
INV003548,PH0066,MED0341,0,OUT_OF_STOCK,2026-07-19 21:17:03
INV003549,PH0066,MED0333,148,AVAILABLE,2026-07-19 18:41:42
INV003550,PH0066,MED0234,96,AVAILABLE,2026-07-19 18:53:28
INV003551,PH0066,MED0404,8,LOW_STOCK,2026-07-19 18:59:10
INV003552,PH0066,MED0190,5,LOW_STOCK,2026-07-19 18:41:20
INV003553,PH0066,MED0353,23,AVAILABLE,2026-07-19 21:22:15
INV003554,PH0066,MED0515,14,LOW_STOCK,2026-07-19 18:07:05
INV003555,PH0066,MED0486,316,AVAILABLE,2026-07-19 21:24:02
INV003556,PH0066,MED0469,58,AVAILABLE,2026-07-19 16:46:53
INV003557,PH0066,MED0155,0,OUT_OF_STOCK,2026-07-19 18:16:54
INV003558,PH0067,MED0499,7,LOW_STOCK,2026-08-17 23:16:11
INV003559,PH0067,MED0206,0,OUT_OF_STOCK,2026-08-17 23:21:23
INV003560,PH0067,MED0263,137,AVAILABLE,2026-08-17 23:34:10
INV003561,PH0067,MED0516,0,OUT_OF_STOCK,2026-08-17 22:56:27
INV003562,PH0067,MED0122,164,AVAILABLE,2026-08-17 23:43:35
INV003563,PH0067,MED0183,61,AVAILABLE,2026-08-17 22:54:21
INV003564,PH0067,MED0362,262,AVAILABLE,2026-08-17 23:13:29
INV003565,PH0067,MED0390,7,LOW_STOCK,2026-08-18 03:15:33
INV003566,PH0067,MED0180,290,AVAILABLE,2026-08-18 02:46:04
INV003567,PH0067,MED0409,110,AVAILABLE,2026-08-18 01:45:19
INV003568,PH0067,MED0202,290,AVAILABLE,2026-08-17 23:25:34
INV003569,PH0067,MED0463,370,AVAILABLE,2026-08-18 02:08:44
INV003570,PH0067,MED0049,32,AVAILABLE,2026-08-18 03:16:30
INV003571,PH0067,MED0072,55,AVAILABLE,2026-08-17 22:59:38
INV003572,PH0067,MED0128,53,AVAILABLE,2026-08-18 02:11:35
INV003573,PH0067,MED0011,278,AVAILABLE,2026-08-18 03:56:04
INV003574,PH0067,MED0347,45,AVAILABLE,2026-08-18 00:29:25
INV003575,PH0067,MED0005,220,AVAILABLE,2026-08-17 23:28:58
INV003576,PH0067,MED0153,134,AVAILABLE,2026-08-17 22:14:52
INV003577,PH0067,MED0429,141,AVAILABLE,2026-08-18 04:05:31
INV003578,PH0067,MED0297,10,LOW_STOCK,2026-08-18 02:58:12
INV003579,PH0067,MED0485,0,OUT_OF_STOCK,2026-08-18 00:39:54
INV003580,PH0067,MED0237,164,AVAILABLE,2026-08-18 03:24:50
INV003581,PH0067,MED0412,154,AVAILABLE,2026-08-18 02:43:52
INV003582,PH0067,MED0076,0,OUT_OF_STOCK,2026-08-18 00:15:01
INV003583,PH0067,MED0190,256,AVAILABLE,2026-08-18 04:04:00
INV003584,PH0067,MED0056,0,OUT_OF_STOCK,2026-08-18 03:45:43
INV003585,PH0067,MED0397,0,OUT_OF_STOCK,2026-08-17 23:55:50
INV003586,PH0067,MED0173,8,LOW_STOCK,2026-08-17 22:57:19
INV003587,PH0067,MED0179,19,LOW_STOCK,2026-08-17 23:39:43
INV003588,PH0067,MED0138,348,AVAILABLE,2026-08-17 23:05:15
INV003589,PH0067,MED0212,0,OUT_OF_STOCK,2026-08-18 03:28:49
INV003590,PH0067,MED0043,247,AVAILABLE,2026-08-18 01:52:52
INV003591,PH0067,MED0473,68,AVAILABLE,2026-08-18 01:10:10
INV003592,PH0067,MED0007,372,AVAILABLE,2026-08-17 23:29:08
INV003593,PH0067,MED0446,379,AVAILABLE,2026-08-18 03:42:57
INV003594,PH0067,MED0124,197,AVAILABLE,2026-08-17 23:48:16
INV003595,PH0067,MED0108,13,LOW_STOCK,2026-08-18 00:29:29
INV003596,PH0067,MED0282,0,OUT_OF_STOCK,2026-08-18 00:13:42
INV003597,PH0067,MED0046,0,OUT_OF_STOCK,2026-08-17 22:47:41
INV003598,PH0067,MED0075,275,AVAILABLE,2026-08-18 03:57:48
INV003599,PH0067,MED0047,151,AVAILABLE,2026-08-17 23:47:42
INV003600,PH0067,MED0411,199,AVAILABLE,2026-08-17 23:54:21
INV003601,PH0067,MED0020,0,OUT_OF_STOCK,2026-08-17 22:10:28
INV003602,PH0068,MED0119,96,AVAILABLE,2026-08-21 03:40:21
INV003603,PH0068,MED0255,123,AVAILABLE,2026-08-21 03:57:31
INV003604,PH0068,MED0082,30,AVAILABLE,2026-08-21 05:33:48
INV003605,PH0068,MED0402,215,AVAILABLE,2026-08-21 04:21:25
INV003606,PH0068,MED0061,153,AVAILABLE,2026-08-21 07:11:43
INV003607,PH0068,MED0197,11,LOW_STOCK,2026-08-21 06:59:41
INV003608,PH0068,MED0045,15,LOW_STOCK,2026-08-21 08:52:59
INV003609,PH0068,MED0390,101,AVAILABLE,2026-08-21 07:04:59
INV003610,PH0068,MED0453,343,AVAILABLE,2026-08-21 05:36:04
INV003611,PH0068,MED0094,53,AVAILABLE,2026-08-21 08:49:10
INV003612,PH0068,MED0410,30,AVAILABLE,2026-08-21 05:06:36
INV003613,PH0068,MED0213,330,AVAILABLE,2026-08-21 04:13:49
INV003614,PH0068,MED0195,243,AVAILABLE,2026-08-21 04:30:59
INV003615,PH0068,MED0320,0,OUT_OF_STOCK,2026-08-21 07:52:37
INV003616,PH0068,MED0216,304,AVAILABLE,2026-08-21 09:08:37
INV003617,PH0068,MED0041,45,AVAILABLE,2026-08-21 04:18:47
INV003618,PH0068,MED0464,13,LOW_STOCK,2026-08-21 05:32:47
INV003619,PH0068,MED0461,196,AVAILABLE,2026-08-21 03:58:22
INV003620,PH0068,MED0015,361,AVAILABLE,2026-08-21 05:24:19
INV003621,PH0068,MED0311,271,AVAILABLE,2026-08-21 04:26:25
INV003622,PH0068,MED0365,0,OUT_OF_STOCK,2026-08-21 05:31:15
INV003623,PH0068,MED0233,377,AVAILABLE,2026-08-21 07:13:58
INV003624,PH0068,MED0248,71,AVAILABLE,2026-08-21 08:54:58
INV003625,PH0068,MED0164,351,AVAILABLE,2026-08-21 05:36:39
INV003626,PH0068,MED0064,225,AVAILABLE,2026-08-21 07:42:42
INV003627,PH0068,MED0479,271,AVAILABLE,2026-08-21 06:50:58
INV003628,PH0068,MED0029,324,AVAILABLE,2026-08-21 07:22:30
INV003629,PH0068,MED0364,308,AVAILABLE,2026-08-21 05:25:55
INV003630,PH0068,MED0212,5,LOW_STOCK,2026-08-21 09:19:32
INV003631,PH0068,MED0469,81,AVAILABLE,2026-08-21 03:43:17
INV003632,PH0068,MED0259,142,AVAILABLE,2026-08-21 04:24:51
INV003633,PH0068,MED0144,311,AVAILABLE,2026-08-21 03:56:40
INV003634,PH0068,MED0091,164,AVAILABLE,2026-08-21 05:09:48
INV003635,PH0068,MED0413,332,AVAILABLE,2026-08-21 08:29:56
INV003636,PH0068,MED0368,273,AVAILABLE,2026-08-21 07:24:20
INV003637,PH0068,MED0072,156,AVAILABLE,2026-08-21 04:16:17
INV003638,PH0068,MED0454,233,AVAILABLE,2026-08-21 05:42:48
INV003639,PH0068,MED0237,297,AVAILABLE,2026-08-21 08:49:24
INV003640,PH0068,MED0218,77,AVAILABLE,2026-08-21 06:36:24
INV003641,PH0068,MED0121,280,AVAILABLE,2026-08-21 06:51:05
INV003642,PH0068,MED0334,8,LOW_STOCK,2026-08-21 07:18:15
INV003643,PH0068,MED0234,11,LOW_STOCK,2026-08-21 05:37:10
INV003644,PH0068,MED0043,294,AVAILABLE,2026-08-21 08:08:09
INV003645,PH0068,MED0498,316,AVAILABLE,2026-08-21 06:00:20
INV003646,PH0068,MED0445,0,OUT_OF_STOCK,2026-08-21 08:40:46
INV003647,PH0068,MED0480,61,AVAILABLE,2026-08-21 05:52:38
INV003648,PH0068,MED0333,214,AVAILABLE,2026-08-21 04:11:41
INV003649,PH0068,MED0343,315,AVAILABLE,2026-08-21 08:48:31
INV003650,PH0068,MED0194,271,AVAILABLE,2026-08-21 08:52:32
INV003651,PH0068,MED0157,235,AVAILABLE,2026-08-21 03:46:27
INV003652,PH0068,MED0369,127,AVAILABLE,2026-08-21 07:19:47
INV003653,PH0068,MED0056,128,AVAILABLE,2026-08-21 05:47:04
INV003654,PH0068,MED0463,304,AVAILABLE,2026-08-21 06:40:36
INV003655,PH0068,MED0219,184,AVAILABLE,2026-08-21 05:41:55
INV003656,PH0068,MED0051,283,AVAILABLE,2026-08-21 04:45:36
INV003657,PH0068,MED0202,264,AVAILABLE,2026-08-21 07:18:13
INV003658,PH0068,MED0335,189,AVAILABLE,2026-08-21 08:28:46
INV003659,PH0068,MED0193,47,AVAILABLE,2026-08-21 08:43:57
INV003660,PH0068,MED0003,301,AVAILABLE,2026-08-21 03:48:38
INV003661,PH0068,MED0125,278,AVAILABLE,2026-08-21 08:48:13
INV003662,PH0068,MED0024,100,AVAILABLE,2026-08-21 07:07:40
INV003663,PH0068,MED0423,321,AVAILABLE,2026-08-21 08:21:55
INV003664,PH0068,MED0474,82,AVAILABLE,2026-08-21 06:50:05
INV003665,PH0068,MED0303,104,AVAILABLE,2026-08-21 04:44:36
INV003666,PH0068,MED0165,133,AVAILABLE,2026-08-21 09:03:03
INV003667,PH0068,MED0059,281,AVAILABLE,2026-08-21 06:57:29
INV003668,PH0068,MED0207,24,AVAILABLE,2026-08-21 04:47:16
INV003669,PH0068,MED0252,161,AVAILABLE,2026-08-21 05:25:59
INV003670,PH0068,MED0013,244,AVAILABLE,2026-08-21 07:18:21
INV003671,PH0068,MED0482,351,AVAILABLE,2026-08-21 09:12:51
INV003672,PH0069,MED0241,266,AVAILABLE,2026-08-20 23:54:51
INV003673,PH0069,MED0512,267,AVAILABLE,2026-08-20 23:23:04
INV003674,PH0069,MED0016,254,AVAILABLE,2026-08-21 02:15:59
INV003675,PH0069,MED0470,84,AVAILABLE,2026-08-21 00:03:16
INV003676,PH0069,MED0229,348,AVAILABLE,2026-08-21 02:09:17
INV003677,PH0069,MED0335,277,AVAILABLE,2026-08-20 22:31:14
INV003678,PH0069,MED0363,373,AVAILABLE,2026-08-21 02:05:16
INV003679,PH0069,MED0026,320,AVAILABLE,2026-08-21 03:13:34
INV003680,PH0069,MED0077,100,AVAILABLE,2026-08-21 03:46:10
INV003681,PH0069,MED0219,37,AVAILABLE,2026-08-20 23:40:19
INV003682,PH0069,MED0434,322,AVAILABLE,2026-08-20 23:51:34
INV003683,PH0069,MED0082,349,AVAILABLE,2026-08-21 01:57:23
INV003684,PH0069,MED0201,333,AVAILABLE,2026-08-21 02:31:51
INV003685,PH0069,MED0290,71,AVAILABLE,2026-08-21 01:37:44
INV003686,PH0069,MED0103,255,AVAILABLE,2026-08-20 22:12:42
INV003687,PH0069,MED0271,294,AVAILABLE,2026-08-21 02:10:40
INV003688,PH0069,MED0401,313,AVAILABLE,2026-08-20 23:30:59
INV003689,PH0069,MED0384,316,AVAILABLE,2026-08-21 00:12:40
INV003690,PH0069,MED0095,74,AVAILABLE,2026-08-21 03:42:28
INV003691,PH0069,MED0188,28,AVAILABLE,2026-08-21 02:16:17
INV003692,PH0069,MED0409,19,LOW_STOCK,2026-08-21 01:13:36
INV003693,PH0069,MED0345,198,AVAILABLE,2026-08-21 02:24:00
INV003694,PH0069,MED0233,78,AVAILABLE,2026-08-20 22:32:44
INV003695,PH0069,MED0064,288,AVAILABLE,2026-08-20 23:16:20
INV003696,PH0069,MED0046,347,AVAILABLE,2026-08-21 00:22:51
INV003697,PH0069,MED0177,338,AVAILABLE,2026-08-21 00:13:17
INV003698,PH0069,MED0158,99,AVAILABLE,2026-08-20 23:29:40
INV003699,PH0069,MED0351,320,AVAILABLE,2026-08-21 02:35:52
INV003700,PH0069,MED0185,184,AVAILABLE,2026-08-21 02:48:35
INV003701,PH0069,MED0463,277,AVAILABLE,2026-08-20 22:44:38
INV003702,PH0069,MED0014,65,AVAILABLE,2026-08-21 02:07:15
INV003703,PH0069,MED0310,116,AVAILABLE,2026-08-21 02:16:23
INV003704,PH0069,MED0272,47,AVAILABLE,2026-08-21 00:12:44
INV003705,PH0069,MED0304,230,AVAILABLE,2026-08-21 02:21:10
INV003706,PH0069,MED0113,371,AVAILABLE,2026-08-21 03:06:08
INV003707,PH0069,MED0049,191,AVAILABLE,2026-08-20 22:37:08
INV003708,PH0069,MED0174,103,AVAILABLE,2026-08-21 04:03:03
INV003709,PH0069,MED0297,83,AVAILABLE,2026-08-20 23:05:14
INV003710,PH0069,MED0423,148,AVAILABLE,2026-08-20 23:18:44
INV003711,PH0069,MED0438,376,AVAILABLE,2026-08-21 03:03:10
INV003712,PH0069,MED0466,311,AVAILABLE,2026-08-21 02:21:48
INV003713,PH0069,MED0057,62,AVAILABLE,2026-08-20 23:33:57
INV003714,PH0069,MED0344,171,AVAILABLE,2026-08-21 02:41:46
INV003715,PH0069,MED0412,51,AVAILABLE,2026-08-20 22:33:38
INV003716,PH0069,MED0456,194,AVAILABLE,2026-08-20 23:04:16
INV003717,PH0069,MED0289,370,AVAILABLE,2026-08-21 03:46:22
INV003718,PH0069,MED0069,233,AVAILABLE,2026-08-21 03:45:58
INV003719,PH0069,MED0129,312,AVAILABLE,2026-08-21 00:55:03
INV003720,PH0069,MED0436,0,OUT_OF_STOCK,2026-08-21 00:36:07
INV003721,PH0069,MED0342,75,AVAILABLE,2026-08-21 01:43:24
INV003722,PH0069,MED0394,58,AVAILABLE,2026-08-21 02:30:43
INV003723,PH0069,MED0099,0,OUT_OF_STOCK,2026-08-21 03:00:23
INV003724,PH0069,MED0162,0,OUT_OF_STOCK,2026-08-21 00:16:18
INV003725,PH0069,MED0032,224,AVAILABLE,2026-08-21 03:39:58
INV003726,PH0069,MED0161,330,AVAILABLE,2026-08-21 02:02:45
INV003727,PH0070,MED0257,63,AVAILABLE,2026-08-18 19:58:29
INV003728,PH0070,MED0216,0,OUT_OF_STOCK,2026-08-18 22:24:59
INV003729,PH0070,MED0238,120,AVAILABLE,2026-08-18 20:32:20
INV003730,PH0070,MED0185,26,AVAILABLE,2026-08-18 22:18:16
INV003731,PH0070,MED0234,325,AVAILABLE,2026-08-18 18:20:48
INV003732,PH0070,MED0495,240,AVAILABLE,2026-08-18 18:58:03
INV003733,PH0070,MED0381,15,LOW_STOCK,2026-08-18 19:16:00
INV003734,PH0070,MED0409,211,AVAILABLE,2026-08-18 18:47:07
INV003735,PH0070,MED0425,309,AVAILABLE,2026-08-18 22:47:24
INV003736,PH0070,MED0084,397,AVAILABLE,2026-08-18 18:19:46
INV003737,PH0070,MED0017,107,AVAILABLE,2026-08-18 22:38:01
INV003738,PH0070,MED0007,79,AVAILABLE,2026-08-18 19:17:19
INV003739,PH0070,MED0048,164,AVAILABLE,2026-08-18 22:11:14
INV003740,PH0070,MED0188,331,AVAILABLE,2026-08-18 21:31:31
INV003741,PH0070,MED0162,76,AVAILABLE,2026-08-18 21:26:31
INV003742,PH0070,MED0433,0,OUT_OF_STOCK,2026-08-18 20:04:05
INV003743,PH0070,MED0420,380,AVAILABLE,2026-08-18 20:46:00
INV003744,PH0070,MED0258,117,AVAILABLE,2026-08-18 19:39:52
INV003745,PH0070,MED0456,106,AVAILABLE,2026-08-18 20:40:27
INV003746,PH0070,MED0259,81,AVAILABLE,2026-08-18 18:10:27
INV003747,PH0070,MED0261,0,OUT_OF_STOCK,2026-08-18 20:26:46
INV003748,PH0070,MED0497,0,OUT_OF_STOCK,2026-08-18 19:25:54
INV003749,PH0070,MED0349,174,AVAILABLE,2026-08-18 18:56:11
INV003750,PH0070,MED0498,277,AVAILABLE,2026-08-18 20:03:59
INV003751,PH0070,MED0233,226,AVAILABLE,2026-08-18 20:57:48
INV003752,PH0070,MED0402,57,AVAILABLE,2026-08-18 19:00:04
INV003753,PH0070,MED0304,115,AVAILABLE,2026-08-18 17:30:37
INV003754,PH0070,MED0474,146,AVAILABLE,2026-08-18 19:10:30
INV003755,PH0070,MED0380,362,AVAILABLE,2026-08-18 21:11:08
INV003756,PH0070,MED0249,72,AVAILABLE,2026-08-18 17:40:07
INV003757,PH0070,MED0116,159,AVAILABLE,2026-08-18 18:59:03
INV003758,PH0070,MED0191,180,AVAILABLE,2026-08-18 21:59:57
INV003759,PH0070,MED0209,78,AVAILABLE,2026-08-18 19:47:20
INV003760,PH0070,MED0118,68,AVAILABLE,2026-08-18 22:33:26
INV003761,PH0070,MED0056,181,AVAILABLE,2026-08-18 17:51:05
INV003762,PH0070,MED0508,203,AVAILABLE,2026-08-18 20:43:53
INV003763,PH0070,MED0510,8,LOW_STOCK,2026-08-18 21:24:30
INV003764,PH0070,MED0055,386,AVAILABLE,2026-08-18 17:18:37
INV003765,PH0070,MED0063,95,AVAILABLE,2026-08-18 17:51:32
INV003766,PH0070,MED0353,13,LOW_STOCK,2026-08-18 22:06:09
INV003767,PH0070,MED0008,61,AVAILABLE,2026-08-18 19:22:08
INV003768,PH0070,MED0041,0,OUT_OF_STOCK,2026-08-18 17:10:39
INV003769,PH0070,MED0291,149,AVAILABLE,2026-08-18 22:11:38
INV003770,PH0070,MED0060,245,AVAILABLE,2026-08-18 18:20:54
INV003771,PH0070,MED0330,1,LOW_STOCK,2026-08-18 21:16:54
INV003772,PH0070,MED0369,394,AVAILABLE,2026-08-18 21:57:36
INV003773,PH0070,MED0413,19,LOW_STOCK,2026-08-18 18:38:23
INV003774,PH0070,MED0516,381,AVAILABLE,2026-08-18 17:41:16
INV003775,PH0070,MED0076,222,AVAILABLE,2026-08-18 17:41:15
INV003776,PH0070,MED0365,296,AVAILABLE,2026-08-18 18:56:33
INV003777,PH0070,MED0021,5,LOW_STOCK,2026-08-18 22:41:50
INV003778,PH0070,MED0075,193,AVAILABLE,2026-08-18 22:04:35
INV003779,PH0070,MED0453,372,AVAILABLE,2026-08-18 22:50:13
INV003780,PH0070,MED0517,131,AVAILABLE,2026-08-18 18:57:13
INV003781,PH0070,MED0156,209,AVAILABLE,2026-08-18 18:01:14
INV003782,PH0070,MED0173,364,AVAILABLE,2026-08-18 18:15:40
INV003783,PH0070,MED0019,16,LOW_STOCK,2026-08-18 17:20:53
INV003784,PH0070,MED0426,256,AVAILABLE,2026-08-18 18:19:17
INV003785,PH0070,MED0307,161,AVAILABLE,2026-08-18 22:03:01
INV003786,PH0070,MED0359,53,AVAILABLE,2026-08-18 20:31:34
INV003787,PH0070,MED0441,19,LOW_STOCK,2026-08-18 19:07:19
INV003788,PH0071,MED0437,268,AVAILABLE,2026-08-18 19:05:57
INV003789,PH0071,MED0044,390,AVAILABLE,2026-08-18 19:22:00
INV003790,PH0071,MED0021,0,OUT_OF_STOCK,2026-08-18 21:46:56
INV003791,PH0071,MED0188,132,AVAILABLE,2026-08-18 21:45:16
INV003792,PH0071,MED0402,302,AVAILABLE,2026-08-19 00:04:19
INV003793,PH0071,MED0124,315,AVAILABLE,2026-08-18 23:56:36
INV003794,PH0071,MED0423,118,AVAILABLE,2026-08-18 19:15:58
INV003795,PH0071,MED0005,255,AVAILABLE,2026-08-18 21:47:31
INV003796,PH0071,MED0329,30,AVAILABLE,2026-08-18 22:13:08
INV003797,PH0071,MED0104,9,LOW_STOCK,2026-08-19 00:00:14
INV003798,PH0071,MED0260,200,AVAILABLE,2026-08-18 19:39:54
INV003799,PH0071,MED0138,353,AVAILABLE,2026-08-18 23:42:06
INV003800,PH0071,MED0047,328,AVAILABLE,2026-08-18 22:53:04
INV003801,PH0071,MED0261,61,AVAILABLE,2026-08-18 20:44:05
INV003802,PH0071,MED0057,323,AVAILABLE,2026-08-18 23:57:54
INV003803,PH0071,MED0453,117,AVAILABLE,2026-08-18 23:10:31
INV003804,PH0071,MED0028,259,AVAILABLE,2026-08-18 20:46:05
INV003805,PH0071,MED0389,260,AVAILABLE,2026-08-18 19:11:14
INV003806,PH0071,MED0070,0,OUT_OF_STOCK,2026-08-18 22:12:39
INV003807,PH0071,MED0323,305,AVAILABLE,2026-08-18 21:46:41
INV003808,PH0071,MED0238,172,AVAILABLE,2026-08-18 21:41:23
INV003809,PH0071,MED0129,332,AVAILABLE,2026-08-18 21:24:57
INV003810,PH0071,MED0190,0,OUT_OF_STOCK,2026-08-18 23:00:31
INV003811,PH0071,MED0267,233,AVAILABLE,2026-08-18 20:51:42
INV003812,PH0071,MED0358,56,AVAILABLE,2026-08-18 23:39:42
INV003813,PH0071,MED0320,19,LOW_STOCK,2026-08-18 22:56:14
INV003814,PH0071,MED0183,151,AVAILABLE,2026-08-18 21:46:23
INV003815,PH0071,MED0142,162,AVAILABLE,2026-08-18 20:35:53
INV003816,PH0071,MED0125,209,AVAILABLE,2026-08-18 21:35:29
INV003817,PH0071,MED0226,120,AVAILABLE,2026-08-18 20:11:05
INV003818,PH0071,MED0168,382,AVAILABLE,2026-08-19 00:52:49
INV003819,PH0071,MED0115,54,AVAILABLE,2026-08-18 22:58:53
INV003820,PH0071,MED0069,231,AVAILABLE,2026-08-18 23:50:19
INV003821,PH0071,MED0302,76,AVAILABLE,2026-08-18 19:33:48
INV003822,PH0071,MED0026,70,AVAILABLE,2026-08-19 00:55:56
INV003823,PH0071,MED0031,178,AVAILABLE,2026-08-18 23:01:55
INV003824,PH0071,MED0507,239,AVAILABLE,2026-08-18 23:42:41
INV003825,PH0071,MED0121,395,AVAILABLE,2026-08-18 21:27:19
INV003826,PH0071,MED0029,0,OUT_OF_STOCK,2026-08-19 00:54:18
INV003827,PH0071,MED0382,141,AVAILABLE,2026-08-18 22:06:28
INV003828,PH0071,MED0332,0,OUT_OF_STOCK,2026-08-18 23:39:51
INV003829,PH0071,MED0152,379,AVAILABLE,2026-08-18 22:09:59
INV003830,PH0071,MED0122,258,AVAILABLE,2026-08-18 19:52:39
INV003831,PH0071,MED0330,7,LOW_STOCK,2026-08-18 19:47:11
INV003832,PH0071,MED0272,108,AVAILABLE,2026-08-18 23:47:20
INV003833,PH0071,MED0176,0,OUT_OF_STOCK,2026-08-18 21:59:31
INV003834,PH0071,MED0512,289,AVAILABLE,2026-08-18 20:11:30
INV003835,PH0071,MED0284,8,LOW_STOCK,2026-08-18 22:58:04
INV003836,PH0071,MED0213,365,AVAILABLE,2026-08-18 22:25:44
INV003837,PH0071,MED0234,5,LOW_STOCK,2026-08-18 19:21:44
INV003838,PH0071,MED0408,102,AVAILABLE,2026-08-18 22:26:25
INV003839,PH0071,MED0023,317,AVAILABLE,2026-08-18 22:32:56
INV003840,PH0071,MED0407,274,AVAILABLE,2026-08-18 19:44:27
INV003841,PH0071,MED0411,64,AVAILABLE,2026-08-18 23:15:10
INV003842,PH0072,MED0065,125,AVAILABLE,2026-08-18 18:12:33
INV003843,PH0072,MED0506,18,LOW_STOCK,2026-08-18 16:37:03
INV003844,PH0072,MED0329,143,AVAILABLE,2026-08-18 19:19:04
INV003845,PH0072,MED0027,191,AVAILABLE,2026-08-18 14:57:07
INV003846,PH0072,MED0442,152,AVAILABLE,2026-08-18 15:36:03
INV003847,PH0072,MED0234,140,AVAILABLE,2026-08-18 14:45:23
INV003848,PH0072,MED0053,280,AVAILABLE,2026-08-18 14:50:01
INV003849,PH0072,MED0323,233,AVAILABLE,2026-08-18 17:51:13
INV003850,PH0072,MED0057,2,LOW_STOCK,2026-08-18 14:08:04
INV003851,PH0072,MED0028,276,AVAILABLE,2026-08-18 18:43:20
INV003852,PH0072,MED0085,149,AVAILABLE,2026-08-18 19:29:54
INV003853,PH0072,MED0112,43,AVAILABLE,2026-08-18 18:49:57
INV003854,PH0072,MED0355,236,AVAILABLE,2026-08-18 19:15:53
INV003855,PH0072,MED0463,260,AVAILABLE,2026-08-18 16:26:35
INV003856,PH0072,MED0298,343,AVAILABLE,2026-08-18 18:29:29
INV003857,PH0072,MED0219,0,OUT_OF_STOCK,2026-08-18 16:00:04
INV003858,PH0072,MED0264,25,AVAILABLE,2026-08-18 18:22:59
INV003859,PH0072,MED0213,30,AVAILABLE,2026-08-18 17:57:36
INV003860,PH0072,MED0016,360,AVAILABLE,2026-08-18 16:40:02
INV003861,PH0072,MED0491,124,AVAILABLE,2026-08-18 17:48:00
INV003862,PH0072,MED0225,42,AVAILABLE,2026-08-18 17:10:21
INV003863,PH0072,MED0202,43,AVAILABLE,2026-08-18 14:48:43
INV003864,PH0072,MED0456,222,AVAILABLE,2026-08-18 19:37:45
INV003865,PH0072,MED0104,169,AVAILABLE,2026-08-18 18:58:39
INV003866,PH0072,MED0405,192,AVAILABLE,2026-08-18 17:26:33
INV003867,PH0072,MED0512,10,LOW_STOCK,2026-08-18 18:50:30
INV003868,PH0072,MED0076,95,AVAILABLE,2026-08-18 15:31:58
INV003869,PH0072,MED0207,138,AVAILABLE,2026-08-18 16:03:36
INV003870,PH0072,MED0185,374,AVAILABLE,2026-08-18 16:51:19
INV003871,PH0072,MED0381,3,LOW_STOCK,2026-08-18 15:22:34
INV003872,PH0072,MED0217,327,AVAILABLE,2026-08-18 14:17:36
INV003873,PH0072,MED0156,318,AVAILABLE,2026-08-18 16:18:53
INV003874,PH0072,MED0272,252,AVAILABLE,2026-08-18 16:41:39
INV003875,PH0072,MED0248,244,AVAILABLE,2026-08-18 14:08:01
INV003876,PH0072,MED0299,0,OUT_OF_STOCK,2026-08-18 16:45:30
INV003877,PH0072,MED0314,85,AVAILABLE,2026-08-18 14:54:06
INV003878,PH0072,MED0199,0,OUT_OF_STOCK,2026-08-18 13:48:54
INV003879,PH0072,MED0106,253,AVAILABLE,2026-08-18 15:46:53
INV003880,PH0072,MED0308,41,AVAILABLE,2026-08-18 17:58:27
INV003881,PH0072,MED0091,39,AVAILABLE,2026-08-18 17:59:28
INV003882,PH0073,MED0269,149,AVAILABLE,2026-08-16 17:51:15
INV003883,PH0073,MED0469,0,OUT_OF_STOCK,2026-08-16 16:42:36
INV003884,PH0073,MED0344,15,LOW_STOCK,2026-08-16 14:47:56
INV003885,PH0073,MED0087,78,AVAILABLE,2026-08-16 16:32:15
INV003886,PH0073,MED0289,0,OUT_OF_STOCK,2026-08-16 13:59:52
INV003887,PH0073,MED0303,226,AVAILABLE,2026-08-16 15:05:44
INV003888,PH0073,MED0180,0,OUT_OF_STOCK,2026-08-16 16:00:38
INV003889,PH0073,MED0140,198,AVAILABLE,2026-08-16 14:30:38
INV003890,PH0073,MED0015,281,AVAILABLE,2026-08-16 17:46:48
INV003891,PH0073,MED0238,311,AVAILABLE,2026-08-16 19:07:57
INV003892,PH0073,MED0360,8,LOW_STOCK,2026-08-16 15:47:55
INV003893,PH0073,MED0273,36,AVAILABLE,2026-08-16 17:35:55
INV003894,PH0073,MED0155,176,AVAILABLE,2026-08-16 16:09:47
INV003895,PH0073,MED0105,318,AVAILABLE,2026-08-16 18:40:21
INV003896,PH0073,MED0056,308,AVAILABLE,2026-08-16 17:52:18
INV003897,PH0073,MED0061,230,AVAILABLE,2026-08-16 18:24:05
INV003898,PH0073,MED0281,235,AVAILABLE,2026-08-16 14:23:25
INV003899,PH0073,MED0161,47,AVAILABLE,2026-08-16 15:20:08
INV003900,PH0073,MED0012,0,OUT_OF_STOCK,2026-08-16 17:38:17
INV003901,PH0073,MED0160,356,AVAILABLE,2026-08-16 18:05:39
INV003902,PH0073,MED0410,197,AVAILABLE,2026-08-16 17:36:52
INV003903,PH0073,MED0123,388,AVAILABLE,2026-08-16 17:44:57
INV003904,PH0073,MED0127,183,AVAILABLE,2026-08-16 18:10:01
INV003905,PH0073,MED0309,15,LOW_STOCK,2026-08-16 15:12:56
INV003906,PH0073,MED0405,14,LOW_STOCK,2026-08-16 17:01:57
INV003907,PH0073,MED0005,277,AVAILABLE,2026-08-16 14:31:18
INV003908,PH0073,MED0020,320,AVAILABLE,2026-08-16 14:12:22
INV003909,PH0073,MED0054,386,AVAILABLE,2026-08-16 14:23:02
INV003910,PH0073,MED0499,74,AVAILABLE,2026-08-16 15:11:42
INV003911,PH0073,MED0220,39,AVAILABLE,2026-08-16 17:02:08
INV003912,PH0073,MED0138,361,AVAILABLE,2026-08-16 19:42:50
INV003913,PH0073,MED0255,336,AVAILABLE,2026-08-16 17:54:24
INV003914,PH0073,MED0380,0,OUT_OF_STOCK,2026-08-16 19:01:12
INV003915,PH0073,MED0234,226,AVAILABLE,2026-08-16 19:08:05
INV003916,PH0073,MED0133,18,LOW_STOCK,2026-08-16 15:36:42
INV003917,PH0073,MED0212,0,OUT_OF_STOCK,2026-08-16 14:06:47
INV003918,PH0073,MED0213,375,AVAILABLE,2026-08-16 13:51:19
INV003919,PH0073,MED0486,229,AVAILABLE,2026-08-16 16:52:04
INV003920,PH0073,MED0199,0,OUT_OF_STOCK,2026-08-16 18:07:42
INV003921,PH0073,MED0085,0,OUT_OF_STOCK,2026-08-16 18:00:53
INV003922,PH0073,MED0454,274,AVAILABLE,2026-08-16 19:24:47
INV003923,PH0073,MED0202,300,AVAILABLE,2026-08-16 17:16:56
INV003924,PH0073,MED0516,28,AVAILABLE,2026-08-16 13:53:27
INV003925,PH0073,MED0116,1,LOW_STOCK,2026-08-16 18:22:59
INV003926,PH0073,MED0152,257,AVAILABLE,2026-08-16 15:06:34
INV003927,PH0073,MED0113,357,AVAILABLE,2026-08-16 18:00:22
INV003928,PH0073,MED0143,0,OUT_OF_STOCK,2026-08-16 18:18:11
INV003929,PH0073,MED0097,212,AVAILABLE,2026-08-16 15:48:44
INV003930,PH0073,MED0084,309,AVAILABLE,2026-08-16 13:49:03
INV003931,PH0073,MED0282,9,LOW_STOCK,2026-08-16 16:09:52
INV003932,PH0073,MED0183,50,AVAILABLE,2026-08-16 15:14:25
INV003933,PH0074,MED0202,49,AVAILABLE,2026-08-21 04:01:56
INV003934,PH0074,MED0077,282,AVAILABLE,2026-08-20 23:42:04
INV003935,PH0074,MED0220,246,AVAILABLE,2026-08-21 01:51:03
INV003936,PH0074,MED0029,276,AVAILABLE,2026-08-20 23:59:45
INV003937,PH0074,MED0451,153,AVAILABLE,2026-08-21 03:10:23
INV003938,PH0074,MED0263,165,AVAILABLE,2026-08-21 02:47:39
INV003939,PH0074,MED0166,290,AVAILABLE,2026-08-21 04:52:10
INV003940,PH0074,MED0266,368,AVAILABLE,2026-08-21 04:26:49
INV003941,PH0074,MED0179,238,AVAILABLE,2026-08-21 00:59:24
INV003942,PH0074,MED0146,89,AVAILABLE,2026-08-21 04:06:43
INV003943,PH0074,MED0019,202,AVAILABLE,2026-08-21 01:27:39
INV003944,PH0074,MED0173,0,OUT_OF_STOCK,2026-08-21 00:52:26
INV003945,PH0074,MED0005,208,AVAILABLE,2026-08-21 02:01:43
INV003946,PH0074,MED0042,1,LOW_STOCK,2026-08-21 04:07:21
INV003947,PH0074,MED0248,255,AVAILABLE,2026-08-21 03:58:19
INV003948,PH0074,MED0218,99,AVAILABLE,2026-08-21 03:28:20
INV003949,PH0074,MED0332,369,AVAILABLE,2026-08-21 02:46:58
INV003950,PH0074,MED0105,372,AVAILABLE,2026-08-21 03:36:47
INV003951,PH0074,MED0142,181,AVAILABLE,2026-08-21 05:02:54
INV003952,PH0074,MED0131,99,AVAILABLE,2026-08-21 04:21:50
INV003953,PH0074,MED0246,192,AVAILABLE,2026-08-21 04:02:59
INV003954,PH0074,MED0434,78,AVAILABLE,2026-08-21 02:02:44
INV003955,PH0074,MED0430,0,OUT_OF_STOCK,2026-08-21 04:46:18
INV003956,PH0074,MED0381,270,AVAILABLE,2026-08-21 04:58:55
INV003957,PH0074,MED0295,352,AVAILABLE,2026-08-21 02:05:54
INV003958,PH0074,MED0160,36,AVAILABLE,2026-08-21 03:26:02
INV003959,PH0074,MED0126,58,AVAILABLE,2026-08-20 23:43:49
INV003960,PH0074,MED0320,103,AVAILABLE,2026-08-21 01:42:59
INV003961,PH0074,MED0114,244,AVAILABLE,2026-08-21 01:40:22
INV003962,PH0074,MED0502,12,LOW_STOCK,2026-08-21 00:41:56
INV003963,PH0074,MED0374,362,AVAILABLE,2026-08-21 04:46:49
INV003964,PH0074,MED0449,81,AVAILABLE,2026-08-21 04:51:17
INV003965,PH0074,MED0486,370,AVAILABLE,2026-08-21 03:43:15
INV003966,PH0074,MED0098,312,AVAILABLE,2026-08-21 01:18:15
INV003967,PH0074,MED0351,396,AVAILABLE,2026-08-21 04:44:48
INV003968,PH0074,MED0397,63,AVAILABLE,2026-08-21 02:23:35
INV003969,PH0074,MED0401,188,AVAILABLE,2026-08-21 03:42:33
INV003970,PH0074,MED0138,182,AVAILABLE,2026-08-21 02:23:06
INV003971,PH0074,MED0046,291,AVAILABLE,2026-08-21 04:50:00
INV003972,PH0074,MED0289,208,AVAILABLE,2026-08-21 05:14:12
INV003973,PH0074,MED0113,333,AVAILABLE,2026-08-21 02:06:49
INV003974,PH0074,MED0291,0,OUT_OF_STOCK,2026-08-21 05:24:30
INV003975,PH0074,MED0427,88,AVAILABLE,2026-08-21 04:25:40
INV003976,PH0074,MED0487,323,AVAILABLE,2026-08-21 04:13:01
INV003977,PH0074,MED0116,48,AVAILABLE,2026-08-21 01:26:05
INV003978,PH0074,MED0273,397,AVAILABLE,2026-08-20 23:59:57
INV003979,PH0074,MED0128,350,AVAILABLE,2026-08-21 04:34:06
INV003980,PH0074,MED0271,192,AVAILABLE,2026-08-21 05:25:43
INV003981,PH0074,MED0122,181,AVAILABLE,2026-08-21 05:19:24
INV003982,PH0074,MED0194,360,AVAILABLE,2026-08-21 02:32:45
INV003983,PH0074,MED0008,342,AVAILABLE,2026-08-21 00:40:09
INV003984,PH0074,MED0378,204,AVAILABLE,2026-08-21 04:02:29
INV003985,PH0074,MED0428,170,AVAILABLE,2026-08-21 00:07:28
INV003986,PH0074,MED0348,163,AVAILABLE,2026-08-21 01:22:28
INV003987,PH0074,MED0067,270,AVAILABLE,2026-08-21 02:42:08
INV003988,PH0075,MED0285,160,AVAILABLE,2026-08-20 13:25:45
INV003989,PH0075,MED0235,320,AVAILABLE,2026-08-20 15:21:01
INV003990,PH0075,MED0049,164,AVAILABLE,2026-08-20 11:58:54
INV003991,PH0075,MED0360,24,AVAILABLE,2026-08-20 14:30:10
INV003992,PH0075,MED0096,281,AVAILABLE,2026-08-20 11:16:43
INV003993,PH0075,MED0272,299,AVAILABLE,2026-08-20 14:12:57
INV003994,PH0075,MED0415,363,AVAILABLE,2026-08-20 14:04:38
INV003995,PH0075,MED0309,126,AVAILABLE,2026-08-20 13:50:28
INV003996,PH0075,MED0451,307,AVAILABLE,2026-08-20 14:42:44
INV003997,PH0075,MED0278,168,AVAILABLE,2026-08-20 12:54:10
INV003998,PH0075,MED0480,318,AVAILABLE,2026-08-20 16:13:05
INV003999,PH0075,MED0039,150,AVAILABLE,2026-08-20 16:40:33
INV004000,PH0075,MED0061,204,AVAILABLE,2026-08-20 15:18:09
INV004001,PH0075,MED0499,14,LOW_STOCK,2026-08-20 16:33:39
INV004002,PH0075,MED0519,50,AVAILABLE,2026-08-20 13:22:52
INV004003,PH0075,MED0379,8,LOW_STOCK,2026-08-20 15:58:27
INV004004,PH0075,MED0211,0,OUT_OF_STOCK,2026-08-20 16:38:08
INV004005,PH0075,MED0024,223,AVAILABLE,2026-08-20 11:06:32
INV004006,PH0075,MED0068,73,AVAILABLE,2026-08-20 12:34:56
INV004007,PH0075,MED0438,83,AVAILABLE,2026-08-20 12:42:30
INV004008,PH0075,MED0380,131,AVAILABLE,2026-08-20 16:01:55
INV004009,PH0075,MED0227,138,AVAILABLE,2026-08-20 12:19:30
INV004010,PH0075,MED0137,10,LOW_STOCK,2026-08-20 15:20:35
INV004011,PH0075,MED0435,280,AVAILABLE,2026-08-20 11:12:56
INV004012,PH0075,MED0159,156,AVAILABLE,2026-08-20 11:11:42
INV004013,PH0075,MED0129,313,AVAILABLE,2026-08-20 14:40:38
INV004014,PH0075,MED0351,144,AVAILABLE,2026-08-20 14:15:28
INV004015,PH0075,MED0196,9,LOW_STOCK,2026-08-20 13:24:09
INV004016,PH0075,MED0156,192,AVAILABLE,2026-08-20 11:15:48
INV004017,PH0075,MED0406,377,AVAILABLE,2026-08-20 12:19:53
INV004018,PH0075,MED0051,339,AVAILABLE,2026-08-20 14:41:52
INV004019,PH0075,MED0391,279,AVAILABLE,2026-08-20 11:34:01
INV004020,PH0075,MED0016,391,AVAILABLE,2026-08-20 15:39:50
INV004021,PH0075,MED0006,383,AVAILABLE,2026-08-20 11:34:39
INV004022,PH0075,MED0138,357,AVAILABLE,2026-08-20 12:00:57
INV004023,PH0075,MED0264,74,AVAILABLE,2026-08-20 13:38:51
INV004024,PH0075,MED0434,94,AVAILABLE,2026-08-20 11:13:53
INV004025,PH0075,MED0179,32,AVAILABLE,2026-08-20 15:51:13
INV004026,PH0075,MED0025,126,AVAILABLE,2026-08-20 14:27:26
INV004027,PH0075,MED0100,86,AVAILABLE,2026-08-20 13:58:02
INV004028,PH0075,MED0021,229,AVAILABLE,2026-08-20 11:18:48
INV004029,PH0075,MED0014,35,AVAILABLE,2026-08-20 12:13:24
INV004030,PH0075,MED0458,40,AVAILABLE,2026-08-20 15:09:11
INV004031,PH0075,MED0449,192,AVAILABLE,2026-08-20 12:50:22
INV004032,PH0075,MED0041,103,AVAILABLE,2026-08-20 13:30:27
INV004033,PH0075,MED0393,60,AVAILABLE,2026-08-20 11:04:48
INV004034,PH0075,MED0087,0,OUT_OF_STOCK,2026-08-20 11:11:45
INV004035,PH0075,MED0441,18,LOW_STOCK,2026-08-20 12:30:41
INV004036,PH0075,MED0154,264,AVAILABLE,2026-08-20 12:10:21
INV004037,PH0075,MED0187,345,AVAILABLE,2026-08-20 14:47:28
INV004038,PH0075,MED0164,289,AVAILABLE,2026-08-20 10:57:30
INV004039,PH0075,MED0349,246,AVAILABLE,2026-08-20 12:08:35
INV004040,PH0075,MED0186,271,AVAILABLE,2026-08-20 13:55:59
INV004041,PH0075,MED0153,125,AVAILABLE,2026-08-20 13:04:21
INV004042,PH0075,MED0333,155,AVAILABLE,2026-08-20 15:31:12
INV004043,PH0075,MED0221,347,AVAILABLE,2026-08-20 10:51:12
INV004044,PH0075,MED0002,394,AVAILABLE,2026-08-20 12:05:49
INV004045,PH0075,MED0485,286,AVAILABLE,2026-08-20 11:02:30
INV004046,PH0075,MED0501,316,AVAILABLE,2026-08-20 15:41:58
INV004047,PH0076,MED0271,0,OUT_OF_STOCK,2026-08-18 21:35:19
INV004048,PH0076,MED0096,20,AVAILABLE,2026-08-18 18:53:48
INV004049,PH0076,MED0026,54,AVAILABLE,2026-08-18 20:17:24
INV004050,PH0076,MED0349,17,LOW_STOCK,2026-08-18 19:31:22
INV004051,PH0076,MED0257,13,LOW_STOCK,2026-08-18 16:00:26
INV004052,PH0076,MED0079,0,OUT_OF_STOCK,2026-08-18 16:35:14
INV004053,PH0076,MED0346,202,AVAILABLE,2026-08-18 18:58:35
INV004054,PH0076,MED0188,33,AVAILABLE,2026-08-18 19:41:54
INV004055,PH0076,MED0098,310,AVAILABLE,2026-08-18 18:28:42
INV004056,PH0076,MED0028,252,AVAILABLE,2026-08-18 20:30:11
INV004057,PH0076,MED0480,310,AVAILABLE,2026-08-18 15:54:22
INV004058,PH0076,MED0019,338,AVAILABLE,2026-08-18 20:34:38
INV004059,PH0076,MED0088,250,AVAILABLE,2026-08-18 16:44:06
INV004060,PH0076,MED0454,0,OUT_OF_STOCK,2026-08-18 21:03:14
INV004061,PH0076,MED0080,118,AVAILABLE,2026-08-18 16:30:01
INV004062,PH0076,MED0193,63,AVAILABLE,2026-08-18 17:22:57
INV004063,PH0076,MED0369,0,OUT_OF_STOCK,2026-08-18 15:57:45
INV004064,PH0076,MED0016,373,AVAILABLE,2026-08-18 19:06:42
INV004065,PH0076,MED0114,0,OUT_OF_STOCK,2026-08-18 18:00:05
INV004066,PH0076,MED0141,0,OUT_OF_STOCK,2026-08-18 20:56:19
INV004067,PH0076,MED0131,29,AVAILABLE,2026-08-18 21:50:00
INV004068,PH0076,MED0119,97,AVAILABLE,2026-08-18 20:47:53
INV004069,PH0076,MED0090,341,AVAILABLE,2026-08-18 18:58:10
INV004070,PH0076,MED0042,4,LOW_STOCK,2026-08-18 18:42:01
INV004071,PH0076,MED0136,12,LOW_STOCK,2026-08-18 20:45:18
INV004072,PH0076,MED0325,349,AVAILABLE,2026-08-18 17:38:12
INV004073,PH0076,MED0354,39,AVAILABLE,2026-08-18 21:02:47
INV004074,PH0076,MED0197,187,AVAILABLE,2026-08-18 16:58:15
INV004075,PH0076,MED0333,17,LOW_STOCK,2026-08-18 17:30:19
INV004076,PH0076,MED0320,0,OUT_OF_STOCK,2026-08-18 19:40:13
INV004077,PH0076,MED0394,35,AVAILABLE,2026-08-18 20:38:55
INV004078,PH0076,MED0253,302,AVAILABLE,2026-08-18 18:40:49
INV004079,PH0076,MED0015,242,AVAILABLE,2026-08-18 16:39:09
INV004080,PH0076,MED0460,0,OUT_OF_STOCK,2026-08-18 21:25:57
INV004081,PH0076,MED0489,106,AVAILABLE,2026-08-18 16:06:23
INV004082,PH0076,MED0142,82,AVAILABLE,2026-08-18 16:09:14
INV004083,PH0077,MED0055,0,OUT_OF_STOCK,2026-08-18 17:51:11
INV004084,PH0077,MED0438,12,LOW_STOCK,2026-08-18 17:50:18
INV004085,PH0077,MED0179,0,OUT_OF_STOCK,2026-08-18 16:50:09
INV004086,PH0077,MED0278,22,AVAILABLE,2026-08-18 17:24:22
INV004087,PH0077,MED0020,69,AVAILABLE,2026-08-18 19:06:37
INV004088,PH0077,MED0453,336,AVAILABLE,2026-08-18 15:57:33
INV004089,PH0077,MED0317,147,AVAILABLE,2026-08-18 18:35:15
INV004090,PH0077,MED0312,366,AVAILABLE,2026-08-18 18:34:20
INV004091,PH0077,MED0502,276,AVAILABLE,2026-08-18 18:21:25
INV004092,PH0077,MED0207,296,AVAILABLE,2026-08-18 15:27:53
INV004093,PH0077,MED0128,373,AVAILABLE,2026-08-18 20:07:35
INV004094,PH0077,MED0220,135,AVAILABLE,2026-08-18 17:01:28
INV004095,PH0077,MED0079,359,AVAILABLE,2026-08-18 18:59:19
INV004096,PH0077,MED0017,372,AVAILABLE,2026-08-18 19:22:37
INV004097,PH0077,MED0090,74,AVAILABLE,2026-08-18 18:00:37
INV004098,PH0077,MED0145,359,AVAILABLE,2026-08-18 19:46:20
INV004099,PH0077,MED0060,123,AVAILABLE,2026-08-18 15:46:57
INV004100,PH0077,MED0252,0,OUT_OF_STOCK,2026-08-18 16:13:40
INV004101,PH0077,MED0401,13,LOW_STOCK,2026-08-18 18:14:15
INV004102,PH0077,MED0173,0,OUT_OF_STOCK,2026-08-18 15:33:57
INV004103,PH0077,MED0019,375,AVAILABLE,2026-08-18 18:24:56
INV004104,PH0077,MED0063,376,AVAILABLE,2026-08-18 15:32:32
INV004105,PH0077,MED0260,15,LOW_STOCK,2026-08-18 19:18:29
INV004106,PH0077,MED0487,64,AVAILABLE,2026-08-18 20:36:17
INV004107,PH0077,MED0200,243,AVAILABLE,2026-08-18 18:11:10
INV004108,PH0077,MED0156,239,AVAILABLE,2026-08-18 19:11:39
INV004109,PH0077,MED0212,249,AVAILABLE,2026-08-18 17:11:01
INV004110,PH0077,MED0446,250,AVAILABLE,2026-08-18 17:42:16
INV004111,PH0077,MED0472,0,OUT_OF_STOCK,2026-08-18 18:05:46
INV004112,PH0077,MED0061,101,AVAILABLE,2026-08-18 19:15:36
INV004113,PH0077,MED0084,76,AVAILABLE,2026-08-18 18:20:43
INV004114,PH0077,MED0242,366,AVAILABLE,2026-08-18 16:54:45
INV004115,PH0077,MED0059,95,AVAILABLE,2026-08-18 15:22:28
INV004116,PH0077,MED0402,146,AVAILABLE,2026-08-18 15:00:47
INV004117,PH0077,MED0005,27,AVAILABLE,2026-08-18 19:18:36
INV004118,PH0077,MED0008,40,AVAILABLE,2026-08-18 18:02:15
INV004119,PH0077,MED0152,0,OUT_OF_STOCK,2026-08-18 20:31:22
INV004120,PH0077,MED0271,248,AVAILABLE,2026-08-18 18:41:34
INV004121,PH0077,MED0042,0,OUT_OF_STOCK,2026-08-18 18:20:23
INV004122,PH0077,MED0088,321,AVAILABLE,2026-08-18 20:05:42
INV004123,PH0077,MED0006,132,AVAILABLE,2026-08-18 16:55:23
INV004124,PH0077,MED0011,0,OUT_OF_STOCK,2026-08-18 15:12:55
INV004125,PH0077,MED0083,4,LOW_STOCK,2026-08-18 20:05:11
INV004126,PH0077,MED0194,267,AVAILABLE,2026-08-18 14:59:28
INV004127,PH0077,MED0365,0,OUT_OF_STOCK,2026-08-18 19:26:14
INV004128,PH0077,MED0047,194,AVAILABLE,2026-08-18 18:11:07
INV004129,PH0077,MED0459,314,AVAILABLE,2026-08-18 18:50:20
INV004130,PH0077,MED0396,208,AVAILABLE,2026-08-18 19:31:39
INV004131,PH0077,MED0172,112,AVAILABLE,2026-08-18 18:53:23
INV004132,PH0077,MED0413,30,AVAILABLE,2026-08-18 20:53:27
INV004133,PH0078,MED0390,390,AVAILABLE,2026-08-20 09:38:34
INV004134,PH0078,MED0292,0,OUT_OF_STOCK,2026-08-20 11:49:15
INV004135,PH0078,MED0159,228,AVAILABLE,2026-08-20 10:50:50
INV004136,PH0078,MED0412,125,AVAILABLE,2026-08-20 14:34:57
INV004137,PH0078,MED0114,157,AVAILABLE,2026-08-20 14:19:42
INV004138,PH0078,MED0372,145,AVAILABLE,2026-08-20 09:50:11
INV004139,PH0078,MED0068,354,AVAILABLE,2026-08-20 13:37:59
INV004140,PH0078,MED0309,185,AVAILABLE,2026-08-20 12:09:55
INV004141,PH0078,MED0092,156,AVAILABLE,2026-08-20 11:04:05
INV004142,PH0078,MED0029,247,AVAILABLE,2026-08-20 09:34:22
INV004143,PH0078,MED0461,34,AVAILABLE,2026-08-20 10:20:57
INV004144,PH0078,MED0466,0,OUT_OF_STOCK,2026-08-20 14:37:05
INV004145,PH0078,MED0365,213,AVAILABLE,2026-08-20 14:10:17
INV004146,PH0078,MED0258,142,AVAILABLE,2026-08-20 13:16:56
INV004147,PH0078,MED0116,46,AVAILABLE,2026-08-20 10:03:50
INV004148,PH0078,MED0230,0,OUT_OF_STOCK,2026-08-20 09:33:41
INV004149,PH0078,MED0105,178,AVAILABLE,2026-08-20 09:25:01
INV004150,PH0078,MED0095,218,AVAILABLE,2026-08-20 11:24:30
INV004151,PH0078,MED0356,392,AVAILABLE,2026-08-20 10:56:45
INV004152,PH0078,MED0490,0,OUT_OF_STOCK,2026-08-20 11:44:42
INV004153,PH0078,MED0051,243,AVAILABLE,2026-08-20 13:38:55
INV004154,PH0078,MED0049,203,AVAILABLE,2026-08-20 09:24:55
INV004155,PH0078,MED0132,174,AVAILABLE,2026-08-20 09:46:22
INV004156,PH0078,MED0026,150,AVAILABLE,2026-08-20 08:56:02
INV004157,PH0078,MED0502,243,AVAILABLE,2026-08-20 12:11:34
INV004158,PH0078,MED0276,168,AVAILABLE,2026-08-20 10:12:20
INV004159,PH0078,MED0369,0,OUT_OF_STOCK,2026-08-20 13:07:23
INV004160,PH0078,MED0520,205,AVAILABLE,2026-08-20 09:28:23
INV004161,PH0078,MED0386,148,AVAILABLE,2026-08-20 14:06:52
INV004162,PH0078,MED0033,277,AVAILABLE,2026-08-20 11:45:50
INV004163,PH0078,MED0357,126,AVAILABLE,2026-08-20 10:30:52
INV004164,PH0078,MED0493,108,AVAILABLE,2026-08-20 14:16:28
INV004165,PH0078,MED0323,124,AVAILABLE,2026-08-20 10:29:05
INV004166,PH0078,MED0020,319,AVAILABLE,2026-08-20 09:45:37
INV004167,PH0078,MED0174,6,LOW_STOCK,2026-08-20 14:01:53
INV004168,PH0078,MED0207,32,AVAILABLE,2026-08-20 14:40:54
INV004169,PH0078,MED0449,82,AVAILABLE,2026-08-20 13:29:51
INV004170,PH0078,MED0196,1,LOW_STOCK,2026-08-20 13:01:50
INV004171,PH0078,MED0425,281,AVAILABLE,2026-08-20 13:12:57
INV004172,PH0078,MED0256,234,AVAILABLE,2026-08-20 12:02:50
INV004173,PH0078,MED0363,0,OUT_OF_STOCK,2026-08-20 09:47:13
INV004174,PH0078,MED0495,76,AVAILABLE,2026-08-20 10:21:46
INV004175,PH0078,MED0226,376,AVAILABLE,2026-08-20 12:29:17
INV004176,PH0078,MED0308,181,AVAILABLE,2026-08-20 12:15:40
INV004177,PH0078,MED0233,138,AVAILABLE,2026-08-20 11:18:25
INV004178,PH0078,MED0421,0,OUT_OF_STOCK,2026-08-20 09:51:17
INV004179,PH0078,MED0300,245,AVAILABLE,2026-08-20 10:51:00
INV004180,PH0078,MED0426,361,AVAILABLE,2026-08-20 09:05:27
INV004181,PH0078,MED0482,224,AVAILABLE,2026-08-20 09:10:27
INV004182,PH0078,MED0075,13,LOW_STOCK,2026-08-20 12:21:44
INV004183,PH0078,MED0119,221,AVAILABLE,2026-08-20 14:29:10
INV004184,PH0078,MED0183,24,AVAILABLE,2026-08-20 11:46:00
INV004185,PH0078,MED0103,195,AVAILABLE,2026-08-20 09:40:05
INV004186,PH0078,MED0446,243,AVAILABLE,2026-08-20 12:54:08
INV004187,PH0078,MED0399,3,LOW_STOCK,2026-08-20 11:49:17
INV004188,PH0078,MED0221,313,AVAILABLE,2026-08-20 11:01:41
INV004189,PH0079,MED0237,290,AVAILABLE,2026-08-20 04:40:32
INV004190,PH0079,MED0478,269,AVAILABLE,2026-08-19 23:30:19
INV004191,PH0079,MED0074,173,AVAILABLE,2026-08-20 01:02:22
INV004192,PH0079,MED0144,22,AVAILABLE,2026-08-20 02:53:42
INV004193,PH0079,MED0017,303,AVAILABLE,2026-08-20 03:18:39
INV004194,PH0079,MED0492,330,AVAILABLE,2026-08-20 04:27:39
INV004195,PH0079,MED0395,259,AVAILABLE,2026-08-20 00:46:48
INV004196,PH0079,MED0157,289,AVAILABLE,2026-08-20 02:53:28
INV004197,PH0079,MED0187,37,AVAILABLE,2026-08-20 05:06:42
INV004198,PH0079,MED0249,91,AVAILABLE,2026-08-20 03:39:00
INV004199,PH0079,MED0353,0,OUT_OF_STOCK,2026-08-20 01:58:37
INV004200,PH0079,MED0468,64,AVAILABLE,2026-08-20 03:56:25
INV004201,PH0079,MED0360,65,AVAILABLE,2026-08-20 02:13:04
INV004202,PH0079,MED0056,310,AVAILABLE,2026-08-20 00:33:26
INV004203,PH0079,MED0113,30,AVAILABLE,2026-08-20 00:06:03
INV004204,PH0079,MED0114,77,AVAILABLE,2026-08-20 00:40:34
INV004205,PH0079,MED0078,362,AVAILABLE,2026-08-20 05:21:11
INV004206,PH0079,MED0271,276,AVAILABLE,2026-08-20 02:17:28
INV004207,PH0079,MED0485,275,AVAILABLE,2026-08-20 03:33:47
INV004208,PH0079,MED0403,168,AVAILABLE,2026-08-20 03:20:56
INV004209,PH0079,MED0039,73,AVAILABLE,2026-08-20 03:25:13
INV004210,PH0079,MED0030,230,AVAILABLE,2026-08-20 01:49:48
INV004211,PH0079,MED0508,197,AVAILABLE,2026-08-20 02:45:10
INV004212,PH0079,MED0046,0,OUT_OF_STOCK,2026-08-20 05:02:41
INV004213,PH0079,MED0216,312,AVAILABLE,2026-08-20 00:12:13
INV004214,PH0079,MED0238,276,AVAILABLE,2026-08-20 02:44:39
INV004215,PH0079,MED0106,356,AVAILABLE,2026-08-20 04:01:57
INV004216,PH0079,MED0158,223,AVAILABLE,2026-08-19 23:45:01
INV004217,PH0079,MED0339,0,OUT_OF_STOCK,2026-08-20 00:13:16
INV004218,PH0079,MED0198,124,AVAILABLE,2026-08-20 00:38:04
INV004219,PH0079,MED0469,314,AVAILABLE,2026-08-20 03:20:58
INV004220,PH0079,MED0297,9,LOW_STOCK,2026-08-20 05:04:19
INV004221,PH0079,MED0329,92,AVAILABLE,2026-08-20 03:31:11
INV004222,PH0079,MED0455,4,LOW_STOCK,2026-08-20 01:52:54
INV004223,PH0079,MED0459,76,AVAILABLE,2026-08-20 00:49:56
INV004224,PH0079,MED0214,0,OUT_OF_STOCK,2026-08-20 03:53:58
INV004225,PH0079,MED0019,328,AVAILABLE,2026-08-20 03:38:34
INV004226,PH0079,MED0420,380,AVAILABLE,2026-08-19 23:47:17
INV004227,PH0079,MED0131,221,AVAILABLE,2026-08-20 00:40:18
INV004228,PH0079,MED0016,294,AVAILABLE,2026-08-20 03:46:41
INV004229,PH0079,MED0303,205,AVAILABLE,2026-08-20 00:27:46
INV004230,PH0079,MED0103,322,AVAILABLE,2026-08-20 02:44:11
INV004231,PH0079,MED0058,309,AVAILABLE,2026-08-20 01:07:14
INV004232,PH0079,MED0041,44,AVAILABLE,2026-08-20 04:56:21
INV004233,PH0079,MED0502,87,AVAILABLE,2026-08-20 01:33:07
INV004234,PH0079,MED0345,273,AVAILABLE,2026-08-20 00:36:10
INV004235,PH0079,MED0073,49,AVAILABLE,2026-08-20 01:24:14
INV004236,PH0079,MED0453,0,OUT_OF_STOCK,2026-08-20 01:09:36
INV004237,PH0079,MED0381,0,OUT_OF_STOCK,2026-08-20 05:25:39
INV004238,PH0079,MED0233,358,AVAILABLE,2026-08-20 02:45:24
INV004239,PH0079,MED0068,85,AVAILABLE,2026-08-20 04:44:12
INV004240,PH0079,MED0055,207,AVAILABLE,2026-08-20 01:39:37
INV004241,PH0079,MED0183,344,AVAILABLE,2026-08-20 03:50:16
INV004242,PH0079,MED0116,215,AVAILABLE,2026-08-20 04:27:10
INV004243,PH0079,MED0097,390,AVAILABLE,2026-08-20 03:51:28
INV004244,PH0079,MED0063,97,AVAILABLE,2026-08-20 05:16:04
INV004245,PH0080,MED0130,237,AVAILABLE,2026-08-19 15:47:39
INV004246,PH0080,MED0056,140,AVAILABLE,2026-08-19 14:37:57
INV004247,PH0080,MED0176,0,OUT_OF_STOCK,2026-08-19 15:06:39
INV004248,PH0080,MED0177,394,AVAILABLE,2026-08-19 17:27:13
INV004249,PH0080,MED0145,143,AVAILABLE,2026-08-19 14:12:03
INV004250,PH0080,MED0411,161,AVAILABLE,2026-08-19 18:09:19
INV004251,PH0080,MED0284,273,AVAILABLE,2026-08-19 16:21:33
INV004252,PH0080,MED0312,324,AVAILABLE,2026-08-19 13:42:07
INV004253,PH0080,MED0434,53,AVAILABLE,2026-08-19 14:12:25
INV004254,PH0080,MED0081,51,AVAILABLE,2026-08-19 17:23:44
INV004255,PH0080,MED0082,172,AVAILABLE,2026-08-19 17:06:17
INV004256,PH0080,MED0366,45,AVAILABLE,2026-08-19 15:18:55
INV004257,PH0080,MED0344,327,AVAILABLE,2026-08-19 16:58:06
INV004258,PH0080,MED0413,17,LOW_STOCK,2026-08-19 17:55:04
INV004259,PH0080,MED0086,309,AVAILABLE,2026-08-19 14:35:38
INV004260,PH0080,MED0131,91,AVAILABLE,2026-08-19 16:39:09
INV004261,PH0080,MED0138,123,AVAILABLE,2026-08-19 17:43:34
INV004262,PH0080,MED0449,26,AVAILABLE,2026-08-19 15:26:02
INV004263,PH0080,MED0426,305,AVAILABLE,2026-08-19 17:11:56
INV004264,PH0080,MED0430,379,AVAILABLE,2026-08-19 14:06:20
INV004265,PH0080,MED0234,0,OUT_OF_STOCK,2026-08-19 13:01:24
INV004266,PH0080,MED0288,349,AVAILABLE,2026-08-19 16:55:07
INV004267,PH0080,MED0473,195,AVAILABLE,2026-08-19 16:41:56
INV004268,PH0080,MED0006,244,AVAILABLE,2026-08-19 17:28:43
INV004269,PH0080,MED0220,135,AVAILABLE,2026-08-19 16:13:01
INV004270,PH0080,MED0408,74,AVAILABLE,2026-08-19 16:30:50
INV004271,PH0080,MED0175,0,OUT_OF_STOCK,2026-08-19 15:54:16
INV004272,PH0080,MED0336,193,AVAILABLE,2026-08-19 12:53:40
INV004273,PH0080,MED0382,131,AVAILABLE,2026-08-19 13:27:02
INV004274,PH0080,MED0027,85,AVAILABLE,2026-08-19 14:35:57
INV004275,PH0080,MED0142,382,AVAILABLE,2026-08-19 17:56:11
INV004276,PH0080,MED0399,55,AVAILABLE,2026-08-19 16:10:04
INV004277,PH0080,MED0212,0,OUT_OF_STOCK,2026-08-19 12:56:03
INV004278,PH0080,MED0116,0,OUT_OF_STOCK,2026-08-19 16:44:42
INV004279,PH0080,MED0348,100,AVAILABLE,2026-08-19 15:24:25
INV004280,PH0080,MED0075,11,LOW_STOCK,2026-08-19 15:13:01
INV004281,PH0080,MED0202,248,AVAILABLE,2026-08-19 15:24:12
INV004282,PH0080,MED0320,309,AVAILABLE,2026-08-19 17:49:23
INV004283,PH0080,MED0062,329,AVAILABLE,2026-08-19 13:03:18
INV004284,PH0080,MED0369,77,AVAILABLE,2026-08-19 14:06:38
INV004285,PH0080,MED0196,246,AVAILABLE,2026-08-19 16:09:45
INV004286,PH0080,MED0121,376,AVAILABLE,2026-08-19 13:31:02
INV004287,PH0080,MED0213,361,AVAILABLE,2026-08-19 12:43:19
INV004288,PH0080,MED0066,3,LOW_STOCK,2026-08-19 13:30:13
INV004289,PH0080,MED0467,364,AVAILABLE,2026-08-19 17:07:14
INV004290,PH0080,MED0265,381,AVAILABLE,2026-08-19 15:53:34
INV004291,PH0080,MED0008,364,AVAILABLE,2026-08-19 16:17:28
INV004292,PH0080,MED0030,21,AVAILABLE,2026-08-19 13:56:22
INV004293,PH0080,MED0190,117,AVAILABLE,2026-08-19 15:52:45
INV004294,PH0080,MED0255,220,AVAILABLE,2026-08-19 16:38:24
INV004295,PH0080,MED0055,102,AVAILABLE,2026-08-19 13:45:00
INV004296,PH0080,MED0290,234,AVAILABLE,2026-08-19 14:42:47
INV004297,PH0080,MED0015,100,AVAILABLE,2026-08-19 14:06:08
INV004298,PH0080,MED0173,2,LOW_STOCK,2026-08-19 15:27:43
INV004299,PH0080,MED0360,246,AVAILABLE,2026-08-19 15:51:16
INV004300,PH0081,MED0284,183,AVAILABLE,2026-08-17 10:40:01
INV004301,PH0081,MED0045,17,LOW_STOCK,2026-08-17 06:11:43
INV004302,PH0081,MED0147,11,LOW_STOCK,2026-08-17 07:35:54
INV004303,PH0081,MED0441,328,AVAILABLE,2026-08-17 06:06:51
INV004304,PH0081,MED0478,210,AVAILABLE,2026-08-17 10:18:07
INV004305,PH0081,MED0194,321,AVAILABLE,2026-08-17 11:20:59
INV004306,PH0081,MED0018,236,AVAILABLE,2026-08-17 10:20:24
INV004307,PH0081,MED0144,0,OUT_OF_STOCK,2026-08-17 07:13:29
INV004308,PH0081,MED0327,263,AVAILABLE,2026-08-17 06:01:09
INV004309,PH0081,MED0276,165,AVAILABLE,2026-08-17 09:11:43
INV004310,PH0081,MED0105,81,AVAILABLE,2026-08-17 08:44:01
INV004311,PH0081,MED0113,178,AVAILABLE,2026-08-17 05:49:36
INV004312,PH0081,MED0329,143,AVAILABLE,2026-08-17 09:52:28
INV004313,PH0081,MED0411,8,LOW_STOCK,2026-08-17 10:30:26
INV004314,PH0081,MED0311,213,AVAILABLE,2026-08-17 09:29:16
INV004315,PH0081,MED0068,363,AVAILABLE,2026-08-17 09:07:53
INV004316,PH0081,MED0300,165,AVAILABLE,2026-08-17 05:58:50
INV004317,PH0081,MED0133,0,OUT_OF_STOCK,2026-08-17 07:07:08
INV004318,PH0081,MED0381,0,OUT_OF_STOCK,2026-08-17 08:49:01
INV004319,PH0081,MED0074,0,OUT_OF_STOCK,2026-08-17 05:40:53
INV004320,PH0081,MED0203,283,AVAILABLE,2026-08-17 09:24:41
INV004321,PH0081,MED0029,275,AVAILABLE,2026-08-17 09:14:05
INV004322,PH0081,MED0325,203,AVAILABLE,2026-08-17 07:23:18
INV004323,PH0081,MED0301,316,AVAILABLE,2026-08-17 09:09:35
INV004324,PH0081,MED0014,0,OUT_OF_STOCK,2026-08-17 06:53:47
INV004325,PH0081,MED0156,137,AVAILABLE,2026-08-17 07:22:41
INV004326,PH0081,MED0082,181,AVAILABLE,2026-08-17 10:41:22
INV004327,PH0081,MED0360,222,AVAILABLE,2026-08-17 07:11:22
INV004328,PH0081,MED0100,346,AVAILABLE,2026-08-17 10:46:20
INV004329,PH0081,MED0253,101,AVAILABLE,2026-08-17 10:30:22
INV004330,PH0081,MED0435,0,OUT_OF_STOCK,2026-08-17 07:12:58
INV004331,PH0081,MED0271,265,AVAILABLE,2026-08-17 06:06:12
INV004332,PH0081,MED0101,388,AVAILABLE,2026-08-17 10:25:21
INV004333,PH0081,MED0437,137,AVAILABLE,2026-08-17 08:42:08
INV004334,PH0081,MED0025,159,AVAILABLE,2026-08-17 11:11:23
INV004335,PH0081,MED0309,239,AVAILABLE,2026-08-17 09:46:08
INV004336,PH0081,MED0072,336,AVAILABLE,2026-08-17 06:31:57
INV004337,PH0081,MED0058,59,AVAILABLE,2026-08-17 10:17:10
INV004338,PH0081,MED0489,111,AVAILABLE,2026-08-17 08:04:05
INV004339,PH0081,MED0372,28,AVAILABLE,2026-08-17 07:53:26
INV004340,PH0081,MED0238,346,AVAILABLE,2026-08-17 07:04:01
INV004341,PH0081,MED0467,363,AVAILABLE,2026-08-17 10:28:08
INV004342,PH0082,MED0174,330,AVAILABLE,2026-06-10 10:34:02
INV004343,PH0082,MED0059,386,AVAILABLE,2026-06-10 08:27:34
INV004344,PH0082,MED0206,19,LOW_STOCK,2026-06-10 12:01:48
INV004345,PH0082,MED0198,153,AVAILABLE,2026-06-10 14:14:29
INV004346,PH0082,MED0235,19,LOW_STOCK,2026-06-10 09:32:06
INV004347,PH0082,MED0190,47,AVAILABLE,2026-06-10 08:52:05
INV004348,PH0082,MED0456,128,AVAILABLE,2026-06-10 10:26:22
INV004349,PH0082,MED0041,275,AVAILABLE,2026-06-10 11:58:39
INV004350,PH0082,MED0278,32,AVAILABLE,2026-06-10 14:05:35
INV004351,PH0082,MED0248,10,LOW_STOCK,2026-06-10 12:34:27
INV004352,PH0082,MED0117,220,AVAILABLE,2026-06-10 12:07:52
INV004353,PH0082,MED0252,307,AVAILABLE,2026-06-10 13:03:47
INV004354,PH0082,MED0185,19,LOW_STOCK,2026-06-10 10:35:32
INV004355,PH0082,MED0514,229,AVAILABLE,2026-06-10 11:21:41
INV004356,PH0082,MED0373,400,AVAILABLE,2026-06-10 12:15:32
INV004357,PH0082,MED0428,291,AVAILABLE,2026-06-10 12:25:59
INV004358,PH0082,MED0332,0,OUT_OF_STOCK,2026-06-10 10:35:44
INV004359,PH0082,MED0018,264,AVAILABLE,2026-06-10 09:38:18
INV004360,PH0082,MED0184,309,AVAILABLE,2026-06-10 09:53:25
INV004361,PH0082,MED0267,93,AVAILABLE,2026-06-10 12:25:50
INV004362,PH0082,MED0236,0,OUT_OF_STOCK,2026-06-10 12:55:28
INV004363,PH0082,MED0479,14,LOW_STOCK,2026-06-10 08:51:50
INV004364,PH0082,MED0208,330,AVAILABLE,2026-06-10 10:07:31
INV004365,PH0082,MED0246,48,AVAILABLE,2026-06-10 10:01:44
INV004366,PH0082,MED0113,110,AVAILABLE,2026-06-10 13:14:25
INV004367,PH0082,MED0142,143,AVAILABLE,2026-06-10 12:52:30
INV004368,PH0082,MED0150,240,AVAILABLE,2026-06-10 11:53:52
INV004369,PH0082,MED0366,200,AVAILABLE,2026-06-10 13:47:39
INV004370,PH0082,MED0183,326,AVAILABLE,2026-06-10 10:01:18
INV004371,PH0082,MED0488,299,AVAILABLE,2026-06-10 14:06:20
INV004372,PH0082,MED0141,282,AVAILABLE,2026-06-10 12:01:11
INV004373,PH0082,MED0370,301,AVAILABLE,2026-06-10 12:04:41
INV004374,PH0082,MED0285,286,AVAILABLE,2026-06-10 10:13:21
INV004375,PH0082,MED0360,335,AVAILABLE,2026-06-10 08:35:35
INV004376,PH0082,MED0095,148,AVAILABLE,2026-06-10 10:46:14
INV004377,PH0082,MED0320,8,LOW_STOCK,2026-06-10 10:18:50
INV004378,PH0082,MED0042,12,LOW_STOCK,2026-06-10 13:53:40
INV004379,PH0082,MED0055,11,LOW_STOCK,2026-06-10 11:53:32
INV004380,PH0082,MED0478,361,AVAILABLE,2026-06-10 12:35:48
INV004381,PH0082,MED0410,307,AVAILABLE,2026-06-10 08:32:41
INV004382,PH0082,MED0074,355,AVAILABLE,2026-06-10 12:58:58
INV004383,PH0082,MED0081,146,AVAILABLE,2026-06-10 11:07:41
INV004384,PH0082,MED0008,316,AVAILABLE,2026-06-10 09:56:52
INV004385,PH0082,MED0341,235,AVAILABLE,2026-06-10 10:52:52
INV004386,PH0082,MED0019,350,AVAILABLE,2026-06-10 09:23:58
INV004387,PH0082,MED0063,16,LOW_STOCK,2026-06-10 10:46:48
INV004388,PH0082,MED0115,18,LOW_STOCK,2026-06-10 09:33:09
INV004389,PH0082,MED0502,364,AVAILABLE,2026-06-10 09:08:06
INV004390,PH0082,MED0126,34,AVAILABLE,2026-06-10 13:56:03
INV004391,PH0083,MED0238,276,AVAILABLE,2026-08-18 22:25:13
INV004392,PH0083,MED0449,23,AVAILABLE,2026-08-18 23:14:36
INV004393,PH0083,MED0387,70,AVAILABLE,2026-08-19 00:49:25
INV004394,PH0083,MED0348,119,AVAILABLE,2026-08-19 01:33:08
INV004395,PH0083,MED0042,7,LOW_STOCK,2026-08-18 22:55:59
INV004396,PH0083,MED0221,22,AVAILABLE,2026-08-18 23:26:41
INV004397,PH0083,MED0297,105,AVAILABLE,2026-08-19 00:05:47
INV004398,PH0083,MED0059,82,AVAILABLE,2026-08-18 23:42:39
INV004399,PH0083,MED0379,2,LOW_STOCK,2026-08-18 22:00:15
INV004400,PH0083,MED0282,198,AVAILABLE,2026-08-18 23:22:49
INV004401,PH0083,MED0285,145,AVAILABLE,2026-08-19 02:25:14
INV004402,PH0083,MED0296,268,AVAILABLE,2026-08-18 23:11:34
INV004403,PH0083,MED0271,314,AVAILABLE,2026-08-18 22:49:18
INV004404,PH0083,MED0247,377,AVAILABLE,2026-08-19 02:58:20
INV004405,PH0083,MED0317,317,AVAILABLE,2026-08-18 23:10:24
INV004406,PH0083,MED0239,60,AVAILABLE,2026-08-18 21:17:57
INV004407,PH0083,MED0084,195,AVAILABLE,2026-08-18 21:56:57
INV004408,PH0083,MED0366,109,AVAILABLE,2026-08-18 21:22:21
INV004409,PH0083,MED0010,291,AVAILABLE,2026-08-19 01:34:33
INV004410,PH0083,MED0097,17,LOW_STOCK,2026-08-18 21:32:55
INV004411,PH0083,MED0203,210,AVAILABLE,2026-08-18 21:31:40
INV004412,PH0083,MED0194,388,AVAILABLE,2026-08-19 00:02:59
INV004413,PH0083,MED0367,79,AVAILABLE,2026-08-19 02:19:30
INV004414,PH0083,MED0370,0,OUT_OF_STOCK,2026-08-18 22:42:48
INV004415,PH0083,MED0349,25,AVAILABLE,2026-08-19 02:12:23
INV004416,PH0083,MED0024,115,AVAILABLE,2026-08-18 21:34:11
INV004417,PH0083,MED0159,47,AVAILABLE,2026-08-19 02:43:37
INV004418,PH0083,MED0083,395,AVAILABLE,2026-08-18 22:41:33
INV004419,PH0083,MED0063,299,AVAILABLE,2026-08-18 21:24:29
INV004420,PH0083,MED0156,341,AVAILABLE,2026-08-18 22:43:34
INV004421,PH0083,MED0255,111,AVAILABLE,2026-08-18 21:58:56
INV004422,PH0083,MED0079,214,AVAILABLE,2026-08-18 23:00:36
INV004423,PH0083,MED0038,211,AVAILABLE,2026-08-18 21:50:23
INV004424,PH0083,MED0147,0,OUT_OF_STOCK,2026-08-19 01:24:53
INV004425,PH0083,MED0019,139,AVAILABLE,2026-08-19 02:10:25
INV004426,PH0083,MED0410,199,AVAILABLE,2026-08-19 01:53:06
INV004427,PH0083,MED0122,102,AVAILABLE,2026-08-19 00:50:27
INV004428,PH0083,MED0453,41,AVAILABLE,2026-08-18 21:42:08
INV004429,PH0083,MED0459,77,AVAILABLE,2026-08-19 02:24:51
INV004430,PH0083,MED0257,197,AVAILABLE,2026-08-18 22:39:12
INV004431,PH0083,MED0001,130,AVAILABLE,2026-08-19 02:00:06
INV004432,PH0083,MED0164,367,AVAILABLE,2026-08-19 02:50:50
INV004433,PH0083,MED0340,62,AVAILABLE,2026-08-19 00:36:04
INV004434,PH0083,MED0474,77,AVAILABLE,2026-08-18 22:11:14
INV004435,PH0083,MED0431,18,LOW_STOCK,2026-08-19 00:32:17
INV004436,PH0083,MED0322,326,AVAILABLE,2026-08-19 02:57:51
INV004437,PH0083,MED0263,190,AVAILABLE,2026-08-19 01:52:25
INV004438,PH0083,MED0295,151,AVAILABLE,2026-08-18 22:28:57
INV004439,PH0083,MED0023,139,AVAILABLE,2026-08-18 22:19:42
INV004440,PH0083,MED0188,40,AVAILABLE,2026-08-18 23:19:04
INV004441,PH0083,MED0347,267,AVAILABLE,2026-08-18 22:53:31
INV004442,PH0083,MED0064,0,OUT_OF_STOCK,2026-08-18 23:09:44
INV004443,PH0083,MED0215,364,AVAILABLE,2026-08-19 02:56:06
INV004444,PH0083,MED0206,0,OUT_OF_STOCK,2026-08-18 23:52:30
INV004445,PH0083,MED0113,51,AVAILABLE,2026-08-18 23:01:05
INV004446,PH0083,MED0103,185,AVAILABLE,2026-08-18 22:14:04
INV004447,PH0083,MED0432,152,AVAILABLE,2026-08-18 23:59:45
INV004448,PH0083,MED0517,169,AVAILABLE,2026-08-19 00:31:46
INV004449,PH0083,MED0089,51,AVAILABLE,2026-08-19 01:36:38
INV004450,PH0083,MED0446,148,AVAILABLE,2026-08-19 00:23:22
INV004451,PH0083,MED0292,0,OUT_OF_STOCK,2026-08-19 02:57:54
INV004452,PH0083,MED0182,136,AVAILABLE,2026-08-18 21:01:46
INV004453,PH0083,MED0399,221,AVAILABLE,2026-08-19 01:22:15
INV004454,PH0083,MED0495,40,AVAILABLE,2026-08-19 00:58:05
INV004455,PH0084,MED0229,184,AVAILABLE,2026-08-18 20:20:58
INV004456,PH0084,MED0459,0,OUT_OF_STOCK,2026-08-18 16:53:56
INV004457,PH0084,MED0030,252,AVAILABLE,2026-08-18 18:28:05
INV004458,PH0084,MED0156,0,OUT_OF_STOCK,2026-08-18 17:57:54
INV004459,PH0084,MED0044,4,LOW_STOCK,2026-08-18 17:14:06
INV004460,PH0084,MED0304,140,AVAILABLE,2026-08-18 21:31:58
INV004461,PH0084,MED0254,66,AVAILABLE,2026-08-18 17:48:25
INV004462,PH0084,MED0411,118,AVAILABLE,2026-08-18 20:46:54
INV004463,PH0084,MED0423,120,AVAILABLE,2026-08-18 17:12:59
INV004464,PH0084,MED0191,57,AVAILABLE,2026-08-18 17:00:02
INV004465,PH0084,MED0188,206,AVAILABLE,2026-08-18 22:08:19
INV004466,PH0084,MED0041,225,AVAILABLE,2026-08-18 20:25:36
INV004467,PH0084,MED0205,260,AVAILABLE,2026-08-18 18:29:14
INV004468,PH0084,MED0138,263,AVAILABLE,2026-08-18 17:30:13
INV004469,PH0084,MED0390,255,AVAILABLE,2026-08-18 22:01:17
INV004470,PH0084,MED0001,296,AVAILABLE,2026-08-18 20:12:20
INV004471,PH0084,MED0028,245,AVAILABLE,2026-08-18 18:54:54
INV004472,PH0084,MED0060,7,LOW_STOCK,2026-08-18 18:31:51
INV004473,PH0084,MED0237,150,AVAILABLE,2026-08-18 17:20:19
INV004474,PH0084,MED0061,358,AVAILABLE,2026-08-18 18:41:26
INV004475,PH0084,MED0356,172,AVAILABLE,2026-08-18 19:03:26
INV004476,PH0084,MED0059,146,AVAILABLE,2026-08-18 19:03:39
INV004477,PH0084,MED0332,0,OUT_OF_STOCK,2026-08-18 21:56:27
INV004478,PH0084,MED0434,160,AVAILABLE,2026-08-18 17:23:23
INV004479,PH0084,MED0365,228,AVAILABLE,2026-08-18 19:18:59
INV004480,PH0084,MED0101,257,AVAILABLE,2026-08-18 19:40:54
INV004481,PH0084,MED0458,319,AVAILABLE,2026-08-18 17:09:08
INV004482,PH0084,MED0218,309,AVAILABLE,2026-08-18 19:55:15
INV004483,PH0084,MED0288,267,AVAILABLE,2026-08-18 22:04:53
INV004484,PH0084,MED0437,68,AVAILABLE,2026-08-18 19:36:59
INV004485,PH0084,MED0248,58,AVAILABLE,2026-08-18 16:43:25
INV004486,PH0084,MED0149,258,AVAILABLE,2026-08-18 17:45:54
INV004487,PH0084,MED0482,98,AVAILABLE,2026-08-18 18:19:21
INV004488,PH0084,MED0366,148,AVAILABLE,2026-08-18 18:05:30
INV004489,PH0084,MED0348,137,AVAILABLE,2026-08-18 20:29:00
INV004490,PH0084,MED0192,103,AVAILABLE,2026-08-18 19:40:22
INV004491,PH0084,MED0457,185,AVAILABLE,2026-08-18 17:08:35
INV004492,PH0084,MED0233,0,OUT_OF_STOCK,2026-08-18 16:48:40
INV004493,PH0084,MED0037,349,AVAILABLE,2026-08-18 18:10:38
INV004494,PH0084,MED0018,288,AVAILABLE,2026-08-18 18:55:52
INV004495,PH0084,MED0376,140,AVAILABLE,2026-08-18 20:09:03
INV004496,PH0084,MED0360,109,AVAILABLE,2026-08-18 16:26:41
INV004497,PH0084,MED0421,7,LOW_STOCK,2026-08-18 21:01:32
INV004498,PH0084,MED0064,378,AVAILABLE,2026-08-18 19:28:47
INV004499,PH0084,MED0306,28,AVAILABLE,2026-08-18 21:20:06
INV004500,PH0084,MED0480,0,OUT_OF_STOCK,2026-08-18 17:25:19
INV004501,PH0084,MED0244,277,AVAILABLE,2026-08-18 19:54:36
INV004502,PH0084,MED0113,385,AVAILABLE,2026-08-18 18:40:37
INV004503,PH0084,MED0029,216,AVAILABLE,2026-08-18 20:35:54
INV004504,PH0084,MED0049,89,AVAILABLE,2026-08-18 18:15:05
INV004505,PH0084,MED0290,305,AVAILABLE,2026-08-18 20:55:13
INV004506,PH0084,MED0493,221,AVAILABLE,2026-08-18 17:32:21
INV004507,PH0084,MED0045,383,AVAILABLE,2026-08-18 20:52:37
INV004508,PH0085,MED0345,395,AVAILABLE,2026-08-18 16:28:31
INV004509,PH0085,MED0161,227,AVAILABLE,2026-08-18 18:47:46
INV004510,PH0085,MED0285,11,LOW_STOCK,2026-08-18 13:57:09
INV004511,PH0085,MED0275,10,LOW_STOCK,2026-08-18 14:25:21
INV004512,PH0085,MED0249,2,LOW_STOCK,2026-08-18 14:40:47
INV004513,PH0085,MED0113,119,AVAILABLE,2026-08-18 18:19:02
INV004514,PH0085,MED0344,79,AVAILABLE,2026-08-18 18:13:18
INV004515,PH0085,MED0160,0,OUT_OF_STOCK,2026-08-18 17:24:08
INV004516,PH0085,MED0234,372,AVAILABLE,2026-08-18 13:52:58
INV004517,PH0085,MED0365,232,AVAILABLE,2026-08-18 18:31:18
INV004518,PH0085,MED0008,290,AVAILABLE,2026-08-18 16:27:10
INV004519,PH0085,MED0355,131,AVAILABLE,2026-08-18 18:37:21
INV004520,PH0085,MED0348,165,AVAILABLE,2026-08-18 18:08:12
INV004521,PH0085,MED0177,386,AVAILABLE,2026-08-18 19:05:21
INV004522,PH0085,MED0346,10,LOW_STOCK,2026-08-18 18:34:19
INV004523,PH0085,MED0419,95,AVAILABLE,2026-08-18 19:17:17
INV004524,PH0085,MED0381,193,AVAILABLE,2026-08-18 18:12:06
INV004525,PH0085,MED0295,170,AVAILABLE,2026-08-18 13:50:33
INV004526,PH0085,MED0162,348,AVAILABLE,2026-08-18 18:03:34
INV004527,PH0085,MED0425,61,AVAILABLE,2026-08-18 16:00:06
INV004528,PH0085,MED0054,0,OUT_OF_STOCK,2026-08-18 14:39:17
INV004529,PH0085,MED0212,0,OUT_OF_STOCK,2026-08-18 16:45:30
INV004530,PH0085,MED0139,58,AVAILABLE,2026-08-18 18:49:26
INV004531,PH0085,MED0237,228,AVAILABLE,2026-08-18 18:09:13
INV004532,PH0085,MED0263,332,AVAILABLE,2026-08-18 18:45:02
INV004533,PH0085,MED0491,218,AVAILABLE,2026-08-18 18:03:46
INV004534,PH0085,MED0157,276,AVAILABLE,2026-08-18 13:50:53
INV004535,PH0085,MED0100,245,AVAILABLE,2026-08-18 15:25:18
INV004536,PH0085,MED0123,353,AVAILABLE,2026-08-18 14:20:52
INV004537,PH0085,MED0206,12,LOW_STOCK,2026-08-18 15:12:16
INV004538,PH0085,MED0308,80,AVAILABLE,2026-08-18 17:37:54
INV004539,PH0085,MED0367,0,OUT_OF_STOCK,2026-08-18 17:53:45
INV004540,PH0085,MED0453,208,AVAILABLE,2026-08-18 13:54:11
INV004541,PH0085,MED0274,8,LOW_STOCK,2026-08-18 14:39:09
INV004542,PH0085,MED0291,311,AVAILABLE,2026-08-18 18:43:40
INV004543,PH0085,MED0209,140,AVAILABLE,2026-08-18 19:30:00
INV004544,PH0085,MED0303,18,LOW_STOCK,2026-08-18 18:45:48
INV004545,PH0085,MED0056,120,AVAILABLE,2026-08-18 13:48:23
INV004546,PH0085,MED0297,277,AVAILABLE,2026-08-18 19:14:30
INV004547,PH0085,MED0201,173,AVAILABLE,2026-08-18 14:22:04
INV004548,PH0085,MED0514,264,AVAILABLE,2026-08-18 16:34:55
INV004549,PH0085,MED0138,216,AVAILABLE,2026-08-18 14:09:13
INV004550,PH0085,MED0271,44,AVAILABLE,2026-08-18 13:51:56
INV004551,PH0085,MED0188,157,AVAILABLE,2026-08-18 16:00:03
INV004552,PH0085,MED0011,235,AVAILABLE,2026-08-18 15:22:27
INV004553,PH0085,MED0003,78,AVAILABLE,2026-08-18 15:26:24
INV004554,PH0085,MED0395,324,AVAILABLE,2026-08-18 16:01:57
INV004555,PH0085,MED0215,248,AVAILABLE,2026-08-18 14:18:49
INV004556,PH0085,MED0337,95,AVAILABLE,2026-08-18 14:59:55
INV004557,PH0085,MED0260,285,AVAILABLE,2026-08-18 14:18:55
INV004558,PH0085,MED0434,378,AVAILABLE,2026-08-18 16:01:10
INV004559,PH0085,MED0127,24,AVAILABLE,2026-08-18 17:14:38
INV004560,PH0085,MED0124,156,AVAILABLE,2026-08-18 17:09:57
INV004561,PH0085,MED0081,24,AVAILABLE,2026-08-18 19:10:41
INV004562,PH0085,MED0194,0,OUT_OF_STOCK,2026-08-18 18:57:35
INV004563,PH0085,MED0111,0,OUT_OF_STOCK,2026-08-18 19:31:40
INV004564,PH0085,MED0429,6,LOW_STOCK,2026-08-18 14:19:49
INV004565,PH0085,MED0241,305,AVAILABLE,2026-08-18 14:13:20
INV004566,PH0086,MED0089,232,AVAILABLE,2026-08-19 04:03:58
INV004567,PH0086,MED0365,8,LOW_STOCK,2026-08-19 04:58:05
INV004568,PH0086,MED0252,108,AVAILABLE,2026-08-19 08:26:27
INV004569,PH0086,MED0249,60,AVAILABLE,2026-08-19 07:12:56
INV004570,PH0086,MED0519,300,AVAILABLE,2026-08-19 07:01:45
INV004571,PH0086,MED0131,256,AVAILABLE,2026-08-19 05:05:25
INV004572,PH0086,MED0278,336,AVAILABLE,2026-08-19 05:10:27
INV004573,PH0086,MED0015,251,AVAILABLE,2026-08-19 05:46:11
INV004574,PH0086,MED0005,36,AVAILABLE,2026-08-19 03:12:46
INV004575,PH0086,MED0290,166,AVAILABLE,2026-08-19 08:17:33
INV004576,PH0086,MED0325,0,OUT_OF_STOCK,2026-08-19 06:26:52
INV004577,PH0086,MED0240,134,AVAILABLE,2026-08-19 03:44:53
INV004578,PH0086,MED0187,381,AVAILABLE,2026-08-19 03:44:15
INV004579,PH0086,MED0498,0,OUT_OF_STOCK,2026-08-19 02:55:22
INV004580,PH0086,MED0046,0,OUT_OF_STOCK,2026-08-19 04:34:24
INV004581,PH0086,MED0453,398,AVAILABLE,2026-08-19 05:12:27
INV004582,PH0086,MED0189,0,OUT_OF_STOCK,2026-08-19 02:56:58
INV004583,PH0086,MED0496,377,AVAILABLE,2026-08-19 06:10:49
INV004584,PH0086,MED0017,17,LOW_STOCK,2026-08-19 07:46:43
INV004585,PH0086,MED0190,194,AVAILABLE,2026-08-19 06:54:54
INV004586,PH0086,MED0258,260,AVAILABLE,2026-08-19 04:50:27
INV004587,PH0086,MED0460,293,AVAILABLE,2026-08-19 03:42:34
INV004588,PH0086,MED0008,247,AVAILABLE,2026-08-19 06:11:38
INV004589,PH0086,MED0255,388,AVAILABLE,2026-08-19 05:02:49
INV004590,PH0086,MED0122,320,AVAILABLE,2026-08-19 07:29:27
INV004591,PH0086,MED0426,364,AVAILABLE,2026-08-19 05:35:18
INV004592,PH0086,MED0166,163,AVAILABLE,2026-08-19 03:53:51
INV004593,PH0086,MED0041,48,AVAILABLE,2026-08-19 02:56:59
INV004594,PH0086,MED0098,242,AVAILABLE,2026-08-19 04:20:56
INV004595,PH0086,MED0253,18,LOW_STOCK,2026-08-19 05:00:19
INV004596,PH0086,MED0449,216,AVAILABLE,2026-08-19 06:14:53
INV004597,PH0086,MED0408,336,AVAILABLE,2026-08-19 06:17:11
INV004598,PH0086,MED0151,366,AVAILABLE,2026-08-19 05:59:36
INV004599,PH0086,MED0138,0,OUT_OF_STOCK,2026-08-19 05:53:03
INV004600,PH0086,MED0412,107,AVAILABLE,2026-08-19 08:16:44
INV004601,PH0086,MED0257,168,AVAILABLE,2026-08-19 08:01:27
INV004602,PH0086,MED0298,90,AVAILABLE,2026-08-19 06:31:23
INV004603,PH0086,MED0366,166,AVAILABLE,2026-08-19 03:18:43
INV004604,PH0086,MED0117,86,AVAILABLE,2026-08-19 03:40:25
INV004605,PH0086,MED0437,170,AVAILABLE,2026-08-19 08:26:09
INV004606,PH0086,MED0518,330,AVAILABLE,2026-08-19 05:00:07
INV004607,PH0086,MED0198,211,AVAILABLE,2026-08-19 07:21:32
INV004608,PH0086,MED0441,161,AVAILABLE,2026-08-19 04:57:21
INV004609,PH0086,MED0007,252,AVAILABLE,2026-08-19 04:13:07
INV004610,PH0086,MED0475,0,OUT_OF_STOCK,2026-08-19 03:51:49
INV004611,PH0086,MED0212,0,OUT_OF_STOCK,2026-08-19 04:42:38
INV004612,PH0086,MED0173,185,AVAILABLE,2026-08-19 06:02:56
INV004613,PH0086,MED0006,149,AVAILABLE,2026-08-19 05:26:26
INV004614,PH0086,MED0001,392,AVAILABLE,2026-08-19 06:41:08
INV004615,PH0086,MED0019,0,OUT_OF_STOCK,2026-08-19 08:20:42
INV004616,PH0086,MED0158,189,AVAILABLE,2026-08-19 03:10:19
INV004617,PH0086,MED0185,168,AVAILABLE,2026-08-19 06:17:07
INV004618,PH0086,MED0333,347,AVAILABLE,2026-08-19 08:29:35
INV004619,PH0086,MED0040,186,AVAILABLE,2026-08-19 04:09:51
INV004620,PH0086,MED0393,19,LOW_STOCK,2026-08-19 04:17:32
INV004621,PH0087,MED0087,19,LOW_STOCK,2026-08-19 12:38:24
INV004622,PH0087,MED0466,0,OUT_OF_STOCK,2026-08-19 11:29:23
INV004623,PH0087,MED0490,339,AVAILABLE,2026-08-19 14:22:10
INV004624,PH0087,MED0183,319,AVAILABLE,2026-08-19 11:03:10
INV004625,PH0087,MED0038,47,AVAILABLE,2026-08-19 15:54:03
INV004626,PH0087,MED0117,11,LOW_STOCK,2026-08-19 15:08:20
INV004627,PH0087,MED0263,50,AVAILABLE,2026-08-19 13:23:33
INV004628,PH0087,MED0421,0,OUT_OF_STOCK,2026-08-19 12:28:01
INV004629,PH0087,MED0508,0,OUT_OF_STOCK,2026-08-19 14:15:54
INV004630,PH0087,MED0327,260,AVAILABLE,2026-08-19 11:25:13
INV004631,PH0087,MED0458,375,AVAILABLE,2026-08-19 13:29:38
INV004632,PH0087,MED0132,123,AVAILABLE,2026-08-19 12:41:59
INV004633,PH0087,MED0212,8,LOW_STOCK,2026-08-19 14:45:06
INV004634,PH0087,MED0020,233,AVAILABLE,2026-08-19 16:19:56
INV004635,PH0087,MED0380,242,AVAILABLE,2026-08-19 12:16:01
INV004636,PH0087,MED0468,50,AVAILABLE,2026-08-19 13:41:14
INV004637,PH0087,MED0467,223,AVAILABLE,2026-08-19 12:00:37
INV004638,PH0087,MED0317,228,AVAILABLE,2026-08-19 16:17:48
INV004639,PH0087,MED0248,275,AVAILABLE,2026-08-19 13:36:02
INV004640,PH0087,MED0063,93,AVAILABLE,2026-08-19 13:37:35
INV004641,PH0087,MED0449,198,AVAILABLE,2026-08-19 10:46:28
INV004642,PH0087,MED0407,116,AVAILABLE,2026-08-19 12:48:00
INV004643,PH0087,MED0015,41,AVAILABLE,2026-08-19 15:01:58
INV004644,PH0087,MED0304,333,AVAILABLE,2026-08-19 16:21:30
INV004645,PH0087,MED0174,216,AVAILABLE,2026-08-19 16:27:52
INV004646,PH0087,MED0339,397,AVAILABLE,2026-08-19 11:56:02
INV004647,PH0087,MED0019,278,AVAILABLE,2026-08-19 11:51:46
INV004648,PH0087,MED0122,64,AVAILABLE,2026-08-19 13:34:45
INV004649,PH0087,MED0489,234,AVAILABLE,2026-08-19 12:50:16
INV004650,PH0087,MED0115,0,OUT_OF_STOCK,2026-08-19 15:40:11
INV004651,PH0087,MED0289,329,AVAILABLE,2026-08-19 11:14:45
INV004652,PH0087,MED0482,261,AVAILABLE,2026-08-19 11:17:26
INV004653,PH0087,MED0187,394,AVAILABLE,2026-08-19 15:48:14
INV004654,PH0087,MED0124,36,AVAILABLE,2026-08-19 13:16:19
INV004655,PH0087,MED0157,14,LOW_STOCK,2026-08-19 13:45:43
INV004656,PH0087,MED0200,257,AVAILABLE,2026-08-19 14:01:28
INV004657,PH0087,MED0460,0,OUT_OF_STOCK,2026-08-19 11:01:45
INV004658,PH0087,MED0190,202,AVAILABLE,2026-08-19 14:39:45
INV004659,PH0087,MED0469,49,AVAILABLE,2026-08-19 15:30:21
INV004660,PH0087,MED0064,11,LOW_STOCK,2026-08-19 11:55:07
INV004661,PH0087,MED0485,123,AVAILABLE,2026-08-19 14:36:17
INV004662,PH0087,MED0177,76,AVAILABLE,2026-08-19 16:06:24
INV004663,PH0087,MED0398,215,AVAILABLE,2026-08-19 13:00:30
INV004664,PH0087,MED0048,210,AVAILABLE,2026-08-19 15:31:17
INV004665,PH0087,MED0147,5,LOW_STOCK,2026-08-19 15:36:04
INV004666,PH0087,MED0158,354,AVAILABLE,2026-08-19 11:04:37
INV004667,PH0087,MED0286,206,AVAILABLE,2026-08-19 12:40:54
INV004668,PH0087,MED0446,0,OUT_OF_STOCK,2026-08-19 12:49:30
INV004669,PH0087,MED0053,34,AVAILABLE,2026-08-19 13:58:01
INV004670,PH0087,MED0479,148,AVAILABLE,2026-08-19 16:38:59
INV004671,PH0087,MED0384,236,AVAILABLE,2026-08-19 16:40:08
INV004672,PH0087,MED0076,387,AVAILABLE,2026-08-19 16:07:02
INV004673,PH0087,MED0437,83,AVAILABLE,2026-08-19 12:16:33
INV004674,PH0087,MED0005,279,AVAILABLE,2026-08-19 13:53:20
INV004675,PH0088,MED0479,235,AVAILABLE,2026-08-18 14:20:26
INV004676,PH0088,MED0313,145,AVAILABLE,2026-08-18 15:41:14
INV004677,PH0088,MED0132,89,AVAILABLE,2026-08-18 17:22:36
INV004678,PH0088,MED0402,316,AVAILABLE,2026-08-18 17:22:26
INV004679,PH0088,MED0116,318,AVAILABLE,2026-08-18 18:24:16
INV004680,PH0088,MED0139,187,AVAILABLE,2026-08-18 15:08:43
INV004681,PH0088,MED0459,0,OUT_OF_STOCK,2026-08-18 16:05:44
INV004682,PH0088,MED0138,399,AVAILABLE,2026-08-18 15:18:36
INV004683,PH0088,MED0130,7,LOW_STOCK,2026-08-18 17:22:19
INV004684,PH0088,MED0397,102,AVAILABLE,2026-08-18 17:51:01
INV004685,PH0088,MED0174,155,AVAILABLE,2026-08-18 16:54:41
INV004686,PH0088,MED0099,3,LOW_STOCK,2026-08-18 16:32:43
INV004687,PH0088,MED0207,387,AVAILABLE,2026-08-18 16:33:32
INV004688,PH0088,MED0066,12,LOW_STOCK,2026-08-18 14:23:08
INV004689,PH0088,MED0434,391,AVAILABLE,2026-08-18 18:05:34
INV004690,PH0088,MED0415,381,AVAILABLE,2026-08-18 15:53:36
INV004691,PH0088,MED0250,221,AVAILABLE,2026-08-18 16:09:17
INV004692,PH0088,MED0141,172,AVAILABLE,2026-08-18 17:30:01
INV004693,PH0088,MED0231,93,AVAILABLE,2026-08-18 18:39:58
INV004694,PH0088,MED0030,35,AVAILABLE,2026-08-18 18:32:55
INV004695,PH0088,MED0053,0,OUT_OF_STOCK,2026-08-18 14:51:27
INV004696,PH0088,MED0154,17,LOW_STOCK,2026-08-18 17:50:30
INV004697,PH0088,MED0159,189,AVAILABLE,2026-08-18 18:33:43
INV004698,PH0088,MED0040,55,AVAILABLE,2026-08-18 17:04:59
INV004699,PH0088,MED0348,269,AVAILABLE,2026-08-18 16:30:04
INV004700,PH0088,MED0439,43,AVAILABLE,2026-08-18 19:20:46
INV004701,PH0088,MED0286,212,AVAILABLE,2026-08-18 17:23:14
INV004702,PH0088,MED0003,335,AVAILABLE,2026-08-18 16:01:17
INV004703,PH0088,MED0114,270,AVAILABLE,2026-08-18 19:14:10
INV004704,PH0088,MED0049,195,AVAILABLE,2026-08-18 14:40:25
INV004705,PH0088,MED0076,277,AVAILABLE,2026-08-18 15:54:35
INV004706,PH0088,MED0033,373,AVAILABLE,2026-08-18 18:14:17
INV004707,PH0088,MED0445,267,AVAILABLE,2026-08-18 14:41:38
INV004708,PH0088,MED0478,345,AVAILABLE,2026-08-18 17:07:26
INV004709,PH0088,MED0393,236,AVAILABLE,2026-08-18 19:50:18
INV004710,PH0088,MED0106,231,AVAILABLE,2026-08-18 19:30:33
INV004711,PH0088,MED0056,26,AVAILABLE,2026-08-18 15:37:00
INV004712,PH0088,MED0500,85,AVAILABLE,2026-08-18 15:17:04
INV004713,PH0088,MED0233,0,OUT_OF_STOCK,2026-08-18 18:29:11
INV004714,PH0088,MED0201,110,AVAILABLE,2026-08-18 17:10:08
INV004715,PH0088,MED0122,111,AVAILABLE,2026-08-18 15:47:25
INV004716,PH0088,MED0309,361,AVAILABLE,2026-08-18 14:51:07
INV004717,PH0088,MED0365,13,LOW_STOCK,2026-08-18 17:09:23
INV004718,PH0088,MED0297,0,OUT_OF_STOCK,2026-08-18 19:33:14
INV004719,PH0088,MED0258,46,AVAILABLE,2026-08-18 17:33:30
INV004720,PH0088,MED0353,17,LOW_STOCK,2026-08-18 19:40:27
INV004721,PH0088,MED0146,259,AVAILABLE,2026-08-18 19:26:13
INV004722,PH0088,MED0149,232,AVAILABLE,2026-08-18 16:01:54
INV004723,PH0088,MED0075,235,AVAILABLE,2026-08-18 17:36:30
INV004724,PH0088,MED0329,2,LOW_STOCK,2026-08-18 16:42:06
INV004725,PH0088,MED0430,142,AVAILABLE,2026-08-18 17:46:03
INV004726,PH0088,MED0054,27,AVAILABLE,2026-08-18 18:02:45
INV004727,PH0088,MED0438,0,OUT_OF_STOCK,2026-08-18 15:55:19
INV004728,PH0089,MED0236,56,AVAILABLE,2026-08-17 19:02:04
INV004729,PH0089,MED0231,232,AVAILABLE,2026-08-17 14:26:39
INV004730,PH0089,MED0297,153,AVAILABLE,2026-08-17 14:54:40
INV004731,PH0089,MED0212,12,LOW_STOCK,2026-08-17 17:58:46
INV004732,PH0089,MED0021,3,LOW_STOCK,2026-08-17 14:39:23
INV004733,PH0089,MED0469,239,AVAILABLE,2026-08-17 14:55:40
INV004734,PH0089,MED0248,398,AVAILABLE,2026-08-17 14:59:50
INV004735,PH0089,MED0308,378,AVAILABLE,2026-08-17 15:05:06
INV004736,PH0089,MED0170,17,LOW_STOCK,2026-08-17 17:27:31
INV004737,PH0089,MED0288,279,AVAILABLE,2026-08-17 16:35:03
INV004738,PH0089,MED0116,3,LOW_STOCK,2026-08-17 16:55:09
INV004739,PH0089,MED0213,0,OUT_OF_STOCK,2026-08-17 19:22:37
INV004740,PH0089,MED0122,153,AVAILABLE,2026-08-17 16:05:50
INV004741,PH0089,MED0104,113,AVAILABLE,2026-08-17 19:15:59
INV004742,PH0089,MED0172,308,AVAILABLE,2026-08-17 15:57:30
INV004743,PH0089,MED0095,88,AVAILABLE,2026-08-17 18:56:19
INV004744,PH0089,MED0387,0,OUT_OF_STOCK,2026-08-17 18:39:35
INV004745,PH0089,MED0133,1,LOW_STOCK,2026-08-17 19:41:08
INV004746,PH0089,MED0447,75,AVAILABLE,2026-08-17 15:49:49
INV004747,PH0089,MED0365,277,AVAILABLE,2026-08-17 15:10:32
INV004748,PH0089,MED0436,369,AVAILABLE,2026-08-17 16:26:22
INV004749,PH0089,MED0132,0,OUT_OF_STOCK,2026-08-17 18:16:25
INV004750,PH0089,MED0426,0,OUT_OF_STOCK,2026-08-17 15:37:13
INV004751,PH0089,MED0432,26,AVAILABLE,2026-08-17 17:52:11
INV004752,PH0089,MED0046,260,AVAILABLE,2026-08-17 19:06:45
INV004753,PH0089,MED0275,12,LOW_STOCK,2026-08-17 17:59:58
INV004754,PH0089,MED0349,105,AVAILABLE,2026-08-17 15:45:03
INV004755,PH0089,MED0509,53,AVAILABLE,2026-08-17 20:20:16
INV004756,PH0089,MED0216,24,AVAILABLE,2026-08-17 15:19:14
INV004757,PH0089,MED0117,0,OUT_OF_STOCK,2026-08-17 15:52:55
INV004758,PH0089,MED0434,29,AVAILABLE,2026-08-17 19:02:28
INV004759,PH0089,MED0289,288,AVAILABLE,2026-08-17 19:18:16
INV004760,PH0089,MED0016,375,AVAILABLE,2026-08-17 14:25:38
INV004761,PH0089,MED0238,186,AVAILABLE,2026-08-17 19:35:06
INV004762,PH0089,MED0015,194,AVAILABLE,2026-08-17 15:18:53
INV004763,PH0089,MED0082,305,AVAILABLE,2026-08-17 17:15:36
INV004764,PH0089,MED0199,0,OUT_OF_STOCK,2026-08-17 18:53:31
INV004765,PH0089,MED0026,0,OUT_OF_STOCK,2026-08-17 15:17:26
INV004766,PH0089,MED0084,19,LOW_STOCK,2026-08-17 18:22:19
INV004767,PH0089,MED0421,0,OUT_OF_STOCK,2026-08-17 19:31:00
INV004768,PH0089,MED0242,191,AVAILABLE,2026-08-17 19:08:59
INV004769,PH0089,MED0075,3,LOW_STOCK,2026-08-17 16:05:17
INV004770,PH0090,MED0238,103,AVAILABLE,2026-08-19 09:51:25
INV004771,PH0090,MED0237,268,AVAILABLE,2026-08-19 08:06:04
INV004772,PH0090,MED0454,127,AVAILABLE,2026-08-19 09:02:48
INV004773,PH0090,MED0411,221,AVAILABLE,2026-08-19 11:30:03
INV004774,PH0090,MED0259,335,AVAILABLE,2026-08-19 11:02:59
INV004775,PH0090,MED0161,57,AVAILABLE,2026-08-19 08:58:19
INV004776,PH0090,MED0069,187,AVAILABLE,2026-08-19 09:22:59
INV004777,PH0090,MED0255,25,AVAILABLE,2026-08-19 11:43:02
INV004778,PH0090,MED0083,2,LOW_STOCK,2026-08-19 08:34:10
INV004779,PH0090,MED0128,327,AVAILABLE,2026-08-19 11:12:13
INV004780,PH0090,MED0258,16,LOW_STOCK,2026-08-19 10:42:17
INV004781,PH0090,MED0075,372,AVAILABLE,2026-08-19 11:41:04
INV004782,PH0090,MED0336,357,AVAILABLE,2026-08-19 11:40:01
INV004783,PH0090,MED0142,398,AVAILABLE,2026-08-19 10:48:52
INV004784,PH0090,MED0047,249,AVAILABLE,2026-08-19 07:09:18
INV004785,PH0090,MED0343,251,AVAILABLE,2026-08-19 07:53:21
INV004786,PH0090,MED0194,195,AVAILABLE,2026-08-19 12:35:15
INV004787,PH0090,MED0425,394,AVAILABLE,2026-08-19 11:22:30
INV004788,PH0090,MED0094,276,AVAILABLE,2026-08-19 10:08:36
INV004789,PH0090,MED0150,54,AVAILABLE,2026-08-19 12:07:02
INV004790,PH0090,MED0103,223,AVAILABLE,2026-08-19 10:53:37
INV004791,PH0090,MED0397,338,AVAILABLE,2026-08-19 11:07:10
INV004792,PH0090,MED0020,56,AVAILABLE,2026-08-19 09:52:09
INV004793,PH0090,MED0440,390,AVAILABLE,2026-08-19 09:16:33
INV004794,PH0090,MED0164,6,LOW_STOCK,2026-08-19 07:24:58
INV004795,PH0090,MED0337,57,AVAILABLE,2026-08-19 10:54:15
INV004796,PH0090,MED0079,259,AVAILABLE,2026-08-19 10:13:18
INV004797,PH0090,MED0125,314,AVAILABLE,2026-08-19 12:20:12
INV004798,PH0090,MED0179,63,AVAILABLE,2026-08-19 10:25:22
INV004799,PH0090,MED0032,231,AVAILABLE,2026-08-19 07:50:14
INV004800,PH0090,MED0227,105,AVAILABLE,2026-08-19 07:07:09
INV004801,PH0090,MED0369,13,LOW_STOCK,2026-08-19 12:13:15
INV004802,PH0090,MED0480,187,AVAILABLE,2026-08-19 08:55:58
INV004803,PH0090,MED0284,1,LOW_STOCK,2026-08-19 07:32:09
INV004804,PH0090,MED0188,308,AVAILABLE,2026-08-19 11:02:33
INV004805,PH0090,MED0479,317,AVAILABLE,2026-08-19 08:12:00
INV004806,PH0090,MED0513,151,AVAILABLE,2026-08-19 08:25:48
INV004807,PH0090,MED0101,265,AVAILABLE,2026-08-19 07:52:13
INV004808,PH0090,MED0053,3,LOW_STOCK,2026-08-19 08:32:28
INV004809,PH0090,MED0290,297,AVAILABLE,2026-08-19 09:39:21
INV004810,PH0090,MED0116,340,AVAILABLE,2026-08-19 10:49:57
INV004811,PH0090,MED0176,2,LOW_STOCK,2026-08-19 08:37:48
INV004812,PH0090,MED0402,66,AVAILABLE,2026-08-19 08:41:15
INV004813,PH0090,MED0117,388,AVAILABLE,2026-08-19 10:28:13
INV004814,PH0090,MED0463,116,AVAILABLE,2026-08-19 12:01:20
INV004815,PH0090,MED0281,376,AVAILABLE,2026-08-19 08:57:54
INV004816,PH0090,MED0280,206,AVAILABLE,2026-08-19 07:06:59
INV004817,PH0090,MED0015,116,AVAILABLE,2026-08-19 10:34:13
INV004818,PH0090,MED0016,79,AVAILABLE,2026-08-19 09:23:49
INV004819,PH0090,MED0019,98,AVAILABLE,2026-08-19 09:02:58
INV004820,PH0090,MED0285,216,AVAILABLE,2026-08-19 12:14:08
INV004821,PH0090,MED0157,14,LOW_STOCK,2026-08-19 12:39:58
INV004822,PH0090,MED0104,293,AVAILABLE,2026-08-19 12:37:21
INV004823,PH0090,MED0008,0,OUT_OF_STOCK,2026-08-19 08:51:30
INV004824,PH0090,MED0426,134,AVAILABLE,2026-08-19 07:18:49
INV004825,PH0090,MED0037,301,AVAILABLE,2026-08-19 07:13:59
INV004826,PH0090,MED0030,54,AVAILABLE,2026-08-19 11:55:28
INV004827,PH0090,MED0325,315,AVAILABLE,2026-08-19 09:09:55
INV004828,PH0090,MED0131,264,AVAILABLE,2026-08-19 10:18:02
INV004829,PH0090,MED0129,103,AVAILABLE,2026-08-19 07:12:24
INV004830,PH0090,MED0316,247,AVAILABLE,2026-08-19 11:31:51
INV004831,PH0090,MED0185,277,AVAILABLE,2026-08-19 11:31:46
INV004832,PH0090,MED0366,205,AVAILABLE,2026-08-19 10:20:56
INV004833,PH0090,MED0240,347,AVAILABLE,2026-08-19 12:16:06
INV004834,PH0091,MED0298,21,AVAILABLE,2026-08-19 23:38:43
INV004835,PH0091,MED0484,0,OUT_OF_STOCK,2026-08-19 20:53:50
INV004836,PH0091,MED0430,19,LOW_STOCK,2026-08-19 23:16:56
INV004837,PH0091,MED0297,182,AVAILABLE,2026-08-20 00:10:00
INV004838,PH0091,MED0216,0,OUT_OF_STOCK,2026-08-20 00:15:59
INV004839,PH0091,MED0173,391,AVAILABLE,2026-08-19 22:08:54
INV004840,PH0091,MED0066,400,AVAILABLE,2026-08-19 19:45:47
INV004841,PH0091,MED0466,237,AVAILABLE,2026-08-19 20:21:53
INV004842,PH0091,MED0389,273,AVAILABLE,2026-08-19 21:15:10
INV004843,PH0091,MED0232,358,AVAILABLE,2026-08-20 01:25:48
INV004844,PH0091,MED0306,277,AVAILABLE,2026-08-19 23:09:28
INV004845,PH0091,MED0267,102,AVAILABLE,2026-08-19 23:44:50
INV004846,PH0091,MED0375,0,OUT_OF_STOCK,2026-08-19 22:11:30
INV004847,PH0091,MED0049,234,AVAILABLE,2026-08-20 00:57:49
INV004848,PH0091,MED0241,273,AVAILABLE,2026-08-19 21:03:59
INV004849,PH0091,MED0042,19,LOW_STOCK,2026-08-19 23:45:49
INV004850,PH0091,MED0284,27,AVAILABLE,2026-08-19 20:38:02
INV004851,PH0091,MED0074,0,OUT_OF_STOCK,2026-08-19 20:44:19
INV004852,PH0091,MED0027,259,AVAILABLE,2026-08-19 21:07:08
INV004853,PH0091,MED0370,33,AVAILABLE,2026-08-20 01:18:30
INV004854,PH0091,MED0219,48,AVAILABLE,2026-08-19 19:56:00
INV004855,PH0091,MED0253,250,AVAILABLE,2026-08-20 00:28:21
INV004856,PH0091,MED0323,0,OUT_OF_STOCK,2026-08-19 23:22:32
INV004857,PH0091,MED0325,10,LOW_STOCK,2026-08-19 21:21:35
INV004858,PH0091,MED0304,225,AVAILABLE,2026-08-19 21:12:40
INV004859,PH0091,MED0028,313,AVAILABLE,2026-08-19 21:54:47
INV004860,PH0091,MED0053,329,AVAILABLE,2026-08-20 00:04:22
INV004861,PH0091,MED0248,314,AVAILABLE,2026-08-19 22:32:37
INV004862,PH0091,MED0078,213,AVAILABLE,2026-08-19 22:44:37
INV004863,PH0091,MED0291,93,AVAILABLE,2026-08-20 01:04:31
INV004864,PH0091,MED0438,0,OUT_OF_STOCK,2026-08-20 00:58:31
INV004865,PH0091,MED0459,346,AVAILABLE,2026-08-20 00:12:42
INV004866,PH0091,MED0218,109,AVAILABLE,2026-08-19 23:34:47
INV004867,PH0091,MED0475,64,AVAILABLE,2026-08-19 19:55:54
INV004868,PH0091,MED0373,41,AVAILABLE,2026-08-20 00:33:09
INV004869,PH0091,MED0469,173,AVAILABLE,2026-08-19 20:34:17
INV004870,PH0091,MED0118,170,AVAILABLE,2026-08-20 00:44:03
INV004871,PH0091,MED0151,52,AVAILABLE,2026-08-19 20:46:35
INV004872,PH0091,MED0039,249,AVAILABLE,2026-08-19 22:00:06
INV004873,PH0091,MED0119,321,AVAILABLE,2026-08-20 01:30:44
INV004874,PH0091,MED0201,91,AVAILABLE,2026-08-20 00:14:56
INV004875,PH0091,MED0379,249,AVAILABLE,2026-08-19 21:39:15
INV004876,PH0091,MED0062,0,OUT_OF_STOCK,2026-08-19 23:08:57
INV004877,PH0091,MED0518,0,OUT_OF_STOCK,2026-08-20 00:44:19
INV004878,PH0091,MED0510,11,LOW_STOCK,2026-08-19 20:21:10
INV004879,PH0091,MED0041,123,AVAILABLE,2026-08-19 21:02:38
INV004880,PH0091,MED0075,0,OUT_OF_STOCK,2026-08-20 00:27:21
INV004881,PH0091,MED0095,260,AVAILABLE,2026-08-19 22:25:47
INV004882,PH0091,MED0015,166,AVAILABLE,2026-08-19 23:59:21
INV004883,PH0091,MED0157,119,AVAILABLE,2026-08-20 01:36:08
INV004884,PH0091,MED0205,120,AVAILABLE,2026-08-19 23:17:08
INV004885,PH0091,MED0252,311,AVAILABLE,2026-08-19 21:44:36
INV004886,PH0091,MED0390,370,AVAILABLE,2026-08-19 20:49:00
INV004887,PH0091,MED0273,112,AVAILABLE,2026-08-19 23:25:17
INV004888,PH0091,MED0292,281,AVAILABLE,2026-08-20 00:43:46
INV004889,PH0091,MED0513,82,AVAILABLE,2026-08-19 23:38:27
INV004890,PH0091,MED0427,60,AVAILABLE,2026-08-19 22:25:29
INV004891,PH0091,MED0029,134,AVAILABLE,2026-08-19 20:46:52
INV004892,PH0091,MED0487,260,AVAILABLE,2026-08-19 22:40:27
INV004893,PH0091,MED0156,244,AVAILABLE,2026-08-19 20:45:19
INV004894,PH0091,MED0006,251,AVAILABLE,2026-08-19 22:46:14
INV004895,PH0091,MED0418,380,AVAILABLE,2026-08-19 21:02:13
INV004896,PH0091,MED0367,5,LOW_STOCK,2026-08-19 21:09:04
INV004897,PH0092,MED0358,0,OUT_OF_STOCK,2026-08-17 21:54:27
INV004898,PH0092,MED0304,11,LOW_STOCK,2026-08-17 18:01:16
INV004899,PH0092,MED0064,203,AVAILABLE,2026-08-17 19:49:23
INV004900,PH0092,MED0041,115,AVAILABLE,2026-08-17 21:24:53
INV004901,PH0092,MED0221,0,OUT_OF_STOCK,2026-08-17 22:45:59
INV004902,PH0092,MED0019,291,AVAILABLE,2026-08-17 19:57:04
INV004903,PH0092,MED0144,349,AVAILABLE,2026-08-17 21:49:32
INV004904,PH0092,MED0261,6,LOW_STOCK,2026-08-17 20:34:34
INV004905,PH0092,MED0201,258,AVAILABLE,2026-08-17 22:27:33
INV004906,PH0092,MED0090,0,OUT_OF_STOCK,2026-08-17 17:47:42
INV004907,PH0092,MED0420,152,AVAILABLE,2026-08-17 18:39:21
INV004908,PH0092,MED0175,178,AVAILABLE,2026-08-17 20:56:45
INV004909,PH0092,MED0303,110,AVAILABLE,2026-08-17 20:42:41
INV004910,PH0092,MED0320,10,LOW_STOCK,2026-08-17 18:46:35
INV004911,PH0092,MED0369,5,LOW_STOCK,2026-08-17 16:56:44
INV004912,PH0092,MED0253,388,AVAILABLE,2026-08-17 20:19:42
INV004913,PH0092,MED0010,2,LOW_STOCK,2026-08-17 18:36:03
INV004914,PH0092,MED0359,0,OUT_OF_STOCK,2026-08-17 22:13:07
INV004915,PH0092,MED0496,11,LOW_STOCK,2026-08-17 18:25:45
INV004916,PH0092,MED0006,0,OUT_OF_STOCK,2026-08-17 21:27:02
INV004917,PH0092,MED0428,0,OUT_OF_STOCK,2026-08-17 20:05:04
INV004918,PH0092,MED0049,235,AVAILABLE,2026-08-17 19:52:38
INV004919,PH0092,MED0187,208,AVAILABLE,2026-08-17 22:28:56
INV004920,PH0092,MED0371,292,AVAILABLE,2026-08-17 22:47:19
INV004921,PH0092,MED0046,0,OUT_OF_STOCK,2026-08-17 18:25:57
INV004922,PH0092,MED0272,8,LOW_STOCK,2026-08-17 21:17:20
INV004923,PH0092,MED0398,50,AVAILABLE,2026-08-17 21:46:45
INV004924,PH0092,MED0029,280,AVAILABLE,2026-08-17 17:07:32
INV004925,PH0092,MED0114,340,AVAILABLE,2026-08-17 21:02:56
INV004926,PH0092,MED0438,0,OUT_OF_STOCK,2026-08-17 21:37:39
INV004927,PH0092,MED0048,125,AVAILABLE,2026-08-17 18:10:46
INV004928,PH0092,MED0271,145,AVAILABLE,2026-08-17 21:02:24
INV004929,PH0092,MED0224,0,OUT_OF_STOCK,2026-08-17 21:10:14
INV004930,PH0092,MED0053,47,AVAILABLE,2026-08-17 20:48:36
INV004931,PH0092,MED0442,192,AVAILABLE,2026-08-17 18:30:33
INV004932,PH0092,MED0160,5,LOW_STOCK,2026-08-17 20:25:46
INV004933,PH0092,MED0112,0,OUT_OF_STOCK,2026-08-17 19:00:18
INV004934,PH0092,MED0202,157,AVAILABLE,2026-08-17 16:52:19
INV004935,PH0092,MED0341,15,LOW_STOCK,2026-08-17 22:18:43
INV004936,PH0092,MED0150,288,AVAILABLE,2026-08-17 18:21:34
INV004937,PH0092,MED0250,102,AVAILABLE,2026-08-17 18:33:09
INV004938,PH0092,MED0040,343,AVAILABLE,2026-08-17 20:34:37
INV004939,PH0092,MED0236,9,LOW_STOCK,2026-08-17 19:57:20
INV004940,PH0092,MED0047,112,AVAILABLE,2026-08-17 17:07:41
INV004941,PH0092,MED0127,1,LOW_STOCK,2026-08-17 21:35:22
INV004942,PH0092,MED0024,353,AVAILABLE,2026-08-17 16:52:57
INV004943,PH0092,MED0093,247,AVAILABLE,2026-08-17 18:19:53
INV004944,PH0092,MED0218,231,AVAILABLE,2026-08-17 19:41:04
INV004945,PH0092,MED0190,116,AVAILABLE,2026-08-17 17:20:10
INV004946,PH0092,MED0463,99,AVAILABLE,2026-08-17 21:46:15
INV004947,PH0092,MED0479,163,AVAILABLE,2026-08-17 22:18:09
INV004948,PH0092,MED0404,8,LOW_STOCK,2026-08-17 22:00:25
INV004949,PH0092,MED0248,0,OUT_OF_STOCK,2026-08-17 17:12:35
INV004950,PH0092,MED0089,0,OUT_OF_STOCK,2026-08-17 20:45:11
INV004951,PH0092,MED0377,148,AVAILABLE,2026-08-17 17:38:20
INV004952,PH0092,MED0054,276,AVAILABLE,2026-08-17 20:40:51
INV004953,PH0092,MED0207,162,AVAILABLE,2026-08-17 22:27:27
INV004954,PH0092,MED0095,104,AVAILABLE,2026-08-17 20:56:03
INV004955,PH0093,MED0162,8,LOW_STOCK,2026-08-18 21:43:24
INV004956,PH0093,MED0405,0,OUT_OF_STOCK,2026-08-18 20:50:35
INV004957,PH0093,MED0023,34,AVAILABLE,2026-08-18 21:01:06
INV004958,PH0093,MED0005,14,LOW_STOCK,2026-08-18 19:23:15
INV004959,PH0093,MED0155,175,AVAILABLE,2026-08-18 17:00:36
INV004960,PH0093,MED0147,248,AVAILABLE,2026-08-18 18:45:33
INV004961,PH0093,MED0447,12,LOW_STOCK,2026-08-18 19:34:42
INV004962,PH0093,MED0373,277,AVAILABLE,2026-08-18 18:43:52
INV004963,PH0093,MED0501,91,AVAILABLE,2026-08-18 21:40:56
INV004964,PH0093,MED0033,398,AVAILABLE,2026-08-18 17:28:26
INV004965,PH0093,MED0305,233,AVAILABLE,2026-08-18 21:12:03
INV004966,PH0093,MED0131,294,AVAILABLE,2026-08-18 20:21:15
INV004967,PH0093,MED0328,340,AVAILABLE,2026-08-18 20:58:28
INV004968,PH0093,MED0031,45,AVAILABLE,2026-08-18 18:07:31
INV004969,PH0093,MED0183,295,AVAILABLE,2026-08-18 21:11:15
INV004970,PH0093,MED0176,107,AVAILABLE,2026-08-18 17:07:49
INV004971,PH0093,MED0279,110,AVAILABLE,2026-08-18 19:06:45
INV004972,PH0093,MED0265,347,AVAILABLE,2026-08-18 20:29:59
INV004973,PH0093,MED0165,360,AVAILABLE,2026-08-18 20:57:21
INV004974,PH0093,MED0399,223,AVAILABLE,2026-08-18 21:01:21
INV004975,PH0093,MED0044,303,AVAILABLE,2026-08-18 20:28:32
INV004976,PH0093,MED0179,260,AVAILABLE,2026-08-18 21:17:25
INV004977,PH0093,MED0113,97,AVAILABLE,2026-08-18 19:09:06
INV004978,PH0093,MED0493,126,AVAILABLE,2026-08-18 18:01:50
INV004979,PH0093,MED0296,331,AVAILABLE,2026-08-18 21:56:31
INV004980,PH0093,MED0323,0,OUT_OF_STOCK,2026-08-18 16:55:08
INV004981,PH0093,MED0429,312,AVAILABLE,2026-08-18 21:45:08
INV004982,PH0093,MED0466,142,AVAILABLE,2026-08-18 20:42:42
INV004983,PH0093,MED0221,133,AVAILABLE,2026-08-18 17:05:09
INV004984,PH0093,MED0075,0,OUT_OF_STOCK,2026-08-18 21:39:59
INV004985,PH0093,MED0015,373,AVAILABLE,2026-08-18 21:38:56
INV004986,PH0093,MED0061,212,AVAILABLE,2026-08-18 19:38:50
INV004987,PH0093,MED0285,17,LOW_STOCK,2026-08-18 20:35:30
INV004988,PH0093,MED0518,176,AVAILABLE,2026-08-18 21:48:08
INV004989,PH0093,MED0316,293,AVAILABLE,2026-08-18 18:25:21
INV004990,PH0093,MED0194,213,AVAILABLE,2026-08-18 21:19:23
INV004991,PH0093,MED0157,0,OUT_OF_STOCK,2026-08-18 17:39:13
INV004992,PH0093,MED0114,20,AVAILABLE,2026-08-18 19:10:04
INV004993,PH0093,MED0072,60,AVAILABLE,2026-08-18 22:01:06
INV004994,PH0093,MED0030,232,AVAILABLE,2026-08-18 17:45:06
INV004995,PH0093,MED0410,6,LOW_STOCK,2026-08-18 17:02:19
INV004996,PH0093,MED0116,0,OUT_OF_STOCK,2026-08-18 18:41:23
INV004997,PH0093,MED0414,246,AVAILABLE,2026-08-18 20:39:56
INV004998,PH0093,MED0335,122,AVAILABLE,2026-08-18 19:10:11
INV004999,PH0093,MED0029,74,AVAILABLE,2026-08-18 16:46:57
INV005000,PH0093,MED0456,88,AVAILABLE,2026-08-18 16:49:39
INV005001,PH0093,MED0301,32,AVAILABLE,2026-08-18 19:44:17
INV005002,PH0093,MED0347,299,AVAILABLE,2026-08-18 18:58:14
INV005003,PH0093,MED0495,260,AVAILABLE,2026-08-18 16:59:41
INV005004,PH0093,MED0455,95,AVAILABLE,2026-08-18 16:46:53
INV005005,PH0094,MED0446,48,AVAILABLE,2026-08-19 20:09:19
INV005006,PH0094,MED0306,0,OUT_OF_STOCK,2026-08-19 20:01:22
INV005007,PH0094,MED0134,312,AVAILABLE,2026-08-20 00:14:03
INV005008,PH0094,MED0423,150,AVAILABLE,2026-08-19 20:19:17
INV005009,PH0094,MED0018,59,AVAILABLE,2026-08-19 20:36:10
INV005010,PH0094,MED0174,0,OUT_OF_STOCK,2026-08-19 22:37:12
INV005011,PH0094,MED0047,284,AVAILABLE,2026-08-19 23:09:18
INV005012,PH0094,MED0079,358,AVAILABLE,2026-08-19 21:27:06
INV005013,PH0094,MED0261,1,LOW_STOCK,2026-08-19 20:21:40
INV005014,PH0094,MED0001,68,AVAILABLE,2026-08-19 23:53:20
INV005015,PH0094,MED0232,133,AVAILABLE,2026-08-19 21:27:43
INV005016,PH0094,MED0094,275,AVAILABLE,2026-08-19 20:49:14
INV005017,PH0094,MED0119,314,AVAILABLE,2026-08-19 20:50:32
INV005018,PH0094,MED0230,396,AVAILABLE,2026-08-19 20:32:31
INV005019,PH0094,MED0091,302,AVAILABLE,2026-08-19 21:14:03
INV005020,PH0094,MED0053,316,AVAILABLE,2026-08-20 00:20:16
INV005021,PH0094,MED0438,112,AVAILABLE,2026-08-19 22:21:30
INV005022,PH0094,MED0117,301,AVAILABLE,2026-08-20 00:58:15
INV005023,PH0094,MED0122,0,OUT_OF_STOCK,2026-08-19 22:21:01
INV005024,PH0094,MED0045,5,LOW_STOCK,2026-08-20 00:44:25
INV005025,PH0094,MED0376,220,AVAILABLE,2026-08-19 22:07:09
INV005026,PH0094,MED0104,100,AVAILABLE,2026-08-19 22:54:07
INV005027,PH0094,MED0144,191,AVAILABLE,2026-08-19 19:36:55
INV005028,PH0094,MED0092,16,LOW_STOCK,2026-08-19 20:59:03
INV005029,PH0094,MED0011,0,OUT_OF_STOCK,2026-08-19 20:54:19
INV005030,PH0094,MED0195,138,AVAILABLE,2026-08-19 20:04:48
INV005031,PH0094,MED0405,47,AVAILABLE,2026-08-19 23:55:19
INV005032,PH0094,MED0198,12,LOW_STOCK,2026-08-20 01:07:46
INV005033,PH0094,MED0191,269,AVAILABLE,2026-08-19 23:54:02
INV005034,PH0094,MED0346,97,AVAILABLE,2026-08-19 20:40:28
INV005035,PH0094,MED0322,137,AVAILABLE,2026-08-19 22:22:10
INV005036,PH0094,MED0290,44,AVAILABLE,2026-08-19 20:51:08
INV005037,PH0094,MED0498,8,LOW_STOCK,2026-08-19 22:30:48
INV005038,PH0094,MED0470,151,AVAILABLE,2026-08-20 00:08:29
INV005039,PH0094,MED0267,156,AVAILABLE,2026-08-20 00:28:41
INV005040,PH0094,MED0068,202,AVAILABLE,2026-08-19 20:58:48
INV005041,PH0094,MED0252,135,AVAILABLE,2026-08-19 19:29:32
INV005042,PH0094,MED0483,347,AVAILABLE,2026-08-19 23:52:35
INV005043,PH0094,MED0238,304,AVAILABLE,2026-08-19 22:56:08
INV005044,PH0094,MED0381,85,AVAILABLE,2026-08-19 21:51:35
INV005045,PH0094,MED0161,183,AVAILABLE,2026-08-19 20:31:53
INV005046,PH0094,MED0437,49,AVAILABLE,2026-08-19 20:52:50
INV005047,PH0094,MED0106,363,AVAILABLE,2026-08-19 22:20:14
INV005048,PH0094,MED0425,74,AVAILABLE,2026-08-19 23:23:49
INV005049,PH0094,MED0151,181,AVAILABLE,2026-08-20 00:41:48
INV005050,PH0094,MED0372,128,AVAILABLE,2026-08-19 22:36:16
INV005051,PH0095,MED0434,50,AVAILABLE,2026-08-17 21:54:01
INV005052,PH0095,MED0047,167,AVAILABLE,2026-08-18 00:02:35
INV005053,PH0095,MED0119,138,AVAILABLE,2026-08-17 22:10:41
INV005054,PH0095,MED0083,261,AVAILABLE,2026-08-18 00:50:12
INV005055,PH0095,MED0309,1,LOW_STOCK,2026-08-18 01:24:31
INV005056,PH0095,MED0201,202,AVAILABLE,2026-08-17 23:13:09
INV005057,PH0095,MED0258,9,LOW_STOCK,2026-08-17 20:05:38
INV005058,PH0095,MED0261,188,AVAILABLE,2026-08-17 21:32:27
INV005059,PH0095,MED0046,126,AVAILABLE,2026-08-17 22:42:46
INV005060,PH0095,MED0041,326,AVAILABLE,2026-08-17 23:18:57
INV005061,PH0095,MED0181,22,AVAILABLE,2026-08-17 22:55:52
INV005062,PH0095,MED0426,213,AVAILABLE,2026-08-17 21:12:30
INV005063,PH0095,MED0122,16,LOW_STOCK,2026-08-18 00:00:22
INV005064,PH0095,MED0358,305,AVAILABLE,2026-08-18 00:57:08
INV005065,PH0095,MED0424,243,AVAILABLE,2026-08-17 22:29:08
INV005066,PH0095,MED0087,347,AVAILABLE,2026-08-18 00:39:46
INV005067,PH0095,MED0488,0,OUT_OF_STOCK,2026-08-17 22:23:06
INV005068,PH0095,MED0284,1,LOW_STOCK,2026-08-17 23:44:57
INV005069,PH0095,MED0379,4,LOW_STOCK,2026-08-17 23:10:23
INV005070,PH0095,MED0460,331,AVAILABLE,2026-08-17 20:56:28
INV005071,PH0095,MED0237,245,AVAILABLE,2026-08-17 23:20:43
INV005072,PH0095,MED0089,240,AVAILABLE,2026-08-17 23:04:25
INV005073,PH0095,MED0221,306,AVAILABLE,2026-08-17 19:58:27
INV005074,PH0095,MED0317,399,AVAILABLE,2026-08-18 00:59:39
INV005075,PH0095,MED0166,260,AVAILABLE,2026-08-17 22:26:48
INV005076,PH0095,MED0238,96,AVAILABLE,2026-08-18 00:00:58
INV005077,PH0095,MED0365,0,OUT_OF_STOCK,2026-08-17 23:33:22
INV005078,PH0095,MED0094,157,AVAILABLE,2026-08-18 00:38:44
INV005079,PH0095,MED0127,8,LOW_STOCK,2026-08-17 21:03:03
INV005080,PH0095,MED0225,127,AVAILABLE,2026-08-17 19:50:53
INV005081,PH0095,MED0007,203,AVAILABLE,2026-08-18 00:08:38
INV005082,PH0095,MED0115,399,AVAILABLE,2026-08-17 21:23:49
INV005083,PH0095,MED0105,0,OUT_OF_STOCK,2026-08-17 21:39:55
INV005084,PH0095,MED0005,0,OUT_OF_STOCK,2026-08-17 21:59:08
INV005085,PH0095,MED0006,8,LOW_STOCK,2026-08-17 23:50:39
INV005086,PH0095,MED0467,0,OUT_OF_STOCK,2026-08-18 00:03:44
INV005087,PH0095,MED0486,270,AVAILABLE,2026-08-17 20:34:17
INV005088,PH0095,MED0160,188,AVAILABLE,2026-08-17 23:57:07
INV005089,PH0095,MED0308,364,AVAILABLE,2026-08-17 20:22:10
INV005090,PH0095,MED0198,257,AVAILABLE,2026-08-18 01:21:52
INV005091,PH0095,MED0012,335,AVAILABLE,2026-08-18 01:20:49
INV005092,PH0095,MED0255,3,LOW_STOCK,2026-08-17 21:58:01
INV005093,PH0095,MED0187,219,AVAILABLE,2026-08-17 19:43:34
INV005094,PH0095,MED0398,265,AVAILABLE,2026-08-17 19:54:40
INV005095,PH0095,MED0500,217,AVAILABLE,2026-08-18 01:01:17
INV005096,PH0095,MED0474,9,LOW_STOCK,2026-08-18 01:27:31
INV005097,PH0095,MED0026,225,AVAILABLE,2026-08-17 22:20:15
INV005098,PH0096,MED0439,2,LOW_STOCK,2026-08-20 19:58:29
INV005099,PH0096,MED0105,170,AVAILABLE,2026-08-20 18:13:33
INV005100,PH0096,MED0030,274,AVAILABLE,2026-08-20 17:17:23
INV005101,PH0096,MED0016,339,AVAILABLE,2026-08-20 19:15:11
INV005102,PH0096,MED0317,36,AVAILABLE,2026-08-20 20:14:42
INV005103,PH0096,MED0213,102,AVAILABLE,2026-08-20 18:15:26
INV005104,PH0096,MED0053,277,AVAILABLE,2026-08-20 19:07:35
INV005105,PH0096,MED0121,358,AVAILABLE,2026-08-20 20:21:52
INV005106,PH0096,MED0126,388,AVAILABLE,2026-08-20 20:32:31
INV005107,PH0096,MED0010,321,AVAILABLE,2026-08-20 22:28:58
INV005108,PH0096,MED0349,256,AVAILABLE,2026-08-20 22:00:06
INV005109,PH0096,MED0233,177,AVAILABLE,2026-08-20 18:30:31
INV005110,PH0096,MED0284,155,AVAILABLE,2026-08-20 19:51:35
INV005111,PH0096,MED0039,304,AVAILABLE,2026-08-20 17:35:05
INV005112,PH0096,MED0095,76,AVAILABLE,2026-08-20 17:26:33
INV005113,PH0096,MED0122,264,AVAILABLE,2026-08-20 18:55:21
INV005114,PH0096,MED0519,54,AVAILABLE,2026-08-20 19:46:07
INV005115,PH0096,MED0108,320,AVAILABLE,2026-08-20 18:02:51
INV005116,PH0096,MED0257,271,AVAILABLE,2026-08-20 18:32:21
INV005117,PH0096,MED0029,293,AVAILABLE,2026-08-20 20:02:04
INV005118,PH0096,MED0299,0,OUT_OF_STOCK,2026-08-20 19:37:24
INV005119,PH0096,MED0354,52,AVAILABLE,2026-08-20 19:20:27
INV005120,PH0096,MED0140,346,AVAILABLE,2026-08-20 19:54:32
INV005121,PH0096,MED0491,376,AVAILABLE,2026-08-20 21:00:07
INV005122,PH0096,MED0474,12,LOW_STOCK,2026-08-20 21:55:41
INV005123,PH0096,MED0056,51,AVAILABLE,2026-08-20 18:51:04
INV005124,PH0096,MED0125,253,AVAILABLE,2026-08-20 17:41:34
INV005125,PH0096,MED0490,291,AVAILABLE,2026-08-20 21:09:46
INV005126,PH0096,MED0015,272,AVAILABLE,2026-08-20 22:57:26
INV005127,PH0096,MED0364,242,AVAILABLE,2026-08-20 18:34:47
INV005128,PH0096,MED0259,150,AVAILABLE,2026-08-20 19:48:12
INV005129,PH0096,MED0058,0,OUT_OF_STOCK,2026-08-20 18:35:22
INV005130,PH0096,MED0185,50,AVAILABLE,2026-08-20 18:36:35
INV005131,PH0096,MED0116,247,AVAILABLE,2026-08-20 20:52:13
INV005132,PH0096,MED0480,142,AVAILABLE,2026-08-20 18:26:33
INV005133,PH0096,MED0193,0,OUT_OF_STOCK,2026-08-20 20:33:04
INV005134,PH0096,MED0075,0,OUT_OF_STOCK,2026-08-20 18:28:32
INV005135,PH0096,MED0174,0,OUT_OF_STOCK,2026-08-20 20:37:16
INV005136,PH0096,MED0517,110,AVAILABLE,2026-08-20 18:41:24
INV005137,PH0096,MED0430,189,AVAILABLE,2026-08-20 18:35:35
INV005138,PH0096,MED0402,252,AVAILABLE,2026-08-20 17:32:40
INV005139,PH0096,MED0076,152,AVAILABLE,2026-08-20 17:07:07
INV005140,PH0096,MED0007,314,AVAILABLE,2026-08-20 18:09:03
INV005141,PH0096,MED0426,211,AVAILABLE,2026-08-20 22:23:54
INV005142,PH0096,MED0345,325,AVAILABLE,2026-08-20 20:12:19
INV005143,PH0096,MED0332,230,AVAILABLE,2026-08-20 20:38:27
INV005144,PH0096,MED0068,184,AVAILABLE,2026-08-20 17:08:14
INV005145,PH0096,MED0249,207,AVAILABLE,2026-08-20 20:02:08
INV005146,PH0096,MED0138,306,AVAILABLE,2026-08-20 18:52:28
INV005147,PH0096,MED0246,392,AVAILABLE,2026-08-20 21:37:39
INV005148,PH0096,MED0179,2,LOW_STOCK,2026-08-20 18:03:03
INV005149,PH0096,MED0020,320,AVAILABLE,2026-08-20 18:37:08
INV005150,PH0096,MED0006,351,AVAILABLE,2026-08-20 18:48:15
INV005151,PH0096,MED0256,240,AVAILABLE,2026-08-20 18:55:43
INV005152,PH0096,MED0212,81,AVAILABLE,2026-08-20 19:44:18
INV005153,PH0096,MED0021,225,AVAILABLE,2026-08-20 23:04:33
INV005154,PH0096,MED0478,263,AVAILABLE,2026-08-20 21:21:04
INV005155,PH0096,MED0393,30,AVAILABLE,2026-08-20 21:32:41
INV005156,PH0096,MED0155,0,OUT_OF_STOCK,2026-08-20 20:49:33
INV005157,PH0096,MED0406,43,AVAILABLE,2026-08-20 21:19:37
INV005158,PH0096,MED0358,70,AVAILABLE,2026-08-20 20:38:02
INV005159,PH0096,MED0027,273,AVAILABLE,2026-08-20 20:17:56
INV005160,PH0096,MED0167,20,AVAILABLE,2026-08-20 20:27:40
INV005161,PH0096,MED0194,19,LOW_STOCK,2026-08-20 17:07:50
INV005162,PH0096,MED0255,259,AVAILABLE,2026-08-20 22:28:21
INV005163,PH0096,MED0156,399,AVAILABLE,2026-08-20 17:20:35
INV005164,PH0096,MED0225,171,AVAILABLE,2026-08-20 22:01:02
INV005165,PH0096,MED0142,100,AVAILABLE,2026-08-20 19:40:16
INV005166,PH0096,MED0023,32,AVAILABLE,2026-08-20 18:57:45
INV005167,PH0097,MED0053,300,AVAILABLE,2026-08-20 00:27:10
INV005168,PH0097,MED0491,388,AVAILABLE,2026-08-20 01:47:03
INV005169,PH0097,MED0262,105,AVAILABLE,2026-08-19 23:08:18
INV005170,PH0097,MED0006,93,AVAILABLE,2026-08-19 23:47:52
INV005171,PH0097,MED0405,56,AVAILABLE,2026-08-20 01:50:59
INV005172,PH0097,MED0095,0,OUT_OF_STOCK,2026-08-20 03:49:37
INV005173,PH0097,MED0218,235,AVAILABLE,2026-08-20 02:35:28
INV005174,PH0097,MED0079,191,AVAILABLE,2026-08-20 01:42:58
INV005175,PH0097,MED0393,216,AVAILABLE,2026-08-19 23:23:09
INV005176,PH0097,MED0318,2,LOW_STOCK,2026-08-20 00:08:06
INV005177,PH0097,MED0067,30,AVAILABLE,2026-08-20 01:52:58
INV005178,PH0097,MED0036,183,AVAILABLE,2026-08-19 23:58:02
INV005179,PH0097,MED0087,36,AVAILABLE,2026-08-20 00:14:55
INV005180,PH0097,MED0411,53,AVAILABLE,2026-08-20 02:48:07
INV005181,PH0097,MED0264,339,AVAILABLE,2026-08-19 23:00:08
INV005182,PH0097,MED0369,67,AVAILABLE,2026-08-19 23:02:12
INV005183,PH0097,MED0222,364,AVAILABLE,2026-08-20 03:53:41
INV005184,PH0097,MED0029,241,AVAILABLE,2026-08-20 01:55:27
INV005185,PH0097,MED0185,185,AVAILABLE,2026-08-20 02:30:30
INV005186,PH0097,MED0056,139,AVAILABLE,2026-08-19 23:48:43
INV005187,PH0097,MED0046,100,AVAILABLE,2026-08-20 00:27:51
INV005188,PH0097,MED0408,374,AVAILABLE,2026-08-19 23:03:10
INV005189,PH0097,MED0116,0,OUT_OF_STOCK,2026-08-20 02:13:04
INV005190,PH0097,MED0446,276,AVAILABLE,2026-08-19 23:45:18
INV005191,PH0097,MED0351,258,AVAILABLE,2026-08-20 00:55:35
INV005192,PH0097,MED0125,303,AVAILABLE,2026-08-19 22:53:26
INV005193,PH0097,MED0193,285,AVAILABLE,2026-08-20 04:02:07
INV005194,PH0097,MED0042,134,AVAILABLE,2026-08-20 03:06:24
INV005195,PH0097,MED0234,247,AVAILABLE,2026-08-19 23:05:02
INV005196,PH0097,MED0267,354,AVAILABLE,2026-08-20 00:52:01
INV005197,PH0097,MED0256,190,AVAILABLE,2026-08-19 23:14:04
INV005198,PH0097,MED0517,76,AVAILABLE,2026-08-20 02:20:08
INV005199,PH0097,MED0026,25,AVAILABLE,2026-08-19 22:16:12
INV005200,PH0097,MED0427,207,AVAILABLE,2026-08-19 22:20:12
INV005201,PH0097,MED0214,100,AVAILABLE,2026-08-20 00:29:24
INV005202,PH0097,MED0138,307,AVAILABLE,2026-08-20 01:50:11
INV005203,PH0097,MED0511,156,AVAILABLE,2026-08-20 02:29:30
INV005204,PH0097,MED0103,117,AVAILABLE,2026-08-20 02:09:55
INV005205,PH0097,MED0137,318,AVAILABLE,2026-08-19 23:12:11
INV005206,PH0097,MED0438,14,LOW_STOCK,2026-08-20 00:17:33
INV005207,PH0097,MED0478,0,OUT_OF_STOCK,2026-08-20 01:50:40
INV005208,PH0097,MED0051,224,AVAILABLE,2026-08-20 02:44:54
INV005209,PH0097,MED0167,37,AVAILABLE,2026-08-20 01:55:48
INV005210,PH0097,MED0035,360,AVAILABLE,2026-08-20 02:09:08
INV005211,PH0097,MED0188,267,AVAILABLE,2026-08-19 23:25:31
INV005212,PH0097,MED0075,15,LOW_STOCK,2026-08-20 00:03:31
INV005213,PH0097,MED0467,319,AVAILABLE,2026-08-20 03:01:22
INV005214,PH0097,MED0122,148,AVAILABLE,2026-08-20 00:41:59
INV005215,PH0097,MED0030,108,AVAILABLE,2026-08-20 01:30:05
INV005216,PH0097,MED0468,148,AVAILABLE,2026-08-19 23:23:02
INV005217,PH0097,MED0326,350,AVAILABLE,2026-08-20 04:06:29
INV005218,PH0097,MED0008,272,AVAILABLE,2026-08-20 01:41:19
INV005219,PH0097,MED0211,121,AVAILABLE,2026-08-19 22:35:59
INV005220,PH0097,MED0431,65,AVAILABLE,2026-08-20 01:50:50
INV005221,PH0097,MED0451,59,AVAILABLE,2026-08-20 02:18:30
INV005222,PH0097,MED0176,14,LOW_STOCK,2026-08-19 23:36:26
INV005223,PH0097,MED0011,92,AVAILABLE,2026-08-20 03:27:44
INV005224,PH0097,MED0332,0,OUT_OF_STOCK,2026-08-19 22:57:18
INV005225,PH0097,MED0199,399,AVAILABLE,2026-08-20 00:10:06
INV005226,PH0098,MED0144,21,AVAILABLE,2026-08-21 13:09:24
INV005227,PH0098,MED0101,75,AVAILABLE,2026-08-21 12:47:35
INV005228,PH0098,MED0050,57,AVAILABLE,2026-08-21 10:06:26
INV005229,PH0098,MED0194,42,AVAILABLE,2026-08-21 09:09:13
INV005230,PH0098,MED0316,357,AVAILABLE,2026-08-21 12:17:36
INV005231,PH0098,MED0289,174,AVAILABLE,2026-08-21 10:28:37
INV005232,PH0098,MED0134,351,AVAILABLE,2026-08-21 09:26:08
INV005233,PH0098,MED0259,81,AVAILABLE,2026-08-21 08:56:34
INV005234,PH0098,MED0500,283,AVAILABLE,2026-08-21 13:08:24
INV005235,PH0098,MED0333,327,AVAILABLE,2026-08-21 12:18:05
INV005236,PH0098,MED0122,286,AVAILABLE,2026-08-21 08:41:23
INV005237,PH0098,MED0158,297,AVAILABLE,2026-08-21 08:57:41
INV005238,PH0098,MED0343,26,AVAILABLE,2026-08-21 11:49:18
INV005239,PH0098,MED0278,280,AVAILABLE,2026-08-21 13:32:57
INV005240,PH0098,MED0161,28,AVAILABLE,2026-08-21 12:38:40
INV005241,PH0098,MED0180,32,AVAILABLE,2026-08-21 11:45:37
INV005242,PH0098,MED0041,399,AVAILABLE,2026-08-21 13:07:34
INV005243,PH0098,MED0329,44,AVAILABLE,2026-08-21 11:45:55
INV005244,PH0098,MED0145,11,LOW_STOCK,2026-08-21 08:03:24
INV005245,PH0098,MED0478,356,AVAILABLE,2026-08-21 11:12:26
INV005246,PH0098,MED0276,322,AVAILABLE,2026-08-21 13:34:18
INV005247,PH0098,MED0430,74,AVAILABLE,2026-08-21 09:07:57
INV005248,PH0098,MED0066,0,OUT_OF_STOCK,2026-08-21 09:35:24
INV005249,PH0098,MED0202,234,AVAILABLE,2026-08-21 13:40:03
INV005250,PH0098,MED0450,345,AVAILABLE,2026-08-21 13:20:58
INV005251,PH0098,MED0517,168,AVAILABLE,2026-08-21 08:21:56
INV005252,PH0098,MED0349,236,AVAILABLE,2026-08-21 09:08:43
INV005253,PH0098,MED0365,78,AVAILABLE,2026-08-21 12:54:20
INV005254,PH0098,MED0406,392,AVAILABLE,2026-08-21 11:43:10
INV005255,PH0098,MED0453,117,AVAILABLE,2026-08-21 11:25:14
INV005256,PH0098,MED0116,254,AVAILABLE,2026-08-21 08:53:25
INV005257,PH0098,MED0258,280,AVAILABLE,2026-08-21 08:51:30
INV005258,PH0098,MED0400,154,AVAILABLE,2026-08-21 10:17:28
INV005259,PH0098,MED0466,184,AVAILABLE,2026-08-21 10:12:25
INV005260,PH0098,MED0239,219,AVAILABLE,2026-08-21 13:46:22
INV005261,PH0098,MED0199,20,AVAILABLE,2026-08-21 12:19:54
INV005262,PH0098,MED0094,152,AVAILABLE,2026-08-21 09:19:46
INV005263,PH0098,MED0179,371,AVAILABLE,2026-08-21 11:40:34
INV005264,PH0098,MED0023,81,AVAILABLE,2026-08-21 09:14:45
INV005265,PH0098,MED0005,271,AVAILABLE,2026-08-21 08:41:46
INV005266,PH0098,MED0246,343,AVAILABLE,2026-08-21 13:13:14
INV005267,PH0098,MED0141,314,AVAILABLE,2026-08-21 10:03:29
INV005268,PH0098,MED0117,175,AVAILABLE,2026-08-21 12:23:21
INV005269,PH0098,MED0238,365,AVAILABLE,2026-08-21 09:16:37
INV005270,PH0098,MED0104,71,AVAILABLE,2026-08-21 11:24:44
INV005271,PH0098,MED0417,290,AVAILABLE,2026-08-21 11:29:10
INV005272,PH0098,MED0033,381,AVAILABLE,2026-08-21 08:12:27
INV005273,PH0098,MED0263,117,AVAILABLE,2026-08-21 09:02:02
INV005274,PH0098,MED0269,85,AVAILABLE,2026-08-21 08:43:04
INV005275,PH0098,MED0232,95,AVAILABLE,2026-08-21 07:50:26
INV005276,PH0098,MED0298,18,LOW_STOCK,2026-08-21 08:17:42
INV005277,PH0098,MED0265,68,AVAILABLE,2026-08-21 08:17:55
INV005278,PH0098,MED0031,131,AVAILABLE,2026-08-21 09:46:58
INV005279,PH0098,MED0136,205,AVAILABLE,2026-08-21 10:51:35
INV005280,PH0098,MED0020,223,AVAILABLE,2026-08-21 13:05:18
INV005281,PH0098,MED0268,372,AVAILABLE,2026-08-21 11:51:45
INV005282,PH0098,MED0362,315,AVAILABLE,2026-08-21 12:19:39
INV005283,PH0098,MED0248,38,AVAILABLE,2026-08-21 10:41:29
INV005284,PH0098,MED0420,344,AVAILABLE,2026-08-21 08:54:23
INV005285,PH0098,MED0456,92,AVAILABLE,2026-08-21 09:44:52
INV005286,PH0098,MED0504,291,AVAILABLE,2026-08-21 11:40:58
INV005287,PH0098,MED0187,281,AVAILABLE,2026-08-21 13:03:00
INV005288,PH0098,MED0497,241,AVAILABLE,2026-08-21 10:07:42
INV005289,PH0098,MED0302,333,AVAILABLE,2026-08-21 12:37:23
INV005290,PH0098,MED0426,326,AVAILABLE,2026-08-21 11:18:40
INV005291,PH0098,MED0397,254,AVAILABLE,2026-08-21 11:11:11
INV005292,PH0098,MED0508,142,AVAILABLE,2026-08-21 11:18:50
INV005293,PH0098,MED0125,109,AVAILABLE,2026-08-21 10:58:47
INV005294,PH0098,MED0207,150,AVAILABLE,2026-08-21 13:03:48
INV005295,PH0098,MED0212,398,AVAILABLE,2026-08-21 10:09:21
INV005296,PH0098,MED0490,196,AVAILABLE,2026-08-21 08:00:30
INV005297,PH0098,MED0237,260,AVAILABLE,2026-08-21 08:47:23
INV005298,PH0098,MED0045,2,LOW_STOCK,2026-08-21 12:50:02
INV005299,PH0098,MED0271,88,AVAILABLE,2026-08-21 08:26:09
INV005300,PH0098,MED0247,252,AVAILABLE,2026-08-21 10:49:01
INV005301,PH0099,MED0203,0,OUT_OF_STOCK,2026-08-21 09:13:29
INV005302,PH0099,MED0057,29,AVAILABLE,2026-08-21 09:12:11
INV005303,PH0099,MED0437,312,AVAILABLE,2026-08-21 08:17:12
INV005304,PH0099,MED0065,206,AVAILABLE,2026-08-21 06:00:09
INV005305,PH0099,MED0519,348,AVAILABLE,2026-08-21 08:18:47
INV005306,PH0099,MED0084,57,AVAILABLE,2026-08-21 09:49:13
INV005307,PH0099,MED0362,142,AVAILABLE,2026-08-21 05:35:19
INV005308,PH0099,MED0337,290,AVAILABLE,2026-08-21 07:25:02
INV005309,PH0099,MED0369,0,OUT_OF_STOCK,2026-08-21 07:11:32
INV005310,PH0099,MED0442,45,AVAILABLE,2026-08-21 04:40:25
INV005311,PH0099,MED0166,269,AVAILABLE,2026-08-21 04:14:46
INV005312,PH0099,MED0151,266,AVAILABLE,2026-08-21 06:07:44
INV005313,PH0099,MED0449,46,AVAILABLE,2026-08-21 05:43:47
INV005314,PH0099,MED0380,358,AVAILABLE,2026-08-21 04:46:10
INV005315,PH0099,MED0001,302,AVAILABLE,2026-08-21 08:37:18
INV005316,PH0099,MED0010,399,AVAILABLE,2026-08-21 07:11:41
INV005317,PH0099,MED0257,221,AVAILABLE,2026-08-21 09:53:50
INV005318,PH0099,MED0177,299,AVAILABLE,2026-08-21 07:19:21
INV005319,PH0099,MED0402,337,AVAILABLE,2026-08-21 05:29:12
INV005320,PH0099,MED0517,116,AVAILABLE,2026-08-21 04:48:19
INV005321,PH0099,MED0213,164,AVAILABLE,2026-08-21 09:08:58
INV005322,PH0099,MED0285,322,AVAILABLE,2026-08-21 08:38:54
INV005323,PH0099,MED0295,88,AVAILABLE,2026-08-21 08:25:20
INV005324,PH0099,MED0003,272,AVAILABLE,2026-08-21 07:08:35
INV005325,PH0099,MED0242,253,AVAILABLE,2026-08-21 07:16:02
INV005326,PH0099,MED0384,365,AVAILABLE,2026-08-21 07:58:11
INV005327,PH0099,MED0265,74,AVAILABLE,2026-08-21 06:03:15
INV005328,PH0099,MED0033,196,AVAILABLE,2026-08-21 08:53:03
INV005329,PH0099,MED0115,164,AVAILABLE,2026-08-21 06:50:47
INV005330,PH0099,MED0192,37,AVAILABLE,2026-08-21 08:38:26
INV005331,PH0099,MED0002,291,AVAILABLE,2026-08-21 08:37:21
INV005332,PH0099,MED0275,384,AVAILABLE,2026-08-21 05:24:33
INV005333,PH0099,MED0035,278,AVAILABLE,2026-08-21 04:45:55
INV005334,PH0099,MED0058,28,AVAILABLE,2026-08-21 05:27:20
INV005335,PH0099,MED0105,166,AVAILABLE,2026-08-21 07:13:54
INV005336,PH0099,MED0085,340,AVAILABLE,2026-08-21 05:51:10
INV005337,PH0099,MED0215,306,AVAILABLE,2026-08-21 08:31:29
INV005338,PH0099,MED0425,324,AVAILABLE,2026-08-21 08:08:16
INV005339,PH0099,MED0332,0,OUT_OF_STOCK,2026-08-21 07:42:16
INV005340,PH0099,MED0487,389,AVAILABLE,2026-08-21 05:01:41
INV005341,PH0099,MED0273,110,AVAILABLE,2026-08-21 06:50:49
INV005342,PH0099,MED0216,350,AVAILABLE,2026-08-21 06:10:14
INV005343,PH0099,MED0355,182,AVAILABLE,2026-08-21 08:08:29
INV005344,PH0099,MED0019,234,AVAILABLE,2026-08-21 05:43:41
INV005345,PH0099,MED0005,262,AVAILABLE,2026-08-21 06:27:07
INV005346,PH0099,MED0404,247,AVAILABLE,2026-08-21 06:08:07
INV005347,PH0099,MED0156,54,AVAILABLE,2026-08-21 06:53:07
INV005348,PH0099,MED0255,284,AVAILABLE,2026-08-21 05:16:48
INV005349,PH0099,MED0431,232,AVAILABLE,2026-08-21 05:31:36
INV005350,PH0099,MED0030,135,AVAILABLE,2026-08-21 04:47:09
INV005351,PH0099,MED0466,387,AVAILABLE,2026-08-21 08:15:39
INV005352,PH0099,MED0201,319,AVAILABLE,2026-08-21 09:11:38
INV005353,PH0099,MED0520,0,OUT_OF_STOCK,2026-08-21 06:38:34
INV005354,PH0099,MED0184,108,AVAILABLE,2026-08-21 08:37:35
INV005355,PH0099,MED0018,342,AVAILABLE,2026-08-21 09:41:40
INV005356,PH0099,MED0012,255,AVAILABLE,2026-08-21 08:43:18
INV005357,PH0099,MED0286,236,AVAILABLE,2026-08-21 09:10:42
INV005358,PH0100,MED0282,19,LOW_STOCK,2026-08-19 10:35:08
INV005359,PH0100,MED0125,169,AVAILABLE,2026-08-19 08:15:54
INV005360,PH0100,MED0097,338,AVAILABLE,2026-08-19 07:35:34
INV005361,PH0100,MED0205,311,AVAILABLE,2026-08-19 12:20:40
INV005362,PH0100,MED0454,341,AVAILABLE,2026-08-19 09:04:12
INV005363,PH0100,MED0360,89,AVAILABLE,2026-08-19 12:44:16
INV005364,PH0100,MED0113,350,AVAILABLE,2026-08-19 12:07:12
INV005365,PH0100,MED0211,0,OUT_OF_STOCK,2026-08-19 11:19:36
INV005366,PH0100,MED0478,228,AVAILABLE,2026-08-19 08:51:11
INV005367,PH0100,MED0245,222,AVAILABLE,2026-08-19 11:46:00
INV005368,PH0100,MED0030,270,AVAILABLE,2026-08-19 10:55:11
INV005369,PH0100,MED0035,149,AVAILABLE,2026-08-19 07:39:27
INV005370,PH0100,MED0290,41,AVAILABLE,2026-08-19 09:28:10
INV005371,PH0100,MED0311,70,AVAILABLE,2026-08-19 09:03:54
INV005372,PH0100,MED0345,27,AVAILABLE,2026-08-19 08:52:37
INV005373,PH0100,MED0151,385,AVAILABLE,2026-08-19 11:16:08
INV005374,PH0100,MED0055,283,AVAILABLE,2026-08-19 08:41:31
INV005375,PH0100,MED0271,159,AVAILABLE,2026-08-19 11:55:12
INV005376,PH0100,MED0408,364,AVAILABLE,2026-08-19 07:27:40
INV005377,PH0100,MED0057,388,AVAILABLE,2026-08-19 08:42:23
INV005378,PH0100,MED0008,0,OUT_OF_STOCK,2026-08-19 08:38:14
INV005379,PH0100,MED0307,172,AVAILABLE,2026-08-19 07:57:47
INV005380,PH0100,MED0327,42,AVAILABLE,2026-08-19 07:09:39
INV005381,PH0100,MED0026,253,AVAILABLE,2026-08-19 12:06:51
INV005382,PH0100,MED0087,400,AVAILABLE,2026-08-19 10:52:07
INV005383,PH0100,MED0380,131,AVAILABLE,2026-08-19 07:40:19
INV005384,PH0100,MED0195,140,AVAILABLE,2026-08-19 10:53:40
INV005385,PH0100,MED0212,15,LOW_STOCK,2026-08-19 08:46:51
INV005386,PH0100,MED0176,0,OUT_OF_STOCK,2026-08-19 07:26:26
INV005387,PH0100,MED0286,0,OUT_OF_STOCK,2026-08-19 08:03:54
INV005388,PH0100,MED0127,292,AVAILABLE,2026-08-19 07:44:05
INV005389,PH0100,MED0123,125,AVAILABLE,2026-08-19 08:51:58
INV005390,PH0100,MED0192,382,AVAILABLE,2026-08-19 08:58:39
INV005391,PH0100,MED0208,67,AVAILABLE,2026-08-19 11:19:09
INV005392,PH0100,MED0355,264,AVAILABLE,2026-08-19 12:24:35
INV005393,PH0100,MED0037,341,AVAILABLE,2026-08-19 11:45:57
INV005394,PH0100,MED0257,231,AVAILABLE,2026-08-19 12:20:52
INV005395,PH0100,MED0121,315,AVAILABLE,2026-08-19 09:16:55
INV005396,PH0100,MED0310,155,AVAILABLE,2026-08-19 06:52:52
INV005397,PH0100,MED0054,382,AVAILABLE,2026-08-19 06:59:02
INV005398,PH0100,MED0385,274,AVAILABLE,2026-08-19 07:51:53
INV005399,PH0100,MED0466,97,AVAILABLE,2026-08-19 08:05:53
INV005400,PH0100,MED0340,66,AVAILABLE,2026-08-19 10:06:11
INV005401,PH0100,MED0058,107,AVAILABLE,2026-08-19 11:07:15
INV005402,PH0100,MED0099,219,AVAILABLE,2026-08-19 10:19:14
INV005403,PH0100,MED0473,145,AVAILABLE,2026-08-19 08:09:51
INV005404,PH0100,MED0130,0,OUT_OF_STOCK,2026-08-19 10:46:13
INV005405,PH0100,MED0001,313,AVAILABLE,2026-08-19 10:37:46
INV005406,PH0100,MED0496,205,AVAILABLE,2026-08-19 10:54:16
INV005407,PH0100,MED0185,396,AVAILABLE,2026-08-19 07:31:23
INV005408,PH0100,MED0016,183,AVAILABLE,2026-08-19 08:29:03
INV005409,PH0100,MED0158,3,LOW_STOCK,2026-08-19 08:22:59
INV005410,PH0100,MED0453,110,AVAILABLE,2026-08-19 09:43:28
INV005411,PH0100,MED0234,324,AVAILABLE,2026-08-19 11:04:29
INV005412,PH0100,MED0463,217,AVAILABLE,2026-08-19 11:15:06
INV005413,PH0100,MED0221,367,AVAILABLE,2026-08-19 07:04:09
INV005414,PH0100,MED0399,368,AVAILABLE,2026-08-19 10:35:12
INV005415,PH0100,MED0166,377,AVAILABLE,2026-08-19 09:01:33
INV005416,PH0100,MED0501,356,AVAILABLE,2026-08-19 10:25:50
INV005417,PH0100,MED0062,74,AVAILABLE,2026-08-19 08:14:03
INV005418,PH0100,MED0214,245,AVAILABLE,2026-08-19 10:51:27
INV005419,PH0100,MED0005,150,AVAILABLE,2026-08-19 11:31:19
INV005420,PH0100,MED0032,0,OUT_OF_STOCK,2026-08-19 10:56:59
INV005421,PH0101,MED0517,192,AVAILABLE,2026-08-18 20:08:30
INV005422,PH0101,MED0261,0,OUT_OF_STOCK,2026-08-18 22:24:08
INV005423,PH0101,MED0054,0,OUT_OF_STOCK,2026-08-18 21:37:50
INV005424,PH0101,MED0348,2,LOW_STOCK,2026-08-18 20:20:57
INV005425,PH0101,MED0041,152,AVAILABLE,2026-08-18 22:09:44
INV005426,PH0101,MED0045,2,LOW_STOCK,2026-08-18 17:16:29
INV005427,PH0101,MED0198,276,AVAILABLE,2026-08-18 21:51:10
INV005428,PH0101,MED0027,354,AVAILABLE,2026-08-18 20:19:03
INV005429,PH0101,MED0072,120,AVAILABLE,2026-08-18 17:15:34
INV005430,PH0101,MED0304,263,AVAILABLE,2026-08-18 18:00:34
INV005431,PH0101,MED0150,14,LOW_STOCK,2026-08-18 20:18:43
INV005432,PH0101,MED0263,341,AVAILABLE,2026-08-18 17:10:49
INV005433,PH0101,MED0129,19,LOW_STOCK,2026-08-18 18:00:20
INV005434,PH0101,MED0442,255,AVAILABLE,2026-08-18 19:41:18
INV005435,PH0101,MED0188,204,AVAILABLE,2026-08-18 20:42:43
INV005436,PH0101,MED0451,385,AVAILABLE,2026-08-18 17:52:46
INV005437,PH0101,MED0023,113,AVAILABLE,2026-08-18 18:20:27
INV005438,PH0101,MED0289,216,AVAILABLE,2026-08-18 18:50:50
INV005439,PH0101,MED0097,69,AVAILABLE,2026-08-18 20:32:50
INV005440,PH0101,MED0119,113,AVAILABLE,2026-08-18 16:39:27
INV005441,PH0101,MED0194,0,OUT_OF_STOCK,2026-08-18 18:33:36
INV005442,PH0101,MED0021,0,OUT_OF_STOCK,2026-08-18 18:19:44
INV005443,PH0101,MED0049,85,AVAILABLE,2026-08-18 20:09:17
INV005444,PH0101,MED0111,261,AVAILABLE,2026-08-18 17:36:32
INV005445,PH0101,MED0056,100,AVAILABLE,2026-08-18 22:06:55
INV005446,PH0101,MED0031,299,AVAILABLE,2026-08-18 17:26:07
INV005447,PH0101,MED0033,204,AVAILABLE,2026-08-18 19:30:11
INV005448,PH0101,MED0449,89,AVAILABLE,2026-08-18 18:03:01
INV005449,PH0101,MED0464,6,LOW_STOCK,2026-08-18 18:17:56
INV005450,PH0101,MED0084,52,AVAILABLE,2026-08-18 18:10:00
INV005451,PH0101,MED0462,231,AVAILABLE,2026-08-18 17:59:02
INV005452,PH0101,MED0265,361,AVAILABLE,2026-08-18 16:34:30
INV005453,PH0101,MED0515,305,AVAILABLE,2026-08-18 18:54:04
INV005454,PH0101,MED0303,374,AVAILABLE,2026-08-18 20:17:23
INV005455,PH0101,MED0026,373,AVAILABLE,2026-08-18 19:13:14
INV005456,PH0101,MED0015,362,AVAILABLE,2026-08-18 22:20:47
INV005457,PH0101,MED0463,0,OUT_OF_STOCK,2026-08-18 22:28:00
INV005458,PH0101,MED0488,95,AVAILABLE,2026-08-18 19:13:11
INV005459,PH0101,MED0354,0,OUT_OF_STOCK,2026-08-18 16:55:51
INV005460,PH0101,MED0006,0,OUT_OF_STOCK,2026-08-18 21:38:20
INV005461,PH0101,MED0366,289,AVAILABLE,2026-08-18 18:49:35
INV005462,PH0101,MED0206,391,AVAILABLE,2026-08-18 17:08:19
INV005463,PH0101,MED0149,326,AVAILABLE,2026-08-18 18:36:28
INV005464,PH0101,MED0492,100,AVAILABLE,2026-08-18 20:02:17
INV005465,PH0101,MED0387,397,AVAILABLE,2026-08-18 19:30:30
INV005466,PH0101,MED0364,366,AVAILABLE,2026-08-18 20:20:30
INV005467,PH0101,MED0503,370,AVAILABLE,2026-08-18 21:35:45
INV005468,PH0101,MED0116,0,OUT_OF_STOCK,2026-08-18 22:26:33
INV005469,PH0101,MED0179,12,LOW_STOCK,2026-08-18 18:08:43
INV005470,PH0101,MED0019,299,AVAILABLE,2026-08-18 22:12:24
INV005471,PH0101,MED0319,181,AVAILABLE,2026-08-18 20:04:57
INV005472,PH0101,MED0456,199,AVAILABLE,2026-08-18 18:00:01
INV005473,PH0101,MED0508,193,AVAILABLE,2026-08-18 19:14:37
INV005474,PH0101,MED0096,183,AVAILABLE,2026-08-18 19:19:21
INV005475,PH0101,MED0305,307,AVAILABLE,2026-08-18 17:04:28
INV005476,PH0101,MED0180,368,AVAILABLE,2026-08-18 17:33:33
INV005477,PH0101,MED0499,271,AVAILABLE,2026-08-18 17:40:44
INV005478,PH0102,MED0033,275,AVAILABLE,2026-08-18 09:49:59
INV005479,PH0102,MED0106,248,AVAILABLE,2026-08-18 09:15:22
INV005480,PH0102,MED0172,14,LOW_STOCK,2026-08-18 10:10:59
INV005481,PH0102,MED0357,10,LOW_STOCK,2026-08-18 10:06:45
INV005482,PH0102,MED0405,132,AVAILABLE,2026-08-18 11:02:27
INV005483,PH0102,MED0511,0,OUT_OF_STOCK,2026-08-18 07:58:55
INV005484,PH0102,MED0498,0,OUT_OF_STOCK,2026-08-18 06:43:43
INV005485,PH0102,MED0140,95,AVAILABLE,2026-08-18 11:30:26
INV005486,PH0102,MED0433,6,LOW_STOCK,2026-08-18 09:25:57
INV005487,PH0102,MED0117,58,AVAILABLE,2026-08-18 10:22:30
INV005488,PH0102,MED0160,268,AVAILABLE,2026-08-18 10:42:13
INV005489,PH0102,MED0496,347,AVAILABLE,2026-08-18 09:27:08
INV005490,PH0102,MED0030,180,AVAILABLE,2026-08-18 12:08:34
INV005491,PH0102,MED0520,0,OUT_OF_STOCK,2026-08-18 10:42:21
INV005492,PH0102,MED0250,344,AVAILABLE,2026-08-18 12:25:16
INV005493,PH0102,MED0063,233,AVAILABLE,2026-08-18 12:17:10
INV005494,PH0102,MED0144,348,AVAILABLE,2026-08-18 09:03:45
INV005495,PH0102,MED0040,58,AVAILABLE,2026-08-18 10:49:35
INV005496,PH0102,MED0333,8,LOW_STOCK,2026-08-18 06:35:08
INV005497,PH0102,MED0422,28,AVAILABLE,2026-08-18 09:00:42
INV005498,PH0102,MED0329,182,AVAILABLE,2026-08-18 08:57:40
INV005499,PH0102,MED0075,0,OUT_OF_STOCK,2026-08-18 07:56:11
INV005500,PH0102,MED0213,388,AVAILABLE,2026-08-18 11:03:13
INV005501,PH0102,MED0003,124,AVAILABLE,2026-08-18 08:45:38
INV005502,PH0102,MED0186,289,AVAILABLE,2026-08-18 10:20:39
INV005503,PH0102,MED0198,173,AVAILABLE,2026-08-18 09:24:32
INV005504,PH0102,MED0410,368,AVAILABLE,2026-08-18 10:21:59
INV005505,PH0102,MED0480,205,AVAILABLE,2026-08-18 09:43:43
INV005506,PH0102,MED0479,343,AVAILABLE,2026-08-18 08:46:20
INV005507,PH0102,MED0395,154,AVAILABLE,2026-08-18 10:51:39
INV005508,PH0102,MED0491,13,LOW_STOCK,2026-08-18 12:03:27
INV005509,PH0102,MED0437,309,AVAILABLE,2026-08-18 10:31:26
INV005510,PH0102,MED0124,148,AVAILABLE,2026-08-18 09:34:47
INV005511,PH0102,MED0029,141,AVAILABLE,2026-08-18 09:48:47
INV005512,PH0102,MED0476,92,AVAILABLE,2026-08-18 11:06:40
INV005513,PH0102,MED0449,253,AVAILABLE,2026-08-18 09:46:42
INV005514,PH0102,MED0451,57,AVAILABLE,2026-08-18 07:43:55
INV005515,PH0102,MED0194,0,OUT_OF_STOCK,2026-08-18 09:09:18
INV005516,PH0102,MED0256,285,AVAILABLE,2026-08-18 09:37:48
INV005517,PH0102,MED0238,323,AVAILABLE,2026-08-18 07:13:18
INV005518,PH0102,MED0432,5,LOW_STOCK,2026-08-18 08:03:42
INV005519,PH0102,MED0399,0,OUT_OF_STOCK,2026-08-18 07:46:15
INV005520,PH0102,MED0131,0,OUT_OF_STOCK,2026-08-18 12:22:15
INV005521,PH0103,MED0030,398,AVAILABLE,2026-08-19 21:23:26
INV005522,PH0103,MED0062,184,AVAILABLE,2026-08-19 18:46:02
INV005523,PH0103,MED0023,185,AVAILABLE,2026-08-19 17:41:39
INV005524,PH0103,MED0090,134,AVAILABLE,2026-08-19 20:24:25
INV005525,PH0103,MED0007,168,AVAILABLE,2026-08-19 19:37:05
INV005526,PH0103,MED0195,398,AVAILABLE,2026-08-19 16:51:07
INV005527,PH0103,MED0479,88,AVAILABLE,2026-08-19 20:56:23
INV005528,PH0103,MED0409,48,AVAILABLE,2026-08-19 17:25:18
INV005529,PH0103,MED0138,192,AVAILABLE,2026-08-19 20:39:00
INV005530,PH0103,MED0263,119,AVAILABLE,2026-08-19 16:48:35
INV005531,PH0103,MED0517,261,AVAILABLE,2026-08-19 20:11:16
INV005532,PH0103,MED0503,319,AVAILABLE,2026-08-19 18:02:50
INV005533,PH0103,MED0048,222,AVAILABLE,2026-08-19 16:05:07
INV005534,PH0103,MED0142,115,AVAILABLE,2026-08-19 17:41:20
INV005535,PH0103,MED0123,226,AVAILABLE,2026-08-19 16:34:23
INV005536,PH0103,MED0091,306,AVAILABLE,2026-08-19 19:08:16
INV005537,PH0103,MED0021,17,LOW_STOCK,2026-08-19 18:09:38
INV005538,PH0103,MED0362,379,AVAILABLE,2026-08-19 17:20:59
INV005539,PH0103,MED0449,14,LOW_STOCK,2026-08-19 20:35:06
INV005540,PH0103,MED0375,260,AVAILABLE,2026-08-19 19:20:11
INV005541,PH0103,MED0257,283,AVAILABLE,2026-08-19 17:43:19
INV005542,PH0103,MED0488,14,LOW_STOCK,2026-08-19 21:54:25
INV005543,PH0103,MED0057,311,AVAILABLE,2026-08-19 16:05:45
INV005544,PH0103,MED0156,186,AVAILABLE,2026-08-19 16:29:27
INV005545,PH0103,MED0308,2,LOW_STOCK,2026-08-19 17:57:13
INV005546,PH0103,MED0432,206,AVAILABLE,2026-08-19 18:05:59
INV005547,PH0103,MED0290,91,AVAILABLE,2026-08-19 18:28:01
INV005548,PH0103,MED0373,332,AVAILABLE,2026-08-19 16:42:08
INV005549,PH0103,MED0064,399,AVAILABLE,2026-08-19 21:54:26
INV005550,PH0103,MED0116,246,AVAILABLE,2026-08-19 18:23:51
INV005551,PH0103,MED0397,373,AVAILABLE,2026-08-19 16:22:23
INV005552,PH0103,MED0008,95,AVAILABLE,2026-08-19 19:22:43
INV005553,PH0103,MED0190,168,AVAILABLE,2026-08-19 19:45:20
INV005554,PH0103,MED0342,338,AVAILABLE,2026-08-19 20:14:41
INV005555,PH0103,MED0406,199,AVAILABLE,2026-08-19 19:31:06
INV005556,PH0103,MED0309,254,AVAILABLE,2026-08-19 19:25:05
INV005557,PH0103,MED0032,302,AVAILABLE,2026-08-19 17:01:46
INV005558,PH0103,MED0047,246,AVAILABLE,2026-08-19 21:04:58
INV005559,PH0103,MED0330,0,OUT_OF_STOCK,2026-08-19 21:31:37
INV005560,PH0103,MED0295,303,AVAILABLE,2026-08-19 19:18:30
INV005561,PH0103,MED0388,279,AVAILABLE,2026-08-19 18:02:34
INV005562,PH0103,MED0256,273,AVAILABLE,2026-08-19 20:05:40
INV005563,PH0103,MED0056,122,AVAILABLE,2026-08-19 17:55:35
INV005564,PH0103,MED0114,206,AVAILABLE,2026-08-19 20:53:44
INV005565,PH0103,MED0438,336,AVAILABLE,2026-08-19 18:18:38
INV005566,PH0103,MED0202,287,AVAILABLE,2026-08-19 20:46:08
INV005567,PH0103,MED0281,209,AVAILABLE,2026-08-19 21:52:16
INV005568,PH0103,MED0129,377,AVAILABLE,2026-08-19 16:13:41
INV005569,PH0103,MED0448,117,AVAILABLE,2026-08-19 16:57:29
INV005570,PH0103,MED0236,232,AVAILABLE,2026-08-19 19:22:47
INV005571,PH0103,MED0073,85,AVAILABLE,2026-08-19 18:51:43
INV005572,PH0103,MED0025,300,AVAILABLE,2026-08-19 20:36:59
INV005573,PH0103,MED0241,34,AVAILABLE,2026-08-19 17:06:10
INV005574,PH0103,MED0199,286,AVAILABLE,2026-08-19 16:26:57
INV005575,PH0103,MED0012,311,AVAILABLE,2026-08-19 16:48:21
INV005576,PH0103,MED0192,99,AVAILABLE,2026-08-19 21:24:02
INV005577,PH0103,MED0117,6,LOW_STOCK,2026-08-19 20:12:34
INV005578,PH0103,MED0159,72,AVAILABLE,2026-08-19 19:11:38
INV005579,PH0103,MED0038,238,AVAILABLE,2026-08-19 17:56:22
INV005580,PH0104,MED0018,290,AVAILABLE,2026-08-20 02:59:32
INV005581,PH0104,MED0033,228,AVAILABLE,2026-08-20 01:52:06
INV005582,PH0104,MED0412,276,AVAILABLE,2026-08-20 03:59:56
INV005583,PH0104,MED0173,17,LOW_STOCK,2026-08-19 23:39:03
INV005584,PH0104,MED0083,102,AVAILABLE,2026-08-20 04:01:49
INV005585,PH0104,MED0373,192,AVAILABLE,2026-08-20 01:13:26
INV005586,PH0104,MED0030,224,AVAILABLE,2026-08-20 02:22:31
INV005587,PH0104,MED0362,199,AVAILABLE,2026-08-20 01:50:21
INV005588,PH0104,MED0113,144,AVAILABLE,2026-08-20 00:48:50
INV005589,PH0104,MED0015,187,AVAILABLE,2026-08-20 03:28:49
INV005590,PH0104,MED0350,0,OUT_OF_STOCK,2026-08-20 00:45:13
INV005591,PH0104,MED0020,246,AVAILABLE,2026-08-20 02:20:08
INV005592,PH0104,MED0295,201,AVAILABLE,2026-08-19 23:21:39
INV005593,PH0104,MED0490,111,AVAILABLE,2026-08-20 03:15:17
INV005594,PH0104,MED0201,292,AVAILABLE,2026-08-20 01:19:05
INV005595,PH0104,MED0420,300,AVAILABLE,2026-08-20 04:50:09
INV005596,PH0104,MED0108,183,AVAILABLE,2026-08-20 00:23:19
INV005597,PH0104,MED0055,97,AVAILABLE,2026-08-20 03:57:24
INV005598,PH0104,MED0353,169,AVAILABLE,2026-08-20 00:41:15
INV005599,PH0104,MED0309,342,AVAILABLE,2026-08-20 04:19:49
INV005600,PH0104,MED0237,98,AVAILABLE,2026-08-20 03:29:43
INV005601,PH0104,MED0022,166,AVAILABLE,2026-08-20 04:42:37
INV005602,PH0104,MED0063,259,AVAILABLE,2026-08-20 00:48:47
INV005603,PH0104,MED0520,0,OUT_OF_STOCK,2026-08-20 03:45:21
INV005604,PH0104,MED0085,27,AVAILABLE,2026-08-20 02:05:10
INV005605,PH0104,MED0285,368,AVAILABLE,2026-08-20 00:17:28
INV005606,PH0104,MED0257,345,AVAILABLE,2026-08-20 03:01:25
INV005607,PH0104,MED0284,243,AVAILABLE,2026-08-20 04:41:17
INV005608,PH0104,MED0290,28,AVAILABLE,2026-08-20 00:59:47
INV005609,PH0104,MED0494,355,AVAILABLE,2026-08-20 03:05:11
INV005610,PH0104,MED0410,179,AVAILABLE,2026-08-20 03:12:35
INV005611,PH0104,MED0016,348,AVAILABLE,2026-08-20 01:54:06
INV005612,PH0104,MED0007,340,AVAILABLE,2026-08-20 02:21:31
INV005613,PH0104,MED0133,312,AVAILABLE,2026-08-20 01:29:10
INV005614,PH0104,MED0482,353,AVAILABLE,2026-08-20 02:55:03
INV005615,PH0104,MED0411,177,AVAILABLE,2026-08-20 01:28:52
INV005616,PH0104,MED0234,352,AVAILABLE,2026-08-20 03:08:04
INV005617,PH0104,MED0039,352,AVAILABLE,2026-08-20 00:16:40
INV005618,PH0104,MED0419,367,AVAILABLE,2026-08-20 03:52:21
INV005619,PH0104,MED0380,128,AVAILABLE,2026-08-20 01:50:58
INV005620,PH0104,MED0258,269,AVAILABLE,2026-08-20 04:23:00
INV005621,PH0104,MED0019,205,AVAILABLE,2026-08-20 03:16:22
INV005622,PH0104,MED0372,400,AVAILABLE,2026-08-20 04:38:25
INV005623,PH0104,MED0453,393,AVAILABLE,2026-08-20 03:53:54
INV005624,PH0104,MED0378,171,AVAILABLE,2026-08-19 23:59:49
INV005625,PH0104,MED0452,0,OUT_OF_STOCK,2026-08-20 01:20:33
INV005626,PH0104,MED0060,333,AVAILABLE,2026-08-20 01:26:24
INV005627,PH0104,MED0513,225,AVAILABLE,2026-08-20 01:00:36
INV005628,PH0104,MED0163,38,AVAILABLE,2026-08-20 00:36:06
INV005629,PH0104,MED0354,153,AVAILABLE,2026-08-20 03:04:56
INV005630,PH0104,MED0507,383,AVAILABLE,2026-08-20 01:55:53
INV005631,PH0105,MED0358,390,AVAILABLE,2026-08-18 15:41:06
INV005632,PH0105,MED0116,14,LOW_STOCK,2026-08-18 16:00:39
INV005633,PH0105,MED0276,181,AVAILABLE,2026-08-18 18:21:32
INV005634,PH0105,MED0128,314,AVAILABLE,2026-08-18 16:43:37
INV005635,PH0105,MED0507,46,AVAILABLE,2026-08-18 15:35:53
INV005636,PH0105,MED0221,249,AVAILABLE,2026-08-18 17:43:16
INV005637,PH0105,MED0246,27,AVAILABLE,2026-08-18 13:16:16
INV005638,PH0105,MED0442,79,AVAILABLE,2026-08-18 13:39:38
INV005639,PH0105,MED0471,18,LOW_STOCK,2026-08-18 18:22:11
INV005640,PH0105,MED0303,0,OUT_OF_STOCK,2026-08-18 15:13:32
INV005641,PH0105,MED0029,328,AVAILABLE,2026-08-18 18:20:03
INV005642,PH0105,MED0494,69,AVAILABLE,2026-08-18 16:47:48
INV005643,PH0105,MED0157,149,AVAILABLE,2026-08-18 17:01:57
INV005644,PH0105,MED0156,0,OUT_OF_STOCK,2026-08-18 18:03:54
INV005645,PH0105,MED0064,77,AVAILABLE,2026-08-18 18:03:25
INV005646,PH0105,MED0046,235,AVAILABLE,2026-08-18 18:20:16
INV005647,PH0105,MED0222,323,AVAILABLE,2026-08-18 15:58:56
INV005648,PH0105,MED0248,102,AVAILABLE,2026-08-18 14:15:57
INV005649,PH0105,MED0209,16,LOW_STOCK,2026-08-18 14:14:06
INV005650,PH0105,MED0369,16,LOW_STOCK,2026-08-18 17:18:18
INV005651,PH0105,MED0394,50,AVAILABLE,2026-08-18 15:12:02
INV005652,PH0105,MED0287,15,LOW_STOCK,2026-08-18 18:16:02
INV005653,PH0105,MED0021,3,LOW_STOCK,2026-08-18 14:26:06
INV005654,PH0105,MED0103,68,AVAILABLE,2026-08-18 13:23:19
INV005655,PH0105,MED0042,162,AVAILABLE,2026-08-18 17:57:03
INV005656,PH0105,MED0197,9,LOW_STOCK,2026-08-18 13:58:48
INV005657,PH0105,MED0202,249,AVAILABLE,2026-08-18 18:27:37
INV005658,PH0105,MED0257,38,AVAILABLE,2026-08-18 13:53:48
INV005659,PH0105,MED0238,73,AVAILABLE,2026-08-18 16:45:57
INV005660,PH0105,MED0393,165,AVAILABLE,2026-08-18 13:10:28
INV005661,PH0105,MED0428,276,AVAILABLE,2026-08-18 14:32:48
INV005662,PH0105,MED0049,232,AVAILABLE,2026-08-18 14:33:16
INV005663,PH0105,MED0086,208,AVAILABLE,2026-08-18 17:26:38
INV005664,PH0105,MED0285,313,AVAILABLE,2026-08-18 14:11:48
INV005665,PH0105,MED0378,132,AVAILABLE,2026-08-18 13:23:37
INV005666,PH0105,MED0305,9,LOW_STOCK,2026-08-18 15:24:58
INV005667,PH0105,MED0181,239,AVAILABLE,2026-08-18 18:10:32
INV005668,PH0105,MED0227,300,AVAILABLE,2026-08-18 14:08:16
INV005669,PH0105,MED0389,324,AVAILABLE,2026-08-18 16:37:57
INV005670,PH0105,MED0251,104,AVAILABLE,2026-08-18 17:06:39
INV005671,PH0105,MED0229,263,AVAILABLE,2026-08-18 14:57:54
INV005672,PH0105,MED0018,268,AVAILABLE,2026-08-18 17:17:52
INV005673,PH0105,MED0449,179,AVAILABLE,2026-08-18 16:21:59
INV005674,PH0105,MED0261,1,LOW_STOCK,2026-08-18 14:12:19
INV005675,PH0105,MED0041,83,AVAILABLE,2026-08-18 17:50:37
INV005676,PH0105,MED0461,99,AVAILABLE,2026-08-18 17:01:57
INV005677,PH0105,MED0075,64,AVAILABLE,2026-08-18 15:38:38
INV005678,PH0105,MED0129,240,AVAILABLE,2026-08-18 14:39:59
INV005679,PH0105,MED0007,126,AVAILABLE,2026-08-18 15:47:08
INV005680,PH0105,MED0360,12,LOW_STOCK,2026-08-18 16:55:03
INV005681,PH0105,MED0397,12,LOW_STOCK,2026-08-18 17:20:48
INV005682,PH0105,MED0220,341,AVAILABLE,2026-08-18 16:48:49
INV005683,PH0105,MED0500,266,AVAILABLE,2026-08-18 16:57:00
INV005684,PH0105,MED0015,297,AVAILABLE,2026-08-18 15:57:57
INV005685,PH0105,MED0066,160,AVAILABLE,2026-08-18 15:06:08
INV005686,PH0105,MED0444,0,OUT_OF_STOCK,2026-08-18 18:54:22
INV005687,PH0106,MED0384,56,AVAILABLE,2026-08-20 03:44:08
INV005688,PH0106,MED0094,177,AVAILABLE,2026-08-20 04:26:52
INV005689,PH0106,MED0187,356,AVAILABLE,2026-08-20 00:56:01
INV005690,PH0106,MED0077,73,AVAILABLE,2026-08-20 00:14:37
INV005691,PH0106,MED0500,228,AVAILABLE,2026-08-20 01:49:27
INV005692,PH0106,MED0046,144,AVAILABLE,2026-08-20 03:42:56
INV005693,PH0106,MED0279,249,AVAILABLE,2026-08-20 01:57:38
INV005694,PH0106,MED0399,244,AVAILABLE,2026-08-20 02:53:42
INV005695,PH0106,MED0181,191,AVAILABLE,2026-08-19 23:10:28
INV005696,PH0106,MED0329,83,AVAILABLE,2026-08-20 01:09:35
INV005697,PH0106,MED0180,18,LOW_STOCK,2026-08-19 22:49:35
INV005698,PH0106,MED0161,254,AVAILABLE,2026-08-20 00:07:41
INV005699,PH0106,MED0214,97,AVAILABLE,2026-08-19 22:47:23
INV005700,PH0106,MED0189,330,AVAILABLE,2026-08-20 00:58:48
INV005701,PH0106,MED0222,123,AVAILABLE,2026-08-20 02:08:28
INV005702,PH0106,MED0185,273,AVAILABLE,2026-08-20 03:42:06
INV005703,PH0106,MED0209,392,AVAILABLE,2026-08-20 00:08:31
INV005704,PH0106,MED0335,278,AVAILABLE,2026-08-20 03:04:47
INV005705,PH0106,MED0026,22,AVAILABLE,2026-08-19 23:11:04
INV005706,PH0106,MED0298,227,AVAILABLE,2026-08-20 00:44:55
INV005707,PH0106,MED0273,350,AVAILABLE,2026-08-20 01:38:06
INV005708,PH0106,MED0510,0,OUT_OF_STOCK,2026-08-20 04:11:23
INV005709,PH0106,MED0479,385,AVAILABLE,2026-08-20 00:22:34
INV005710,PH0106,MED0347,74,AVAILABLE,2026-08-20 01:44:29
INV005711,PH0106,MED0484,0,OUT_OF_STOCK,2026-08-20 02:49:45
INV005712,PH0106,MED0486,303,AVAILABLE,2026-08-20 00:33:36
INV005713,PH0106,MED0033,122,AVAILABLE,2026-08-20 04:01:57
INV005714,PH0106,MED0021,360,AVAILABLE,2026-08-19 22:59:42
INV005715,PH0106,MED0044,4,LOW_STOCK,2026-08-20 02:15:19
INV005716,PH0106,MED0193,25,AVAILABLE,2026-08-20 03:41:54
INV005717,PH0106,MED0134,295,AVAILABLE,2026-08-20 04:17:37
INV005718,PH0106,MED0056,325,AVAILABLE,2026-08-20 03:18:40
INV005719,PH0106,MED0028,374,AVAILABLE,2026-08-20 00:13:04
INV005720,PH0106,MED0227,207,AVAILABLE,2026-08-19 22:54:48
INV005721,PH0106,MED0005,201,AVAILABLE,2026-08-20 02:59:14
INV005722,PH0106,MED0083,143,AVAILABLE,2026-08-20 01:15:48
INV005723,PH0106,MED0019,68,AVAILABLE,2026-08-20 02:29:12
INV005724,PH0106,MED0411,64,AVAILABLE,2026-08-19 23:28:55
INV005725,PH0106,MED0244,63,AVAILABLE,2026-08-20 04:30:52
INV005726,PH0106,MED0116,238,AVAILABLE,2026-08-20 04:34:11
INV005727,PH0106,MED0394,113,AVAILABLE,2026-08-20 03:13:46
INV005728,PH0106,MED0127,50,AVAILABLE,2026-08-20 02:54:19
INV005729,PH0106,MED0093,92,AVAILABLE,2026-08-20 02:10:52
INV005730,PH0106,MED0372,0,OUT_OF_STOCK,2026-08-20 03:46:56
INV005731,PH0106,MED0043,5,LOW_STOCK,2026-08-20 03:46:33
INV005732,PH0106,MED0253,192,AVAILABLE,2026-08-20 04:00:54
INV005733,PH0106,MED0099,5,LOW_STOCK,2026-08-19 23:25:50
INV005734,PH0106,MED0053,348,AVAILABLE,2026-08-20 04:02:52
INV005735,PH0106,MED0254,0,OUT_OF_STOCK,2026-08-20 04:23:05
INV005736,PH0106,MED0131,53,AVAILABLE,2026-08-20 04:16:53
INV005737,PH0106,MED0012,59,AVAILABLE,2026-08-20 02:42:18
INV005738,PH0106,MED0137,334,AVAILABLE,2026-08-19 23:18:12
INV005739,PH0106,MED0041,353,AVAILABLE,2026-08-20 04:32:15
INV005740,PH0107,MED0410,334,AVAILABLE,2026-08-17 22:25:17
INV005741,PH0107,MED0029,308,AVAILABLE,2026-08-17 21:44:03
INV005742,PH0107,MED0007,201,AVAILABLE,2026-08-18 02:37:24
INV005743,PH0107,MED0438,14,LOW_STOCK,2026-08-17 22:07:49
INV005744,PH0107,MED0019,293,AVAILABLE,2026-08-18 02:26:26
INV005745,PH0107,MED0039,220,AVAILABLE,2026-08-18 00:23:03
INV005746,PH0107,MED0467,4,LOW_STOCK,2026-08-18 01:58:54
INV005747,PH0107,MED0177,135,AVAILABLE,2026-08-18 00:54:03
INV005748,PH0107,MED0358,289,AVAILABLE,2026-08-17 23:36:42
INV005749,PH0107,MED0381,7,LOW_STOCK,2026-08-18 00:15:21
INV005750,PH0107,MED0354,25,AVAILABLE,2026-08-18 00:06:38
INV005751,PH0107,MED0514,0,OUT_OF_STOCK,2026-08-18 03:24:53
INV005752,PH0107,MED0348,13,LOW_STOCK,2026-08-18 02:39:53
INV005753,PH0107,MED0192,6,LOW_STOCK,2026-08-17 21:49:03
INV005754,PH0107,MED0402,17,LOW_STOCK,2026-08-17 22:46:30
INV005755,PH0107,MED0104,0,OUT_OF_STOCK,2026-08-18 00:35:11
INV005756,PH0107,MED0443,291,AVAILABLE,2026-08-18 00:01:51
INV005757,PH0107,MED0297,106,AVAILABLE,2026-08-18 00:57:22
INV005758,PH0107,MED0152,6,LOW_STOCK,2026-08-18 02:48:40
INV005759,PH0107,MED0141,126,AVAILABLE,2026-08-18 02:41:22
INV005760,PH0107,MED0033,363,AVAILABLE,2026-08-17 23:39:11
INV005761,PH0107,MED0003,0,OUT_OF_STOCK,2026-08-18 03:30:15
INV005762,PH0107,MED0008,363,AVAILABLE,2026-08-17 22:36:22
INV005763,PH0107,MED0046,370,AVAILABLE,2026-08-17 22:01:22
INV005764,PH0107,MED0380,12,LOW_STOCK,2026-08-18 01:58:38
INV005765,PH0107,MED0199,13,LOW_STOCK,2026-08-17 23:00:09
INV005766,PH0107,MED0384,157,AVAILABLE,2026-08-18 01:00:00
INV005767,PH0107,MED0060,263,AVAILABLE,2026-08-17 22:50:35
INV005768,PH0107,MED0237,9,LOW_STOCK,2026-08-17 23:12:21
INV005769,PH0107,MED0398,230,AVAILABLE,2026-08-17 21:48:19
INV005770,PH0107,MED0437,0,OUT_OF_STOCK,2026-08-17 22:40:24
INV005771,PH0107,MED0047,346,AVAILABLE,2026-08-17 23:49:47
INV005772,PH0107,MED0222,163,AVAILABLE,2026-08-17 22:44:15
INV005773,PH0107,MED0257,144,AVAILABLE,2026-08-18 00:29:21
INV005774,PH0107,MED0145,26,AVAILABLE,2026-08-17 22:28:48
INV005775,PH0107,MED0441,2,LOW_STOCK,2026-08-18 00:01:29
INV005776,PH0107,MED0053,116,AVAILABLE,2026-08-18 03:02:01
INV005777,PH0107,MED0385,0,OUT_OF_STOCK,2026-08-17 22:27:15
INV005778,PH0107,MED0463,205,AVAILABLE,2026-08-17 21:46:44
INV005779,PH0107,MED0464,21,AVAILABLE,2026-08-18 02:01:50
INV005780,PH0107,MED0151,76,AVAILABLE,2026-08-17 22:53:24
INV005781,PH0107,MED0038,235,AVAILABLE,2026-08-18 00:14:35
INV005782,PH0107,MED0105,79,AVAILABLE,2026-08-18 03:26:04
INV005783,PH0107,MED0174,0,OUT_OF_STOCK,2026-08-17 22:24:26
INV005784,PH0107,MED0262,126,AVAILABLE,2026-08-18 01:45:57
INV005785,PH0107,MED0157,242,AVAILABLE,2026-08-18 02:43:44
INV005786,PH0107,MED0117,216,AVAILABLE,2026-08-18 03:23:59
INV005787,PH0107,MED0176,0,OUT_OF_STOCK,2026-08-18 01:24:02
INV005788,PH0107,MED0483,217,AVAILABLE,2026-08-18 01:20:08
INV005789,PH0107,MED0331,0,OUT_OF_STOCK,2026-08-18 01:27:08
INV005790,PH0107,MED0287,301,AVAILABLE,2026-08-17 22:00:23
INV005791,PH0108,MED0365,23,AVAILABLE,2026-08-21 07:23:17
INV005792,PH0108,MED0009,249,AVAILABLE,2026-08-21 07:02:40
INV005793,PH0108,MED0132,171,AVAILABLE,2026-08-21 05:52:20
INV005794,PH0108,MED0131,148,AVAILABLE,2026-08-21 07:29:38
INV005795,PH0108,MED0378,329,AVAILABLE,2026-08-21 03:46:33
INV005796,PH0108,MED0431,34,AVAILABLE,2026-08-21 04:26:47
INV005797,PH0108,MED0173,383,AVAILABLE,2026-08-21 07:42:05
INV005798,PH0108,MED0126,190,AVAILABLE,2026-08-21 05:17:33
INV005799,PH0108,MED0387,139,AVAILABLE,2026-08-21 03:56:41
INV005800,PH0108,MED0221,233,AVAILABLE,2026-08-21 01:47:04
INV005801,PH0108,MED0016,208,AVAILABLE,2026-08-21 07:14:56
INV005802,PH0108,MED0025,0,OUT_OF_STOCK,2026-08-21 06:40:42
INV005803,PH0108,MED0040,353,AVAILABLE,2026-08-21 02:05:58
INV005804,PH0108,MED0218,115,AVAILABLE,2026-08-21 02:56:00
INV005805,PH0108,MED0024,13,LOW_STOCK,2026-08-21 04:53:50
INV005806,PH0108,MED0235,223,AVAILABLE,2026-08-21 05:17:08
INV005807,PH0108,MED0047,31,AVAILABLE,2026-08-21 06:45:35
INV005808,PH0108,MED0181,118,AVAILABLE,2026-08-21 05:34:23
INV005809,PH0108,MED0119,247,AVAILABLE,2026-08-21 06:02:44
INV005810,PH0108,MED0317,316,AVAILABLE,2026-08-21 07:30:28
INV005811,PH0108,MED0248,275,AVAILABLE,2026-08-21 05:44:53
INV005812,PH0108,MED0309,385,AVAILABLE,2026-08-21 04:47:42
INV005813,PH0108,MED0104,336,AVAILABLE,2026-08-21 02:41:19
INV005814,PH0108,MED0327,366,AVAILABLE,2026-08-21 03:09:37
INV005815,PH0108,MED0038,82,AVAILABLE,2026-08-21 05:52:32
INV005816,PH0108,MED0144,287,AVAILABLE,2026-08-21 04:01:27
INV005817,PH0108,MED0508,288,AVAILABLE,2026-08-21 04:12:08
INV005818,PH0108,MED0390,225,AVAILABLE,2026-08-21 02:52:37
INV005819,PH0108,MED0453,147,AVAILABLE,2026-08-21 07:10:45
INV005820,PH0108,MED0133,0,OUT_OF_STOCK,2026-08-21 02:01:42
INV005821,PH0108,MED0028,152,AVAILABLE,2026-08-21 06:47:46
INV005822,PH0108,MED0138,100,AVAILABLE,2026-08-21 06:00:52
INV005823,PH0108,MED0434,179,AVAILABLE,2026-08-21 01:48:25
INV005824,PH0108,MED0349,233,AVAILABLE,2026-08-21 05:08:00
INV005825,PH0108,MED0331,364,AVAILABLE,2026-08-21 02:09:34
INV005826,PH0108,MED0063,399,AVAILABLE,2026-08-21 04:57:04
INV005827,PH0108,MED0068,385,AVAILABLE,2026-08-21 06:11:20
INV005828,PH0108,MED0117,20,AVAILABLE,2026-08-21 03:40:36
INV005829,PH0108,MED0373,184,AVAILABLE,2026-08-21 05:54:34
INV005830,PH0108,MED0337,355,AVAILABLE,2026-08-21 07:27:00
INV005831,PH0108,MED0191,399,AVAILABLE,2026-08-21 02:53:05
INV005832,PH0108,MED0056,23,AVAILABLE,2026-08-21 02:24:51
INV005833,PH0108,MED0213,66,AVAILABLE,2026-08-21 02:10:20
INV005834,PH0108,MED0258,65,AVAILABLE,2026-08-21 05:00:07
INV005835,PH0108,MED0427,125,AVAILABLE,2026-08-21 03:52:10
INV005836,PH0108,MED0518,73,AVAILABLE,2026-08-21 03:44:18
INV005837,PH0108,MED0212,292,AVAILABLE,2026-08-21 06:26:28
INV005838,PH0108,MED0202,287,AVAILABLE,2026-08-21 03:58:56
INV005839,PH0108,MED0053,252,AVAILABLE,2026-08-21 06:47:49
INV005840,PH0108,MED0210,182,AVAILABLE,2026-08-21 04:57:01
INV005841,PH0108,MED0455,236,AVAILABLE,2026-08-21 06:12:50
INV005842,PH0108,MED0336,311,AVAILABLE,2026-08-21 07:23:17
INV005843,PH0108,MED0488,11,LOW_STOCK,2026-08-21 06:01:35
INV005844,PH0109,MED0349,224,AVAILABLE,2026-08-17 21:58:14
INV005845,PH0109,MED0486,244,AVAILABLE,2026-08-17 22:59:23
INV005846,PH0109,MED0091,3,LOW_STOCK,2026-08-18 01:34:10
INV005847,PH0109,MED0257,125,AVAILABLE,2026-08-18 00:40:48
INV005848,PH0109,MED0470,175,AVAILABLE,2026-08-17 20:32:42
INV005849,PH0109,MED0226,55,AVAILABLE,2026-08-17 21:17:24
INV005850,PH0109,MED0343,262,AVAILABLE,2026-08-18 00:24:17
INV005851,PH0109,MED0166,222,AVAILABLE,2026-08-17 20:39:06
INV005852,PH0109,MED0048,290,AVAILABLE,2026-08-18 01:25:56
INV005853,PH0109,MED0456,51,AVAILABLE,2026-08-17 22:26:31
INV005854,PH0109,MED0203,5,LOW_STOCK,2026-08-17 21:51:12
INV005855,PH0109,MED0237,0,OUT_OF_STOCK,2026-08-17 23:14:24
INV005856,PH0109,MED0225,134,AVAILABLE,2026-08-17 23:11:46
INV005857,PH0109,MED0020,12,LOW_STOCK,2026-08-18 01:43:14
INV005858,PH0109,MED0457,334,AVAILABLE,2026-08-18 01:24:52
INV005859,PH0109,MED0345,372,AVAILABLE,2026-08-17 23:46:19
INV005860,PH0109,MED0405,53,AVAILABLE,2026-08-17 21:14:04
INV005861,PH0109,MED0241,237,AVAILABLE,2026-08-18 00:45:53
INV005862,PH0109,MED0482,139,AVAILABLE,2026-08-18 01:42:58
INV005863,PH0109,MED0517,158,AVAILABLE,2026-08-17 22:49:28
INV005864,PH0109,MED0284,240,AVAILABLE,2026-08-18 02:06:18
INV005865,PH0109,MED0105,167,AVAILABLE,2026-08-18 01:41:13
INV005866,PH0109,MED0021,0,OUT_OF_STOCK,2026-08-17 20:25:30
INV005867,PH0109,MED0155,0,OUT_OF_STOCK,2026-08-18 00:57:53
INV005868,PH0109,MED0173,8,LOW_STOCK,2026-08-17 22:30:39
INV005869,PH0109,MED0005,26,AVAILABLE,2026-08-17 20:37:43
INV005870,PH0109,MED0399,370,AVAILABLE,2026-08-18 02:02:03
INV005871,PH0109,MED0338,239,AVAILABLE,2026-08-17 22:50:52
INV005872,PH0109,MED0290,184,AVAILABLE,2026-08-17 23:35:25
INV005873,PH0109,MED0056,77,AVAILABLE,2026-08-17 22:57:46
INV005874,PH0109,MED0084,136,AVAILABLE,2026-08-17 20:24:14
INV005875,PH0109,MED0198,376,AVAILABLE,2026-08-17 22:15:55
INV005876,PH0109,MED0030,162,AVAILABLE,2026-08-17 22:28:30
INV005877,PH0109,MED0463,275,AVAILABLE,2026-08-18 00:51:53
INV005878,PH0109,MED0286,134,AVAILABLE,2026-08-18 00:04:50
INV005879,PH0109,MED0212,16,LOW_STOCK,2026-08-18 00:48:57
INV005880,PH0109,MED0490,4,LOW_STOCK,2026-08-17 22:19:06
INV005881,PH0109,MED0390,204,AVAILABLE,2026-08-18 01:22:12
INV005882,PH0109,MED0143,3,LOW_STOCK,2026-08-17 22:18:46
INV005883,PH0109,MED0335,267,AVAILABLE,2026-08-17 21:31:31
INV005884,PH0109,MED0367,150,AVAILABLE,2026-08-17 20:24:23
INV005885,PH0109,MED0195,129,AVAILABLE,2026-08-17 23:27:53
INV005886,PH0109,MED0223,79,AVAILABLE,2026-08-17 23:11:50
INV005887,PH0109,MED0285,305,AVAILABLE,2026-08-17 22:52:25
INV005888,PH0109,MED0219,349,AVAILABLE,2026-08-18 02:12:01
INV005889,PH0109,MED0352,106,AVAILABLE,2026-08-17 22:55:10
INV005890,PH0109,MED0158,356,AVAILABLE,2026-08-17 20:40:44
INV005891,PH0109,MED0061,199,AVAILABLE,2026-08-17 23:24:32
INV005892,PH0109,MED0434,277,AVAILABLE,2026-08-18 01:54:10
INV005893,PH0109,MED0281,393,AVAILABLE,2026-08-18 01:23:15
INV005894,PH0109,MED0439,0,OUT_OF_STOCK,2026-08-17 20:37:46
INV005895,PH0109,MED0109,330,AVAILABLE,2026-08-17 22:40:25
INV005896,PH0109,MED0394,167,AVAILABLE,2026-08-18 01:50:44
INV005897,PH0109,MED0117,0,OUT_OF_STOCK,2026-08-17 22:43:35
INV005898,PH0109,MED0433,0,OUT_OF_STOCK,2026-08-17 22:10:03
INV005899,PH0109,MED0438,13,LOW_STOCK,2026-08-18 01:14:32
INV005900,PH0109,MED0373,350,AVAILABLE,2026-08-17 20:57:21
INV005901,PH0109,MED0049,281,AVAILABLE,2026-08-17 20:26:42
INV005902,PH0109,MED0362,2,LOW_STOCK,2026-08-17 23:56:41
INV005903,PH0109,MED0074,0,OUT_OF_STOCK,2026-08-18 01:34:15
INV005904,PH0109,MED0072,15,LOW_STOCK,2026-08-17 20:41:17
INV005905,PH0109,MED0309,91,AVAILABLE,2026-08-17 21:02:17
INV005906,PH0109,MED0229,102,AVAILABLE,2026-08-18 01:02:58
INV005907,PH0109,MED0041,114,AVAILABLE,2026-08-18 00:19:53
INV005908,PH0109,MED0029,90,AVAILABLE,2026-08-18 00:13:48
INV005909,PH0110,MED0173,7,LOW_STOCK,2026-08-21 00:11:08
INV005910,PH0110,MED0453,239,AVAILABLE,2026-08-21 02:33:38
INV005911,PH0110,MED0202,255,AVAILABLE,2026-08-20 23:06:16
INV005912,PH0110,MED0046,0,OUT_OF_STOCK,2026-08-21 02:09:48
INV005913,PH0110,MED0233,16,LOW_STOCK,2026-08-21 02:10:06
INV005914,PH0110,MED0201,353,AVAILABLE,2026-08-21 00:20:56
INV005915,PH0110,MED0021,6,LOW_STOCK,2026-08-20 21:51:03
INV005916,PH0110,MED0132,178,AVAILABLE,2026-08-20 22:57:56
INV005917,PH0110,MED0297,149,AVAILABLE,2026-08-21 02:11:22
INV005918,PH0110,MED0255,142,AVAILABLE,2026-08-20 21:55:19
INV005919,PH0110,MED0044,209,AVAILABLE,2026-08-20 23:24:12
INV005920,PH0110,MED0121,336,AVAILABLE,2026-08-20 23:02:48
INV005921,PH0110,MED0257,195,AVAILABLE,2026-08-21 02:59:52
INV005922,PH0110,MED0273,188,AVAILABLE,2026-08-20 21:19:19
INV005923,PH0110,MED0105,188,AVAILABLE,2026-08-21 01:56:34
INV005924,PH0110,MED0176,1,LOW_STOCK,2026-08-20 22:07:09
INV005925,PH0110,MED0485,203,AVAILABLE,2026-08-20 23:09:56
INV005926,PH0110,MED0428,300,AVAILABLE,2026-08-21 00:21:00
INV005927,PH0110,MED0492,381,AVAILABLE,2026-08-20 23:39:32
INV005928,PH0110,MED0005,363,AVAILABLE,2026-08-20 22:35:53
INV005929,PH0110,MED0278,255,AVAILABLE,2026-08-20 23:47:25
INV005930,PH0110,MED0409,0,OUT_OF_STOCK,2026-08-20 22:58:13
INV005931,PH0110,MED0078,368,AVAILABLE,2026-08-20 22:35:27
INV005932,PH0110,MED0459,318,AVAILABLE,2026-08-21 02:24:31
INV005933,PH0110,MED0371,73,AVAILABLE,2026-08-21 02:41:18
INV005934,PH0110,MED0518,57,AVAILABLE,2026-08-21 01:51:50
INV005935,PH0110,MED0512,74,AVAILABLE,2026-08-21 03:07:26
INV005936,PH0110,MED0403,210,AVAILABLE,2026-08-20 21:37:37
INV005937,PH0110,MED0007,111,AVAILABLE,2026-08-20 22:05:22
INV005938,PH0110,MED0454,315,AVAILABLE,2026-08-21 01:37:36
INV005939,PH0110,MED0076,167,AVAILABLE,2026-08-20 23:01:53
INV005940,PH0110,MED0188,107,AVAILABLE,2026-08-21 02:02:00
INV005941,PH0110,MED0029,84,AVAILABLE,2026-08-21 02:12:43
INV005942,PH0110,MED0200,37,AVAILABLE,2026-08-20 23:57:14
INV005943,PH0110,MED0014,11,LOW_STOCK,2026-08-20 21:58:52
INV005944,PH0110,MED0027,19,LOW_STOCK,2026-08-21 01:28:25
INV005945,PH0110,MED0220,73,AVAILABLE,2026-08-21 01:48:32
INV005946,PH0110,MED0010,289,AVAILABLE,2026-08-20 21:27:02
INV005947,PH0110,MED0095,245,AVAILABLE,2026-08-20 21:32:51
INV005948,PH0110,MED0519,336,AVAILABLE,2026-08-21 02:17:00
INV005949,PH0110,MED0190,77,AVAILABLE,2026-08-21 00:45:17
INV005950,PH0110,MED0082,5,LOW_STOCK,2026-08-21 01:02:44
INV005951,PH0110,MED0017,23,AVAILABLE,2026-08-20 23:35:47
INV005952,PH0110,MED0157,0,OUT_OF_STOCK,2026-08-21 02:53:40
INV005953,PH0110,MED0006,138,AVAILABLE,2026-08-21 02:51:11
INV005954,PH0110,MED0016,298,AVAILABLE,2026-08-21 01:29:26
INV005955,PH0110,MED0091,298,AVAILABLE,2026-08-20 23:56:44
INV005956,PH0110,MED0196,0,OUT_OF_STOCK,2026-08-21 03:16:53
INV005957,PH0110,MED0216,162,AVAILABLE,2026-08-20 21:23:33
INV005958,PH0110,MED0116,399,AVAILABLE,2026-08-20 22:28:35
INV005959,PH0110,MED0126,69,AVAILABLE,2026-08-21 01:57:37
INV005960,PH0110,MED0436,51,AVAILABLE,2026-08-20 23:16:24
INV005961,PH0110,MED0440,0,OUT_OF_STOCK,2026-08-21 01:27:47
INV005962,PH0110,MED0207,177,AVAILABLE,2026-08-21 03:06:47
INV005963,PH0110,MED0262,27,AVAILABLE,2026-08-21 03:12:25
INV005964,PH0110,MED0395,202,AVAILABLE,2026-08-21 01:22:07
INV005965,PH0110,MED0204,285,AVAILABLE,2026-08-21 02:31:09
INV005966,PH0110,MED0110,155,AVAILABLE,2026-08-20 23:59:22
INV005967,PH0110,MED0258,83,AVAILABLE,2026-08-20 22:37:33
INV005968,PH0110,MED0253,304,AVAILABLE,2026-08-20 22:26:00
INV005969,PH0110,MED0494,138,AVAILABLE,2026-08-21 00:11:43
INV005970,PH0111,MED0117,89,AVAILABLE,2026-08-17 16:03:20
INV005971,PH0111,MED0060,271,AVAILABLE,2026-08-17 17:32:35
INV005972,PH0111,MED0160,11,LOW_STOCK,2026-08-17 17:20:16
INV005973,PH0111,MED0362,0,OUT_OF_STOCK,2026-08-17 20:00:34
INV005974,PH0111,MED0415,170,AVAILABLE,2026-08-17 19:49:43
INV005975,PH0111,MED0257,8,LOW_STOCK,2026-08-17 19:07:56
INV005976,PH0111,MED0042,28,AVAILABLE,2026-08-17 18:08:33
INV005977,PH0111,MED0289,272,AVAILABLE,2026-08-17 20:03:55
INV005978,PH0111,MED0367,7,LOW_STOCK,2026-08-17 15:50:14
INV005979,PH0111,MED0102,71,AVAILABLE,2026-08-17 16:59:31
INV005980,PH0111,MED0218,3,LOW_STOCK,2026-08-17 14:26:13
INV005981,PH0111,MED0061,11,LOW_STOCK,2026-08-17 15:58:09
INV005982,PH0111,MED0378,145,AVAILABLE,2026-08-17 17:29:24
INV005983,PH0111,MED0074,9,LOW_STOCK,2026-08-17 16:19:10
INV005984,PH0111,MED0438,272,AVAILABLE,2026-08-17 16:41:38
INV005985,PH0111,MED0062,0,OUT_OF_STOCK,2026-08-17 14:44:35
INV005986,PH0111,MED0270,7,LOW_STOCK,2026-08-17 20:15:56
INV005987,PH0111,MED0419,295,AVAILABLE,2026-08-17 16:56:46
INV005988,PH0111,MED0099,10,LOW_STOCK,2026-08-17 14:31:14
INV005989,PH0111,MED0317,86,AVAILABLE,2026-08-17 20:09:36
INV005990,PH0111,MED0134,69,AVAILABLE,2026-08-17 18:05:01
INV005991,PH0111,MED0387,0,OUT_OF_STOCK,2026-08-17 16:16:26
INV005992,PH0111,MED0414,240,AVAILABLE,2026-08-17 17:04:38
INV005993,PH0111,MED0023,0,OUT_OF_STOCK,2026-08-17 18:16:09
INV005994,PH0111,MED0425,184,AVAILABLE,2026-08-17 20:04:00
INV005995,PH0111,MED0357,188,AVAILABLE,2026-08-17 15:25:25
INV005996,PH0111,MED0213,330,AVAILABLE,2026-08-17 20:17:09
INV005997,PH0111,MED0311,132,AVAILABLE,2026-08-17 18:07:22
INV005998,PH0111,MED0420,0,OUT_OF_STOCK,2026-08-17 16:36:58
INV005999,PH0111,MED0064,250,AVAILABLE,2026-08-17 14:30:39
INV006000,PH0111,MED0310,2,LOW_STOCK,2026-08-17 16:42:07
INV006001,PH0111,MED0164,1,LOW_STOCK,2026-08-17 15:20:52
INV006002,PH0111,MED0089,379,AVAILABLE,2026-08-17 18:30:20
INV006003,PH0111,MED0231,19,LOW_STOCK,2026-08-17 16:48:13
INV006004,PH0111,MED0301,14,LOW_STOCK,2026-08-17 17:11:34
INV006005,PH0111,MED0302,9,LOW_STOCK,2026-08-17 18:45:52
INV006006,PH0111,MED0175,15,LOW_STOCK,2026-08-17 14:26:13
INV006007,PH0111,MED0001,3,LOW_STOCK,2026-08-17 15:29:03
INV006008,PH0111,MED0206,170,AVAILABLE,2026-08-17 14:27:15
INV006009,PH0111,MED0413,181,AVAILABLE,2026-08-17 18:52:07
INV006010,PH0111,MED0198,3,LOW_STOCK,2026-08-17 14:35:17
INV006011,PH0111,MED0233,11,LOW_STOCK,2026-08-17 17:54:41
INV006012,PH0111,MED0170,0,OUT_OF_STOCK,2026-08-17 17:02:48
INV006013,PH0111,MED0195,79,AVAILABLE,2026-08-17 16:03:16
INV006014,PH0111,MED0446,181,AVAILABLE,2026-08-17 16:49:19
INV006015,PH0111,MED0066,144,AVAILABLE,2026-08-17 20:13:04
INV006016,PH0111,MED0256,0,OUT_OF_STOCK,2026-08-17 15:07:29
INV006017,PH0111,MED0327,0,OUT_OF_STOCK,2026-08-17 15:11:30
INV006018,PH0111,MED0473,342,AVAILABLE,2026-08-17 17:11:50
INV006019,PH0111,MED0263,265,AVAILABLE,2026-08-17 20:18:57
INV006020,PH0112,MED0067,150,AVAILABLE,2026-08-18 07:08:23
INV006021,PH0112,MED0019,241,AVAILABLE,2026-08-18 09:41:04
INV006022,PH0112,MED0077,22,AVAILABLE,2026-08-18 05:58:58
INV006023,PH0112,MED0029,170,AVAILABLE,2026-08-18 11:36:57
INV006024,PH0112,MED0173,231,AVAILABLE,2026-08-18 10:18:40
INV006025,PH0112,MED0421,339,AVAILABLE,2026-08-18 09:04:07
INV006026,PH0112,MED0134,128,AVAILABLE,2026-08-18 10:03:59
INV006027,PH0112,MED0412,12,LOW_STOCK,2026-08-18 10:49:05
INV006028,PH0112,MED0298,164,AVAILABLE,2026-08-18 05:52:45
INV006029,PH0112,MED0126,329,AVAILABLE,2026-08-18 10:59:19
INV006030,PH0112,MED0254,237,AVAILABLE,2026-08-18 11:01:59
INV006031,PH0112,MED0468,0,OUT_OF_STOCK,2026-08-18 06:02:36
INV006032,PH0112,MED0279,376,AVAILABLE,2026-08-18 09:01:02
INV006033,PH0112,MED0068,60,AVAILABLE,2026-08-18 11:18:19
INV006034,PH0112,MED0061,107,AVAILABLE,2026-08-18 07:50:06
INV006035,PH0112,MED0493,216,AVAILABLE,2026-08-18 09:43:23
INV006036,PH0112,MED0113,210,AVAILABLE,2026-08-18 11:28:52
INV006037,PH0112,MED0026,208,AVAILABLE,2026-08-18 08:26:37
INV006038,PH0112,MED0060,177,AVAILABLE,2026-08-18 10:23:56
INV006039,PH0112,MED0175,31,AVAILABLE,2026-08-18 09:12:19
INV006040,PH0112,MED0317,56,AVAILABLE,2026-08-18 07:11:06
INV006041,PH0112,MED0153,343,AVAILABLE,2026-08-18 09:14:36
INV006042,PH0112,MED0436,267,AVAILABLE,2026-08-18 06:42:00
INV006043,PH0112,MED0023,7,LOW_STOCK,2026-08-18 06:55:45
INV006044,PH0112,MED0297,0,OUT_OF_STOCK,2026-08-18 11:36:04
INV006045,PH0112,MED0363,0,OUT_OF_STOCK,2026-08-18 06:54:09
INV006046,PH0112,MED0515,82,AVAILABLE,2026-08-18 08:20:12
INV006047,PH0112,MED0127,49,AVAILABLE,2026-08-18 10:52:03
INV006048,PH0112,MED0404,212,AVAILABLE,2026-08-18 11:14:33
INV006049,PH0112,MED0335,169,AVAILABLE,2026-08-18 10:10:19
INV006050,PH0112,MED0016,164,AVAILABLE,2026-08-18 09:38:51
INV006051,PH0112,MED0437,6,LOW_STOCK,2026-08-18 10:19:58
INV006052,PH0112,MED0276,360,AVAILABLE,2026-08-18 08:35:13
INV006053,PH0112,MED0411,54,AVAILABLE,2026-08-18 06:38:22
INV006054,PH0112,MED0410,15,LOW_STOCK,2026-08-18 08:02:39
INV006055,PH0112,MED0128,369,AVAILABLE,2026-08-18 07:45:22
INV006056,PH0112,MED0396,384,AVAILABLE,2026-08-18 08:15:58
INV006057,PH0112,MED0302,316,AVAILABLE,2026-08-18 09:05:42
INV006058,PH0112,MED0376,314,AVAILABLE,2026-08-18 11:17:11
INV006059,PH0112,MED0449,10,LOW_STOCK,2026-08-18 06:00:43
INV006060,PH0112,MED0132,10,LOW_STOCK,2026-08-18 11:43:13
INV006061,PH0112,MED0470,358,AVAILABLE,2026-08-18 09:59:00
INV006062,PH0112,MED0284,298,AVAILABLE,2026-08-18 10:18:36
INV006063,PH0112,MED0051,316,AVAILABLE,2026-08-18 10:54:45
INV006064,PH0112,MED0014,17,LOW_STOCK,2026-08-18 08:52:28
INV006065,PH0112,MED0263,264,AVAILABLE,2026-08-18 07:19:44
INV006066,PH0112,MED0368,16,LOW_STOCK,2026-08-18 09:19:55
INV006067,PH0112,MED0520,312,AVAILABLE,2026-08-18 09:01:13
INV006068,PH0112,MED0104,291,AVAILABLE,2026-08-18 11:34:07
INV006069,PH0112,MED0049,95,AVAILABLE,2026-08-18 09:44:12
INV006070,PH0112,MED0499,295,AVAILABLE,2026-08-18 09:06:47
INV006071,PH0112,MED0122,295,AVAILABLE,2026-08-18 08:24:38
INV006072,PH0112,MED0063,242,AVAILABLE,2026-08-18 07:00:00
INV006073,PH0112,MED0275,375,AVAILABLE,2026-08-18 06:08:17
INV006074,PH0112,MED0209,374,AVAILABLE,2026-08-18 08:10:36
INV006075,PH0112,MED0154,12,LOW_STOCK,2026-08-18 10:51:30
INV006076,PH0112,MED0287,0,OUT_OF_STOCK,2026-08-18 08:22:45
INV006077,PH0112,MED0142,127,AVAILABLE,2026-08-18 11:09:40
INV006078,PH0112,MED0289,316,AVAILABLE,2026-08-18 08:51:47
INV006079,PH0113,MED0021,0,OUT_OF_STOCK,2026-08-19 09:09:34
INV006080,PH0113,MED0056,249,AVAILABLE,2026-08-19 12:00:34
INV006081,PH0113,MED0499,341,AVAILABLE,2026-08-19 11:40:20
INV006082,PH0113,MED0190,395,AVAILABLE,2026-08-19 09:12:12
INV006083,PH0113,MED0029,395,AVAILABLE,2026-08-19 10:22:24
INV006084,PH0113,MED0216,16,LOW_STOCK,2026-08-19 13:38:32
INV006085,PH0113,MED0282,162,AVAILABLE,2026-08-19 09:12:36
INV006086,PH0113,MED0125,266,AVAILABLE,2026-08-19 08:25:14
INV006087,PH0113,MED0025,0,OUT_OF_STOCK,2026-08-19 11:47:17
INV006088,PH0113,MED0007,259,AVAILABLE,2026-08-19 08:15:10
INV006089,PH0113,MED0075,206,AVAILABLE,2026-08-19 07:56:40
INV006090,PH0113,MED0389,376,AVAILABLE,2026-08-19 13:24:27
INV006091,PH0113,MED0121,164,AVAILABLE,2026-08-19 12:23:04
INV006092,PH0113,MED0035,347,AVAILABLE,2026-08-19 08:56:11
INV006093,PH0113,MED0087,338,AVAILABLE,2026-08-19 08:39:08
INV006094,PH0113,MED0212,185,AVAILABLE,2026-08-19 13:07:39
INV006095,PH0113,MED0299,342,AVAILABLE,2026-08-19 12:37:19
INV006096,PH0113,MED0404,156,AVAILABLE,2026-08-19 08:19:05
INV006097,PH0113,MED0281,202,AVAILABLE,2026-08-19 11:54:03
INV006098,PH0113,MED0349,362,AVAILABLE,2026-08-19 09:59:37
INV006099,PH0113,MED0039,364,AVAILABLE,2026-08-19 11:27:38
INV006100,PH0113,MED0174,193,AVAILABLE,2026-08-19 09:46:54
INV006101,PH0113,MED0359,0,OUT_OF_STOCK,2026-08-19 08:29:33
INV006102,PH0113,MED0049,309,AVAILABLE,2026-08-19 08:31:47
INV006103,PH0113,MED0201,15,LOW_STOCK,2026-08-19 12:57:27
INV006104,PH0113,MED0490,17,LOW_STOCK,2026-08-19 10:10:14
INV006105,PH0113,MED0223,93,AVAILABLE,2026-08-19 11:04:19
INV006106,PH0113,MED0058,364,AVAILABLE,2026-08-19 10:52:32
INV006107,PH0113,MED0436,50,AVAILABLE,2026-08-19 08:14:25
INV006108,PH0113,MED0303,159,AVAILABLE,2026-08-19 08:52:18
INV006109,PH0113,MED0189,14,LOW_STOCK,2026-08-19 09:01:09
INV006110,PH0113,MED0180,229,AVAILABLE,2026-08-19 08:22:12
INV006111,PH0113,MED0458,296,AVAILABLE,2026-08-19 13:44:02
INV006112,PH0113,MED0055,257,AVAILABLE,2026-08-19 11:18:35
INV006113,PH0113,MED0014,0,OUT_OF_STOCK,2026-08-19 12:53:09
INV006114,PH0113,MED0046,10,LOW_STOCK,2026-08-19 12:44:29
INV006115,PH0113,MED0410,48,AVAILABLE,2026-08-19 08:09:28
INV006116,PH0113,MED0104,223,AVAILABLE,2026-08-19 09:06:32
INV006117,PH0113,MED0003,134,AVAILABLE,2026-08-19 11:03:05
INV006118,PH0113,MED0285,17,LOW_STOCK,2026-08-19 12:23:04
INV006119,PH0113,MED0322,74,AVAILABLE,2026-08-19 11:24:01
INV006120,PH0113,MED0449,53,AVAILABLE,2026-08-19 10:24:08
INV006121,PH0113,MED0460,368,AVAILABLE,2026-08-19 11:21:03
INV006122,PH0113,MED0144,371,AVAILABLE,2026-08-19 11:05:47
INV006123,PH0113,MED0053,330,AVAILABLE,2026-08-19 12:51:54
INV006124,PH0113,MED0024,218,AVAILABLE,2026-08-19 10:16:55
INV006125,PH0113,MED0064,333,AVAILABLE,2026-08-19 11:03:44
INV006126,PH0114,MED0162,339,AVAILABLE,2026-08-19 06:17:45
INV006127,PH0114,MED0104,264,AVAILABLE,2026-08-19 05:20:03
INV006128,PH0114,MED0153,52,AVAILABLE,2026-08-19 08:10:24
INV006129,PH0114,MED0006,19,LOW_STOCK,2026-08-19 09:14:35
INV006130,PH0114,MED0036,265,AVAILABLE,2026-08-19 07:33:20
INV006131,PH0114,MED0091,241,AVAILABLE,2026-08-19 05:54:29
INV006132,PH0114,MED0387,162,AVAILABLE,2026-08-19 05:36:45
INV006133,PH0114,MED0039,21,AVAILABLE,2026-08-19 08:48:42
INV006134,PH0114,MED0309,315,AVAILABLE,2026-08-19 05:31:16
INV006135,PH0114,MED0134,4,LOW_STOCK,2026-08-19 05:29:03
INV006136,PH0114,MED0328,173,AVAILABLE,2026-08-19 06:49:49
INV006137,PH0114,MED0019,146,AVAILABLE,2026-08-19 08:56:40
INV006138,PH0114,MED0435,99,AVAILABLE,2026-08-19 06:02:01
INV006139,PH0114,MED0229,9,LOW_STOCK,2026-08-19 06:44:44
INV006140,PH0114,MED0284,198,AVAILABLE,2026-08-19 08:46:41
INV006141,PH0114,MED0308,94,AVAILABLE,2026-08-19 09:11:19
INV006142,PH0114,MED0117,138,AVAILABLE,2026-08-19 05:58:34
INV006143,PH0114,MED0290,12,LOW_STOCK,2026-08-19 05:44:13
INV006144,PH0114,MED0049,241,AVAILABLE,2026-08-19 05:16:25
INV006145,PH0114,MED0344,149,AVAILABLE,2026-08-19 08:25:42
INV006146,PH0114,MED0115,168,AVAILABLE,2026-08-19 04:23:27
INV006147,PH0114,MED0050,126,AVAILABLE,2026-08-19 05:01:39
INV006148,PH0114,MED0501,366,AVAILABLE,2026-08-19 04:52:42
INV006149,PH0114,MED0236,17,LOW_STOCK,2026-08-19 06:20:53
INV006150,PH0114,MED0106,262,AVAILABLE,2026-08-19 05:02:11
INV006151,PH0114,MED0415,341,AVAILABLE,2026-08-19 06:03:15
INV006152,PH0114,MED0303,47,AVAILABLE,2026-08-19 04:56:34
INV006153,PH0114,MED0333,394,AVAILABLE,2026-08-19 08:16:39
INV006154,PH0114,MED0348,89,AVAILABLE,2026-08-19 05:15:03
INV006155,PH0114,MED0253,252,AVAILABLE,2026-08-19 05:54:03
INV006156,PH0114,MED0042,0,OUT_OF_STOCK,2026-08-19 07:12:25
INV006157,PH0114,MED0074,0,OUT_OF_STOCK,2026-08-19 08:09:59
INV006158,PH0114,MED0477,336,AVAILABLE,2026-08-19 05:42:56
INV006159,PH0114,MED0005,355,AVAILABLE,2026-08-19 05:33:05
INV006160,PH0114,MED0386,379,AVAILABLE,2026-08-19 06:17:14
INV006161,PH0114,MED0018,0,OUT_OF_STOCK,2026-08-19 03:37:42
INV006162,PH0114,MED0233,16,LOW_STOCK,2026-08-19 05:49:06
INV006163,PH0114,MED0180,281,AVAILABLE,2026-08-19 04:04:31
INV006164,PH0114,MED0271,157,AVAILABLE,2026-08-19 04:11:23
INV006165,PH0114,MED0496,107,AVAILABLE,2026-08-19 04:13:24
INV006166,PH0114,MED0450,0,OUT_OF_STOCK,2026-08-19 06:18:54
INV006167,PH0114,MED0377,274,AVAILABLE,2026-08-19 04:37:22
INV006168,PH0114,MED0282,335,AVAILABLE,2026-08-19 08:51:10
INV006169,PH0114,MED0513,246,AVAILABLE,2026-08-19 07:04:37
INV006170,PH0114,MED0202,104,AVAILABLE,2026-08-19 05:46:21
INV006171,PH0114,MED0037,215,AVAILABLE,2026-08-19 07:28:21
INV006172,PH0114,MED0446,164,AVAILABLE,2026-08-19 08:45:05
INV006173,PH0115,MED0064,132,AVAILABLE,2026-08-20 13:37:42
INV006174,PH0115,MED0221,92,AVAILABLE,2026-08-20 13:57:53
INV006175,PH0115,MED0255,59,AVAILABLE,2026-08-20 09:50:53
INV006176,PH0115,MED0131,72,AVAILABLE,2026-08-20 10:40:25
INV006177,PH0115,MED0204,163,AVAILABLE,2026-08-20 12:34:41
INV006178,PH0115,MED0021,6,LOW_STOCK,2026-08-20 11:32:25
INV006179,PH0115,MED0241,71,AVAILABLE,2026-08-20 12:19:40
INV006180,PH0115,MED0308,203,AVAILABLE,2026-08-20 12:10:02
INV006181,PH0115,MED0397,127,AVAILABLE,2026-08-20 11:51:15
INV006182,PH0115,MED0166,358,AVAILABLE,2026-08-20 13:35:51
INV006183,PH0115,MED0247,388,AVAILABLE,2026-08-20 12:08:04
INV006184,PH0115,MED0081,222,AVAILABLE,2026-08-20 11:25:00
INV006185,PH0115,MED0368,66,AVAILABLE,2026-08-20 09:11:55
INV006186,PH0115,MED0067,375,AVAILABLE,2026-08-20 13:47:47
INV006187,PH0115,MED0389,53,AVAILABLE,2026-08-20 08:09:06
INV006188,PH0115,MED0348,160,AVAILABLE,2026-08-20 10:40:15
INV006189,PH0115,MED0352,250,AVAILABLE,2026-08-20 11:55:03
INV006190,PH0115,MED0226,275,AVAILABLE,2026-08-20 08:04:51
INV006191,PH0115,MED0192,73,AVAILABLE,2026-08-20 09:50:26
INV006192,PH0115,MED0119,247,AVAILABLE,2026-08-20 12:47:44
INV006193,PH0115,MED0229,324,AVAILABLE,2026-08-20 11:11:16
INV006194,PH0115,MED0320,0,OUT_OF_STOCK,2026-08-20 09:01:32
INV006195,PH0115,MED0393,70,AVAILABLE,2026-08-20 10:06:40
INV006196,PH0115,MED0169,14,LOW_STOCK,2026-08-20 13:08:07
INV006197,PH0115,MED0474,302,AVAILABLE,2026-08-20 10:22:29
INV006198,PH0115,MED0439,101,AVAILABLE,2026-08-20 08:22:43
INV006199,PH0115,MED0145,153,AVAILABLE,2026-08-20 13:58:52
INV006200,PH0115,MED0174,59,AVAILABLE,2026-08-20 12:49:19
INV006201,PH0115,MED0186,158,AVAILABLE,2026-08-20 08:59:44
INV006202,PH0115,MED0258,226,AVAILABLE,2026-08-20 13:45:23
INV006203,PH0115,MED0068,180,AVAILABLE,2026-08-20 08:56:36
INV006204,PH0115,MED0445,0,OUT_OF_STOCK,2026-08-20 12:01:33
INV006205,PH0115,MED0005,161,AVAILABLE,2026-08-20 09:06:08
INV006206,PH0115,MED0041,305,AVAILABLE,2026-08-20 09:48:25
INV006207,PH0115,MED0075,36,AVAILABLE,2026-08-20 08:19:59
INV006208,PH0115,MED0363,62,AVAILABLE,2026-08-20 08:42:33
INV006209,PH0115,MED0326,55,AVAILABLE,2026-08-20 09:49:40
INV006210,PH0115,MED0307,187,AVAILABLE,2026-08-20 10:24:25
INV006211,PH0115,MED0065,341,AVAILABLE,2026-08-20 11:38:08
INV006212,PH0115,MED0451,97,AVAILABLE,2026-08-20 11:10:58
INV006213,PH0115,MED0134,117,AVAILABLE,2026-08-20 09:16:53
INV006214,PH0115,MED0195,160,AVAILABLE,2026-08-20 09:17:39
INV006215,PH0115,MED0282,16,LOW_STOCK,2026-08-20 10:25:57
INV006216,PH0115,MED0115,187,AVAILABLE,2026-08-20 12:32:03
INV006217,PH0115,MED0074,13,LOW_STOCK,2026-08-20 13:10:35
INV006218,PH0115,MED0006,24,AVAILABLE,2026-08-20 09:03:00
INV006219,PH0115,MED0435,178,AVAILABLE,2026-08-20 11:40:12
INV006220,PH0115,MED0066,49,AVAILABLE,2026-08-20 11:45:13
INV006221,PH0115,MED0063,359,AVAILABLE,2026-08-20 09:35:50
INV006222,PH0115,MED0472,76,AVAILABLE,2026-08-20 09:23:32
INV006223,PH0115,MED0032,192,AVAILABLE,2026-08-20 08:57:28
INV006224,PH0115,MED0267,6,LOW_STOCK,2026-08-20 11:04:57
INV006225,PH0115,MED0071,79,AVAILABLE,2026-08-20 12:16:25
INV006226,PH0115,MED0007,69,AVAILABLE,2026-08-20 11:46:42
INV006227,PH0115,MED0349,304,AVAILABLE,2026-08-20 13:56:53
INV006228,PH0115,MED0198,275,AVAILABLE,2026-08-20 10:02:50
INV006229,PH0115,MED0345,201,AVAILABLE,2026-08-20 08:36:41
INV006230,PH0115,MED0017,107,AVAILABLE,2026-08-20 11:39:55
INV006231,PH0115,MED0194,0,OUT_OF_STOCK,2026-08-20 08:19:46
INV006232,PH0115,MED0001,154,AVAILABLE,2026-08-20 12:26:58
INV006233,PH0115,MED0469,173,AVAILABLE,2026-08-20 08:38:15
INV006234,PH0115,MED0455,90,AVAILABLE,2026-08-20 10:19:46
INV006235,PH0115,MED0423,94,AVAILABLE,2026-08-20 09:34:55
INV006236,PH0115,MED0020,342,AVAILABLE,2026-08-20 13:57:42
INV006237,PH0115,MED0276,378,AVAILABLE,2026-08-20 11:59:42
INV006238,PH0115,MED0202,188,AVAILABLE,2026-08-20 09:09:34
INV006239,PH0115,MED0076,362,AVAILABLE,2026-08-20 11:00:13
INV006240,PH0115,MED0128,110,AVAILABLE,2026-08-20 11:36:36
INV006241,PH0115,MED0356,336,AVAILABLE,2026-08-20 08:23:24
INV006242,PH0115,MED0297,170,AVAILABLE,2026-08-20 13:12:59
INV006243,PH0116,MED0271,391,AVAILABLE,2026-08-20 02:59:46
INV006244,PH0116,MED0113,170,AVAILABLE,2026-08-20 05:28:39
INV006245,PH0116,MED0380,0,OUT_OF_STOCK,2026-08-20 00:31:18
INV006246,PH0116,MED0253,60,AVAILABLE,2026-08-20 03:44:31
INV006247,PH0116,MED0072,239,AVAILABLE,2026-08-20 03:10:03
INV006248,PH0116,MED0062,132,AVAILABLE,2026-08-20 03:49:16
INV006249,PH0116,MED0428,98,AVAILABLE,2026-08-20 02:20:48
INV006250,PH0116,MED0036,353,AVAILABLE,2026-08-20 01:39:21
INV006251,PH0116,MED0489,397,AVAILABLE,2026-08-20 05:44:53
INV006252,PH0116,MED0099,148,AVAILABLE,2026-08-20 05:38:52
INV006253,PH0116,MED0435,62,AVAILABLE,2026-08-20 04:26:32
INV006254,PH0116,MED0346,273,AVAILABLE,2026-08-20 03:46:56
INV006255,PH0116,MED0199,254,AVAILABLE,2026-08-20 04:17:23
INV006256,PH0116,MED0011,383,AVAILABLE,2026-08-20 01:55:17
INV006257,PH0116,MED0248,22,AVAILABLE,2026-08-20 00:58:55
INV006258,PH0116,MED0218,303,AVAILABLE,2026-08-20 04:52:27
INV006259,PH0116,MED0321,208,AVAILABLE,2026-08-20 04:12:05
INV006260,PH0116,MED0145,291,AVAILABLE,2026-08-20 02:37:34
INV006261,PH0116,MED0126,266,AVAILABLE,2026-08-20 01:34:55
INV006262,PH0116,MED0042,269,AVAILABLE,2026-08-20 05:35:22
INV006263,PH0116,MED0337,391,AVAILABLE,2026-08-20 05:25:15
INV006264,PH0116,MED0198,303,AVAILABLE,2026-08-20 01:49:06
INV006265,PH0116,MED0430,80,AVAILABLE,2026-08-20 04:49:23
INV006266,PH0116,MED0224,345,AVAILABLE,2026-08-20 02:49:32
INV006267,PH0116,MED0206,205,AVAILABLE,2026-08-20 05:25:34
INV006268,PH0116,MED0049,206,AVAILABLE,2026-08-20 02:38:38
INV006269,PH0116,MED0350,120,AVAILABLE,2026-08-20 03:50:23
INV006270,PH0116,MED0353,9,LOW_STOCK,2026-08-20 01:39:57
INV006271,PH0116,MED0162,288,AVAILABLE,2026-08-20 02:18:35
INV006272,PH0116,MED0007,371,AVAILABLE,2026-08-20 01:45:17
INV006273,PH0116,MED0150,319,AVAILABLE,2026-08-20 01:31:35
INV006274,PH0116,MED0219,372,AVAILABLE,2026-08-20 03:35:05
INV006275,PH0116,MED0084,220,AVAILABLE,2026-08-20 02:49:53
INV006276,PH0116,MED0201,296,AVAILABLE,2026-08-20 06:12:05
INV006277,PH0116,MED0209,104,AVAILABLE,2026-08-20 04:19:24
INV006278,PH0116,MED0056,86,AVAILABLE,2026-08-20 06:00:43
INV006279,PH0116,MED0511,69,AVAILABLE,2026-08-20 01:55:08
INV006280,PH0116,MED0453,296,AVAILABLE,2026-08-20 06:08:49
INV006281,PH0116,MED0397,356,AVAILABLE,2026-08-20 06:08:45
INV006282,PH0116,MED0044,226,AVAILABLE,2026-08-20 01:07:37
INV006283,PH0116,MED0309,44,AVAILABLE,2026-08-20 01:57:56
INV006284,PH0116,MED0402,143,AVAILABLE,2026-08-20 03:37:51
INV006285,PH0116,MED0117,210,AVAILABLE,2026-08-20 00:48:52
INV006286,PH0116,MED0498,4,LOW_STOCK,2026-08-20 04:28:07
INV006287,PH0116,MED0134,213,AVAILABLE,2026-08-20 01:51:26
INV006288,PH0116,MED0483,231,AVAILABLE,2026-08-20 05:28:00
INV006289,PH0116,MED0354,197,AVAILABLE,2026-08-20 03:07:36
INV006290,PH0116,MED0185,118,AVAILABLE,2026-08-20 04:03:44
INV006291,PH0116,MED0124,0,OUT_OF_STOCK,2026-08-20 04:13:06
INV006292,PH0116,MED0414,0,OUT_OF_STOCK,2026-08-20 03:26:52
INV006293,PH0116,MED0045,5,LOW_STOCK,2026-08-20 05:18:36
INV006294,PH0116,MED0372,204,AVAILABLE,2026-08-20 06:06:03
INV006295,PH0116,MED0216,30,AVAILABLE,2026-08-20 04:03:13
INV006296,PH0116,MED0220,333,AVAILABLE,2026-08-20 03:44:30
INV006297,PH0116,MED0320,7,LOW_STOCK,2026-08-20 01:26:34
INV006298,PH0116,MED0184,306,AVAILABLE,2026-08-20 03:23:19
INV006299,PH0116,MED0169,294,AVAILABLE,2026-08-20 00:53:18
INV006300,PH0116,MED0490,167,AVAILABLE,2026-08-20 01:01:29
INV006301,PH0116,MED0456,46,AVAILABLE,2026-08-20 02:32:19
INV006302,PH0116,MED0373,185,AVAILABLE,2026-08-20 03:08:14
INV006303,PH0116,MED0200,143,AVAILABLE,2026-08-20 01:16:01
INV006304,PH0116,MED0344,308,AVAILABLE,2026-08-20 04:59:17
INV006305,PH0116,MED0399,22,AVAILABLE,2026-08-20 04:43:01
INV006306,PH0116,MED0290,379,AVAILABLE,2026-08-20 01:30:19
INV006307,PH0116,MED0074,1,LOW_STOCK,2026-08-20 02:07:24
INV006308,PH0116,MED0504,341,AVAILABLE,2026-08-20 03:23:52
INV006309,PH0116,MED0416,161,AVAILABLE,2026-08-20 02:59:07
INV006310,PH0116,MED0449,145,AVAILABLE,2026-08-20 03:33:18
INV006311,PH0116,MED0410,22,AVAILABLE,2026-08-20 04:40:09
INV006312,PH0117,MED0438,332,AVAILABLE,2026-08-20 06:40:51
INV006313,PH0117,MED0039,181,AVAILABLE,2026-08-20 08:03:38
INV006314,PH0117,MED0257,49,AVAILABLE,2026-08-20 10:58:09
INV006315,PH0117,MED0010,270,AVAILABLE,2026-08-20 08:37:01
INV006316,PH0117,MED0031,101,AVAILABLE,2026-08-20 07:27:12
INV006317,PH0117,MED0434,208,AVAILABLE,2026-08-20 11:51:52
INV006318,PH0117,MED0298,371,AVAILABLE,2026-08-20 06:52:54
INV006319,PH0117,MED0263,342,AVAILABLE,2026-08-20 07:46:32
INV006320,PH0117,MED0068,80,AVAILABLE,2026-08-20 07:10:33
INV006321,PH0117,MED0347,187,AVAILABLE,2026-08-20 07:03:09
INV006322,PH0117,MED0018,266,AVAILABLE,2026-08-20 11:17:15
INV006323,PH0117,MED0065,20,AVAILABLE,2026-08-20 09:17:40
INV006324,PH0117,MED0261,177,AVAILABLE,2026-08-20 12:23:59
INV006325,PH0117,MED0210,104,AVAILABLE,2026-08-20 09:32:16
INV006326,PH0117,MED0120,247,AVAILABLE,2026-08-20 11:33:47
INV006327,PH0117,MED0121,114,AVAILABLE,2026-08-20 12:28:02
INV006328,PH0117,MED0384,294,AVAILABLE,2026-08-20 10:22:54
INV006329,PH0117,MED0202,209,AVAILABLE,2026-08-20 07:09:21
INV006330,PH0117,MED0155,188,AVAILABLE,2026-08-20 11:36:14
INV006331,PH0117,MED0083,67,AVAILABLE,2026-08-20 07:44:24
INV006332,PH0117,MED0420,262,AVAILABLE,2026-08-20 08:30:40
INV006333,PH0117,MED0270,0,OUT_OF_STOCK,2026-08-20 08:13:43
INV006334,PH0117,MED0212,338,AVAILABLE,2026-08-20 08:04:08
INV006335,PH0117,MED0380,291,AVAILABLE,2026-08-20 08:44:07
INV006336,PH0117,MED0006,32,AVAILABLE,2026-08-20 10:23:34
INV006337,PH0117,MED0166,168,AVAILABLE,2026-08-20 11:56:06
INV006338,PH0117,MED0131,385,AVAILABLE,2026-08-20 06:55:41
INV006339,PH0117,MED0252,152,AVAILABLE,2026-08-20 08:45:15
INV006340,PH0117,MED0370,160,AVAILABLE,2026-08-20 08:08:10
INV006341,PH0117,MED0178,189,AVAILABLE,2026-08-20 09:58:45
INV006342,PH0117,MED0198,128,AVAILABLE,2026-08-20 11:14:54
INV006343,PH0117,MED0265,262,AVAILABLE,2026-08-20 10:06:11
INV006344,PH0117,MED0126,215,AVAILABLE,2026-08-20 09:10:32
INV006345,PH0117,MED0221,15,LOW_STOCK,2026-08-20 11:11:21
INV006346,PH0117,MED0205,333,AVAILABLE,2026-08-20 11:19:39
INV006347,PH0117,MED0349,97,AVAILABLE,2026-08-20 08:29:59
INV006348,PH0117,MED0025,124,AVAILABLE,2026-08-20 08:55:47
INV006349,PH0117,MED0493,46,AVAILABLE,2026-08-20 10:20:39
INV006350,PH0117,MED0285,43,AVAILABLE,2026-08-20 09:54:44
INV006351,PH0117,MED0103,83,AVAILABLE,2026-08-20 11:19:28
INV006352,PH0117,MED0448,172,AVAILABLE,2026-08-20 08:51:07
INV006353,PH0117,MED0302,180,AVAILABLE,2026-08-20 09:20:05
INV006354,PH0117,MED0142,310,AVAILABLE,2026-08-20 11:12:54
INV006355,PH0117,MED0369,316,AVAILABLE,2026-08-20 10:49:23
INV006356,PH0117,MED0033,172,AVAILABLE,2026-08-20 11:18:02
INV006357,PH0117,MED0362,367,AVAILABLE,2026-08-20 08:23:09
INV006358,PH0117,MED0105,176,AVAILABLE,2026-08-20 07:08:21
INV006359,PH0117,MED0394,9,LOW_STOCK,2026-08-20 10:18:32
INV006360,PH0117,MED0289,80,AVAILABLE,2026-08-20 10:20:13
INV006361,PH0117,MED0428,318,AVAILABLE,2026-08-20 10:37:42
INV006362,PH0117,MED0016,170,AVAILABLE,2026-08-20 10:15:26
INV006363,PH0117,MED0226,354,AVAILABLE,2026-08-20 06:58:17
INV006364,PH0117,MED0029,249,AVAILABLE,2026-08-20 08:50:30
INV006365,PH0117,MED0331,230,AVAILABLE,2026-08-20 07:51:35
INV006366,PH0117,MED0020,364,AVAILABLE,2026-08-20 07:59:17
INV006367,PH0117,MED0231,24,AVAILABLE,2026-08-20 10:51:32
INV006368,PH0117,MED0313,127,AVAILABLE,2026-08-20 11:06:07
INV006369,PH0117,MED0194,285,AVAILABLE,2026-08-20 09:23:42
INV006370,PH0117,MED0036,73,AVAILABLE,2026-08-20 08:34:39
INV006371,PH0118,MED0237,94,AVAILABLE,2026-08-17 15:52:20
INV006372,PH0118,MED0463,385,AVAILABLE,2026-08-17 13:51:53
INV006373,PH0118,MED0117,152,AVAILABLE,2026-08-17 17:47:02
INV006374,PH0118,MED0093,145,AVAILABLE,2026-08-17 13:10:11
INV006375,PH0118,MED0020,242,AVAILABLE,2026-08-17 12:14:43
INV006376,PH0118,MED0362,175,AVAILABLE,2026-08-17 15:00:53
INV006377,PH0118,MED0030,353,AVAILABLE,2026-08-17 16:54:05
INV006378,PH0118,MED0373,102,AVAILABLE,2026-08-17 15:02:02
INV006379,PH0118,MED0431,279,AVAILABLE,2026-08-17 14:10:57
INV006380,PH0118,MED0498,0,OUT_OF_STOCK,2026-08-17 14:47:52
INV006381,PH0118,MED0161,268,AVAILABLE,2026-08-17 16:39:26
INV006382,PH0118,MED0197,304,AVAILABLE,2026-08-17 13:10:15
INV006383,PH0118,MED0457,0,OUT_OF_STOCK,2026-08-17 16:40:45
INV006384,PH0118,MED0434,308,AVAILABLE,2026-08-17 15:03:22
INV006385,PH0118,MED0050,317,AVAILABLE,2026-08-17 14:33:59
INV006386,PH0118,MED0449,275,AVAILABLE,2026-08-17 17:30:58
INV006387,PH0118,MED0376,205,AVAILABLE,2026-08-17 17:13:22
INV006388,PH0118,MED0192,222,AVAILABLE,2026-08-17 16:59:13
INV006389,PH0118,MED0474,279,AVAILABLE,2026-08-17 13:51:26
INV006390,PH0118,MED0460,14,LOW_STOCK,2026-08-17 12:46:53
INV006391,PH0118,MED0395,290,AVAILABLE,2026-08-17 12:12:41
INV006392,PH0118,MED0173,3,LOW_STOCK,2026-08-17 12:32:32
INV006393,PH0118,MED0133,1,LOW_STOCK,2026-08-17 17:44:09
INV006394,PH0118,MED0345,224,AVAILABLE,2026-08-17 12:41:50
INV006395,PH0118,MED0241,288,AVAILABLE,2026-08-17 17:26:19
INV006396,PH0118,MED0413,2,LOW_STOCK,2026-08-17 15:56:56
INV006397,PH0118,MED0371,0,OUT_OF_STOCK,2026-08-17 14:33:10
INV006398,PH0118,MED0268,185,AVAILABLE,2026-08-17 14:47:49
INV006399,PH0118,MED0483,299,AVAILABLE,2026-08-17 13:09:40
INV006400,PH0118,MED0057,325,AVAILABLE,2026-08-17 17:00:49
INV006401,PH0118,MED0225,0,OUT_OF_STOCK,2026-08-17 14:09:06
INV006402,PH0118,MED0346,329,AVAILABLE,2026-08-17 15:09:41
INV006403,PH0118,MED0272,41,AVAILABLE,2026-08-17 14:28:22
INV006404,PH0118,MED0042,155,AVAILABLE,2026-08-17 14:27:57
INV006405,PH0118,MED0390,299,AVAILABLE,2026-08-17 12:20:02
INV006406,PH0118,MED0139,391,AVAILABLE,2026-08-17 16:16:03
INV006407,PH0118,MED0018,18,LOW_STOCK,2026-08-17 14:22:39
INV006408,PH0118,MED0214,9,LOW_STOCK,2026-08-17 12:26:03
INV006409,PH0118,MED0430,118,AVAILABLE,2026-08-17 16:17:19
INV006410,PH0118,MED0261,0,OUT_OF_STOCK,2026-08-17 15:33:20
INV006411,PH0118,MED0010,396,AVAILABLE,2026-08-17 14:00:43
INV006412,PH0118,MED0506,113,AVAILABLE,2026-08-17 17:13:07
INV006413,PH0118,MED0170,278,AVAILABLE,2026-08-17 13:41:31
INV006414,PH0118,MED0202,236,AVAILABLE,2026-08-17 13:19:56
INV006415,PH0118,MED0156,48,AVAILABLE,2026-08-17 15:53:51
INV006416,PH0118,MED0016,315,AVAILABLE,2026-08-17 14:57:33
INV006417,PH0118,MED0349,133,AVAILABLE,2026-08-17 13:58:35
INV006418,PH0118,MED0209,391,AVAILABLE,2026-08-17 14:29:02
INV006419,PH0118,MED0468,0,OUT_OF_STOCK,2026-08-17 14:40:27
INV006420,PH0118,MED0284,11,LOW_STOCK,2026-08-17 13:34:56
INV006421,PH0119,MED0014,0,OUT_OF_STOCK,2026-08-17 23:40:12
INV006422,PH0119,MED0229,289,AVAILABLE,2026-08-17 21:15:55
INV006423,PH0119,MED0207,61,AVAILABLE,2026-08-17 22:25:43
INV006424,PH0119,MED0092,4,LOW_STOCK,2026-08-17 23:01:15
INV006425,PH0119,MED0414,122,AVAILABLE,2026-08-17 20:08:38
INV006426,PH0119,MED0221,105,AVAILABLE,2026-08-17 18:35:31
INV006427,PH0119,MED0401,264,AVAILABLE,2026-08-17 20:25:07
INV006428,PH0119,MED0463,90,AVAILABLE,2026-08-17 22:48:35
INV006429,PH0119,MED0257,161,AVAILABLE,2026-08-17 18:38:15
INV006430,PH0119,MED0053,120,AVAILABLE,2026-08-17 19:25:12
INV006431,PH0119,MED0365,298,AVAILABLE,2026-08-17 23:28:34
INV006432,PH0119,MED0199,39,AVAILABLE,2026-08-17 22:19:09
INV006433,PH0119,MED0453,264,AVAILABLE,2026-08-17 21:58:46
INV006434,PH0119,MED0225,290,AVAILABLE,2026-08-17 22:34:37
INV006435,PH0119,MED0271,245,AVAILABLE,2026-08-17 21:18:19
INV006436,PH0119,MED0126,225,AVAILABLE,2026-08-17 22:54:43
INV006437,PH0119,MED0030,78,AVAILABLE,2026-08-17 22:26:17
INV006438,PH0119,MED0008,228,AVAILABLE,2026-08-17 18:36:26
INV006439,PH0119,MED0238,327,AVAILABLE,2026-08-17 20:44:37
INV006440,PH0119,MED0237,359,AVAILABLE,2026-08-17 22:31:51
INV006441,PH0119,MED0151,343,AVAILABLE,2026-08-17 23:40:45
INV006442,PH0119,MED0236,10,LOW_STOCK,2026-08-17 23:31:56
INV006443,PH0119,MED0287,236,AVAILABLE,2026-08-17 22:01:08
INV006444,PH0119,MED0422,111,AVAILABLE,2026-08-17 20:59:42
INV006445,PH0119,MED0183,257,AVAILABLE,2026-08-17 23:27:30
INV006446,PH0119,MED0373,0,OUT_OF_STOCK,2026-08-17 20:44:06
INV006447,PH0119,MED0270,361,AVAILABLE,2026-08-18 00:17:23
INV006448,PH0119,MED0087,153,AVAILABLE,2026-08-17 23:48:18
INV006449,PH0119,MED0333,244,AVAILABLE,2026-08-17 20:07:36
INV006450,PH0119,MED0065,305,AVAILABLE,2026-08-17 21:59:15
INV006451,PH0119,MED0240,131,AVAILABLE,2026-08-17 18:29:47
INV006452,PH0119,MED0297,18,LOW_STOCK,2026-08-17 20:25:55
INV006453,PH0119,MED0434,219,AVAILABLE,2026-08-17 23:36:12
INV006454,PH0119,MED0376,149,AVAILABLE,2026-08-17 21:53:28
INV006455,PH0119,MED0513,235,AVAILABLE,2026-08-17 23:18:36
INV006456,PH0119,MED0012,240,AVAILABLE,2026-08-17 18:31:58
INV006457,PH0119,MED0432,204,AVAILABLE,2026-08-17 22:01:18
INV006458,PH0119,MED0405,348,AVAILABLE,2026-08-17 21:06:09
INV006459,PH0119,MED0308,179,AVAILABLE,2026-08-17 23:13:33
INV006460,PH0119,MED0267,60,AVAILABLE,2026-08-17 20:11:39
INV006461,PH0119,MED0054,14,LOW_STOCK,2026-08-17 23:33:23
INV006462,PH0119,MED0045,207,AVAILABLE,2026-08-18 00:24:22
INV006463,PH0119,MED0214,46,AVAILABLE,2026-08-17 20:03:07
INV006464,PH0119,MED0117,239,AVAILABLE,2026-08-17 21:57:18
INV006465,PH0119,MED0438,219,AVAILABLE,2026-08-17 20:36:37
INV006466,PH0119,MED0200,242,AVAILABLE,2026-08-17 23:58:39
INV006467,PH0119,MED0348,38,AVAILABLE,2026-08-17 21:01:52
INV006468,PH0120,MED0441,0,OUT_OF_STOCK,2026-06-09 15:34:06
INV006469,PH0120,MED0335,202,AVAILABLE,2026-06-09 14:08:42
INV006470,PH0120,MED0209,185,AVAILABLE,2026-06-09 17:17:55
INV006471,PH0120,MED0193,8,LOW_STOCK,2026-06-09 18:55:11
INV006472,PH0120,MED0089,285,AVAILABLE,2026-06-09 13:56:11
INV006473,PH0120,MED0429,0,OUT_OF_STOCK,2026-06-09 14:44:27
INV006474,PH0120,MED0380,172,AVAILABLE,2026-06-09 13:58:44
INV006475,PH0120,MED0191,100,AVAILABLE,2026-06-09 14:19:33
INV006476,PH0120,MED0063,351,AVAILABLE,2026-06-09 17:15:48
INV006477,PH0120,MED0478,86,AVAILABLE,2026-06-09 17:06:46
INV006478,PH0120,MED0333,312,AVAILABLE,2026-06-09 16:06:48
INV006479,PH0120,MED0449,371,AVAILABLE,2026-06-09 13:34:05
INV006480,PH0120,MED0225,275,AVAILABLE,2026-06-09 14:30:35
INV006481,PH0120,MED0486,75,AVAILABLE,2026-06-09 16:40:56
INV006482,PH0120,MED0275,224,AVAILABLE,2026-06-09 15:44:05
INV006483,PH0120,MED0072,249,AVAILABLE,2026-06-09 18:47:51
INV006484,PH0120,MED0428,361,AVAILABLE,2026-06-09 16:43:41
INV006485,PH0120,MED0430,16,LOW_STOCK,2026-06-09 18:35:34
INV006486,PH0120,MED0030,149,AVAILABLE,2026-06-09 19:08:47
INV006487,PH0120,MED0518,37,AVAILABLE,2026-06-09 13:26:57
INV006488,PH0120,MED0413,110,AVAILABLE,2026-06-09 18:15:57
INV006489,PH0120,MED0232,235,AVAILABLE,2026-06-09 13:42:11
INV006490,PH0120,MED0261,178,AVAILABLE,2026-06-09 14:09:35
INV006491,PH0120,MED0198,363,AVAILABLE,2026-06-09 16:40:07
INV006492,PH0120,MED0147,240,AVAILABLE,2026-06-09 15:06:35
INV006493,PH0120,MED0451,0,OUT_OF_STOCK,2026-06-09 17:13:58
INV006494,PH0120,MED0087,275,AVAILABLE,2026-06-09 13:49:10
INV006495,PH0120,MED0408,0,OUT_OF_STOCK,2026-06-09 18:39:43
INV006496,PH0120,MED0219,100,AVAILABLE,2026-06-09 16:06:07
INV006497,PH0120,MED0215,7,LOW_STOCK,2026-06-09 14:50:59
INV006498,PH0120,MED0468,18,LOW_STOCK,2026-06-09 14:49:30
INV006499,PH0120,MED0005,326,AVAILABLE,2026-06-09 15:18:58
INV006500,PH0120,MED0201,182,AVAILABLE,2026-06-09 15:46:10
INV006501,PH0120,MED0425,50,AVAILABLE,2026-06-09 17:35:24
INV006502,PH0120,MED0294,196,AVAILABLE,2026-06-09 13:51:45
INV006503,PH0120,MED0067,291,AVAILABLE,2026-06-09 14:43:32
INV006504,PH0120,MED0281,104,AVAILABLE,2026-06-09 14:34:33
INV006505,PH0120,MED0061,70,AVAILABLE,2026-06-09 16:45:21
INV006506,PH0120,MED0346,393,AVAILABLE,2026-06-09 17:45:58
INV006507,PH0120,MED0251,146,AVAILABLE,2026-06-09 15:23:20
INV006508,PH0120,MED0491,16,LOW_STOCK,2026-06-09 16:24:15
INV006509,PH0120,MED0105,349,AVAILABLE,2026-06-09 14:30:17
INV006510,PH0120,MED0452,387,AVAILABLE,2026-06-09 13:18:02
INV006511,PH0120,MED0332,0,OUT_OF_STOCK,2026-06-09 15:04:39
INV006512,PH0120,MED0106,275,AVAILABLE,2026-06-09 14:59:34
INV006513,PH0120,MED0150,382,AVAILABLE,2026-06-09 18:49:46
INV006514,PH0120,MED0338,15,LOW_STOCK,2026-06-09 18:22:31
INV006515,PH0120,MED0309,221,AVAILABLE,2026-06-09 14:50:09
INV006516,PH0120,MED0344,17,LOW_STOCK,2026-06-09 17:53:08
INV006517,PH0121,MED0166,72,AVAILABLE,2026-08-17 08:28:03
INV006518,PH0121,MED0263,250,AVAILABLE,2026-08-17 08:04:42
INV006519,PH0121,MED0508,58,AVAILABLE,2026-08-17 11:42:52
INV006520,PH0121,MED0212,0,OUT_OF_STOCK,2026-08-17 10:05:44
INV006521,PH0121,MED0517,6,LOW_STOCK,2026-08-17 08:22:17
INV006522,PH0121,MED0287,214,AVAILABLE,2026-08-17 08:01:44
INV006523,PH0121,MED0025,85,AVAILABLE,2026-08-17 08:49:43
INV006524,PH0121,MED0156,279,AVAILABLE,2026-08-17 09:45:12
INV006525,PH0121,MED0253,45,AVAILABLE,2026-08-17 06:02:24
INV006526,PH0121,MED0080,112,AVAILABLE,2026-08-17 10:08:24
INV006527,PH0121,MED0173,0,OUT_OF_STOCK,2026-08-17 07:59:08
INV006528,PH0121,MED0518,313,AVAILABLE,2026-08-17 08:26:16
INV006529,PH0121,MED0248,290,AVAILABLE,2026-08-17 07:23:06
INV006530,PH0121,MED0495,367,AVAILABLE,2026-08-17 05:55:02
INV006531,PH0121,MED0122,0,OUT_OF_STOCK,2026-08-17 11:08:36
INV006532,PH0121,MED0261,134,AVAILABLE,2026-08-17 10:07:27
INV006533,PH0121,MED0238,0,OUT_OF_STOCK,2026-08-17 07:32:41
INV006534,PH0121,MED0390,33,AVAILABLE,2026-08-17 08:45:38
INV006535,PH0121,MED0321,353,AVAILABLE,2026-08-17 10:32:47
INV006536,PH0121,MED0113,0,OUT_OF_STOCK,2026-08-17 09:52:21
INV006537,PH0121,MED0021,0,OUT_OF_STOCK,2026-08-17 06:14:51
INV006538,PH0121,MED0056,355,AVAILABLE,2026-08-17 06:20:49
INV006539,PH0121,MED0446,337,AVAILABLE,2026-08-17 11:43:19
INV006540,PH0121,MED0333,373,AVAILABLE,2026-08-17 07:28:33
INV006541,PH0121,MED0368,287,AVAILABLE,2026-08-17 10:51:50
INV006542,PH0121,MED0220,56,AVAILABLE,2026-08-17 10:45:01
INV006543,PH0121,MED0196,97,AVAILABLE,2026-08-17 11:16:38
INV006544,PH0121,MED0236,0,OUT_OF_STOCK,2026-08-17 10:18:32
INV006545,PH0121,MED0477,17,LOW_STOCK,2026-08-17 08:20:36
INV006546,PH0121,MED0183,345,AVAILABLE,2026-08-17 06:00:56
INV006547,PH0121,MED0177,49,AVAILABLE,2026-08-17 09:37:32
INV006548,PH0121,MED0309,32,AVAILABLE,2026-08-17 08:06:53
INV006549,PH0121,MED0325,13,LOW_STOCK,2026-08-17 06:14:57
INV006550,PH0121,MED0158,0,OUT_OF_STOCK,2026-08-17 09:10:57
INV006551,PH0121,MED0311,150,AVAILABLE,2026-08-17 07:33:45
INV006552,PH0121,MED0275,7,LOW_STOCK,2026-08-17 11:03:54
INV006553,PH0121,MED0376,98,AVAILABLE,2026-08-17 11:49:31
INV006554,PH0121,MED0461,330,AVAILABLE,2026-08-17 08:41:37
INV006555,PH0121,MED0020,271,AVAILABLE,2026-08-17 11:36:16
INV006556,PH0121,MED0179,8,LOW_STOCK,2026-08-17 09:11:58
INV006557,PH0121,MED0435,11,LOW_STOCK,2026-08-17 10:52:00
INV006558,PH0121,MED0451,0,OUT_OF_STOCK,2026-08-17 08:18:42
INV006559,PH0121,MED0276,119,AVAILABLE,2026-08-17 09:30:44
INV006560,PH0122,MED0055,285,AVAILABLE,2026-08-20 16:35:47
INV006561,PH0122,MED0434,75,AVAILABLE,2026-08-20 13:12:05
INV006562,PH0122,MED0238,299,AVAILABLE,2026-08-20 14:21:28
INV006563,PH0122,MED0151,15,LOW_STOCK,2026-08-20 12:33:40
INV006564,PH0122,MED0084,98,AVAILABLE,2026-08-20 15:14:09
INV006565,PH0122,MED0212,95,AVAILABLE,2026-08-20 13:56:43
INV006566,PH0122,MED0019,234,AVAILABLE,2026-08-20 13:34:48
INV006567,PH0122,MED0226,181,AVAILABLE,2026-08-20 14:46:48
INV006568,PH0122,MED0482,104,AVAILABLE,2026-08-20 15:30:34
INV006569,PH0122,MED0507,298,AVAILABLE,2026-08-20 13:24:45
INV006570,PH0122,MED0195,12,LOW_STOCK,2026-08-20 14:32:34
INV006571,PH0122,MED0134,118,AVAILABLE,2026-08-20 12:37:57
INV006572,PH0122,MED0015,351,AVAILABLE,2026-08-20 15:43:26
INV006573,PH0122,MED0303,0,OUT_OF_STOCK,2026-08-20 13:38:30
INV006574,PH0122,MED0309,172,AVAILABLE,2026-08-20 13:29:45
INV006575,PH0122,MED0442,216,AVAILABLE,2026-08-20 13:07:14
INV006576,PH0122,MED0438,0,OUT_OF_STOCK,2026-08-20 17:49:52
INV006577,PH0122,MED0214,204,AVAILABLE,2026-08-20 14:37:01
INV006578,PH0122,MED0191,30,AVAILABLE,2026-08-20 13:35:20
INV006579,PH0122,MED0248,0,OUT_OF_STOCK,2026-08-20 15:13:46
INV006580,PH0122,MED0289,332,AVAILABLE,2026-08-20 13:46:22
INV006581,PH0122,MED0196,287,AVAILABLE,2026-08-20 14:22:39
INV006582,PH0122,MED0069,257,AVAILABLE,2026-08-20 18:03:40
INV006583,PH0122,MED0446,81,AVAILABLE,2026-08-20 14:34:50
INV006584,PH0122,MED0132,0,OUT_OF_STOCK,2026-08-20 13:00:53
INV006585,PH0122,MED0247,352,AVAILABLE,2026-08-20 13:41:10
INV006586,PH0122,MED0373,334,AVAILABLE,2026-08-20 14:11:55
INV006587,PH0122,MED0215,130,AVAILABLE,2026-08-20 13:04:37
INV006588,PH0122,MED0241,0,OUT_OF_STOCK,2026-08-20 14:48:40
INV006589,PH0122,MED0322,304,AVAILABLE,2026-08-20 15:35:37
INV006590,PH0122,MED0499,370,AVAILABLE,2026-08-20 17:23:35
INV006591,PH0122,MED0490,10,LOW_STOCK,2026-08-20 14:20:47
INV006592,PH0122,MED0075,6,LOW_STOCK,2026-08-20 16:01:42
INV006593,PH0122,MED0313,332,AVAILABLE,2026-08-20 15:32:43
INV006594,PH0122,MED0304,59,AVAILABLE,2026-08-20 13:55:06
INV006595,PH0122,MED0033,362,AVAILABLE,2026-08-20 16:50:19
INV006596,PH0122,MED0198,295,AVAILABLE,2026-08-20 15:26:51
INV006597,PH0122,MED0001,0,OUT_OF_STOCK,2026-08-20 16:26:55
INV006598,PH0122,MED0337,395,AVAILABLE,2026-08-20 17:49:03
INV006599,PH0122,MED0357,0,OUT_OF_STOCK,2026-08-20 14:28:29
INV006600,PH0122,MED0453,78,AVAILABLE,2026-08-20 14:50:14
INV006601,PH0122,MED0182,357,AVAILABLE,2026-08-20 16:46:43
INV006602,PH0122,MED0042,13,LOW_STOCK,2026-08-20 17:20:41
INV006603,PH0122,MED0405,123,AVAILABLE,2026-08-20 15:04:57
INV006604,PH0122,MED0192,314,AVAILABLE,2026-08-20 12:42:45
INV006605,PH0122,MED0051,92,AVAILABLE,2026-08-20 13:47:53
INV006606,PH0122,MED0259,360,AVAILABLE,2026-08-20 17:57:10
INV006607,PH0122,MED0430,137,AVAILABLE,2026-08-20 14:24:18
INV006608,PH0122,MED0108,189,AVAILABLE,2026-08-20 18:21:59
INV006609,PH0122,MED0046,184,AVAILABLE,2026-08-20 14:21:22
INV006610,PH0122,MED0021,0,OUT_OF_STOCK,2026-08-20 17:52:03
INV006611,PH0122,MED0377,7,LOW_STOCK,2026-08-20 17:51:42
INV006612,PH0122,MED0071,251,AVAILABLE,2026-08-20 17:36:58
INV006613,PH0122,MED0474,201,AVAILABLE,2026-08-20 14:55:31
INV006614,PH0122,MED0082,399,AVAILABLE,2026-08-20 16:09:36
INV006615,PH0122,MED0460,59,AVAILABLE,2026-08-20 14:41:03
INV006616,PH0122,MED0119,392,AVAILABLE,2026-08-20 15:38:42
INV006617,PH0123,MED0150,24,AVAILABLE,2026-08-19 06:25:57
INV006618,PH0123,MED0285,47,AVAILABLE,2026-08-19 07:56:46
INV006619,PH0123,MED0304,20,AVAILABLE,2026-08-19 07:37:56
INV006620,PH0123,MED0075,114,AVAILABLE,2026-08-19 09:53:28
INV006621,PH0123,MED0115,252,AVAILABLE,2026-08-19 09:58:24
INV006622,PH0123,MED0519,209,AVAILABLE,2026-08-19 09:43:44
INV006623,PH0123,MED0334,222,AVAILABLE,2026-08-19 10:04:04
INV006624,PH0123,MED0449,118,AVAILABLE,2026-08-19 07:53:37
INV006625,PH0123,MED0459,264,AVAILABLE,2026-08-19 09:21:58
INV006626,PH0123,MED0030,50,AVAILABLE,2026-08-19 10:13:08
INV006627,PH0123,MED0006,186,AVAILABLE,2026-08-19 08:33:30
INV006628,PH0123,MED0371,391,AVAILABLE,2026-08-19 11:19:59
INV006629,PH0123,MED0411,333,AVAILABLE,2026-08-19 07:32:38
INV006630,PH0123,MED0478,238,AVAILABLE,2026-08-19 07:40:47
INV006631,PH0123,MED0056,179,AVAILABLE,2026-08-19 08:01:35
INV006632,PH0123,MED0063,234,AVAILABLE,2026-08-19 07:13:02
INV006633,PH0123,MED0095,191,AVAILABLE,2026-08-19 10:55:21
INV006634,PH0123,MED0286,1,LOW_STOCK,2026-08-19 10:18:45
INV006635,PH0123,MED0280,171,AVAILABLE,2026-08-19 11:15:17
INV006636,PH0123,MED0483,271,AVAILABLE,2026-08-19 07:59:18
INV006637,PH0123,MED0060,233,AVAILABLE,2026-08-19 11:21:03
INV006638,PH0123,MED0099,314,AVAILABLE,2026-08-19 07:25:33
INV006639,PH0123,MED0171,200,AVAILABLE,2026-08-19 07:02:18
INV006640,PH0123,MED0005,45,AVAILABLE,2026-08-19 09:39:12
INV006641,PH0123,MED0257,329,AVAILABLE,2026-08-19 11:55:01
INV006642,PH0123,MED0119,255,AVAILABLE,2026-08-19 11:53:54
INV006643,PH0123,MED0213,157,AVAILABLE,2026-08-19 11:32:02
INV006644,PH0123,MED0420,313,AVAILABLE,2026-08-19 08:24:20
INV006645,PH0123,MED0476,246,AVAILABLE,2026-08-19 08:35:30
INV006646,PH0123,MED0023,73,AVAILABLE,2026-08-19 08:40:40
INV006647,PH0123,MED0293,0,OUT_OF_STOCK,2026-08-19 12:03:02
INV006648,PH0123,MED0315,0,OUT_OF_STOCK,2026-08-19 11:57:08
INV006649,PH0123,MED0212,335,AVAILABLE,2026-08-19 09:43:23
INV006650,PH0123,MED0051,96,AVAILABLE,2026-08-19 11:20:49
INV006651,PH0123,MED0375,281,AVAILABLE,2026-08-19 10:55:49
INV006652,PH0123,MED0111,270,AVAILABLE,2026-08-19 08:59:53
INV006653,PH0123,MED0144,260,AVAILABLE,2026-08-19 09:31:49
INV006654,PH0123,MED0432,280,AVAILABLE,2026-08-19 06:48:23
INV006655,PH0123,MED0455,130,AVAILABLE,2026-08-19 09:30:46
INV006656,PH0123,MED0139,291,AVAILABLE,2026-08-19 07:47:58
INV006657,PH0123,MED0161,240,AVAILABLE,2026-08-19 06:16:01
INV006658,PH0123,MED0381,149,AVAILABLE,2026-08-19 06:43:15
INV006659,PH0123,MED0116,376,AVAILABLE,2026-08-19 10:50:18
INV006660,PH0123,MED0348,19,LOW_STOCK,2026-08-19 07:57:58
INV006661,PH0123,MED0412,186,AVAILABLE,2026-08-19 10:42:01
INV006662,PH0123,MED0399,12,LOW_STOCK,2026-08-19 12:08:55
INV006663,PH0123,MED0393,119,AVAILABLE,2026-08-19 07:07:56
INV006664,PH0123,MED0125,130,AVAILABLE,2026-08-19 09:56:11
INV006665,PH0123,MED0008,3,LOW_STOCK,2026-08-19 11:51:02
INV006666,PH0123,MED0112,248,AVAILABLE,2026-08-19 07:39:22
INV006667,PH0123,MED0190,53,AVAILABLE,2026-08-19 10:34:56
INV006668,PH0123,MED0430,293,AVAILABLE,2026-08-19 11:08:57
INV006669,PH0123,MED0256,227,AVAILABLE,2026-08-19 10:23:34
INV006670,PH0124,MED0448,4,LOW_STOCK,2026-08-18 15:06:57
INV006671,PH0124,MED0267,235,AVAILABLE,2026-08-18 14:12:27
INV006672,PH0124,MED0519,162,AVAILABLE,2026-08-18 14:56:22
INV006673,PH0124,MED0114,130,AVAILABLE,2026-08-18 14:59:46
INV006674,PH0124,MED0173,311,AVAILABLE,2026-08-18 16:30:37
INV006675,PH0124,MED0483,295,AVAILABLE,2026-08-18 18:26:43
INV006676,PH0124,MED0190,354,AVAILABLE,2026-08-18 13:58:55
INV006677,PH0124,MED0058,74,AVAILABLE,2026-08-18 15:53:03
INV006678,PH0124,MED0083,143,AVAILABLE,2026-08-18 16:40:22
INV006679,PH0124,MED0049,31,AVAILABLE,2026-08-18 18:48:08
INV006680,PH0124,MED0202,10,LOW_STOCK,2026-08-18 16:22:01
INV006681,PH0124,MED0179,326,AVAILABLE,2026-08-18 17:23:23
INV006682,PH0124,MED0409,18,LOW_STOCK,2026-08-18 18:34:14
INV006683,PH0124,MED0290,134,AVAILABLE,2026-08-18 15:15:46
INV006684,PH0124,MED0302,19,LOW_STOCK,2026-08-18 13:38:25
INV006685,PH0124,MED0248,3,LOW_STOCK,2026-08-18 15:13:36
INV006686,PH0124,MED0127,242,AVAILABLE,2026-08-18 14:13:21
INV006687,PH0124,MED0028,47,AVAILABLE,2026-08-18 18:50:01
INV006688,PH0124,MED0174,2,LOW_STOCK,2026-08-18 15:07:02
INV006689,PH0124,MED0141,287,AVAILABLE,2026-08-18 18:31:28
INV006690,PH0124,MED0413,0,OUT_OF_STOCK,2026-08-18 13:47:58
INV006691,PH0124,MED0499,347,AVAILABLE,2026-08-18 16:24:01
INV006692,PH0124,MED0437,69,AVAILABLE,2026-08-18 18:20:35
INV006693,PH0124,MED0329,370,AVAILABLE,2026-08-18 18:02:51
INV006694,PH0124,MED0069,103,AVAILABLE,2026-08-18 13:08:17
INV006695,PH0124,MED0372,260,AVAILABLE,2026-08-18 18:39:33
INV006696,PH0124,MED0490,0,OUT_OF_STOCK,2026-08-18 15:50:49
INV006697,PH0124,MED0077,9,LOW_STOCK,2026-08-18 12:58:00
INV006698,PH0124,MED0246,339,AVAILABLE,2026-08-18 15:04:30
INV006699,PH0124,MED0076,370,AVAILABLE,2026-08-18 15:25:25
INV006700,PH0124,MED0496,379,AVAILABLE,2026-08-18 16:03:19
INV006701,PH0124,MED0262,23,AVAILABLE,2026-08-18 18:45:33
INV006702,PH0124,MED0181,62,AVAILABLE,2026-08-18 16:46:02
INV006703,PH0124,MED0188,286,AVAILABLE,2026-08-18 13:46:16
INV006704,PH0124,MED0489,197,AVAILABLE,2026-08-18 15:25:24
INV006705,PH0124,MED0266,111,AVAILABLE,2026-08-18 14:19:16
INV006706,PH0124,MED0194,15,LOW_STOCK,2026-08-18 16:26:39
INV006707,PH0124,MED0079,71,AVAILABLE,2026-08-18 15:18:00
INV006708,PH0124,MED0158,17,LOW_STOCK,2026-08-18 13:22:01
INV006709,PH0124,MED0294,205,AVAILABLE,2026-08-18 18:30:30
INV006710,PH0124,MED0283,62,AVAILABLE,2026-08-18 18:54:00
INV006711,PH0124,MED0454,226,AVAILABLE,2026-08-18 17:33:57
INV006712,PH0124,MED0289,338,AVAILABLE,2026-08-18 13:56:59
INV006713,PH0124,MED0418,0,OUT_OF_STOCK,2026-08-18 14:26:55
INV006714,PH0125,MED0367,18,LOW_STOCK,2026-08-17 22:30:35
INV006715,PH0125,MED0400,367,AVAILABLE,2026-08-17 23:28:53
INV006716,PH0125,MED0365,140,AVAILABLE,2026-08-17 20:46:19
INV006717,PH0125,MED0114,399,AVAILABLE,2026-08-17 22:14:59
INV006718,PH0125,MED0145,162,AVAILABLE,2026-08-17 22:56:15
INV006719,PH0125,MED0258,0,OUT_OF_STOCK,2026-08-17 21:20:19
INV006720,PH0125,MED0226,81,AVAILABLE,2026-08-17 22:35:38
INV006721,PH0125,MED0502,9,LOW_STOCK,2026-08-17 19:48:07
INV006722,PH0125,MED0220,209,AVAILABLE,2026-08-17 19:15:12
INV006723,PH0125,MED0233,338,AVAILABLE,2026-08-17 21:12:00
INV006724,PH0125,MED0294,8,LOW_STOCK,2026-08-17 23:31:53
INV006725,PH0125,MED0174,1,LOW_STOCK,2026-08-17 21:26:55
INV006726,PH0125,MED0394,273,AVAILABLE,2026-08-17 23:01:15
INV006727,PH0125,MED0006,105,AVAILABLE,2026-08-17 19:34:45
INV006728,PH0125,MED0046,387,AVAILABLE,2026-08-17 23:09:07
INV006729,PH0125,MED0116,148,AVAILABLE,2026-08-17 20:16:55
INV006730,PH0125,MED0068,124,AVAILABLE,2026-08-17 21:03:37
INV006731,PH0125,MED0245,19,LOW_STOCK,2026-08-17 19:09:32
INV006732,PH0125,MED0442,243,AVAILABLE,2026-08-17 23:28:46
INV006733,PH0125,MED0115,121,AVAILABLE,2026-08-17 19:09:19
INV006734,PH0125,MED0291,26,AVAILABLE,2026-08-17 21:57:08
INV006735,PH0125,MED0113,373,AVAILABLE,2026-08-17 22:31:11
INV006736,PH0125,MED0150,287,AVAILABLE,2026-08-18 00:12:30
INV006737,PH0125,MED0289,6,LOW_STOCK,2026-08-17 20:47:44
INV006738,PH0125,MED0370,263,AVAILABLE,2026-08-17 19:19:35
INV006739,PH0125,MED0506,285,AVAILABLE,2026-08-17 22:11:59
INV006740,PH0125,MED0288,197,AVAILABLE,2026-08-17 21:20:41
INV006741,PH0125,MED0060,315,AVAILABLE,2026-08-17 23:20:18
INV006742,PH0125,MED0048,251,AVAILABLE,2026-08-18 00:20:03
INV006743,PH0125,MED0005,100,AVAILABLE,2026-08-17 20:41:38
INV006744,PH0125,MED0003,279,AVAILABLE,2026-08-17 18:45:49
INV006745,PH0125,MED0026,214,AVAILABLE,2026-08-18 00:21:26
INV006746,PH0125,MED0133,200,AVAILABLE,2026-08-17 21:14:35
INV006747,PH0125,MED0317,89,AVAILABLE,2026-08-17 21:57:56
INV006748,PH0125,MED0320,3,LOW_STOCK,2026-08-17 18:38:32
INV006749,PH0125,MED0221,0,OUT_OF_STOCK,2026-08-18 00:21:13
INV006750,PH0125,MED0189,121,AVAILABLE,2026-08-17 19:22:24
INV006751,PH0125,MED0430,250,AVAILABLE,2026-08-17 19:59:26
INV006752,PH0125,MED0360,0,OUT_OF_STOCK,2026-08-17 22:40:10
INV006753,PH0125,MED0486,166,AVAILABLE,2026-08-17 18:51:03
INV006754,PH0125,MED0493,192,AVAILABLE,2026-08-17 19:55:53
INV006755,PH0125,MED0138,298,AVAILABLE,2026-08-17 21:25:05
INV006756,PH0125,MED0103,128,AVAILABLE,2026-08-17 20:03:27
INV006757,PH0125,MED0016,245,AVAILABLE,2026-08-17 18:32:54
INV006758,PH0125,MED0127,261,AVAILABLE,2026-08-18 00:25:36
INV006759,PH0125,MED0482,373,AVAILABLE,2026-08-17 18:38:51
INV006760,PH0125,MED0027,279,AVAILABLE,2026-08-17 23:22:05
INV006761,PH0125,MED0136,3,LOW_STOCK,2026-08-17 19:41:08
INV006762,PH0125,MED0008,8,LOW_STOCK,2026-08-17 18:34:02
INV006763,PH0125,MED0241,0,OUT_OF_STOCK,2026-08-17 19:30:29
INV006764,PH0125,MED0271,206,AVAILABLE,2026-08-17 19:24:14
INV006765,PH0125,MED0146,13,LOW_STOCK,2026-08-17 22:51:18
INV006766,PH0126,MED0432,78,AVAILABLE,2026-08-18 17:41:58
INV006767,PH0126,MED0221,216,AVAILABLE,2026-08-18 17:43:21
INV006768,PH0126,MED0016,26,AVAILABLE,2026-08-18 15:24:03
INV006769,PH0126,MED0296,0,OUT_OF_STOCK,2026-08-18 16:58:01
INV006770,PH0126,MED0206,151,AVAILABLE,2026-08-18 14:35:28
INV006771,PH0126,MED0150,0,OUT_OF_STOCK,2026-08-18 15:15:22
INV006772,PH0126,MED0331,82,AVAILABLE,2026-08-18 17:23:33
INV006773,PH0126,MED0133,58,AVAILABLE,2026-08-18 15:17:48
INV006774,PH0126,MED0369,0,OUT_OF_STOCK,2026-08-18 13:09:21
INV006775,PH0126,MED0329,323,AVAILABLE,2026-08-18 13:51:58
INV006776,PH0126,MED0347,326,AVAILABLE,2026-08-18 17:04:22
INV006777,PH0126,MED0006,216,AVAILABLE,2026-08-18 14:42:09
INV006778,PH0126,MED0299,285,AVAILABLE,2026-08-18 14:19:41
INV006779,PH0126,MED0351,56,AVAILABLE,2026-08-18 16:21:50
INV006780,PH0126,MED0058,13,LOW_STOCK,2026-08-18 18:33:45
INV006781,PH0126,MED0241,12,LOW_STOCK,2026-08-18 14:26:39
INV006782,PH0126,MED0105,0,OUT_OF_STOCK,2026-08-18 18:18:26
INV006783,PH0126,MED0425,117,AVAILABLE,2026-08-18 14:50:49
INV006784,PH0126,MED0015,326,AVAILABLE,2026-08-18 16:39:09
INV006785,PH0126,MED0479,6,LOW_STOCK,2026-08-18 16:45:17
INV006786,PH0126,MED0517,317,AVAILABLE,2026-08-18 16:21:03
INV006787,PH0126,MED0202,91,AVAILABLE,2026-08-18 17:21:55
INV006788,PH0126,MED0486,290,AVAILABLE,2026-08-18 15:22:22
INV006789,PH0126,MED0040,20,AVAILABLE,2026-08-18 14:35:12
INV006790,PH0126,MED0259,17,LOW_STOCK,2026-08-18 13:02:05
INV006791,PH0126,MED0298,3,LOW_STOCK,2026-08-18 13:20:40
INV006792,PH0126,MED0048,70,AVAILABLE,2026-08-18 16:57:24
INV006793,PH0126,MED0482,124,AVAILABLE,2026-08-18 14:25:36
INV006794,PH0126,MED0485,231,AVAILABLE,2026-08-18 15:34:58
INV006795,PH0126,MED0423,190,AVAILABLE,2026-08-18 12:45:41
INV006796,PH0126,MED0255,166,AVAILABLE,2026-08-18 17:05:03
INV006797,PH0126,MED0503,0,OUT_OF_STOCK,2026-08-18 13:39:17
INV006798,PH0126,MED0413,77,AVAILABLE,2026-08-18 13:36:30
INV006799,PH0126,MED0315,385,AVAILABLE,2026-08-18 14:23:08
INV006800,PH0126,MED0438,7,LOW_STOCK,2026-08-18 13:28:00
INV006801,PH0126,MED0191,0,OUT_OF_STOCK,2026-08-18 12:59:39
INV006802,PH0126,MED0051,0,OUT_OF_STOCK,2026-08-18 13:07:02
INV006803,PH0126,MED0003,175,AVAILABLE,2026-08-18 17:15:11
INV006804,PH0126,MED0223,2,LOW_STOCK,2026-08-18 14:01:26
INV006805,PH0126,MED0171,16,LOW_STOCK,2026-08-18 16:40:26
INV006806,PH0126,MED0303,282,AVAILABLE,2026-08-18 14:21:18
INV006807,PH0126,MED0002,80,AVAILABLE,2026-08-18 15:19:08
INV006808,PH0126,MED0297,3,LOW_STOCK,2026-08-18 13:47:11
INV006809,PH0126,MED0194,15,LOW_STOCK,2026-08-18 17:39:14
INV006810,PH0126,MED0154,374,AVAILABLE,2026-08-18 13:18:23
INV006811,PH0126,MED0227,101,AVAILABLE,2026-08-18 12:51:49
INV006812,PH0126,MED0378,374,AVAILABLE,2026-08-18 16:00:22
INV006813,PH0126,MED0317,131,AVAILABLE,2026-08-18 18:18:26
INV006814,PH0126,MED0365,0,OUT_OF_STOCK,2026-08-18 18:13:04
INV006815,PH0126,MED0498,0,OUT_OF_STOCK,2026-08-18 14:08:37
INV006816,PH0126,MED0131,380,AVAILABLE,2026-08-18 17:11:01
INV006817,PH0126,MED0434,181,AVAILABLE,2026-08-18 15:29:43
INV006818,PH0126,MED0140,60,AVAILABLE,2026-08-18 15:27:08
INV006819,PH0126,MED0404,0,OUT_OF_STOCK,2026-08-18 16:09:49
INV006820,PH0126,MED0139,153,AVAILABLE,2026-08-18 17:57:09
INV006821,PH0126,MED0116,252,AVAILABLE,2026-08-18 17:38:45
INV006822,PH0126,MED0352,303,AVAILABLE,2026-08-18 13:19:18
INV006823,PH0126,MED0144,314,AVAILABLE,2026-08-18 16:35:09
INV006824,PH0127,MED0229,41,AVAILABLE,2026-08-18 06:45:20
INV006825,PH0127,MED0298,0,OUT_OF_STOCK,2026-08-18 03:15:19
INV006826,PH0127,MED0434,3,LOW_STOCK,2026-08-18 05:30:51
INV006827,PH0127,MED0038,0,OUT_OF_STOCK,2026-08-18 05:41:50
INV006828,PH0127,MED0020,0,OUT_OF_STOCK,2026-08-18 02:53:31
INV006829,PH0127,MED0232,0,OUT_OF_STOCK,2026-08-18 01:45:49
INV006830,PH0127,MED0083,306,AVAILABLE,2026-08-18 01:32:28
INV006831,PH0127,MED0066,325,AVAILABLE,2026-08-18 04:59:48
INV006832,PH0127,MED0234,161,AVAILABLE,2026-08-18 04:32:17
INV006833,PH0127,MED0501,380,AVAILABLE,2026-08-18 05:26:59
INV006834,PH0127,MED0024,258,AVAILABLE,2026-08-18 03:53:42
INV006835,PH0127,MED0198,0,OUT_OF_STOCK,2026-08-18 03:04:14
INV006836,PH0127,MED0377,44,AVAILABLE,2026-08-18 02:41:26
INV006837,PH0127,MED0380,302,AVAILABLE,2026-08-18 06:49:26
INV006838,PH0127,MED0074,12,LOW_STOCK,2026-08-18 05:29:42
INV006839,PH0127,MED0019,0,OUT_OF_STOCK,2026-08-18 06:11:42
INV006840,PH0127,MED0346,115,AVAILABLE,2026-08-18 04:20:23
INV006841,PH0127,MED0426,54,AVAILABLE,2026-08-18 06:39:11
INV006842,PH0127,MED0369,13,LOW_STOCK,2026-08-18 01:14:13
INV006843,PH0127,MED0278,38,AVAILABLE,2026-08-18 01:35:46
INV006844,PH0127,MED0359,58,AVAILABLE,2026-08-18 02:00:23
INV006845,PH0127,MED0284,0,OUT_OF_STOCK,2026-08-18 05:32:21
INV006846,PH0127,MED0240,322,AVAILABLE,2026-08-18 04:29:32
INV006847,PH0127,MED0081,320,AVAILABLE,2026-08-18 01:51:28
INV006848,PH0127,MED0216,0,OUT_OF_STOCK,2026-08-18 01:00:51
INV006849,PH0127,MED0080,67,AVAILABLE,2026-08-18 03:02:27
INV006850,PH0127,MED0365,310,AVAILABLE,2026-08-18 03:04:35
INV006851,PH0127,MED0411,192,AVAILABLE,2026-08-18 05:26:02
INV006852,PH0127,MED0435,0,OUT_OF_STOCK,2026-08-18 04:33:49
INV006853,PH0127,MED0141,284,AVAILABLE,2026-08-18 01:07:53
INV006854,PH0127,MED0129,162,AVAILABLE,2026-08-18 05:39:48
INV006855,PH0127,MED0292,17,LOW_STOCK,2026-08-18 06:45:02
INV006856,PH0127,MED0394,302,AVAILABLE,2026-08-18 05:04:35
INV006857,PH0127,MED0233,369,AVAILABLE,2026-08-18 04:36:14
INV006858,PH0127,MED0014,67,AVAILABLE,2026-08-18 02:35:13
INV006859,PH0127,MED0373,143,AVAILABLE,2026-08-18 02:58:36
INV006860,PH0127,MED0250,205,AVAILABLE,2026-08-18 06:50:04
INV006861,PH0127,MED0442,0,OUT_OF_STOCK,2026-08-18 03:24:07
INV006862,PH0127,MED0389,209,AVAILABLE,2026-08-18 01:39:49
INV006863,PH0127,MED0144,386,AVAILABLE,2026-08-18 02:48:50
INV006864,PH0127,MED0026,168,AVAILABLE,2026-08-18 04:32:10
INV006865,PH0127,MED0500,2,LOW_STOCK,2026-08-18 06:16:52
INV006866,PH0127,MED0004,350,AVAILABLE,2026-08-18 01:22:41
INV006867,PH0127,MED0428,129,AVAILABLE,2026-08-18 05:51:07
INV006868,PH0127,MED0196,198,AVAILABLE,2026-08-18 06:14:10
INV006869,PH0127,MED0029,329,AVAILABLE,2026-08-18 06:49:31
INV006870,PH0127,MED0027,4,LOW_STOCK,2026-08-18 01:45:26
INV006871,PH0127,MED0221,0,OUT_OF_STOCK,2026-08-18 01:03:10
INV006872,PH0127,MED0016,400,AVAILABLE,2026-08-18 03:23:49
INV006873,PH0127,MED0469,256,AVAILABLE,2026-08-18 04:01:41
INV006874,PH0127,MED0259,30,AVAILABLE,2026-08-18 05:11:01
INV006875,PH0127,MED0165,220,AVAILABLE,2026-08-18 02:58:55
INV006876,PH0128,MED0320,17,LOW_STOCK,2026-08-18 21:43:17
INV006877,PH0128,MED0441,120,AVAILABLE,2026-08-18 21:05:06
INV006878,PH0128,MED0285,197,AVAILABLE,2026-08-18 22:56:07
INV006879,PH0128,MED0029,345,AVAILABLE,2026-08-18 22:08:12
INV006880,PH0128,MED0161,275,AVAILABLE,2026-08-18 20:46:39
INV006881,PH0128,MED0081,92,AVAILABLE,2026-08-18 20:09:20
INV006882,PH0128,MED0116,304,AVAILABLE,2026-08-18 19:36:38
INV006883,PH0128,MED0290,35,AVAILABLE,2026-08-18 20:30:53
INV006884,PH0128,MED0028,364,AVAILABLE,2026-08-18 23:26:56
INV006885,PH0128,MED0403,212,AVAILABLE,2026-08-18 20:58:22
INV006886,PH0128,MED0238,169,AVAILABLE,2026-08-18 20:46:26
INV006887,PH0128,MED0158,16,LOW_STOCK,2026-08-19 00:47:43
INV006888,PH0128,MED0255,10,LOW_STOCK,2026-08-18 23:27:45
INV006889,PH0128,MED0366,171,AVAILABLE,2026-08-18 23:18:19
INV006890,PH0128,MED0037,27,AVAILABLE,2026-08-18 19:44:31
INV006891,PH0128,MED0456,0,OUT_OF_STOCK,2026-08-18 21:42:59
INV006892,PH0128,MED0213,238,AVAILABLE,2026-08-18 21:10:18
INV006893,PH0128,MED0122,260,AVAILABLE,2026-08-19 00:18:37
INV006894,PH0128,MED0406,150,AVAILABLE,2026-08-19 00:40:26
INV006895,PH0128,MED0186,91,AVAILABLE,2026-08-18 21:55:27
INV006896,PH0128,MED0172,342,AVAILABLE,2026-08-19 00:55:41
INV006897,PH0128,MED0289,332,AVAILABLE,2026-08-19 01:20:11
INV006898,PH0128,MED0045,0,OUT_OF_STOCK,2026-08-18 23:32:41
INV006899,PH0128,MED0188,79,AVAILABLE,2026-08-18 23:54:02
INV006900,PH0128,MED0312,172,AVAILABLE,2026-08-18 22:50:00
INV006901,PH0128,MED0418,121,AVAILABLE,2026-08-18 22:58:30
INV006902,PH0128,MED0002,77,AVAILABLE,2026-08-18 22:32:00
INV006903,PH0128,MED0128,26,AVAILABLE,2026-08-19 00:28:50
INV006904,PH0128,MED0281,191,AVAILABLE,2026-08-18 23:32:50
INV006905,PH0128,MED0455,3,LOW_STOCK,2026-08-19 00:21:21
INV006906,PH0128,MED0356,250,AVAILABLE,2026-08-18 22:57:27
INV006907,PH0128,MED0145,19,LOW_STOCK,2026-08-18 23:24:24
INV006908,PH0128,MED0141,271,AVAILABLE,2026-08-18 23:15:55
INV006909,PH0128,MED0253,69,AVAILABLE,2026-08-18 23:09:18
INV006910,PH0128,MED0512,0,OUT_OF_STOCK,2026-08-19 01:16:05
INV006911,PH0128,MED0517,157,AVAILABLE,2026-08-18 22:09:30
INV006912,PH0128,MED0114,248,AVAILABLE,2026-08-19 00:21:27
INV006913,PH0128,MED0474,332,AVAILABLE,2026-08-18 21:01:40
INV006914,PH0128,MED0353,72,AVAILABLE,2026-08-19 01:19:38
INV006915,PH0128,MED0057,18,LOW_STOCK,2026-08-19 00:30:12
INV006916,PH0128,MED0030,353,AVAILABLE,2026-08-18 21:31:10
INV006917,PH0128,MED0334,75,AVAILABLE,2026-08-19 00:39:56
INV006918,PH0128,MED0282,215,AVAILABLE,2026-08-18 23:46:33
INV006919,PH0128,MED0187,229,AVAILABLE,2026-08-18 20:27:53
INV006920,PH0128,MED0062,0,OUT_OF_STOCK,2026-08-18 22:42:14
INV006921,PH0128,MED0485,0,OUT_OF_STOCK,2026-08-18 23:29:59
INV006922,PH0128,MED0365,153,AVAILABLE,2026-08-18 19:57:18
INV006923,PH0128,MED0107,368,AVAILABLE,2026-08-19 01:01:07
INV006924,PH0128,MED0174,10,LOW_STOCK,2026-08-18 23:59:54
INV006925,PH0128,MED0417,19,LOW_STOCK,2026-08-18 22:05:47
INV006926,PH0128,MED0258,27,AVAILABLE,2026-08-18 20:12:05
INV006927,PH0128,MED0336,107,AVAILABLE,2026-08-18 22:23:50
INV006928,PH0129,MED0502,93,AVAILABLE,2026-06-22 19:06:49
INV006929,PH0129,MED0369,4,LOW_STOCK,2026-06-22 20:44:02
INV006930,PH0129,MED0323,11,LOW_STOCK,2026-06-22 18:08:18
INV006931,PH0129,MED0249,146,AVAILABLE,2026-06-22 21:07:31
INV006932,PH0129,MED0006,18,LOW_STOCK,2026-06-22 17:40:19
INV006933,PH0129,MED0186,308,AVAILABLE,2026-06-22 21:31:57
INV006934,PH0129,MED0061,82,AVAILABLE,2026-06-22 17:04:22
INV006935,PH0129,MED0347,290,AVAILABLE,2026-06-22 22:01:39
INV006936,PH0129,MED0033,291,AVAILABLE,2026-06-22 17:06:07
INV006937,PH0129,MED0460,2,LOW_STOCK,2026-06-22 17:08:17
INV006938,PH0129,MED0127,27,AVAILABLE,2026-06-22 16:24:53
INV006939,PH0129,MED0207,27,AVAILABLE,2026-06-22 17:50:08
INV006940,PH0129,MED0288,47,AVAILABLE,2026-06-22 20:52:38
INV006941,PH0129,MED0442,0,OUT_OF_STOCK,2026-06-22 21:36:42
INV006942,PH0129,MED0359,263,AVAILABLE,2026-06-22 19:27:21
INV006943,PH0129,MED0157,92,AVAILABLE,2026-06-22 18:03:47
INV006944,PH0129,MED0198,317,AVAILABLE,2026-06-22 17:02:56
INV006945,PH0129,MED0084,28,AVAILABLE,2026-06-22 20:16:08
INV006946,PH0129,MED0479,71,AVAILABLE,2026-06-22 18:46:03
INV006947,PH0129,MED0290,201,AVAILABLE,2026-06-22 16:22:11
INV006948,PH0129,MED0221,176,AVAILABLE,2026-06-22 20:08:57
INV006949,PH0129,MED0119,32,AVAILABLE,2026-06-22 17:08:29
INV006950,PH0129,MED0010,79,AVAILABLE,2026-06-22 16:54:06
INV006951,PH0129,MED0464,252,AVAILABLE,2026-06-22 17:26:54
INV006952,PH0129,MED0459,302,AVAILABLE,2026-06-22 18:22:42
INV006953,PH0129,MED0380,374,AVAILABLE,2026-06-22 16:41:05
INV006954,PH0129,MED0430,210,AVAILABLE,2026-06-22 19:45:37
INV006955,PH0129,MED0230,181,AVAILABLE,2026-06-22 18:38:33
INV006956,PH0129,MED0237,103,AVAILABLE,2026-06-22 18:51:36
INV006957,PH0129,MED0498,229,AVAILABLE,2026-06-22 20:52:47
INV006958,PH0129,MED0259,131,AVAILABLE,2026-06-22 21:14:06
INV006959,PH0129,MED0517,136,AVAILABLE,2026-06-22 19:18:19
INV006960,PH0129,MED0018,366,AVAILABLE,2026-06-22 17:04:08
INV006961,PH0129,MED0065,312,AVAILABLE,2026-06-22 18:14:19
INV006962,PH0129,MED0508,229,AVAILABLE,2026-06-22 19:48:23
INV006963,PH0129,MED0354,75,AVAILABLE,2026-06-22 16:41:45
INV006964,PH0129,MED0297,370,AVAILABLE,2026-06-22 20:50:16
INV006965,PH0129,MED0253,249,AVAILABLE,2026-06-22 19:51:23
INV006966,PH0129,MED0360,138,AVAILABLE,2026-06-22 21:20:15
INV006967,PH0129,MED0344,279,AVAILABLE,2026-06-22 19:34:32
INV006968,PH0129,MED0453,300,AVAILABLE,2026-06-22 21:43:27
INV006969,PH0129,MED0099,0,OUT_OF_STOCK,2026-06-22 16:38:37
INV006970,PH0129,MED0034,19,LOW_STOCK,2026-06-22 21:37:11
INV006971,PH0129,MED0334,101,AVAILABLE,2026-06-22 18:09:18
INV006972,PH0129,MED0466,141,AVAILABLE,2026-06-22 19:40:22
INV006973,PH0129,MED0411,148,AVAILABLE,2026-06-22 17:51:58
INV006974,PH0130,MED0038,147,AVAILABLE,2026-08-16 18:23:32
INV006975,PH0130,MED0252,58,AVAILABLE,2026-08-16 18:26:37
INV006976,PH0130,MED0258,167,AVAILABLE,2026-08-16 21:08:47
INV006977,PH0130,MED0261,365,AVAILABLE,2026-08-16 18:42:27
INV006978,PH0130,MED0157,243,AVAILABLE,2026-08-16 17:05:57
INV006979,PH0130,MED0406,83,AVAILABLE,2026-08-16 21:12:16
INV006980,PH0130,MED0108,0,OUT_OF_STOCK,2026-08-16 19:18:23
INV006981,PH0130,MED0320,0,OUT_OF_STOCK,2026-08-16 20:22:01
INV006982,PH0130,MED0042,266,AVAILABLE,2026-08-16 16:16:55
INV006983,PH0130,MED0319,395,AVAILABLE,2026-08-16 19:32:02
INV006984,PH0130,MED0016,185,AVAILABLE,2026-08-16 16:00:23
INV006985,PH0130,MED0517,233,AVAILABLE,2026-08-16 16:22:19
INV006986,PH0130,MED0405,119,AVAILABLE,2026-08-16 21:12:42
INV006987,PH0130,MED0331,222,AVAILABLE,2026-08-16 18:31:32
INV006988,PH0130,MED0061,110,AVAILABLE,2026-08-16 19:10:11
INV006989,PH0130,MED0008,346,AVAILABLE,2026-08-16 17:14:24
INV006990,PH0130,MED0103,351,AVAILABLE,2026-08-16 18:27:39
INV006991,PH0130,MED0463,134,AVAILABLE,2026-08-16 18:18:14
INV006992,PH0130,MED0333,172,AVAILABLE,2026-08-16 18:18:53
INV006993,PH0130,MED0226,279,AVAILABLE,2026-08-16 17:10:55
INV006994,PH0130,MED0490,0,OUT_OF_STOCK,2026-08-16 16:11:06
INV006995,PH0130,MED0170,291,AVAILABLE,2026-08-16 15:47:20
INV006996,PH0130,MED0125,9,LOW_STOCK,2026-08-16 16:12:52
INV006997,PH0130,MED0227,337,AVAILABLE,2026-08-16 21:22:13
INV006998,PH0130,MED0347,0,OUT_OF_STOCK,2026-08-16 19:53:27
INV006999,PH0130,MED0399,386,AVAILABLE,2026-08-16 20:29:22
INV007000,PH0130,MED0440,0,OUT_OF_STOCK,2026-08-16 21:12:11
INV007001,PH0130,MED0053,374,AVAILABLE,2026-08-16 19:19:54
INV007002,PH0130,MED0309,15,LOW_STOCK,2026-08-16 20:17:30
INV007003,PH0130,MED0083,3,LOW_STOCK,2026-08-16 20:01:31
INV007004,PH0130,MED0209,67,AVAILABLE,2026-08-16 18:29:57
INV007005,PH0130,MED0025,88,AVAILABLE,2026-08-16 17:01:05
INV007006,PH0130,MED0185,123,AVAILABLE,2026-08-16 18:28:34
INV007007,PH0130,MED0028,0,OUT_OF_STOCK,2026-08-16 21:33:23
INV007008,PH0130,MED0297,348,AVAILABLE,2026-08-16 18:26:56
INV007009,PH0130,MED0156,161,AVAILABLE,2026-08-16 18:11:26
INV007010,PH0130,MED0113,225,AVAILABLE,2026-08-16 19:52:46
INV007011,PH0130,MED0123,317,AVAILABLE,2026-08-16 20:29:14
INV007012,PH0130,MED0449,307,AVAILABLE,2026-08-16 17:27:15
INV007013,PH0130,MED0230,7,LOW_STOCK,2026-08-16 16:19:48
INV007014,PH0130,MED0183,5,LOW_STOCK,2026-08-16 16:16:07
INV007015,PH0130,MED0194,269,AVAILABLE,2026-08-16 16:44:16
