search_id,medicine_id,city,area,searched_at
SR000001,MED0409,Tripoli,Tajoura,2026-04-26 04:07:34
SR000002,MED0231,Tripoli,Fashloum,2026-05-28 13:47:20
SR000003,MED0150,Tripoli,Ain Zara,2026-06-20 21:34:13
SR000004,MED0124,Tripoli,Souq Al Juma'a,2026-07-15 11:23:52
SR000005,MED0049,Sabha,Tayouri,2026-07-13 08:58:06
SR000006,MED0019,Misrata,Zawiyat Al-Mahjoub,2026-05-19 13:21:11
SR000007,MED0021,Tripoli,Janzour,2026-08-04 11:50:15
SR000008,MED0480,Benghazi,Al-Sabri,2026-07-09 23:02:44
SR000009,MED0413,Tripoli,Tajoura,2026-04-21 03:06:51
SR000010,MED0114,Tripoli,Gargaresh,2026-06-29 12:23:56
SR000011,MED0346,Sabha,Tayouri,2026-07-10 09:03:22
SR000012,MED0117,Tripoli,Abu Salim,2026-04-04 16:26:52
SR000013,MED0388,Benghazi,Al-Fuwayhat,2026-08-19 01:47:14
SR000014,MED0289,Tripoli,Abu Salim,2026-06-27 04:33:26
SR000015,MED0221,Misrata,Qasr Ahmad,2026-07-28 22:18:35
SR000016,MED0200,Zawiya,Al-Mashtal,2026-07-21 06:12:11
SR000017,MED0096,Tripoli,Tajoura,2026-06-20 21:19:46
SR000018,MED0453,Tripoli,Gargaresh,2026-08-06 16:06:54
SR000019,MED0030,Tripoli,Tajoura,2026-04-03 22:13:53
SR000020,MED0386,Misrata,Al-Karareem,2026-08-16 19:09:03
SR000021,MED0479,Tripoli,Souq Al Juma'a,2026-06-05 17:31:08
SR000022,MED0353,Sabha,Al-Manshiya,2026-08-08 10:43:03
SR000023,MED0202,Tripoli,Tajoura,2026-07-23 04:56:39
SR000024,MED0434,Tripoli,Hay Al-Andalus,2026-03-29 08:13:48
SR000025,MED0384,Misrata,Al-Ghiran,2026-07-03 23:53:26
SR000026,MED0148,Zliten,Souq Al-Thulatha,2026-06-18 21:32:56
SR000027,MED0318,Tripoli,Ain Zara,2026-07-28 07:38:09
SR000028,MED0019,Sabha,Al-Manshiya,2026-05-26 03:30:06
SR000029,MED0027,Tripoli,Fashloum,2026-06-03 15:41:52
SR000030,MED0202,Tripoli,Janzour,2026-07-29 08:51:50
SR000031,MED0498,Tripoli,Fashloum,2026-07-26 04:45:24
SR000032,MED0484,Tripoli,Tajoura,2026-07-13 20:46:20
SR000033,MED0402,Tripoli,Hay Al-Andalus,2026-08-14 12:55:17
SR000034,MED0066,Tripoli,Ain Zara,2026-03-26 05:51:00
SR000035,MED0333,Tripoli,Janzour,2026-04-08 14:44:24
SR000036,MED0106,Tripoli,Tajoura,2026-06-23 08:47:54
SR000037,MED0332,Benghazi,Al-Berka,2026-06-10 23:26:34
SR000038,MED0016,Misrata,Al-Karareem,2026-03-22 02:10:15
SR000039,MED0477,Misrata,Al-Ghiran,2026-07-18 21:31:13
SR000040,MED0248,Tripoli,Janzour,2026-07-20 12:31:46
SR000041,MED0463,Tripoli,Janzour,2026-06-01 11:38:32
SR000042,MED0006,Benghazi,Al-Berka,2026-07-09 05:50:57
SR000043,MED0431,Zawiya,Al-Harsha,2026-07-28 12:36:57
SR000044,MED0100,Tripoli,Ain Zara,2026-06-27 04:47:02
SR000045,MED0268,Tripoli,Tajoura,2026-07-08 05:38:16
SR000046,MED0349,Tripoli,Janzour,2026-05-19 00:00:42
SR000047,MED0365,Sabha,Al-Dawwar,2026-07-05 04:05:39
SR000048,MED0146,Tripoli,Janzour,2026-07-08 20:49:44
SR000049,MED0347,Tripoli,Janzour,2026-07-03 09:32:48
SR000050,MED0207,Tripoli,Gargaresh,2026-07-11 06:44:43
SR000051,MED0328,Tripoli,Janzour,2026-07-03 20:58:37
SR000052,MED0469,Benghazi,Al-Fuwayhat,2026-05-26 21:14:09
SR000053,MED0452,Benghazi,Al-Hadaeq,2026-04-04 14:00:59
SR000054,MED0255,Benghazi,Al-Selmani,2026-06-24 08:27:32
SR000055,MED0070,Tripoli,Tajoura,2026-06-24 13:28:26
SR000056,MED0404,Benghazi,Al-Berka,2026-06-26 04:00:12
SR000057,MED0270,Tripoli,Hay Al-Andalus,2026-06-11 08:54:06
SR000058,MED0188,Tripoli,Fashloum,2026-06-25 10:48:28
SR000059,MED0105,Zawiya,Al-Harsha,2026-06-17 05:06:16
SR000060,MED0190,Tripoli,Janzour,2026-07-30 14:03:23
SR000061,MED0148,Tripoli,Fashloum,2026-07-09 18:24:24
SR000062,MED0452,Misrata,Al-Karareem,2026-07-02 19:59:23
SR000063,MED0152,Tripoli,Fashloum,2026-06-29 14:27:23
SR000064,MED0245,Misrata,Zawiyat Al-Mahjoub,2026-07-06 22:03:56
SR000065,MED0348,Zawiya,Al-Mashtal,2026-05-18 20:51:16
SR000066,MED0039,Tripoli,Fashloum,2026-06-21 23:05:48
SR000067,MED0176,Benghazi,Al-Berka,2026-07-27 08:15:52
SR000068,MED0156,Tripoli,Hay Al-Andalus,2026-07-17 19:27:26
SR000069,MED0058,Tripoli,Tajoura,2026-07-03 18:03:54
SR000070,MED0421,Tripoli,Souq Al Juma'a,2026-04-22 14:26:29
SR000071,MED0185,Tripoli,Gargaresh,2026-08-13 02:38:31
SR000072,MED0246,Benghazi,Al-Fuwayhat,2026-07-07 20:22:13
SR000073,MED0349,Tripoli,Ain Zara,2026-06-26 11:47:49
SR000074,MED0092,Benghazi,Al-Fuwayhat,2026-03-12 16:06:35
SR000075,MED0173,Tripoli,Abu Salim,2026-06-15 22:42:04
SR000076,MED0418,Tripoli,Gargaresh,2026-04-19 06:35:37
SR000077,MED0468,Tripoli,Janzour,2026-07-27 04:41:18
SR000078,MED0411,Tripoli,Abu Salim,2026-08-06 12:26:36
SR000079,MED0297,Misrata,Qasr Ahmad,2026-08-19 05:35:56
SR000080,MED0368,Tripoli,Gargaresh,2026-07-11 04:16:06
SR000081,MED0491,Misrata,Qasr Ahmad,2026-08-02 23:12:42
SR000082,MED0183,Benghazi,Al-Hadaeq,2026-06-09 16:30:46
SR000083,MED0001,Tripoli,Gargaresh,2026-07-24 12:18:16
SR000084,MED0185,Tripoli,Gargaresh,2026-06-24 21:00:35
SR000085,MED0516,Misrata,Qasr Ahmad,2026-07-14 10:39:21
SR000086,MED0320,Tripoli,Gargaresh,2026-08-14 02:38:43
SR000087,MED0106,Benghazi,Al-Selmani,2026-04-29 13:29:00
SR000088,MED0290,Benghazi,Al-Hadaeq,2026-08-13 18:21:23
SR000089,MED0049,Benghazi,Al-Berka,2026-05-21 03:38:10
SR000090,MED0258,Tripoli,Ain Zara,2026-05-12 06:33:50
SR000091,MED0421,Tripoli,Fashloum,2026-08-07 16:56:55
SR000092,MED0365,Benghazi,Al-Hadaeq,2026-05-18 01:18:40
SR000093,MED0323,Tripoli,Abu Salim,2026-07-20 03:16:13
SR000094,MED0117,Tripoli,Tajoura,2026-07-27 10:39:59
SR000095,MED0469,Tripoli,Janzour,2026-07-08 20:55:07
SR000096,MED0252,Zawiya,Bir Al-Ghanam,2026-06-25 01:48:37
SR000097,MED0119,Zawiya,Al-Harsha,2026-07-03 18:21:12
SR000098,MED0025,Misrata,Al-Karareem,2026-02-26 20:18:50
SR000099,MED0043,Benghazi,Al-Selmani,2026-05-16 12:27:57
SR000100,MED0402,Tripoli,Hay Al-Andalus,2026-04-21 23:28:29
SR000101,MED0323,Tripoli,Janzour,2026-06-17 19:28:08
SR000102,MED0316,Benghazi,Al-Hadaeq,2026-06-27 05:28:22
SR000103,MED0048,Tripoli,Abu Salim,2026-06-16 14:21:00
SR000104,MED0325,Tripoli,Tajoura,2026-06-18 22:49:29
SR000105,MED0020,Misrata,Al-Ghiran,2026-07-22 06:51:22
SR000106,MED0119,Benghazi,Al-Hadaeq,2026-06-24 08:29:48
SR000107,MED0199,Tripoli,Tajoura,2026-07-29 18:56:08
SR000108,MED0414,Benghazi,Al-Berka,2026-06-04 01:20:16
SR000109,MED0401,Tripoli,Tajoura,2026-07-29 14:37:12
SR000110,MED0072,Misrata,Al-Ghiran,2026-06-08 02:57:08
SR000111,MED0157,Tripoli,Hay Al-Andalus,2026-05-31 14:40:03
SR000112,MED0214,Misrata,Al-Karareem,2026-07-10 15:06:17
SR000113,MED0394,Zliten,Souq Al-Thulatha,2026-05-08 09:52:45
SR000114,MED0335,Benghazi,Al-Berka,2026-05-28 09:22:13
SR000115,MED0445,Tripoli,Souq Al Juma'a,2026-04-21 02:43:05
SR000116,MED0179,Tripoli,Ain Zara,2026-08-13 12:00:42
SR000117,MED0449,Sabha,Tayouri,2026-07-19 22:49:31
SR000118,MED0309,Sabha,Al-Dawwar,2026-08-17 05:36:13
SR000119,MED0212,Tripoli,Abu Salim,2026-05-08 16:52:00
SR000120,MED0453,Benghazi,Al-Hadaeq,2026-06-02 02:55:17
SR000121,MED0292,Tripoli,Gargaresh,2026-07-03 16:01:31
SR000122,MED0288,Benghazi,Al-Sabri,2026-08-14 10:10:09
SR000123,MED0030,Tripoli,Souq Al Juma'a,2026-06-07 09:25:09
SR000124,MED0497,Tripoli,Fashloum,2026-04-16 01:37:32
SR000125,MED0405,Tripoli,Abu Salim,2026-08-16 05:44:10
SR000126,MED0021,Benghazi,Al-Fuwayhat,2026-07-03 08:35:54
SR000127,MED0284,Misrata,Zawiyat Al-Mahjoub,2026-05-06 10:12:29
SR000128,MED0006,Benghazi,Al-Berka,2026-03-31 13:17:53
SR000129,MED0087,Benghazi,Al-Hadaeq,2026-02-22 04:03:53
SR000130,MED0136,Tripoli,Ain Zara,2026-07-24 07:17:17
SR000131,MED0490,Tripoli,Hay Al-Andalus,2026-05-27 21:18:34
SR000132,MED0409,Tripoli,Souq Al Juma'a,2026-07-29 14:13:52
SR000133,MED0173,Tripoli,Ain Zara,2026-05-21 15:17:37
SR000134,MED0286,Tripoli,Janzour,2026-07-27 09:29:57
SR000135,MED0196,Misrata,Al-Ghiran,2026-03-07 21:47:54
SR000136,MED0385,Misrata,Qasr Ahmad,2026-05-24 16:26:35
SR000137,MED0360,Tripoli,Ain Zara,2026-07-25 00:46:51
SR000138,MED0037,Tripoli,Souq Al Juma'a,2026-08-09 11:04:20
SR000139,MED0309,Tripoli,Gargaresh,2026-08-08 01:04:38
SR000140,MED0517,Tripoli,Tajoura,2026-06-07 09:11:09
SR000141,MED0259,Misrata,Zawiyat Al-Mahjoub,2026-05-31 05:42:11
SR000142,MED0329,Sabha,Tayouri,2026-05-19 03:19:13
SR000143,MED0448,Tripoli,Hay Al-Andalus,2026-06-03 16:57:12
SR000144,MED0127,Tripoli,Souq Al Juma'a,2026-08-04 04:06:33
SR000145,MED0414,Tripoli,Gargaresh,2026-07-15 19:17:44
SR000146,MED0207,Tripoli,Janzour,2026-07-19 20:14:43
SR000147,MED0272,Benghazi,Al-Fuwayhat,2026-07-12 05:10:40
SR000148,MED0346,Tripoli,Janzour,2026-08-12 22:30:20
SR000149,MED0112,Misrata,Al-Karareem,2026-06-12 21:17:49
SR000150,MED0173,Tripoli,Ain Zara,2026-07-22 15:16:23
SR000151,MED0044,Tripoli,Ain Zara,2026-07-01 22:24:46
SR000152,MED0033,Misrata,Zawiyat Al-Mahjoub,2026-07-26 01:52:46
SR000153,MED0074,Tripoli,Souq Al Juma'a,2026-08-19 21:17:26
SR000154,MED0163,Benghazi,Al-Sabri,2026-08-14 10:27:38
SR000155,MED0381,Benghazi,Al-Selmani,2026-06-19 01:26:41
SR000156,MED0515,Tripoli,Gargaresh,2026-07-29 06:47:56
SR000157,MED0382,Tripoli,Abu Salim,2026-08-10 08:36:57
SR000158,MED0303,Tripoli,Tajoura,2026-06-23 22:55:13
SR000159,MED0180,Tripoli,Hay Al-Andalus,2026-06-05 20:01:49
SR000160,MED0085,Misrata,Zawiyat Al-Mahjoub,2026-07-11 20:44:59
SR000161,MED0026,Tripoli,Gargaresh,2026-06-04 16:46:55
SR000162,MED0200,Benghazi,Al-Hadaeq,2026-05-19 01:45:46
SR000163,MED0176,Misrata,Zawiyat Al-Mahjoub,2026-07-24 21:46:06
SR000164,MED0221,Tripoli,Janzour,2026-06-15 19:25:12
SR000165,MED0120,Misrata,Zawiyat Al-Mahjoub,2026-06-26 01:51:27
SR000166,MED0397,Benghazi,Al-Berka,2026-07-24 17:16:11
SR000167,MED0221,Tripoli,Fashloum,2026-05-18 07:36:15
SR000168,MED0405,Misrata,Zawiyat Al-Mahjoub,2026-07-29 10:47:43
SR000169,MED0315,Tripoli,Hay Al-Andalus,2026-06-28 08:52:06
SR000170,MED0427,Tripoli,Tajoura,2026-06-18 08:56:35
SR000171,MED0255,Tripoli,Tajoura,2026-01-30 17:08:45
SR000172,MED0176,Zawiya,Al-Mashtal,2026-07-17 11:42:34
SR000173,MED0356,Tripoli,Gargaresh,2026-07-30 20:19:33
SR000174,MED0005,Tripoli,Fashloum,2026-07-27 01:14:31
SR000175,MED0047,Benghazi,Al-Berka,2026-07-10 07:29:13
SR000176,MED0355,Tripoli,Gargaresh,2026-07-03 10:56:12
SR000177,MED0194,Tripoli,Tajoura,2026-05-03 03:24:44
SR000178,MED0316,Benghazi,Al-Hadaeq,2026-08-17 08:18:05
SR000179,MED0042,Zliten,Souq Al-Thulatha,2026-07-25 21:37:54
SR000180,MED0423,Benghazi,Al-Fuwayhat,2026-06-27 22:06:23
SR000181,MED0281,Tripoli,Souq Al Juma'a,2026-05-01 04:15:25
SR000182,MED0104,Zliten,Souq Al-Thulatha,2026-07-27 13:03:07
SR000183,MED0007,Tripoli,Hay Al-Andalus,2026-06-22 12:49:09
SR000184,MED0068,Tripoli,Fashloum,2026-03-21 08:44:52
SR000185,MED0293,Misrata,Qasr Ahmad,2026-07-26 06:50:48
SR000186,MED0518,Tripoli,Ain Zara,2026-06-16 06:47:28
SR000187,MED0333,Tripoli,Hay Al-Andalus,2026-08-07 23:36:16
SR000188,MED0041,Tripoli,Hay Al-Andalus,2026-04-11 10:30:30
SR000189,MED0238,Tripoli,Souq Al Juma'a,2026-07-25 10:24:04
SR000190,MED0030,Tripoli,Gargaresh,2026-05-17 09:28:41
SR000191,MED0188,Benghazi,Al-Fuwayhat,2026-04-28 12:14:27
SR000192,MED0161,Zawiya,Bir Al-Ghanam,2026-05-22 20:21:07
SR000193,MED0064,Tripoli,Abu Salim,2026-05-14 05:04:21
SR000194,MED0499,Tripoli,Fashloum,2026-08-17 03:52:36
SR000195,MED0182,Tripoli,Hay Al-Andalus,2026-06-08 16:38:43
SR000196,MED0146,Zawiya,Bir Al-Ghanam,2026-06-02 10:58:26
SR000197,MED0094,Tripoli,Janzour,2026-05-04 15:29:17
SR000198,MED0016,Misrata,Qasr Ahmad,2026-07-03 20:37:35
SR000199,MED0067,Tripoli,Tajoura,2026-05-17 11:28:40
SR000200,MED0207,Benghazi,Al-Sabri,2026-06-13 05:43:52
SR000201,MED0357,Zliten,Souq Al-Thulatha,2026-08-03 08:35:33
SR000202,MED0131,Benghazi,Al-Berka,2026-06-03 07:20:15
SR000203,MED0116,Tripoli,Hay Al-Andalus,2026-04-11 01:00:45
SR000204,MED0282,Sabha,Al-Dawwar,2026-08-06 22:59:22
SR000205,MED0382,Tripoli,Souq Al Juma'a,2026-08-08 10:57:28
SR000206,MED0421,Tripoli,Abu Salim,2026-08-18 23:06:11
SR000207,MED0349,Tripoli,Ain Zara,2026-06-23 09:15:43
SR000208,MED0106,Benghazi,Al-Fuwayhat,2026-06-07 22:21:34
SR000209,MED0158,Tripoli,Souq Al Juma'a,2026-08-18 01:31:27
SR000210,MED0381,Tripoli,Ain Zara,2026-07-01 08:09:42
SR000211,MED0016,Tripoli,Souq Al Juma'a,2026-06-16 12:53:05
SR000212,MED0226,Benghazi,Al-Berka,2026-03-01 03:58:41
SR000213,MED0134,Tripoli,Hay Al-Andalus,2026-05-23 23:18:05
SR000214,MED0303,Tripoli,Hay Al-Andalus,2026-06-22 23:33:24
SR000215,MED0398,Tripoli,Ain Zara,2026-07-22 20:39:15
SR000216,MED0459,Tripoli,Tajoura,2026-05-21 15:26:32
SR000217,MED0333,Zawiya,Al-Harsha,2026-07-13 21:54:30
SR000218,MED0096,Tripoli,Gargaresh,2026-07-11 01:19:11
SR000219,MED0035,Tripoli,Tajoura,2026-07-12 17:03:08
SR000220,MED0272,Benghazi,Al-Fuwayhat,2026-07-15 23:27:02
SR000221,MED0049,Tripoli,Abu Salim,2026-08-18 20:42:06
SR000222,MED0394,Tripoli,Tajoura,2026-08-11 02:46:30
SR000223,MED0025,Benghazi,Al-Berka,2026-06-29 03:03:58
SR000224,MED0376,Benghazi,Al-Fuwayhat,2026-06-21 16:03:04
SR000225,MED0156,Benghazi,Al-Fuwayhat,2026-06-10 23:21:35
SR000226,MED0178,Tripoli,Hay Al-Andalus,2026-08-13 06:47:02
SR000227,MED0451,Tripoli,Ain Zara,2026-07-16 02:33:50
SR000228,MED0176,Misrata,Zawiyat Al-Mahjoub,2026-07-26 07:38:57
SR000229,MED0046,Misrata,Al-Ghiran,2026-07-23 02:17:40
SR000230,MED0248,Benghazi,Al-Berka,2026-05-01 10:58:21
SR000231,MED0071,Zawiya,Al-Mashtal,2026-06-22 21:05:01
SR000232,MED0108,Misrata,Qasr Ahmad,2026-08-09 05:39:43
SR000233,MED0301,Tripoli,Tajoura,2026-03-18 02:46:30
SR000234,MED0309,Misrata,Zawiyat Al-Mahjoub,2026-08-09 01:17:35
SR000235,MED0053,Tripoli,Abu Salim,2026-07-13 05:55:09
SR000236,MED0076,Tripoli,Tajoura,2026-03-27 22:27:08
SR000237,MED0236,Benghazi,Al-Sabri,2026-08-02 03:55:55
SR000238,MED0045,Tripoli,Janzour,2026-07-27 21:26:41
SR000239,MED0157,Tripoli,Fashloum,2026-08-18 14:43:35
SR000240,MED0422,Tripoli,Ain Zara,2026-06-24 02:44:18
SR000241,MED0046,Misrata,Al-Ghiran,2026-08-15 05:32:43
SR000242,MED0252,Benghazi,Al-Hadaeq,2026-07-17 14:29:40
SR000243,MED0434,Tripoli,Tajoura,2026-07-12 13:08:15
SR000244,MED0176,Benghazi,Al-Selmani,2026-06-18 16:45:58
SR000245,MED0245,Tripoli,Hay Al-Andalus,2026-05-06 00:00:34
SR000246,MED0316,Misrata,Zawiyat Al-Mahjoub,2026-04-05 08:29:49
SR000247,MED0493,Tripoli,Ain Zara,2026-08-03 06:12:20
SR000248,MED0150,Tripoli,Tajoura,2026-06-15 08:53:48
SR000249,MED0369,Tripoli,Souq Al Juma'a,2026-07-30 08:37:58
SR000250,MED0520,Tripoli,Gargaresh,2026-07-04 04:41:49
SR000251,MED0209,Zawiya,Bir Al-Ghanam,2026-07-23 16:21:55
SR000252,MED0258,Benghazi,Al-Hadaeq,2026-06-22 03:18:06
SR000253,MED0267,Zawiya,Bir Al-Ghanam,2026-04-09 16:38:52
SR000254,MED0336,Benghazi,Al-Sabri,2026-04-30 04:01:56
SR000255,MED0196,Benghazi,Al-Sabri,2026-07-20 01:35:46
SR000256,MED0019,Tripoli,Ain Zara,2026-06-15 10:03:48
SR000257,MED0058,Tripoli,Fashloum,2026-07-03 03:49:05
SR000258,MED0328,Tripoli,Hay Al-Andalus,2026-05-25 22:08:14
SR000259,MED0499,Tripoli,Ain Zara,2026-08-11 15:28:57
SR000260,MED0329,Benghazi,Al-Hadaeq,2026-06-12 06:50:43
SR000261,MED0332,Benghazi,Al-Sabri,2026-08-15 18:42:52
SR000262,MED0195,Tripoli,Tajoura,2026-08-08 21:19:27
SR000263,MED0195,Tripoli,Gargaresh,2026-06-29 12:28:25
SR000264,MED0150,Sabha,Tayouri,2026-04-03 07:03:49
SR000265,MED0423,Tripoli,Souq Al Juma'a,2026-05-22 08:27:02
SR000266,MED0105,Benghazi,Al-Selmani,2026-04-16 06:22:25
SR000267,MED0054,Tripoli,Gargaresh,2026-06-23 08:40:56
SR000268,MED0270,Tripoli,Gargaresh,2026-07-30 10:52:55
SR000269,MED0323,Misrata,Qasr Ahmad,2026-07-13 09:02:25
SR000270,MED0019,Tripoli,Gargaresh,2026-07-13 13:43:46
SR000271,MED0134,Tripoli,Abu Salim,2026-07-03 18:34:48
SR000272,MED0167,Zawiya,Al-Mashtal,2026-02-18 01:32:01
SR000273,MED0467,Tripoli,Souq Al Juma'a,2026-08-03 06:26:34
SR000274,MED0171,Tripoli,Souq Al Juma'a,2026-07-17 18:56:33
SR000275,MED0108,Benghazi,Al-Hadaeq,2026-05-28 04:04:13
SR000276,MED0399,Tripoli,Gargaresh,2026-05-20 04:27:25
SR000277,MED0250,Zawiya,Al-Mashtal,2026-05-28 01:22:38
SR000278,MED0348,Tripoli,Ain Zara,2026-05-21 21:20:51
SR000279,MED0049,Benghazi,Al-Fuwayhat,2026-05-09 20:09:56
SR000280,MED0244,Benghazi,Al-Selmani,2026-06-13 05:23:36
SR000281,MED0413,Tripoli,Hay Al-Andalus,2026-01-15 09:30:44
SR000282,MED0198,Misrata,Qasr Ahmad,2026-03-08 05:11:50
SR000283,MED0448,Tripoli,Souq Al Juma'a,2026-08-06 09:35:47
SR000284,MED0261,Zawiya,Al-Harsha,2026-07-12 11:09:43
SR000285,MED0412,Tripoli,Fashloum,2026-04-15 09:15:42
SR000286,MED0011,Benghazi,Al-Fuwayhat,2026-05-09 13:27:07
SR000287,MED0370,Zawiya,Al-Harsha,2026-07-12 21:41:18
SR000288,MED0289,Benghazi,Al-Berka,2026-06-25 07:02:49
SR000289,MED0152,Tripoli,Hay Al-Andalus,2026-06-23 20:22:09
SR000290,MED0314,Tripoli,Ain Zara,2026-08-01 03:28:49
SR000291,MED0195,Tripoli,Souq Al Juma'a,2026-07-22 17:46:36
SR000292,MED0333,Misrata,Qasr Ahmad,2026-04-26 23:25:34
SR000293,MED0080,Benghazi,Al-Hadaeq,2026-05-23 11:49:27
SR000294,MED0001,Tripoli,Gargaresh,2026-04-27 01:44:02
SR000295,MED0313,Benghazi,Al-Fuwayhat,2026-06-13 16:28:31
SR000296,MED0295,Benghazi,Al-Selmani,2026-08-15 16:38:54
SR000297,MED0500,Tripoli,Tajoura,2026-08-11 09:21:45
SR000298,MED0347,Misrata,Al-Karareem,2026-06-06 00:32:32
SR000299,MED0404,Tripoli,Fashloum,2026-08-08 13:45:33
SR000300,MED0115,Tripoli,Tajoura,2026-07-14 15:18:50
SR000301,MED0433,Misrata,Al-Ghiran,2026-07-17 07:37:56
SR000302,MED0213,Benghazi,Al-Fuwayhat,2026-08-16 17:42:07
SR000303,MED0140,Misrata,Qasr Ahmad,2026-08-07 08:33:41
SR000304,MED0128,Zawiya,Al-Mashtal,2026-07-11 05:17:19
SR000305,MED0131,Tripoli,Hay Al-Andalus,2026-06-22 21:46:56
SR000306,MED0248,Tripoli,Tajoura,2026-04-23 12:11:11
SR000307,MED0233,Tripoli,Gargaresh,2026-04-09 10:32:52
SR000308,MED0350,Tripoli,Hay Al-Andalus,2026-04-18 09:40:58
SR000309,MED0457,Tripoli,Ain Zara,2026-05-24 09:27:24
SR000310,MED0063,Tripoli,Fashloum,2026-07-27 17:59:39
SR000311,MED0175,Tripoli,Ain Zara,2026-08-14 23:54:59
SR000312,MED0005,Zawiya,Al-Mashtal,2026-07-15 00:45:19
SR000313,MED0464,Tripoli,Ain Zara,2026-06-20 19:27:59
SR000314,MED0334,Tripoli,Souq Al Juma'a,2026-05-31 03:54:15
SR000315,MED0157,Tripoli,Ain Zara,2026-08-05 19:29:24
SR000316,MED0121,Benghazi,Al-Selmani,2026-06-28 03:58:19
SR000317,MED0499,Tripoli,Ain Zara,2026-08-16 00:34:29
SR000318,MED0289,Tripoli,Tajoura,2026-05-16 16:30:48
SR000319,MED0401,Tripoli,Gargaresh,2026-07-07 15:02:33
SR000320,MED0413,Misrata,Al-Ghiran,2026-07-17 22:54:34
SR000321,MED0482,Sabha,Al-Dawwar,2026-04-22 16:31:53
SR000322,MED0114,Tripoli,Souq Al Juma'a,2026-06-09 09:32:19
SR000323,MED0441,Tripoli,Gargaresh,2026-08-16 02:45:20
SR000324,MED0161,Misrata,Al-Ghiran,2026-08-15 00:47:30
SR000325,MED0203,Benghazi,Al-Hadaeq,2026-07-26 06:23:05
SR000326,MED0045,Tripoli,Abu Salim,2026-07-12 22:01:42
SR000327,MED0365,Tripoli,Gargaresh,2026-07-10 02:25:35
SR000328,MED0016,Tripoli,Tajoura,2026-06-17 05:01:16
SR000329,MED0105,Misrata,Qasr Ahmad,2026-07-05 20:10:15
SR000330,MED0020,Zliten,Souq Al-Thulatha,2026-04-28 09:27:27
SR000331,MED0057,Benghazi,Al-Selmani,2026-06-10 12:01:56
SR000332,MED0075,Tripoli,Janzour,2026-07-16 20:49:45
SR000333,MED0466,Benghazi,Al-Fuwayhat,2026-05-20 15:53:34
SR000334,MED0360,Benghazi,Al-Fuwayhat,2026-08-11 00:45:32
SR000335,MED0409,Sabha,Al-Manshiya,2026-07-28 19:51:21
SR000336,MED0454,Tripoli,Gargaresh,2026-04-05 11:56:10
SR000337,MED0481,Benghazi,Al-Fuwayhat,2026-06-03 09:08:15
SR000338,MED0032,Zawiya,Bir Al-Ghanam,2026-04-20 01:27:26
SR000339,MED0251,Tripoli,Hay Al-Andalus,2026-06-02 15:25:55
SR000340,MED0408,Benghazi,Al-Sabri,2026-07-19 15:48:56
SR000341,MED0502,Tripoli,Gargaresh,2026-05-03 08:01:19
SR000342,MED0397,Tripoli,Hay Al-Andalus,2026-03-19 21:02:58
SR000343,MED0132,Zawiya,Al-Harsha,2026-06-23 14:26:38
SR000344,MED0428,Tripoli,Gargaresh,2026-07-18 14:55:42
SR000345,MED0353,Tripoli,Tajoura,2026-07-01 18:16:58
SR000346,MED0365,Tripoli,Gargaresh,2026-08-07 14:50:01
SR000347,MED0160,Zawiya,Al-Mashtal,2026-03-13 03:51:53
SR000348,MED0427,Tripoli,Tajoura,2026-06-07 03:18:46
SR000349,MED0124,Tripoli,Souq Al Juma'a,2026-07-09 22:14:19
SR000350,MED0019,Tripoli,Janzour,2026-07-25 20:36:45
SR000351,MED0310,Tripoli,Janzour,2026-07-12 03:19:09
SR000352,MED0275,Tripoli,Souq Al Juma'a,2026-07-02 14:53:17
SR000353,MED0454,Tripoli,Ain Zara,2026-07-20 06:55:28
SR000354,MED0050,Tripoli,Souq Al Juma'a,2026-06-28 19:01:17
SR000355,MED0028,Tripoli,Ain Zara,2026-08-05 13:15:30
SR000356,MED0416,Tripoli,Abu Salim,2026-06-22 10:50:12
SR000357,MED0138,Tripoli,Abu Salim,2026-07-19 07:22:19
SR000358,MED0365,Tripoli,Souq Al Juma'a,2026-03-09 13:48:53
SR000359,MED0226,Tripoli,Hay Al-Andalus,2026-08-06 03:36:08
SR000360,MED0376,Tripoli,Fashloum,2026-05-11 03:58:26
SR000361,MED0127,Tripoli,Abu Salim,2026-04-14 01:21:17
SR000362,MED0470,Tripoli,Ain Zara,2026-07-30 16:27:04
SR000363,MED0292,Zawiya,Al-Harsha,2026-08-06 09:26:42
SR000364,MED0304,Tripoli,Souq Al Juma'a,2026-05-13 01:01:40
SR000365,MED0014,Tripoli,Hay Al-Andalus,2026-07-02 14:47:05
SR000366,MED0297,Misrata,Qasr Ahmad,2026-06-18 14:08:41
SR000367,MED0250,Tripoli,Fashloum,2026-06-20 23:36:04
SR000368,MED0027,Tripoli,Abu Salim,2026-06-11 22:59:31
SR000369,MED0207,Misrata,Qasr Ahmad,2026-05-13 07:51:13
SR000370,MED0360,Tripoli,Ain Zara,2026-07-18 13:35:20
SR000371,MED0123,Misrata,Qasr Ahmad,2026-08-12 17:12:45
SR000372,MED0512,Tripoli,Souq Al Juma'a,2026-06-01 16:35:16
SR000373,MED0130,Benghazi,Al-Selmani,2026-07-03 00:18:02
SR000374,MED0157,Tripoli,Tajoura,2026-04-28 07:37:59
SR000375,MED0347,Benghazi,Al-Hadaeq,2026-07-12 14:45:25
SR000376,MED0113,Tripoli,Hay Al-Andalus,2026-07-02 02:34:08
SR000377,MED0520,Benghazi,Al-Fuwayhat,2026-06-08 22:54:34
SR000378,MED0030,Tripoli,Ain Zara,2026-07-26 07:22:33
SR000379,MED0216,Tripoli,Fashloum,2026-06-15 03:37:16
SR000380,MED0005,Tripoli,Fashloum,2026-06-25 19:53:19
SR000381,MED0287,Sabha,Al-Manshiya,2026-05-04 13:39:43
SR000382,MED0395,Benghazi,Al-Fuwayhat,2026-04-19 09:09:57
SR000383,MED0516,Tripoli,Abu Salim,2026-06-22 18:01:36
SR000384,MED0370,Tripoli,Janzour,2026-06-07 00:51:29
SR000385,MED0394,Tripoli,Ain Zara,2026-06-03 17:27:26
SR000386,MED0436,Zawiya,Al-Harsha,2026-07-14 05:43:45
SR000387,MED0173,Tripoli,Gargaresh,2026-05-18 16:09:33
SR000388,MED0415,Tripoli,Gargaresh,2026-07-14 08:53:42
SR000389,MED0194,Benghazi,Al-Selmani,2026-07-17 06:17:00
SR000390,MED0301,Tripoli,Gargaresh,2026-08-01 15:52:27
SR000391,MED0411,Misrata,Qasr Ahmad,2026-06-23 03:51:03
SR000392,MED0158,Misrata,Zawiyat Al-Mahjoub,2026-06-30 16:18:41
SR000393,MED0410,Tripoli,Fashloum,2026-03-22 19:52:17
SR000394,MED0348,Tripoli,Abu Salim,2026-07-17 15:35:12
SR000395,MED0032,Tripoli,Ain Zara,2026-07-21 21:16:21
SR000396,MED0440,Zliten,Al-Qasabat,2026-07-11 23:06:51
SR000397,MED0444,Tripoli,Janzour,2026-05-06 04:17:04
SR000398,MED0173,Tripoli,Hay Al-Andalus,2026-04-14 14:12:38
SR000399,MED0241,Tripoli,Tajoura,2026-07-17 15:14:10
SR000400,MED0167,Tripoli,Gargaresh,2026-04-13 12:32:18
SR000401,MED0025,Benghazi,Al-Fuwayhat,2026-07-14 19:31:45
SR000402,MED0357,Benghazi,Al-Hadaeq,2026-07-11 15:14:23
SR000403,MED0460,Benghazi,Al-Selmani,2026-06-14 06:00:02
SR000404,MED0408,Tripoli,Abu Salim,2026-07-14 23:11:20
SR000405,MED0258,Tripoli,Hay Al-Andalus,2026-05-18 13:35:34
SR000406,MED0209,Zliten,Al-Qasabat,2026-04-25 21:11:25
SR000407,MED0437,Benghazi,Al-Fuwayhat,2026-06-09 13:51:03
SR000408,MED0408,Tripoli,Fashloum,2026-07-22 04:52:47
SR000409,MED0179,Misrata,Al-Ghiran,2026-06-10 03:36:51
SR000410,MED0348,Zawiya,Al-Mashtal,2026-07-14 02:30:15
SR000411,MED0483,Tripoli,Janzour,2026-06-06 23:28:51
SR000412,MED0090,Benghazi,Al-Hadaeq,2026-07-02 10:04:57
SR000413,MED0173,Tripoli,Janzour,2026-05-26 15:43:57
SR000414,MED0221,Tripoli,Janzour,2026-06-27 12:15:48
SR000415,MED0493,Tripoli,Tajoura,2026-07-16 07:53:35
SR000416,MED0056,Tripoli,Hay Al-Andalus,2026-08-10 12:22:34
SR000417,MED0006,Tripoli,Hay Al-Andalus,2026-07-27 20:26:37
SR000418,MED0020,Tripoli,Souq Al Juma'a,2026-08-08 01:17:43
SR000419,MED0362,Tripoli,Janzour,2026-08-11 14:00:10
SR000420,MED0312,Benghazi,Al-Berka,2026-05-24 22:36:53
SR000421,MED0354,Benghazi,Al-Selmani,2026-08-05 06:34:33
SR000422,MED0016,Tripoli,Hay Al-Andalus,2026-07-29 23:38:44
SR000423,MED0212,Tripoli,Janzour,2026-03-21 13:49:36
SR000424,MED0145,Tripoli,Gargaresh,2026-06-16 21:40:43
SR000425,MED0436,Tripoli,Gargaresh,2026-04-14 13:05:22
SR000426,MED0173,Tripoli,Souq Al Juma'a,2026-04-30 02:27:49
SR000427,MED0066,Tripoli,Fashloum,2026-07-03 14:03:00
SR000428,MED0399,Tripoli,Gargaresh,2026-05-04 13:52:02
SR000429,MED0004,Tripoli,Fashloum,2026-06-17 04:10:33
SR000430,MED0218,Tripoli,Fashloum,2026-07-23 07:00:16
SR000431,MED0191,Tripoli,Ain Zara,2026-05-03 05:49:17
SR000432,MED0053,Tripoli,Ain Zara,2026-08-05 23:10:04
SR000433,MED0258,Tripoli,Gargaresh,2026-05-27 08:52:27
SR000434,MED0020,Tripoli,Hay Al-Andalus,2026-07-19 01:56:51
SR000435,MED0372,Benghazi,Al-Berka,2026-06-21 07:30:51
SR000436,MED0241,Benghazi,Al-Sabri,2026-05-22 04:53:50
SR000437,MED0235,Zliten,Souq Al-Thulatha,2026-05-09 10:48:49
SR000438,MED0348,Tripoli,Souq Al Juma'a,2026-06-18 06:27:45
SR000439,MED0132,Benghazi,Al-Fuwayhat,2026-03-21 00:40:06
SR000440,MED0509,Tripoli,Hay Al-Andalus,2026-07-18 01:53:59
SR000441,MED0127,Tripoli,Janzour,2026-03-24 07:37:36
SR000442,MED0431,Tripoli,Tajoura,2026-06-25 12:07:13
SR000443,MED0302,Benghazi,Al-Selmani,2026-08-05 17:48:47
SR000444,MED0242,Tripoli,Souq Al Juma'a,2026-08-01 11:58:08
SR000445,MED0019,Misrata,Zawiyat Al-Mahjoub,2026-05-05 03:26:01
SR000446,MED0045,Benghazi,Al-Berka,2026-03-09 06:32:40
SR000447,MED0263,Tripoli,Ain Zara,2026-03-23 04:14:47
SR000448,MED0094,Benghazi,Al-Hadaeq,2026-07-02 02:05:48
SR000449,MED0231,Tripoli,Souq Al Juma'a,2026-08-09 15:10:24
SR000450,MED0233,Tripoli,Abu Salim,2026-08-20 02:10:31
SR000451,MED0308,Tripoli,Souq Al Juma'a,2026-08-14 12:26:42
SR000452,MED0084,Tripoli,Tajoura,2026-04-02 17:56:33
SR000453,MED0459,Benghazi,Al-Fuwayhat,2026-05-10 21:21:37
SR000454,MED0261,Tripoli,Janzour,2026-06-20 14:54:06
SR000455,MED0202,Tripoli,Souq Al Juma'a,2026-06-10 15:49:36
SR000456,MED0091,Tripoli,Gargaresh,2026-07-31 19:52:01
SR000457,MED0346,Tripoli,Souq Al Juma'a,2026-06-24 10:26:59
SR000458,MED0270,Benghazi,Al-Fuwayhat,2026-05-17 23:48:28
SR000459,MED0426,Tripoli,Janzour,2026-05-26 23:50:35
SR000460,MED0157,Tripoli,Fashloum,2026-07-20 16:41:25
SR000461,MED0126,Misrata,Al-Ghiran,2026-05-16 14:19:46
SR000462,MED0215,Tripoli,Fashloum,2026-07-31 02:59:08
SR000463,MED0017,Tripoli,Gargaresh,2026-04-22 22:31:43
SR000464,MED0333,Zliten,Al-Qasabat,2026-06-21 02:25:56
SR000465,MED0490,Misrata,Qasr Ahmad,2026-05-21 07:36:01
SR000466,MED0203,Tripoli,Souq Al Juma'a,2026-08-10 06:37:52
SR000467,MED0420,Zawiya,Bir Al-Ghanam,2026-08-06 15:32:39
SR000468,MED0039,Tripoli,Janzour,2026-03-29 14:39:22
SR000469,MED0153,Tripoli,Ain Zara,2026-07-14 20:40:33
SR000470,MED0138,Zliten,Souq Al-Thulatha,2026-06-28 21:34:17
SR000471,MED0258,Tripoli,Abu Salim,2026-05-03 20:11:55
SR000472,MED0246,Benghazi,Al-Hadaeq,2026-07-24 21:29:35
SR000473,MED0332,Tripoli,Hay Al-Andalus,2026-07-21 13:46:54
SR000474,MED0429,Tripoli,Hay Al-Andalus,2026-08-02 02:45:57
SR000475,MED0232,Tripoli,Abu Salim,2026-05-09 19:08:53
SR000476,MED0373,Zliten,Souq Al-Thulatha,2026-06-03 18:26:30
SR000477,MED0257,Tripoli,Janzour,2026-07-30 06:29:44
SR000478,MED0368,Tripoli,Ain Zara,2026-08-09 08:05:56
SR000479,MED0116,Tripoli,Janzour,2026-07-22 09:57:24
SR000480,MED0046,Zawiya,Al-Harsha,2026-06-30 03:44:15
SR000481,MED0164,Tripoli,Tajoura,2026-08-10 04:16:33
SR000482,MED0113,Tripoli,Souq Al Juma'a,2026-06-17 02:38:37
SR000483,MED0369,Tripoli,Tajoura,2026-08-01 21:12:51
SR000484,MED0509,Tripoli,Abu Salim,2026-06-25 01:55:57
SR000485,MED0074,Zawiya,Al-Mashtal,2026-07-31 21:49:33
SR000486,MED0043,Sabha,Al-Manshiya,2026-05-29 11:30:14
SR000487,MED0168,Benghazi,Al-Fuwayhat,2026-07-31 02:05:03
SR000488,MED0467,Benghazi,Al-Fuwayhat,2026-08-01 17:02:12
SR000489,MED0040,Zawiya,Bir Al-Ghanam,2026-07-12 23:34:51
SR000490,MED0442,Tripoli,Souq Al Juma'a,2026-07-31 04:46:25
SR000491,MED0484,Tripoli,Tajoura,2026-05-20 16:51:27
SR000492,MED0201,Tripoli,Gargaresh,2026-07-23 10:23:40
SR000493,MED0349,Tripoli,Gargaresh,2026-06-13 10:04:40
SR000494,MED0042,Benghazi,Al-Fuwayhat,2026-07-13 16:55:08
SR000495,MED0050,Tripoli,Souq Al Juma'a,2026-07-24 07:05:36
SR000496,MED0361,Zliten,Al-Qasabat,2026-07-31 04:43:19
SR000497,MED0121,Tripoli,Souq Al Juma'a,2026-08-17 18:13:34
SR000498,MED0038,Benghazi,Al-Sabri,2026-08-17 01:25:52
SR000499,MED0366,Tripoli,Ain Zara,2026-06-15 05:42:58
SR000500,MED0123,Misrata,Al-Ghiran,2026-07-26 04:51:29
SR000501,MED0439,Tripoli,Tajoura,2026-05-29 12:11:41
SR000502,MED0031,Tripoli,Janzour,2026-07-26 11:47:42
SR000503,MED0353,Tripoli,Ain Zara,2026-02-12 05:37:50
SR000504,MED0517,Tripoli,Abu Salim,2026-06-22 17:50:53
SR000505,MED0320,Benghazi,Al-Sabri,2026-06-20 12:41:51
SR000506,MED0062,Tripoli,Gargaresh,2026-06-22 16:49:34
SR000507,MED0505,Benghazi,Al-Berka,2026-08-14 01:57:00
SR000508,MED0089,Tripoli,Fashloum,2026-08-16 18:14:10
SR000509,MED0339,Tripoli,Ain Zara,2026-03-20 09:43:05
SR000510,MED0045,Benghazi,Al-Fuwayhat,2026-05-14 05:34:07
SR000511,MED0333,Tripoli,Gargaresh,2026-05-11 03:11:38
SR000512,MED0470,Tripoli,Souq Al Juma'a,2026-06-08 04:52:19
SR000513,MED0041,Benghazi,Al-Hadaeq,2026-06-15 19:41:38
SR000514,MED0054,Tripoli,Gargaresh,2026-06-20 19:08:13
SR000515,MED0410,Misrata,Qasr Ahmad,2026-08-09 07:41:57
SR000516,MED0025,Tripoli,Abu Salim,2026-04-07 01:05:50
SR000517,MED0452,Tripoli,Janzour,2026-07-13 23:03:37
SR000518,MED0133,Tripoli,Ain Zara,2026-08-15 12:48:12
SR000519,MED0368,Benghazi,Al-Berka,2026-05-27 04:51:50
SR000520,MED0161,Tripoli,Hay Al-Andalus,2026-05-25 22:15:24
SR000521,MED0268,Tripoli,Fashloum,2026-06-30 22:41:40
SR000522,MED0395,Tripoli,Souq Al Juma'a,2026-07-24 10:16:10
SR000523,MED0212,Benghazi,Al-Hadaeq,2026-08-08 08:11:14
SR000524,MED0075,Benghazi,Al-Fuwayhat,2026-02-15 16:28:33
SR000525,MED0020,Tripoli,Fashloum,2026-04-19 17:09:30
SR000526,MED0284,Misrata,Al-Ghiran,2026-07-03 11:53:11
SR000527,MED0259,Tripoli,Souq Al Juma'a,2026-06-24 16:32:30
SR000528,MED0405,Tripoli,Janzour,2026-07-14 18:45:38
SR000529,MED0467,Tripoli,Abu Salim,2026-06-30 18:50:57
SR000530,MED0098,Benghazi,Al-Selmani,2026-05-15 06:50:13
SR000531,MED0191,Misrata,Zawiyat Al-Mahjoub,2026-04-10 09:21:40
SR000532,MED0198,Tripoli,Abu Salim,2026-07-26 14:23:41
SR000533,MED0408,Misrata,Qasr Ahmad,2026-07-19 22:24:32
SR000534,MED0439,Benghazi,Al-Sabri,2026-03-19 15:02:40
SR000535,MED0247,Tripoli,Tajoura,2026-05-19 00:10:15
SR000536,MED0409,Benghazi,Al-Sabri,2026-06-26 04:59:36
SR000537,MED0104,Tripoli,Abu Salim,2026-05-30 07:41:46
SR000538,MED0230,Tripoli,Tajoura,2026-07-29 18:36:00
SR000539,MED0369,Tripoli,Abu Salim,2026-07-29 03:25:18
SR000540,MED0491,Tripoli,Fashloum,2026-08-11 15:29:20
SR000541,MED0261,Tripoli,Souq Al Juma'a,2026-04-20 19:47:33
SR000542,MED0161,Tripoli,Tajoura,2026-06-24 03:54:04
SR000543,MED0409,Misrata,Zawiyat Al-Mahjoub,2026-07-22 10:34:13
SR000544,MED0122,Tripoli,Gargaresh,2026-05-04 21:32:48
SR000545,MED0480,Tripoli,Abu Salim,2026-06-08 05:37:04
SR000546,MED0330,Tripoli,Souq Al Juma'a,2026-06-22 21:18:41
SR000547,MED0360,Tripoli,Tajoura,2026-06-18 14:44:05
SR000548,MED0059,Tripoli,Ain Zara,2026-04-28 14:23:52
SR000549,MED0030,Misrata,Zawiyat Al-Mahjoub,2026-07-07 12:50:10
SR000550,MED0498,Tripoli,Janzour,2026-07-06 13:06:57
SR000551,MED0116,Tripoli,Abu Salim,2026-04-22 16:54:12
SR000552,MED0021,Tripoli,Fashloum,2026-05-05 22:12:55
SR000553,MED0003,Tripoli,Hay Al-Andalus,2026-03-28 11:23:56
SR000554,MED0448,Zawiya,Bir Al-Ghanam,2026-08-09 22:32:39
SR000555,MED0477,Tripoli,Janzour,2026-07-29 12:25:05
SR000556,MED0351,Tripoli,Souq Al Juma'a,2026-07-24 12:14:55
SR000557,MED0199,Tripoli,Ain Zara,2026-07-09 01:52:28
SR000558,MED0292,Misrata,Al-Ghiran,2026-05-05 21:23:32
SR000559,MED0373,Tripoli,Hay Al-Andalus,2026-07-05 17:14:42
SR000560,MED0003,Misrata,Zawiyat Al-Mahjoub,2026-06-17 12:09:41
SR000561,MED0346,Tripoli,Abu Salim,2026-06-25 11:37:30
SR000562,MED0019,Tripoli,Souq Al Juma'a,2026-06-16 08:59:04
SR000563,MED0023,Tripoli,Hay Al-Andalus,2026-06-21 15:11:30
SR000564,MED0336,Tripoli,Janzour,2026-06-11 11:28:41
SR000565,MED0318,Tripoli,Ain Zara,2026-07-30 13:27:36
SR000566,MED0337,Zawiya,Al-Mashtal,2026-07-31 09:23:08
SR000567,MED0429,Tripoli,Fashloum,2026-08-20 13:42:05
SR000568,MED0372,Benghazi,Al-Sabri,2026-04-25 23:49:38
SR000569,MED0352,Tripoli,Ain Zara,2026-06-30 01:04:22
SR000570,MED0398,Tripoli,Souq Al Juma'a,2026-08-13 05:21:31
SR000571,MED0309,Benghazi,Al-Selmani,2026-07-12 10:50:59
SR000572,MED0393,Benghazi,Al-Sabri,2026-08-06 12:11:50
SR000573,MED0428,Benghazi,Al-Berka,2026-05-17 19:32:36
SR000574,MED0192,Tripoli,Souq Al Juma'a,2026-06-15 09:51:00
SR000575,MED0160,Tripoli,Fashloum,2026-04-14 09:46:02
SR000576,MED0202,Benghazi,Al-Berka,2026-06-28 14:35:13
SR000577,MED0474,Misrata,Zawiyat Al-Mahjoub,2026-08-18 12:41:55
SR000578,MED0161,Benghazi,Al-Sabri,2026-06-18 18:56:56
SR000579,MED0512,Benghazi,Al-Sabri,2026-06-30 00:48:12
SR000580,MED0029,Misrata,Al-Ghiran,2026-06-13 07:16:20
SR000581,MED0276,Tripoli,Tajoura,2026-05-01 20:51:36
SR000582,MED0063,Misrata,Al-Ghiran,2026-07-08 17:19:25
SR000583,MED0033,Sabha,Al-Dawwar,2026-06-23 23:37:55
SR000584,MED0297,Tripoli,Tajoura,2026-08-14 21:53:17
SR000585,MED0187,Tripoli,Gargaresh,2026-04-20 23:33:05
SR000586,MED0308,Benghazi,Al-Selmani,2026-04-02 08:34:54
SR000587,MED0127,Sabha,Al-Manshiya,2026-08-09 13:45:34
SR000588,MED0358,Sabha,Al-Dawwar,2026-07-10 00:00:24
SR000589,MED0173,Tripoli,Ain Zara,2026-07-30 05:10:34
SR000590,MED0281,Benghazi,Al-Selmani,2026-04-20 19:00:56
SR000591,MED0029,Benghazi,Al-Berka,2026-07-24 00:04:20
SR000592,MED0174,Tripoli,Abu Salim,2026-07-20 19:29:02
SR000593,MED0027,Tripoli,Souq Al Juma'a,2026-04-29 15:24:01
SR000594,MED0411,Tripoli,Abu Salim,2026-06-18 23:04:47
SR000595,MED0412,Tripoli,Fashloum,2026-08-10 21:59:26
SR000596,MED0399,Misrata,Zawiyat Al-Mahjoub,2026-05-31 13:43:43
SR000597,MED0451,Misrata,Zawiyat Al-Mahjoub,2026-07-23 14:31:06
SR000598,MED0221,Benghazi,Al-Hadaeq,2026-06-25 13:49:25
SR000599,MED0127,Tripoli,Fashloum,2026-06-09 11:28:29
SR000600,MED0362,Misrata,Al-Ghiran,2026-07-10 21:06:32
SR000601,MED0016,Tripoli,Abu Salim,2026-05-18 06:33:03
SR000602,MED0025,Tripoli,Janzour,2026-05-26 23:51:51
SR000603,MED0428,Tripoli,Souq Al Juma'a,2026-07-16 23:47:03
SR000604,MED0328,Misrata,Zawiyat Al-Mahjoub,2026-05-17 02:54:51
SR000605,MED0484,Benghazi,Al-Berka,2026-07-19 11:05:40
SR000606,MED0126,Benghazi,Al-Sabri,2026-04-28 04:22:47
SR000607,MED0482,Benghazi,Al-Selmani,2026-05-20 07:26:33
SR000608,MED0256,Zliten,Souq Al-Thulatha,2026-05-12 01:52:26
SR000609,MED0150,Benghazi,Al-Fuwayhat,2026-05-10 14:19:22
SR000610,MED0206,Tripoli,Souq Al Juma'a,2026-04-20 18:05:06
SR000611,MED0378,Misrata,Qasr Ahmad,2026-06-09 21:07:11
SR000612,MED0049,Benghazi,Al-Sabri,2026-07-28 04:08:40
SR000613,MED0469,Misrata,Zawiyat Al-Mahjoub,2026-06-29 12:18:41
SR000614,MED0299,Tripoli,Gargaresh,2026-05-04 13:39:44
SR000615,MED0262,Tripoli,Gargaresh,2026-06-08 05:31:48
SR000616,MED0271,Zawiya,Al-Mashtal,2026-08-04 18:14:21
SR000617,MED0023,Tripoli,Tajoura,2026-07-29 16:34:28
SR000618,MED0413,Tripoli,Janzour,2026-08-11 03:41:40
SR000619,MED0269,Tripoli,Abu Salim,2026-07-20 11:20:39
SR000620,MED0329,Misrata,Zawiyat Al-Mahjoub,2026-04-27 01:23:13
SR000621,MED0296,Tripoli,Fashloum,2026-05-12 15:13:32
SR000622,MED0369,Tripoli,Ain Zara,2026-08-15 18:30:18
SR000623,MED0455,Tripoli,Fashloum,2026-08-04 07:55:30
SR000624,MED0305,Tripoli,Fashloum,2026-07-29 12:43:14
SR000625,MED0277,Zawiya,Al-Harsha,2026-05-26 18:20:07
SR000626,MED0083,Benghazi,Al-Hadaeq,2026-06-30 10:52:33
SR000627,MED0132,Benghazi,Al-Berka,2026-07-17 21:44:03
SR000628,MED0141,Tripoli,Hay Al-Andalus,2026-08-04 01:25:47
SR000629,MED0239,Tripoli,Janzour,2026-08-06 18:36:34
SR000630,MED0481,Tripoli,Ain Zara,2026-04-11 18:39:15
SR000631,MED0469,Benghazi,Al-Fuwayhat,2026-07-17 05:19:57
SR000632,MED0015,Benghazi,Al-Sabri,2026-05-18 09:37:49
SR000633,MED0454,Tripoli,Abu Salim,2026-06-06 02:23:30
SR000634,MED0273,Tripoli,Fashloum,2026-05-08 20:25:20
SR000635,MED0491,Zliten,Al-Qasabat,2026-06-30 21:50:10
SR000636,MED0188,Zliten,Al-Qasabat,2026-05-17 09:47:38
SR000637,MED0147,Benghazi,Al-Hadaeq,2026-07-14 14:15:17
SR000638,MED0241,Misrata,Qasr Ahmad,2026-07-20 17:04:48
SR000639,MED0066,Tripoli,Abu Salim,2026-06-28 15:23:01
SR000640,MED0202,Tripoli,Gargaresh,2026-03-22 17:16:16
SR000641,MED0293,Misrata,Al-Ghiran,2026-07-05 15:00:49
SR000642,MED0045,Sabha,Al-Manshiya,2026-06-24 06:07:51
SR000643,MED0206,Zawiya,Al-Harsha,2026-07-31 23:17:24
SR000644,MED0365,Tripoli,Janzour,2026-07-04 05:25:04
SR000645,MED0407,Tripoli,Janzour,2026-08-10 13:36:22
SR000646,MED0332,Tripoli,Tajoura,2026-07-18 11:57:47
SR000647,MED0214,Tripoli,Souq Al Juma'a,2026-03-15 22:44:45
SR000648,MED0174,Tripoli,Ain Zara,2026-07-31 21:55:48
SR000649,MED0015,Tripoli,Ain Zara,2026-07-20 10:38:12
SR000650,MED0065,Tripoli,Abu Salim,2026-06-25 23:32:31
SR000651,MED0410,Tripoli,Souq Al Juma'a,2026-06-10 21:39:32
SR000652,MED0284,Tripoli,Souq Al Juma'a,2026-08-21 05:40:11
SR000653,MED0054,Tripoli,Souq Al Juma'a,2026-08-17 09:37:19
SR000654,MED0063,Benghazi,Al-Selmani,2026-05-14 22:53:36
SR000655,MED0516,Misrata,Qasr Ahmad,2026-03-15 01:01:22
SR000656,MED0278,Benghazi,Al-Berka,2026-05-06 18:44:54
SR000657,MED0323,Tripoli,Gargaresh,2026-06-04 15:17:38
SR000658,MED0450,Benghazi,Al-Fuwayhat,2026-04-21 22:43:38
SR000659,MED0149,Benghazi,Al-Berka,2026-08-14 10:04:37
SR000660,MED0399,Tripoli,Fashloum,2026-08-09 17:40:13
SR000661,MED0248,Benghazi,Al-Hadaeq,2026-05-16 01:51:31
SR000662,MED0029,Misrata,Al-Karareem,2026-08-19 04:32:02
SR000663,MED0103,Zawiya,Al-Harsha,2026-08-10 07:04:58
SR000664,MED0320,Misrata,Qasr Ahmad,2026-05-10 01:08:08
SR000665,MED0084,Tripoli,Abu Salim,2026-06-23 20:44:11
SR000666,MED0302,Tripoli,Ain Zara,2026-07-07 22:47:29
SR000667,MED0354,Tripoli,Ain Zara,2026-05-21 09:52:39
SR000668,MED0230,Tripoli,Tajoura,2026-07-10 11:55:39
SR000669,MED0166,Tripoli,Tajoura,2026-07-22 21:58:19
SR000670,MED0388,Tripoli,Hay Al-Andalus,2026-07-05 21:34:14
SR000671,MED0205,Tripoli,Fashloum,2026-08-03 08:59:31
SR000672,MED0206,Tripoli,Ain Zara,2026-07-05 04:55:58
SR000673,MED0184,Tripoli,Ain Zara,2026-08-12 17:06:58
SR000674,MED0040,Tripoli,Fashloum,2026-07-24 11:03:21
SR000675,MED0206,Tripoli,Janzour,2026-06-16 17:31:35
SR000676,MED0313,Tripoli,Fashloum,2026-04-19 13:48:41
SR000677,MED0110,Tripoli,Gargaresh,2026-06-24 06:54:57
SR000678,MED0140,Tripoli,Gargaresh,2026-06-25 18:29:15
SR000679,MED0320,Misrata,Zawiyat Al-Mahjoub,2026-07-12 13:25:36
SR000680,MED0075,Benghazi,Al-Berka,2026-07-03 15:41:10
SR000681,MED0491,Tripoli,Ain Zara,2026-08-12 20:46:27
SR000682,MED0142,Benghazi,Al-Selmani,2026-06-15 19:23:31
SR000683,MED0190,Tripoli,Janzour,2026-02-22 13:39:07
SR000684,MED0460,Misrata,Zawiyat Al-Mahjoub,2026-04-25 13:07:21
SR000685,MED0238,Tripoli,Gargaresh,2026-08-09 04:43:08
SR000686,MED0033,Benghazi,Al-Hadaeq,2026-08-14 00:41:13
SR000687,MED0304,Benghazi,Al-Sabri,2026-06-19 08:27:34
SR000688,MED0190,Tripoli,Ain Zara,2026-04-29 10:04:48
SR000689,MED0247,Tripoli,Fashloum,2026-03-18 02:48:35
SR000690,MED0117,Tripoli,Fashloum,2026-07-12 16:43:05
SR000691,MED0064,Benghazi,Al-Sabri,2026-07-06 19:07:47
SR000692,MED0064,Benghazi,Al-Fuwayhat,2026-07-25 14:45:07
SR000693,MED0469,Tripoli,Gargaresh,2026-08-20 06:17:21
SR000694,MED0320,Zawiya,Al-Mashtal,2026-07-15 12:26:31
SR000695,MED0517,Tripoli,Souq Al Juma'a,2026-07-02 16:48:06
SR000696,MED0289,Tripoli,Fashloum,2026-06-19 07:18:10
SR000697,MED0436,Tripoli,Hay Al-Andalus,2026-06-10 18:56:30
SR000698,MED0021,Tripoli,Janzour,2026-08-18 23:07:12
SR000699,MED0201,Tripoli,Janzour,2026-06-08 05:43:03
SR000700,MED0098,Tripoli,Souq Al Juma'a,2026-07-31 07:22:53
SR000701,MED0156,Tripoli,Souq Al Juma'a,2026-03-26 02:44:21
SR000702,MED0162,Tripoli,Abu Salim,2026-06-26 07:27:51
SR000703,MED0439,Tripoli,Souq Al Juma'a,2026-08-09 15:59:44
SR000704,MED0279,Tripoli,Fashloum,2026-07-03 23:31:49
SR000705,MED0036,Tripoli,Souq Al Juma'a,2026-07-05 20:43:00
SR000706,MED0363,Tripoli,Janzour,2026-06-11 09:01:36
SR000707,MED0112,Tripoli,Gargaresh,2026-06-30 10:16:53
SR000708,MED0259,Tripoli,Ain Zara,2026-08-06 06:44:12
SR000709,MED0332,Benghazi,Al-Berka,2026-07-22 07:45:13
SR000710,MED0336,Tripoli,Gargaresh,2026-05-31 20:23:09
SR000711,MED0425,Tripoli,Janzour,2026-07-17 22:28:51
SR000712,MED0130,Tripoli,Souq Al Juma'a,2026-07-27 04:40:00
SR000713,MED0134,Benghazi,Al-Selmani,2026-07-06 23:12:25
SR000714,MED0345,Tripoli,Abu Salim,2026-05-27 16:30:37
SR000715,MED0063,Benghazi,Al-Selmani,2026-06-19 17:57:37
SR000716,MED0064,Misrata,Zawiyat Al-Mahjoub,2026-05-02 05:57:29
SR000717,MED0273,Tripoli,Tajoura,2026-07-10 06:13:52
SR000718,MED0479,Tripoli,Abu Salim,2026-06-04 10:26:52
SR000719,MED0221,Sabha,Al-Dawwar,2026-05-16 15:49:35
SR000720,MED0431,Tripoli,Fashloum,2026-06-02 02:35:14
SR000721,MED0175,Tripoli,Abu Salim,2026-07-21 22:10:44
SR000722,MED0196,Tripoli,Tajoura,2026-05-01 15:01:22
SR000723,MED0196,Tripoli,Tajoura,2026-08-19 13:28:43
SR000724,MED0469,Tripoli,Gargaresh,2026-02-21 05:33:37
SR000725,MED0455,Tripoli,Janzour,2026-05-09 06:10:39
SR000726,MED0316,Tripoli,Fashloum,2026-07-23 14:03:15
SR000727,MED0227,Tripoli,Abu Salim,2026-08-05 00:18:47
SR000728,MED0145,Benghazi,Al-Berka,2026-06-19 01:04:46
SR000729,MED0348,Tripoli,Gargaresh,2026-07-15 06:33:58
SR000730,MED0049,Tripoli,Janzour,2026-08-17 20:02:50
SR000731,MED0162,Tripoli,Tajoura,2026-03-31 05:14:52
SR000732,MED0449,Tripoli,Souq Al Juma'a,2026-07-03 00:00:01
SR000733,MED0305,Tripoli,Hay Al-Andalus,2026-05-07 07:07:13
SR000734,MED0133,Tripoli,Ain Zara,2026-08-18 20:29:41
SR000735,MED0515,Tripoli,Janzour,2026-07-09 02:17:09
SR000736,MED0238,Tripoli,Hay Al-Andalus,2026-08-05 16:08:51
SR000737,MED0414,Tripoli,Hay Al-Andalus,2026-06-11 22:13:05
SR000738,MED0410,Tripoli,Abu Salim,2026-08-13 18:22:56
SR000739,MED0129,Benghazi,Al-Hadaeq,2026-08-04 20:51:24
SR000740,MED0301,Zawiya,Al-Harsha,2026-07-31 15:59:13
SR000741,MED0428,Zawiya,Bir Al-Ghanam,2026-01-17 19:19:26
SR000742,MED0419,Tripoli,Abu Salim,2026-07-20 14:01:31
SR000743,MED0390,Tripoli,Souq Al Juma'a,2026-01-14 12:41:12
SR000744,MED0030,Tripoli,Ain Zara,2026-08-11 04:22:08
SR000745,MED0227,Tripoli,Tajoura,2026-05-01 12:24:32
SR000746,MED0275,Misrata,Al-Karareem,2026-03-10 03:53:38
SR000747,MED0176,Tripoli,Hay Al-Andalus,2026-08-04 07:56:35
SR000748,MED0160,Tripoli,Abu Salim,2026-05-27 16:27:55
SR000749,MED0274,Benghazi,Al-Selmani,2026-06-03 18:25:17
SR000750,MED0167,Tripoli,Hay Al-Andalus,2026-05-06 08:13:32
SR000751,MED0431,Misrata,Qasr Ahmad,2026-08-09 13:40:22
SR000752,MED0177,Misrata,Al-Karareem,2026-08-01 22:48:37
SR000753,MED0218,Tripoli,Ain Zara,2026-06-30 14:59:13
SR000754,MED0483,Tripoli,Janzour,2026-06-29 06:19:10
SR000755,MED0095,Tripoli,Ain Zara,2026-06-02 17:17:48
SR000756,MED0230,Tripoli,Gargaresh,2026-02-27 23:05:22
SR000757,MED0096,Tripoli,Tajoura,2026-05-11 01:47:03
SR000758,MED0420,Misrata,Al-Karareem,2026-07-06 10:06:27
SR000759,MED0016,Tripoli,Tajoura,2026-07-03 10:33:36
SR000760,MED0084,Benghazi,Al-Sabri,2026-06-18 10:24:51
SR000761,MED0121,Tripoli,Souq Al Juma'a,2026-07-09 01:22:44
SR000762,MED0249,Tripoli,Gargaresh,2026-08-11 09:47:04
SR000763,MED0463,Zawiya,Al-Harsha,2026-03-04 13:26:58
SR000764,MED0219,Tripoli,Fashloum,2026-05-28 04:44:29
SR000765,MED0237,Benghazi,Al-Sabri,2026-08-04 22:57:15
SR000766,MED0506,Sabha,Al-Dawwar,2026-07-11 12:44:43
SR000767,MED0242,Tripoli,Abu Salim,2026-07-02 04:14:08
SR000768,MED0454,Tripoli,Gargaresh,2026-08-04 06:38:38
SR000769,MED0497,Tripoli,Abu Salim,2026-05-21 18:03:20
SR000770,MED0185,Tripoli,Janzour,2026-06-30 07:15:41
SR000771,MED0230,Tripoli,Ain Zara,2026-07-28 05:47:32
SR000772,MED0518,Tripoli,Fashloum,2026-07-24 18:16:33
SR000773,MED0237,Tripoli,Tajoura,2026-08-04 01:56:10
SR000774,MED0046,Tripoli,Tajoura,2026-03-05 17:23:11
SR000775,MED0349,Tripoli,Souq Al Juma'a,2026-06-02 04:15:28
SR000776,MED0175,Tripoli,Fashloum,2026-06-22 22:06:32
SR000777,MED0274,Tripoli,Hay Al-Andalus,2026-07-28 14:31:02
SR000778,MED0055,Misrata,Zawiyat Al-Mahjoub,2026-05-26 08:10:27
SR000779,MED0420,Misrata,Al-Karareem,2026-06-09 19:36:07
SR000780,MED0368,Misrata,Al-Ghiran,2026-04-25 02:04:57
SR000781,MED0320,Benghazi,Al-Sabri,2026-07-03 17:26:00
SR000782,MED0134,Tripoli,Janzour,2026-06-22 04:08:36
SR000783,MED0116,Zawiya,Al-Mashtal,2026-04-25 06:19:32
SR000784,MED0213,Sabha,Al-Dawwar,2026-05-05 12:15:31
SR000785,MED0216,Benghazi,Al-Hadaeq,2026-06-07 13:26:05
SR000786,MED0235,Tripoli,Janzour,2026-02-19 01:15:11
SR000787,MED0308,Misrata,Qasr Ahmad,2026-06-26 23:04:50
SR000788,MED0175,Tripoli,Souq Al Juma'a,2026-08-01 13:29:35
SR000789,MED0499,Benghazi,Al-Hadaeq,2026-06-18 21:42:15
SR000790,MED0165,Misrata,Al-Karareem,2026-08-05 10:53:13
SR000791,MED0045,Misrata,Qasr Ahmad,2026-05-25 08:01:20
SR000792,MED0420,Tripoli,Souq Al Juma'a,2026-07-07 18:16:09
SR000793,MED0254,Tripoli,Souq Al Juma'a,2026-06-18 03:19:19
SR000794,MED0491,Tripoli,Janzour,2026-06-27 15:27:58
SR000795,MED0261,Misrata,Qasr Ahmad,2026-07-21 13:08:18
SR000796,MED0256,Tripoli,Hay Al-Andalus,2026-05-06 03:51:38
SR000797,MED0503,Sabha,Tayouri,2026-03-28 06:39:51
SR000798,MED0202,Tripoli,Gargaresh,2026-07-25 13:25:58
SR000799,MED0100,Sabha,Al-Dawwar,2026-07-21 20:59:22
SR000800,MED0084,Tripoli,Janzour,2026-08-11 21:11:16
SR000801,MED0323,Tripoli,Fashloum,2026-04-10 23:41:56
SR000802,MED0485,Sabha,Al-Dawwar,2026-07-31 23:56:00
SR000803,MED0499,Tripoli,Souq Al Juma'a,2026-08-01 16:10:49
SR000804,MED0041,Misrata,Zawiyat Al-Mahjoub,2026-06-08 23:08:57
SR000805,MED0231,Tripoli,Ain Zara,2026-07-06 14:52:12
SR000806,MED0157,Tripoli,Ain Zara,2026-08-20 00:24:25
SR000807,MED0421,Tripoli,Gargaresh,2026-03-23 00:26:46
SR000808,MED0110,Tripoli,Hay Al-Andalus,2026-07-02 17:50:36
SR000809,MED0431,Tripoli,Ain Zara,2026-08-16 09:03:52
SR000810,MED0126,Tripoli,Hay Al-Andalus,2026-08-18 21:03:44
SR000811,MED0282,Tripoli,Tajoura,2026-05-27 09:16:56
SR000812,MED0026,Tripoli,Tajoura,2026-08-08 10:29:52
SR000813,MED0408,Tripoli,Tajoura,2026-06-30 02:14:51
SR000814,MED0236,Zawiya,Bir Al-Ghanam,2026-07-26 04:01:45
SR000815,MED0327,Tripoli,Souq Al Juma'a,2026-08-10 16:56:46
SR000816,MED0240,Tripoli,Souq Al Juma'a,2026-05-07 00:45:47
SR000817,MED0117,Tripoli,Souq Al Juma'a,2026-07-31 02:13:39
SR000818,MED0258,Zliten,Al-Qasabat,2026-07-18 08:50:00
SR000819,MED0368,Misrata,Al-Karareem,2026-03-15 00:21:19
SR000820,MED0363,Tripoli,Ain Zara,2026-07-02 10:05:53
SR000821,MED0365,Tripoli,Gargaresh,2026-03-18 07:41:06
SR000822,MED0044,Benghazi,Al-Selmani,2026-06-11 12:18:01
SR000823,MED0489,Zawiya,Bir Al-Ghanam,2026-05-29 06:34:57
SR000824,MED0369,Misrata,Qasr Ahmad,2026-07-01 02:15:26
SR000825,MED0355,Benghazi,Al-Sabri,2026-07-17 05:29:26
SR000826,MED0045,Tripoli,Fashloum,2026-07-30 21:43:12
SR000827,MED0289,Tripoli,Hay Al-Andalus,2026-02-18 13:24:52
SR000828,MED0237,Benghazi,Al-Hadaeq,2026-07-15 08:27:32
SR000829,MED0353,Tripoli,Tajoura,2026-07-17 10:07:12
SR000830,MED0201,Tripoli,Abu Salim,2026-07-06 07:56:08
SR000831,MED0327,Tripoli,Tajoura,2026-04-26 21:10:27
SR000832,MED0021,Tripoli,Fashloum,2026-08-07 18:28:30
SR000833,MED0500,Tripoli,Janzour,2026-07-16 05:38:48
SR000834,MED0306,Tripoli,Fashloum,2026-08-14 16:16:52
SR000835,MED0104,Sabha,Al-Manshiya,2026-07-03 19:28:42
SR000836,MED0480,Tripoli,Tajoura,2026-07-15 22:31:56
SR000837,MED0440,Benghazi,Al-Hadaeq,2026-07-06 08:11:52
SR000838,MED0282,Tripoli,Hay Al-Andalus,2026-06-19 06:54:32
SR000839,MED0471,Tripoli,Gargaresh,2026-05-18 20:31:28
SR000840,MED0285,Tripoli,Fashloum,2026-06-16 22:14:24
SR000841,MED0196,Sabha,Tayouri,2026-07-24 00:35:31
SR000842,MED0349,Tripoli,Abu Salim,2026-07-09 21:46:34
SR000843,MED0290,Tripoli,Souq Al Juma'a,2026-07-04 17:57:26
SR000844,MED0211,Tripoli,Tajoura,2026-01-25 15:24:09
SR000845,MED0415,Tripoli,Souq Al Juma'a,2026-05-19 11:21:04
SR000846,MED0284,Zawiya,Al-Harsha,2026-07-30 22:30:01
SR000847,MED0183,Tripoli,Abu Salim,2026-05-31 04:27:16
SR000848,MED0194,Tripoli,Gargaresh,2026-07-24 20:11:38
SR000849,MED0019,Benghazi,Al-Hadaeq,2026-08-05 06:25:57
SR000850,MED0006,Tripoli,Tajoura,2026-06-03 01:33:15
SR000851,MED0248,Misrata,Al-Karareem,2026-07-14 08:13:45
SR000852,MED0303,Tripoli,Hay Al-Andalus,2026-06-05 15:55:00
SR000853,MED0116,Benghazi,Al-Sabri,2026-07-24 09:11:49
SR000854,MED0014,Tripoli,Tajoura,2026-07-29 15:59:58
SR000855,MED0029,Tripoli,Gargaresh,2026-08-18 01:00:17
SR000856,MED0141,Benghazi,Al-Berka,2026-08-07 04:27:24
SR000857,MED0286,Benghazi,Al-Hadaeq,2026-08-18 16:30:24
SR000858,MED0292,Benghazi,Al-Selmani,2026-07-12 04:21:09
SR000859,MED0394,Tripoli,Ain Zara,2026-03-29 09:37:00
SR000860,MED0474,Benghazi,Al-Hadaeq,2026-07-24 19:12:56
SR000861,MED0399,Tripoli,Hay Al-Andalus,2026-06-26 10:00:53
SR000862,MED0030,Tripoli,Gargaresh,2026-07-05 17:11:10
SR000863,MED0045,Tripoli,Abu Salim,2026-03-04 04:39:15
SR000864,MED0104,Tripoli,Hay Al-Andalus,2026-07-29 21:36:30
SR000865,MED0057,Tripoli,Hay Al-Andalus,2026-07-14 18:27:39
SR000866,MED0496,Tripoli,Janzour,2026-06-17 07:26:02
SR000867,MED0087,Benghazi,Al-Berka,2026-06-15 03:17:09
SR000868,MED0212,Tripoli,Gargaresh,2026-08-19 18:56:32
SR000869,MED0291,Tripoli,Janzour,2026-08-07 20:04:35
SR000870,MED0087,Tripoli,Gargaresh,2026-08-03 15:53:49
SR000871,MED0520,Tripoli,Souq Al Juma'a,2026-07-05 13:29:50
SR000872,MED0508,Tripoli,Hay Al-Andalus,2026-08-13 23:22:05
SR000873,MED0215,Benghazi,Al-Hadaeq,2026-06-12 13:43:22
SR000874,MED0032,Tripoli,Souq Al Juma'a,2026-04-25 23:19:06
SR000875,MED0438,Tripoli,Abu Salim,2026-05-26 22:26:09
SR000876,MED0014,Tripoli,Janzour,2026-05-09 20:34:20
SR000877,MED0061,Tripoli,Hay Al-Andalus,2026-06-14 17:19:40
SR000878,MED0100,Tripoli,Janzour,2026-07-15 02:48:03
SR000879,MED0459,Misrata,Al-Ghiran,2026-07-01 03:47:08
SR000880,MED0354,Tripoli,Ain Zara,2026-08-14 09:36:12
SR000881,MED0349,Zawiya,Bir Al-Ghanam,2026-07-16 17:10:14
SR000882,MED0016,Benghazi,Al-Sabri,2026-07-22 20:37:59
SR000883,MED0417,Tripoli,Abu Salim,2026-07-06 02:55:39
SR000884,MED0353,Zliten,Al-Qasabat,2026-06-02 00:26:42
SR000885,MED0209,Tripoli,Janzour,2026-08-18 20:35:53
SR000886,MED0237,Misrata,Al-Ghiran,2026-08-19 04:04:15
SR000887,MED0113,Tripoli,Janzour,2026-05-10 16:33:22
SR000888,MED0272,Misrata,Al-Karareem,2026-08-06 08:10:08
SR000889,MED0045,Benghazi,Al-Fuwayhat,2026-08-14 14:41:11
SR000890,MED0196,Tripoli,Gargaresh,2026-06-17 03:14:43
SR000891,MED0009,Benghazi,Al-Hadaeq,2026-07-12 12:09:46
SR000892,MED0399,Tripoli,Gargaresh,2026-07-19 22:26:35
SR000893,MED0310,Tripoli,Ain Zara,2026-07-23 13:01:18
SR000894,MED0053,Tripoli,Souq Al Juma'a,2026-07-05 15:37:34
SR000895,MED0365,Tripoli,Janzour,2026-08-19 11:04:54
SR000896,MED0194,Tripoli,Abu Salim,2026-06-29 10:12:29
SR000897,MED0169,Tripoli,Janzour,2026-08-12 17:19:32
SR000898,MED0430,Tripoli,Ain Zara,2026-07-07 12:34:19
SR000899,MED0284,Tripoli,Abu Salim,2026-07-28 04:12:02
SR000900,MED0289,Tripoli,Fashloum,2026-07-13 15:19:01
SR000901,MED0304,Tripoli,Ain Zara,2026-04-01 19:00:33
SR000902,MED0293,Sabha,Al-Dawwar,2026-07-06 15:44:15
SR000903,MED0213,Benghazi,Al-Hadaeq,2026-03-29 17:52:50
SR000904,MED0122,Tripoli,Souq Al Juma'a,2026-05-22 22:58:43
SR000905,MED0508,Tripoli,Hay Al-Andalus,2026-07-06 11:32:44
SR000906,MED0241,Tripoli,Souq Al Juma'a,2026-07-09 13:44:35
SR000907,MED0365,Tripoli,Hay Al-Andalus,2026-05-25 04:58:24
SR000908,MED0496,Tripoli,Hay Al-Andalus,2026-06-03 09:16:17
SR000909,MED0158,Tripoli,Fashloum,2026-08-04 20:16:48
SR000910,MED0078,Tripoli,Ain Zara,2026-07-04 16:06:20
SR000911,MED0261,Tripoli,Fashloum,2026-06-17 16:39:29
SR000912,MED0141,Tripoli,Souq Al Juma'a,2026-04-26 04:23:45
SR000913,MED0101,Misrata,Al-Ghiran,2026-06-13 12:56:38
SR000914,MED0113,Tripoli,Hay Al-Andalus,2026-05-11 13:31:46
SR000915,MED0394,Tripoli,Janzour,2026-07-31 12:46:45
SR000916,MED0197,Tripoli,Hay Al-Andalus,2026-06-27 12:43:22
SR000917,MED0147,Tripoli,Ain Zara,2026-05-02 20:26:40
SR000918,MED0208,Misrata,Al-Ghiran,2026-08-18 04:02:39
SR000919,MED0060,Tripoli,Abu Salim,2026-06-18 08:54:08
SR000920,MED0241,Benghazi,Al-Sabri,2026-06-08 09:48:16
SR000921,MED0132,Tripoli,Ain Zara,2026-05-16 03:01:38
SR000922,MED0380,Tripoli,Abu Salim,2026-07-18 21:02:07
SR000923,MED0367,Tripoli,Souq Al Juma'a,2026-08-17 01:22:14
SR000924,MED0491,Zawiya,Bir Al-Ghanam,2026-05-29 13:54:28
SR000925,MED0380,Benghazi,Al-Hadaeq,2026-05-18 11:26:24
SR000926,MED0298,Tripoli,Tajoura,2026-06-14 22:49:33
SR000927,MED0503,Tripoli,Janzour,2026-05-05 10:32:26
SR000928,MED0252,Tripoli,Janzour,2026-07-08 20:36:37
SR000929,MED0033,Misrata,Qasr Ahmad,2026-07-20 17:15:33
SR000930,MED0227,Benghazi,Al-Fuwayhat,2026-04-27 10:49:02
SR000931,MED0284,Tripoli,Gargaresh,2026-06-03 12:55:19
SR000932,MED0106,Tripoli,Hay Al-Andalus,2026-05-21 06:30:28
SR000933,MED0372,Benghazi,Al-Fuwayhat,2026-03-06 02:49:22
SR000934,MED0224,Tripoli,Ain Zara,2026-06-24 16:22:14
SR000935,MED0506,Tripoli,Abu Salim,2026-08-14 18:24:08
SR000936,MED0099,Tripoli,Janzour,2026-04-28 23:20:05
SR000937,MED0114,Tripoli,Janzour,2026-05-22 09:12:46
SR000938,MED0457,Tripoli,Fashloum,2026-06-11 19:22:55
SR000939,MED0020,Misrata,Qasr Ahmad,2026-07-05 19:33:11
SR000940,MED0450,Zawiya,Bir Al-Ghanam,2026-04-13 00:48:14
SR000941,MED0012,Sabha,Al-Manshiya,2026-07-27 12:25:57
SR000942,MED0187,Tripoli,Ain Zara,2026-06-12 02:36:21
SR000943,MED0270,Tripoli,Abu Salim,2026-08-08 17:42:19
SR000944,MED0305,Benghazi,Al-Fuwayhat,2026-03-23 23:09:35
SR000945,MED0225,Tripoli,Fashloum,2026-07-28 01:19:20
SR000946,MED0241,Tripoli,Souq Al Juma'a,2026-05-28 06:03:45
SR000947,MED0468,Benghazi,Al-Hadaeq,2026-07-12 14:20:42
SR000948,MED0368,Tripoli,Ain Zara,2026-07-17 20:41:26
SR000949,MED0026,Tripoli,Tajoura,2026-07-02 07:08:38
SR000950,MED0082,Tripoli,Janzour,2026-08-08 00:38:54
SR000951,MED0019,Benghazi,Al-Berka,2026-05-23 00:54:11
SR000952,MED0015,Tripoli,Gargaresh,2026-04-25 03:22:11
SR000953,MED0237,Tripoli,Janzour,2026-07-16 05:03:17
SR000954,MED0016,Benghazi,Al-Berka,2026-06-24 02:21:30
SR000955,MED0029,Zawiya,Al-Mashtal,2026-06-12 06:19:41
SR000956,MED0177,Tripoli,Souq Al Juma'a,2026-07-20 11:33:36
SR000957,MED0233,Tripoli,Tajoura,2026-07-06 10:25:05
SR000958,MED0008,Tripoli,Gargaresh,2026-08-16 01:28:34
SR000959,MED0194,Tripoli,Fashloum,2026-07-15 11:09:22
SR000960,MED0130,Misrata,Zawiyat Al-Mahjoub,2026-08-04 14:59:53
SR000961,MED0117,Tripoli,Fashloum,2026-06-25 10:32:52
SR000962,MED0060,Tripoli,Souq Al Juma'a,2026-08-04 01:39:22
SR000963,MED0212,Tripoli,Ain Zara,2026-08-05 19:23:36
SR000964,MED0368,Tripoli,Abu Salim,2026-06-07 08:14:44
SR000965,MED0084,Zliten,Al-Qasabat,2026-07-30 07:10:40
SR000966,MED0119,Misrata,Zawiyat Al-Mahjoub,2026-07-06 02:41:44
SR000967,MED0201,Tripoli,Abu Salim,2026-06-20 12:22:03
SR000968,MED0041,Tripoli,Janzour,2026-08-09 13:36:36
SR000969,MED0304,Tripoli,Souq Al Juma'a,2026-07-18 00:32:32
SR000970,MED0245,Tripoli,Hay Al-Andalus,2026-06-02 13:16:27
SR000971,MED0221,Tripoli,Tajoura,2026-07-18 00:39:38
SR000972,MED0433,Misrata,Qasr Ahmad,2026-07-15 16:35:42
SR000973,MED0435,Benghazi,Al-Hadaeq,2026-04-16 12:14:29
SR000974,MED0201,Sabha,Al-Manshiya,2026-04-27 00:59:53
SR000975,MED0314,Tripoli,Souq Al Juma'a,2026-05-31 08:38:22
SR000976,MED0076,Tripoli,Janzour,2026-06-21 05:57:57
SR000977,MED0348,Tripoli,Gargaresh,2026-05-21 00:28:21
SR000978,MED0074,Tripoli,Abu Salim,2026-05-26 22:23:23
SR000979,MED0001,Tripoli,Fashloum,2026-08-09 08:01:20
SR000980,MED0041,Benghazi,Al-Selmani,2026-08-05 08:49:26
SR000981,MED0227,Benghazi,Al-Berka,2026-07-31 10:39:46
SR000982,MED0021,Tripoli,Janzour,2026-07-24 11:03:16
SR000983,MED0075,Tripoli,Ain Zara,2026-08-15 22:54:35
SR000984,MED0440,Tripoli,Tajoura,2026-01-14 18:45:47
SR000985,MED0157,Tripoli,Gargaresh,2026-05-25 00:24:00
SR000986,MED0100,Tripoli,Ain Zara,2026-05-05 19:04:57
SR000987,MED0297,Benghazi,Al-Fuwayhat,2026-08-17 02:36:05
SR000988,MED0370,Misrata,Al-Karareem,2026-03-01 20:47:13
SR000989,MED0503,Tripoli,Janzour,2026-06-26 20:29:41
SR000990,MED0127,Tripoli,Hay Al-Andalus,2026-07-14 07:11:50
SR000991,MED0257,Zawiya,Al-Mashtal,2026-06-15 05:56:52
SR000992,MED0026,Tripoli,Hay Al-Andalus,2026-06-18 13:33:10
SR000993,MED0064,Tripoli,Abu Salim,2026-07-31 12:26:29
SR000994,MED0229,Benghazi,Al-Hadaeq,2026-06-14 05:51:06
SR000995,MED0405,Tripoli,Ain Zara,2026-04-09 00:36:53
SR000996,MED0434,Misrata,Al-Karareem,2026-05-16 17:55:28
SR000997,MED0020,Benghazi,Al-Berka,2026-03-26 04:14:22
SR000998,MED0225,Tripoli,Abu Salim,2026-06-16 16:12:58
SR000999,MED0010,Tripoli,Abu Salim,2026-07-24 18:13:19
SR001000,MED0038,Tripoli,Abu Salim,2026-07-17 03:38:59
SR001001,MED0431,Tripoli,Tajoura,2026-05-09 06:50:08
SR001002,MED0138,Tripoli,Souq Al Juma'a,2026-07-09 16:03:58
SR001003,MED0038,Misrata,Al-Karareem,2026-06-29 04:07:53
SR001004,MED0041,Tripoli,Souq Al Juma'a,2026-04-15 06:45:02
SR001005,MED0030,Tripoli,Ain Zara,2026-05-21 22:51:29
SR001006,MED0344,Benghazi,Al-Selmani,2026-08-08 22:04:57
SR001007,MED0173,Tripoli,Janzour,2026-05-06 11:23:38
SR001008,MED0291,Tripoli,Fashloum,2026-07-01 13:56:56
SR001009,MED0143,Zawiya,Al-Harsha,2026-07-02 05:25:49
SR001010,MED0492,Benghazi,Al-Sabri,2026-06-15 09:47:12
SR001011,MED0078,Tripoli,Gargaresh,2026-07-14 03:10:22
SR001012,MED0206,Misrata,Qasr Ahmad,2026-08-18 05:17:34
SR001013,MED0075,Tripoli,Fashloum,2026-05-28 06:24:53
SR001014,MED0369,Misrata,Al-Ghiran,2026-04-28 10:36:38
SR001015,MED0030,Tripoli,Abu Salim,2026-07-13 18:23:47
SR001016,MED0157,Tripoli,Janzour,2026-08-13 17:23:33
SR001017,MED0017,Misrata,Al-Ghiran,2026-07-22 21:23:22
SR001018,MED0168,Tripoli,Janzour,2026-07-07 04:18:20
SR001019,MED0179,Tripoli,Gargaresh,2026-07-15 00:48:37
SR001020,MED0077,Misrata,Zawiyat Al-Mahjoub,2026-02-28 10:34:49
SR001021,MED0373,Benghazi,Al-Sabri,2026-06-28 12:30:20
SR001022,MED0420,Tripoli,Fashloum,2026-07-05 20:57:51
SR001023,MED0173,Tripoli,Abu Salim,2026-08-09 07:18:16
SR001024,MED0359,Zawiya,Al-Mashtal,2026-07-18 09:48:44
SR001025,MED0005,Tripoli,Tajoura,2026-04-19 13:49:15
SR001026,MED0079,Tripoli,Ain Zara,2026-06-13 13:42:05
SR001027,MED0190,Benghazi,Al-Sabri,2026-06-03 01:58:05
SR001028,MED0247,Zawiya,Al-Mashtal,2026-06-18 10:34:00
SR001029,MED0276,Zawiya,Al-Harsha,2026-03-15 07:41:57
SR001030,MED0470,Benghazi,Al-Hadaeq,2026-06-26 02:57:29
SR001031,MED0122,Tripoli,Gargaresh,2026-07-08 02:22:16
SR001032,MED0179,Benghazi,Al-Sabri,2026-08-15 10:40:40
SR001033,MED0303,Benghazi,Al-Fuwayhat,2026-08-13 07:46:05
SR001034,MED0458,Tripoli,Souq Al Juma'a,2026-05-15 11:38:41
SR001035,MED0229,Tripoli,Hay Al-Andalus,2026-07-10 16:12:44
SR001036,MED0289,Zliten,Souq Al-Thulatha,2026-07-26 01:49:58
SR001037,MED0056,Tripoli,Abu Salim,2026-07-16 21:58:11
SR001038,MED0238,Tripoli,Tajoura,2026-04-16 01:56:37
SR001039,MED0478,Tripoli,Janzour,2026-07-30 17:52:08
SR001040,MED0174,Benghazi,Al-Selmani,2026-04-16 14:12:14
SR001041,MED0451,Tripoli,Tajoura,2026-06-09 10:55:55
SR001042,MED0404,Sabha,Al-Manshiya,2026-07-05 05:06:59
SR001043,MED0174,Zawiya,Al-Harsha,2026-08-07 23:08:30
SR001044,MED0004,Zawiya,Al-Mashtal,2026-04-25 22:12:51
SR001045,MED0425,Benghazi,Al-Sabri,2026-04-03 16:45:51
SR001046,MED0439,Benghazi,Al-Berka,2026-07-03 01:18:01
SR001047,MED0246,Tripoli,Ain Zara,2026-06-06 03:59:06
SR001048,MED0054,Tripoli,Tajoura,2026-05-04 11:42:42
SR001049,MED0044,Tripoli,Janzour,2026-07-28 05:45:43
SR001050,MED0464,Tripoli,Souq Al Juma'a,2026-04-10 07:52:36
SR001051,MED0141,Tripoli,Janzour,2026-03-27 23:33:42
SR001052,MED0164,Tripoli,Souq Al Juma'a,2026-06-21 03:29:51
SR001053,MED0056,Tripoli,Fashloum,2026-05-22 19:28:26
SR001054,MED0235,Tripoli,Tajoura,2026-08-03 19:07:50
SR001055,MED0147,Tripoli,Gargaresh,2026-07-28 05:01:06
SR001056,MED0257,Tripoli,Tajoura,2026-07-18 00:27:14
SR001057,MED0202,Tripoli,Fashloum,2026-03-31 14:06:05
SR001058,MED0074,Tripoli,Ain Zara,2026-05-29 22:46:57
SR001059,MED0173,Misrata,Al-Ghiran,2026-05-09 04:36:36
SR001060,MED0376,Tripoli,Janzour,2026-07-03 05:38:43
SR001061,MED0332,Tripoli,Ain Zara,2026-05-29 06:27:45
SR001062,MED0380,Tripoli,Fashloum,2026-07-04 23:54:19
SR001063,MED0116,Tripoli,Souq Al Juma'a,2026-05-30 14:37:19
SR001064,MED0438,Tripoli,Abu Salim,2026-07-20 05:00:24
SR001065,MED0498,Misrata,Zawiyat Al-Mahjoub,2026-07-20 12:11:33
SR001066,MED0365,Benghazi,Al-Selmani,2026-05-31 08:41:43
SR001067,MED0345,Sabha,Tayouri,2026-03-24 11:08:24
SR001068,MED0022,Tripoli,Tajoura,2026-07-14 04:18:06
SR001069,MED0218,Tripoli,Abu Salim,2026-07-25 01:53:35
SR001070,MED0342,Tripoli,Janzour,2026-04-21 03:20:26
SR001071,MED0170,Benghazi,Al-Selmani,2026-03-28 11:32:14
SR001072,MED0020,Tripoli,Souq Al Juma'a,2026-07-08 18:40:34
SR001073,MED0016,Tripoli,Gargaresh,2026-06-13 20:34:59
SR001074,MED0329,Tripoli,Abu Salim,2026-07-27 06:31:56
SR001075,MED0008,Tripoli,Hay Al-Andalus,2026-03-20 15:35:33
SR001076,MED0459,Benghazi,Al-Selmani,2026-04-12 13:41:19
SR001077,MED0001,Benghazi,Al-Selmani,2026-06-02 22:20:03
SR001078,MED0516,Tripoli,Janzour,2026-07-14 04:55:36
SR001079,MED0240,Benghazi,Al-Sabri,2026-07-08 12:39:31
SR001080,MED0390,Tripoli,Abu Salim,2026-07-08 00:46:42
SR001081,MED0212,Zliten,Souq Al-Thulatha,2026-06-27 21:50:11
SR001082,MED0038,Benghazi,Al-Berka,2026-07-19 13:32:58
SR001083,MED0026,Benghazi,Al-Hadaeq,2026-06-28 08:25:50
SR001084,MED0453,Tripoli,Hay Al-Andalus,2026-07-29 01:05:39
SR001085,MED0149,Tripoli,Abu Salim,2026-07-28 06:02:09
SR001086,MED0056,Benghazi,Al-Berka,2026-05-19 21:26:41
SR001087,MED0455,Sabha,Al-Dawwar,2026-07-09 21:34:10
SR001088,MED0411,Tripoli,Janzour,2026-07-04 15:24:12
SR001089,MED0095,Misrata,Al-Karareem,2026-05-15 01:51:12
SR001090,MED0237,Tripoli,Gargaresh,2026-07-14 17:58:27
SR001091,MED0223,Benghazi,Al-Sabri,2026-07-08 22:27:07
SR001092,MED0309,Misrata,Qasr Ahmad,2026-08-13 16:49:07
SR001093,MED0005,Tripoli,Fashloum,2026-07-20 11:10:33
SR001094,MED0132,Tripoli,Fashloum,2026-08-01 04:49:14
SR001095,MED0209,Tripoli,Janzour,2026-06-07 03:25:28
SR001096,MED0258,Tripoli,Abu Salim,2026-04-01 10:19:08
SR001097,MED0104,Tripoli,Ain Zara,2026-04-28 19:38:44
SR001098,MED0434,Benghazi,Al-Selmani,2026-08-10 07:46:44
SR001099,MED0415,Benghazi,Al-Fuwayhat,2026-06-28 04:46:49
SR001100,MED0367,Tripoli,Janzour,2026-04-27 17:55:42
SR001101,MED0322,Tripoli,Tajoura,2026-06-22 22:04:51
SR001102,MED0042,Benghazi,Al-Hadaeq,2026-06-30 18:59:58
SR001103,MED0064,Tripoli,Souq Al Juma'a,2026-05-06 23:31:38
SR001104,MED0396,Tripoli,Abu Salim,2026-02-16 07:36:23
SR001105,MED0257,Tripoli,Souq Al Juma'a,2026-08-09 20:49:37
SR001106,MED0223,Misrata,Al-Karareem,2026-05-11 09:11:09
SR001107,MED0025,Benghazi,Al-Fuwayhat,2026-07-05 13:40:33
SR001108,MED0379,Tripoli,Fashloum,2026-07-28 22:15:47
SR001109,MED0021,Tripoli,Fashloum,2026-07-06 11:05:03
SR001110,MED0312,Tripoli,Janzour,2026-03-04 07:44:33
SR001111,MED0160,Tripoli,Abu Salim,2026-06-18 02:35:10
SR001112,MED0125,Tripoli,Tajoura,2026-05-26 09:29:41
SR001113,MED0140,Misrata,Qasr Ahmad,2026-04-17 12:46:08
SR001114,MED0357,Benghazi,Al-Sabri,2026-07-29 18:38:33
SR001115,MED0283,Misrata,Qasr Ahmad,2026-04-05 04:42:25
SR001116,MED0209,Misrata,Al-Ghiran,2026-06-23 22:27:18
SR001117,MED0354,Benghazi,Al-Fuwayhat,2026-08-07 04:03:19
SR001118,MED0415,Benghazi,Al-Berka,2026-06-30 11:02:02
SR001119,MED0238,Zawiya,Al-Harsha,2026-05-12 06:34:04
SR001120,MED0168,Tripoli,Gargaresh,2026-07-14 08:58:04
SR001121,MED0432,Tripoli,Souq Al Juma'a,2026-06-30 11:51:26
SR001122,MED0021,Tripoli,Fashloum,2026-04-28 07:42:09
SR001123,MED0309,Benghazi,Al-Berka,2026-07-17 08:38:09
SR001124,MED0369,Tripoli,Abu Salim,2026-06-28 14:00:21
SR001125,MED0045,Tripoli,Fashloum,2026-07-03 02:32:20
SR001126,MED0271,Tripoli,Fashloum,2026-04-11 15:06:39
SR001127,MED0426,Misrata,Al-Ghiran,2026-05-27 02:21:46
SR001128,MED0237,Benghazi,Al-Berka,2026-08-01 14:09:24
SR001129,MED0256,Sabha,Tayouri,2026-07-26 02:32:56
SR001130,MED0460,Tripoli,Fashloum,2026-06-04 17:32:20
SR001131,MED0207,Tripoli,Gargaresh,2026-06-11 20:47:40
SR001132,MED0221,Misrata,Qasr Ahmad,2026-07-15 10:13:57
SR001133,MED0097,Misrata,Zawiyat Al-Mahjoub,2026-05-31 18:04:25
SR001134,MED0206,Tripoli,Tajoura,2026-07-25 16:48:23
SR001135,MED0014,Benghazi,Al-Sabri,2026-06-26 13:12:50
SR001136,MED0236,Tripoli,Janzour,2026-07-28 18:58:15
SR001137,MED0478,Tripoli,Abu Salim,2026-06-14 18:30:35
SR001138,MED0178,Tripoli,Fashloum,2026-04-20 18:13:36
SR001139,MED0371,Tripoli,Hay Al-Andalus,2026-06-20 21:35:51
SR001140,MED0089,Zawiya,Al-Harsha,2026-05-18 10:54:43
SR001141,MED0029,Tripoli,Souq Al Juma'a,2026-06-01 10:47:11
SR001142,MED0279,Tripoli,Ain Zara,2026-08-09 05:00:01
SR001143,MED0057,Benghazi,Al-Fuwayhat,2026-06-16 16:04:42
SR001144,MED0021,Zliten,Al-Qasabat,2026-07-05 23:33:11
SR001145,MED0056,Misrata,Qasr Ahmad,2026-07-16 04:15:57
SR001146,MED0236,Tripoli,Ain Zara,2026-06-15 09:15:02
SR001147,MED0243,Benghazi,Al-Fuwayhat,2026-08-05 02:07:33
SR001148,MED0106,Tripoli,Ain Zara,2026-07-31 06:05:59
SR001149,MED0468,Tripoli,Hay Al-Andalus,2026-05-06 10:02:56
SR001150,MED0358,Tripoli,Janzour,2026-07-11 20:59:20
SR001151,MED0373,Zliten,Al-Qasabat,2026-05-21 15:42:21
SR001152,MED0411,Tripoli,Gargaresh,2026-07-23 23:39:25
SR001153,MED0290,Tripoli,Hay Al-Andalus,2026-05-27 03:53:10
SR001154,MED0365,Tripoli,Tajoura,2026-05-24 21:09:37
SR001155,MED0382,Tripoli,Janzour,2026-08-20 08:31:35
SR001156,MED0117,Tripoli,Tajoura,2026-07-29 12:53:13
SR001157,MED0437,Tripoli,Souq Al Juma'a,2026-06-28 12:31:47
SR001158,MED0438,Misrata,Qasr Ahmad,2026-06-26 12:29:31
SR001159,MED0468,Tripoli,Ain Zara,2026-07-11 06:52:24
SR001160,MED0242,Zawiya,Bir Al-Ghanam,2026-07-28 15:13:09
SR001161,MED0215,Tripoli,Abu Salim,2026-06-29 13:13:21
SR001162,MED0268,Tripoli,Fashloum,2026-08-19 17:52:16
SR001163,MED0512,Zawiya,Al-Harsha,2026-05-26 17:51:01
SR001164,MED0394,Tripoli,Gargaresh,2026-08-18 03:32:06
SR001165,MED0239,Tripoli,Gargaresh,2026-05-27 17:00:38
SR001166,MED0027,Sabha,Al-Dawwar,2026-04-15 11:40:15
SR001167,MED0502,Tripoli,Hay Al-Andalus,2026-07-18 03:57:32
SR001168,MED0060,Tripoli,Tajoura,2026-07-31 08:27:27
SR001169,MED0075,Zliten,Al-Qasabat,2026-06-26 15:17:37
SR001170,MED0368,Benghazi,Al-Selmani,2026-05-30 10:22:59
SR001171,MED0211,Misrata,Zawiyat Al-Mahjoub,2026-07-29 11:30:58
SR001172,MED0480,Zliten,Al-Qasabat,2026-08-18 15:56:48
SR001173,MED0365,Benghazi,Al-Sabri,2026-07-07 19:58:41
SR001174,MED0270,Tripoli,Janzour,2026-06-20 10:15:07
SR001175,MED0235,Sabha,Al-Manshiya,2026-08-08 09:24:48
SR001176,MED0220,Tripoli,Ain Zara,2026-07-20 11:07:29
SR001177,MED0366,Tripoli,Hay Al-Andalus,2026-06-25 14:20:51
SR001178,MED0373,Tripoli,Fashloum,2026-05-20 08:09:47
SR001179,MED0330,Tripoli,Tajoura,2026-04-29 10:51:07
SR001180,MED0248,Benghazi,Al-Hadaeq,2026-08-11 17:41:56
SR001181,MED0399,Misrata,Al-Ghiran,2026-08-04 14:56:38
SR001182,MED0263,Benghazi,Al-Fuwayhat,2026-07-05 06:53:20
SR001183,MED0017,Tripoli,Tajoura,2026-06-20 05:02:13
SR001184,MED0216,Zawiya,Al-Mashtal,2026-08-06 08:47:32
SR001185,MED0138,Tripoli,Souq Al Juma'a,2026-05-29 19:18:16
SR001186,MED0029,Tripoli,Souq Al Juma'a,2026-07-04 20:15:27
SR001187,MED0064,Tripoli,Hay Al-Andalus,2026-01-06 01:35:05
SR001188,MED0022,Tripoli,Fashloum,2026-07-10 04:04:05
SR001189,MED0459,Tripoli,Janzour,2026-04-16 09:00:08
SR001190,MED0210,Tripoli,Hay Al-Andalus,2026-06-26 15:11:03
SR001191,MED0194,Tripoli,Gargaresh,2026-05-02 00:53:49
SR001192,MED0178,Tripoli,Tajoura,2026-02-19 21:17:13
SR001193,MED0369,Tripoli,Janzour,2026-08-17 14:04:56
SR001194,MED0056,Tripoli,Tajoura,2026-07-11 15:13:20
SR001195,MED0469,Misrata,Qasr Ahmad,2026-07-23 01:07:05
SR001196,MED0505,Tripoli,Tajoura,2026-07-12 15:58:33
SR001197,MED0257,Tripoli,Abu Salim,2026-06-12 17:15:45
SR001198,MED0400,Tripoli,Janzour,2026-06-13 05:29:35
SR001199,MED0380,Tripoli,Fashloum,2026-08-05 12:29:39
SR001200,MED0010,Benghazi,Al-Fuwayhat,2026-08-06 15:40:55
SR001201,MED0003,Tripoli,Ain Zara,2026-07-14 13:01:10
SR001202,MED0449,Tripoli,Abu Salim,2026-05-06 23:35:12
SR001203,MED0207,Tripoli,Souq Al Juma'a,2026-06-14 05:06:18
SR001204,MED0516,Tripoli,Abu Salim,2026-06-17 18:51:08
SR001205,MED0158,Tripoli,Gargaresh,2026-08-01 10:12:35
SR001206,MED0161,Tripoli,Tajoura,2026-05-13 17:47:54
SR001207,MED0409,Tripoli,Abu Salim,2026-07-08 07:05:19
SR001208,MED0284,Tripoli,Abu Salim,2026-08-04 07:05:56
SR001209,MED0437,Tripoli,Ain Zara,2026-06-04 15:47:04
SR001210,MED0083,Tripoli,Ain Zara,2026-05-12 23:30:48
SR001211,MED0318,Tripoli,Fashloum,2026-08-05 20:24:33
SR001212,MED0015,Tripoli,Fashloum,2026-07-14 01:16:58
SR001213,MED0281,Tripoli,Fashloum,2026-02-09 23:07:16
SR001214,MED0025,Tripoli,Ain Zara,2026-07-26 17:15:04
SR001215,MED0282,Misrata,Zawiyat Al-Mahjoub,2026-08-04 01:44:29
SR001216,MED0477,Tripoli,Tajoura,2026-05-02 13:57:29
SR001217,MED0498,Tripoli,Janzour,2026-05-28 05:34:35
SR001218,MED0018,Tripoli,Tajoura,2026-05-19 12:11:00
SR001219,MED0469,Tripoli,Hay Al-Andalus,2026-06-27 04:33:10
SR001220,MED0271,Tripoli,Tajoura,2026-07-22 16:03:50
SR001221,MED0130,Tripoli,Souq Al Juma'a,2026-06-09 01:24:49
SR001222,MED0357,Tripoli,Abu Salim,2026-07-12 21:07:11
SR001223,MED0038,Benghazi,Al-Hadaeq,2026-05-28 02:23:55
SR001224,MED0488,Tripoli,Gargaresh,2026-06-14 17:38:50
SR001225,MED0392,Tripoli,Hay Al-Andalus,2026-06-14 00:55:18
SR001226,MED0056,Benghazi,Al-Berka,2026-07-12 09:16:18
SR001227,MED0492,Benghazi,Al-Sabri,2026-05-13 05:55:42
SR001228,MED0291,Tripoli,Gargaresh,2026-06-18 16:09:28
SR001229,MED0114,Benghazi,Al-Hadaeq,2026-07-26 02:43:48
SR001230,MED0425,Tripoli,Fashloum,2026-07-09 16:14:24
SR001231,MED0028,Tripoli,Hay Al-Andalus,2026-07-04 09:14:44
SR001232,MED0194,Tripoli,Janzour,2026-05-23 22:52:30
SR001233,MED0218,Tripoli,Hay Al-Andalus,2026-07-29 21:42:30
SR001234,MED0106,Tripoli,Gargaresh,2026-04-24 17:54:07
SR001235,MED0081,Misrata,Zawiyat Al-Mahjoub,2026-05-31 03:47:30
SR001236,MED0169,Tripoli,Janzour,2026-06-04 03:54:14
SR001237,MED0213,Misrata,Al-Ghiran,2026-04-09 04:11:02
SR001238,MED0323,Tripoli,Abu Salim,2026-07-17 15:26:17
SR001239,MED0157,Tripoli,Hay Al-Andalus,2026-02-03 07:19:24
SR001240,MED0517,Misrata,Al-Ghiran,2026-07-30 00:56:43
SR001241,MED0439,Tripoli,Abu Salim,2026-06-19 06:09:08
SR001242,MED0203,Tripoli,Ain Zara,2026-05-05 21:34:59
SR001243,MED0066,Benghazi,Al-Fuwayhat,2026-07-25 00:26:57
SR001244,MED0405,Tripoli,Janzour,2026-08-12 13:00:28
SR001245,MED0329,Tripoli,Janzour,2026-03-01 06:19:26
SR001246,MED0204,Tripoli,Tajoura,2026-07-24 04:24:46
SR001247,MED0126,Benghazi,Al-Fuwayhat,2026-07-30 00:50:05
SR001248,MED0510,Tripoli,Tajoura,2026-05-09 20:32:08
SR001249,MED0113,Tripoli,Souq Al Juma'a,2026-05-27 23:47:12
SR001250,MED0469,Tripoli,Gargaresh,2026-05-30 05:59:22
SR001251,MED0257,Zliten,Souq Al-Thulatha,2026-07-14 18:40:17
SR001252,MED0033,Tripoli,Souq Al Juma'a,2026-07-28 07:44:24
SR001253,MED0007,Tripoli,Tajoura,2026-05-13 20:25:59
SR001254,MED0111,Benghazi,Al-Hadaeq,2026-05-27 17:54:32
SR001255,MED0309,Benghazi,Al-Berka,2026-07-13 20:50:51
SR001256,MED0459,Tripoli,Abu Salim,2026-08-08 07:05:02
SR001257,MED0287,Misrata,Al-Ghiran,2026-08-17 08:57:25
SR001258,MED0386,Tripoli,Ain Zara,2026-06-03 02:29:48
SR001259,MED0513,Tripoli,Hay Al-Andalus,2026-08-16 06:58:35
SR001260,MED0133,Tripoli,Ain Zara,2026-06-04 02:29:01
SR001261,MED0237,Tripoli,Abu Salim,2026-06-26 04:06:08
SR001262,MED0498,Tripoli,Souq Al Juma'a,2026-07-16 18:51:03
SR001263,MED0029,Tripoli,Fashloum,2026-07-03 04:51:42
SR001264,MED0241,Tripoli,Gargaresh,2026-06-07 16:11:13
SR001265,MED0316,Misrata,Al-Karareem,2026-08-07 04:55:54
SR001266,MED0236,Tripoli,Hay Al-Andalus,2026-08-14 13:35:50
SR001267,MED0143,Tripoli,Ain Zara,2026-06-28 23:55:05
SR001268,MED0498,Zawiya,Bir Al-Ghanam,2026-08-17 08:04:29
SR001269,MED0113,Tripoli,Souq Al Juma'a,2026-08-16 17:54:28
SR001270,MED0044,Tripoli,Souq Al Juma'a,2026-07-08 02:10:33
SR001271,MED0022,Tripoli,Ain Zara,2026-06-18 15:25:08
SR001272,MED0427,Tripoli,Souq Al Juma'a,2026-08-12 07:45:27
SR001273,MED0044,Tripoli,Gargaresh,2026-06-06 21:02:29
SR001274,MED0363,Tripoli,Hay Al-Andalus,2026-06-04 07:11:15
SR001275,MED0390,Misrata,Qasr Ahmad,2026-06-09 09:06:00
SR001276,MED0369,Misrata,Al-Ghiran,2026-06-19 00:07:17
SR001277,MED0231,Benghazi,Al-Fuwayhat,2026-07-24 14:19:30
SR001278,MED0257,Tripoli,Hay Al-Andalus,2026-04-10 22:49:25
SR001279,MED0303,Misrata,Al-Ghiran,2026-06-28 01:22:22
SR001280,MED0022,Benghazi,Al-Hadaeq,2026-05-21 14:40:07
SR001281,MED0352,Tripoli,Ain Zara,2026-07-26 07:48:21
SR001282,MED0212,Misrata,Zawiyat Al-Mahjoub,2026-07-29 03:52:16
SR001283,MED0233,Misrata,Al-Karareem,2026-07-31 19:36:46
SR001284,MED0362,Zawiya,Al-Harsha,2026-07-15 11:36:00
SR001285,MED0457,Zawiya,Al-Harsha,2026-06-03 16:20:10
SR001286,MED0376,Tripoli,Abu Salim,2026-05-02 08:34:36
SR001287,MED0033,Tripoli,Abu Salim,2026-06-17 09:03:53
SR001288,MED0218,Benghazi,Al-Berka,2026-07-10 00:50:35
SR001289,MED0027,Misrata,Qasr Ahmad,2026-07-21 21:16:39
SR001290,MED0469,Tripoli,Fashloum,2026-04-30 22:17:47
SR001291,MED0468,Sabha,Al-Manshiya,2026-06-25 15:11:26
SR001292,MED0233,Tripoli,Ain Zara,2026-06-07 04:50:12
SR001293,MED0248,Tripoli,Janzour,2026-07-25 05:56:11
SR001294,MED0162,Tripoli,Hay Al-Andalus,2026-08-17 08:57:36
SR001295,MED0098,Zawiya,Al-Harsha,2026-07-31 02:20:17
SR001296,MED0446,Zawiya,Bir Al-Ghanam,2026-06-29 22:12:54
SR001297,MED0130,Tripoli,Souq Al Juma'a,2026-07-24 06:58:06
SR001298,MED0077,Zliten,Al-Qasabat,2026-06-09 17:53:35
SR001299,MED0378,Tripoli,Souq Al Juma'a,2026-06-23 07:29:51
SR001300,MED0509,Benghazi,Al-Hadaeq,2026-07-31 09:45:27
SR001301,MED0435,Tripoli,Ain Zara,2026-07-23 17:35:45
SR001302,MED0438,Benghazi,Al-Berka,2026-07-30 16:18:10
SR001303,MED0285,Benghazi,Al-Hadaeq,2026-08-03 10:34:36
SR001304,MED0213,Misrata,Zawiyat Al-Mahjoub,2026-07-12 18:44:44
SR001305,MED0230,Misrata,Al-Karareem,2026-08-06 07:36:46
SR001306,MED0450,Tripoli,Fashloum,2026-08-05 03:29:33
SR001307,MED0503,Benghazi,Al-Fuwayhat,2026-06-25 06:33:27
SR001308,MED0063,Benghazi,Al-Selmani,2026-07-31 01:55:07
SR001309,MED0123,Zawiya,Al-Harsha,2026-08-04 22:10:30
SR001310,MED0003,Tripoli,Gargaresh,2026-05-16 10:54:04
SR001311,MED0192,Tripoli,Fashloum,2026-07-29 12:23:44
SR001312,MED0242,Tripoli,Abu Salim,2026-06-05 04:55:00
SR001313,MED0044,Tripoli,Janzour,2026-08-16 06:15:15
SR001314,MED0173,Tripoli,Hay Al-Andalus,2026-04-29 14:27:09
SR001315,MED0318,Tripoli,Tajoura,2026-05-24 03:36:02
SR001316,MED0017,Misrata,Qasr Ahmad,2026-05-26 23:12:42
SR001317,MED0467,Tripoli,Hay Al-Andalus,2026-06-17 19:19:37
SR001318,MED0082,Tripoli,Janzour,2026-07-28 13:55:33
SR001319,MED0015,Benghazi,Al-Selmani,2026-05-11 14:13:02
SR001320,MED0284,Tripoli,Tajoura,2026-05-20 00:34:19
SR001321,MED0055,Tripoli,Souq Al Juma'a,2026-07-13 17:28:00
SR001322,MED0227,Tripoli,Tajoura,2026-04-22 15:55:47
SR001323,MED0520,Tripoli,Janzour,2026-08-07 16:49:50
SR001324,MED0046,Tripoli,Ain Zara,2026-08-03 10:06:10
SR001325,MED0442,Zawiya,Al-Harsha,2026-03-13 20:50:31
SR001326,MED0104,Benghazi,Al-Sabri,2026-06-20 22:10:01
SR001327,MED0406,Tripoli,Abu Salim,2026-05-08 10:23:58
SR001328,MED0141,Misrata,Qasr Ahmad,2026-07-03 21:38:05
SR001329,MED0409,Tripoli,Ain Zara,2026-05-25 07:58:21
SR001330,MED0520,Misrata,Zawiyat Al-Mahjoub,2026-06-29 15:39:34
SR001331,MED0447,Tripoli,Souq Al Juma'a,2026-07-07 07:19:54
SR001332,MED0067,Misrata,Qasr Ahmad,2026-08-15 02:33:45
SR001333,MED0057,Tripoli,Fashloum,2026-06-04 17:40:51
SR001334,MED0202,Tripoli,Ain Zara,2026-05-27 16:27:30
SR001335,MED0512,Benghazi,Al-Hadaeq,2026-08-02 08:21:38
SR001336,MED0060,Tripoli,Hay Al-Andalus,2026-06-07 10:16:02
SR001337,MED0051,Benghazi,Al-Fuwayhat,2026-08-03 01:37:54
SR001338,MED0021,Tripoli,Abu Salim,2026-08-08 17:07:16
SR001339,MED0131,Tripoli,Souq Al Juma'a,2026-05-31 05:07:11
SR001340,MED0182,Tripoli,Gargaresh,2026-05-23 02:20:59
SR001341,MED0059,Misrata,Zawiyat Al-Mahjoub,2026-07-21 19:05:03
SR001342,MED0350,Tripoli,Ain Zara,2026-05-02 00:22:22
SR001343,MED0355,Benghazi,Al-Hadaeq,2026-08-11 04:47:09
SR001344,MED0320,Tripoli,Hay Al-Andalus,2026-04-23 10:30:45
SR001345,MED0257,Zawiya,Al-Mashtal,2026-05-23 19:12:49
SR001346,MED0213,Zawiya,Bir Al-Ghanam,2026-03-19 16:49:31
SR001347,MED0434,Tripoli,Tajoura,2026-04-22 15:42:10
SR001348,MED0505,Tripoli,Janzour,2026-07-09 00:52:21
SR001349,MED0257,Tripoli,Gargaresh,2026-07-04 08:25:19
SR001350,MED0308,Sabha,Al-Manshiya,2026-08-11 01:29:27
SR001351,MED0323,Tripoli,Abu Salim,2026-07-21 02:06:13
SR001352,MED0250,Tripoli,Abu Salim,2026-06-11 15:12:13
SR001353,MED0366,Benghazi,Al-Selmani,2026-08-14 20:01:39
SR001354,MED0308,Tripoli,Ain Zara,2026-04-26 17:41:45
SR001355,MED0348,Tripoli,Hay Al-Andalus,2026-06-10 08:01:55
SR001356,MED0399,Benghazi,Al-Fuwayhat,2026-07-07 11:06:56
SR001357,MED0016,Misrata,Al-Karareem,2026-06-07 05:06:41
SR001358,MED0028,Benghazi,Al-Hadaeq,2026-07-21 15:09:55
SR001359,MED0033,Sabha,Al-Dawwar,2026-06-13 13:19:24
SR001360,MED0415,Tripoli,Abu Salim,2026-05-08 04:53:48
SR001361,MED0155,Tripoli,Tajoura,2026-07-23 19:41:06
SR001362,MED0183,Misrata,Qasr Ahmad,2026-06-07 08:11:58
SR001363,MED0439,Tripoli,Ain Zara,2026-07-01 05:05:59
SR001364,MED0034,Tripoli,Janzour,2026-08-18 22:49:39
SR001365,MED0257,Tripoli,Abu Salim,2026-08-12 11:04:09
SR001366,MED0042,Tripoli,Abu Salim,2026-03-04 19:02:56
SR001367,MED0023,Benghazi,Al-Fuwayhat,2026-07-23 07:57:11
SR001368,MED0154,Tripoli,Fashloum,2026-07-26 15:17:26
SR001369,MED0262,Benghazi,Al-Fuwayhat,2026-08-09 16:49:47
SR001370,MED0488,Tripoli,Abu Salim,2026-07-08 02:18:48
SR001371,MED0416,Benghazi,Al-Hadaeq,2026-07-30 21:44:11
SR001372,MED0411,Tripoli,Fashloum,2026-05-20 12:54:16
SR001373,MED0452,Tripoli,Souq Al Juma'a,2026-08-09 23:05:24
SR001374,MED0151,Tripoli,Fashloum,2026-03-25 15:04:28
SR001375,MED0227,Benghazi,Al-Berka,2026-05-23 20:30:11
SR001376,MED0467,Tripoli,Gargaresh,2026-05-17 10:37:29
SR001377,MED0275,Tripoli,Gargaresh,2026-05-21 17:23:16
SR001378,MED0293,Tripoli,Fashloum,2026-07-29 08:51:28
SR001379,MED0214,Zawiya,Bir Al-Ghanam,2026-06-23 00:17:53
SR001380,MED0270,Benghazi,Al-Berka,2026-05-02 05:28:13
SR001381,MED0162,Zawiya,Al-Harsha,2026-07-23 04:17:02
SR001382,MED0079,Tripoli,Fashloum,2026-06-16 02:10:28
SR001383,MED0397,Tripoli,Janzour,2026-07-26 19:26:56
SR001384,MED0212,Tripoli,Fashloum,2026-07-07 21:55:22
SR001385,MED0451,Tripoli,Ain Zara,2026-07-20 00:43:00
SR001386,MED0461,Tripoli,Hay Al-Andalus,2026-04-02 22:02:45
SR001387,MED0016,Sabha,Al-Manshiya,2026-08-20 09:23:19
SR001388,MED0223,Tripoli,Gargaresh,2026-07-08 22:48:56
SR001389,MED0041,Misrata,Zawiyat Al-Mahjoub,2026-08-15 22:46:44
SR001390,MED0237,Zliten,Al-Qasabat,2026-06-04 11:19:22
SR001391,MED0043,Zawiya,Bir Al-Ghanam,2026-05-11 17:42:45
SR001392,MED0281,Tripoli,Abu Salim,2026-07-31 02:07:45
SR001393,MED0271,Zliten,Al-Qasabat,2026-06-22 02:30:24
SR001394,MED0335,Zliten,Al-Qasabat,2026-06-13 23:35:41
SR001395,MED0105,Tripoli,Souq Al Juma'a,2026-06-08 14:23:34
SR001396,MED0468,Benghazi,Al-Selmani,2026-06-02 10:22:29
SR001397,MED0060,Tripoli,Tajoura,2026-06-26 15:16:21
SR001398,MED0187,Zliten,Al-Qasabat,2026-07-16 02:06:06
SR001399,MED0016,Tripoli,Gargaresh,2026-07-02 22:41:58
SR001400,MED0510,Misrata,Al-Ghiran,2026-06-08 16:32:40
SR001401,MED0238,Benghazi,Al-Hadaeq,2026-04-24 13:48:25
SR001402,MED0317,Tripoli,Ain Zara,2026-08-08 13:23:19
SR001403,MED0326,Tripoli,Tajoura,2026-05-06 01:06:19
SR001404,MED0063,Zawiya,Bir Al-Ghanam,2026-07-12 08:09:22
SR001405,MED0405,Tripoli,Abu Salim,2026-05-01 21:54:11
SR001406,MED0206,Tripoli,Hay Al-Andalus,2026-05-26 13:23:01
SR001407,MED0041,Tripoli,Hay Al-Andalus,2026-04-28 18:22:06
SR001408,MED0310,Sabha,Al-Manshiya,2026-04-04 10:10:08
SR001409,MED0104,Tripoli,Gargaresh,2026-07-31 14:25:06
SR001410,MED0064,Benghazi,Al-Selmani,2026-04-18 19:11:56
SR001411,MED0353,Tripoli,Fashloum,2026-06-26 00:48:32
SR001412,MED0030,Zawiya,Al-Harsha,2026-05-29 11:56:27
SR001413,MED0330,Zliten,Al-Qasabat,2026-06-30 23:11:33
SR001414,MED0103,Tripoli,Ain Zara,2026-08-03 22:54:23
SR001415,MED0068,Misrata,Al-Ghiran,2026-07-27 06:45:36
SR001416,MED0437,Tripoli,Abu Salim,2026-07-23 17:27:10
SR001417,MED0016,Tripoli,Fashloum,2026-08-07 21:04:50
SR001418,MED0017,Tripoli,Souq Al Juma'a,2026-08-18 15:03:36
SR001419,MED0021,Misrata,Al-Ghiran,2026-08-07 16:46:28
SR001420,MED0054,Tripoli,Hay Al-Andalus,2026-07-29 18:43:46
SR001421,MED0041,Tripoli,Ain Zara,2026-05-04 04:23:43
SR001422,MED0213,Tripoli,Gargaresh,2026-06-05 23:58:44
SR001423,MED0402,Benghazi,Al-Selmani,2026-07-03 20:54:48
SR001424,MED0227,Tripoli,Hay Al-Andalus,2026-08-16 19:15:36
SR001425,MED0161,Benghazi,Al-Selmani,2026-07-23 23:42:47
SR001426,MED0284,Tripoli,Fashloum,2026-06-20 12:47:15
SR001427,MED0478,Tripoli,Ain Zara,2026-08-18 08:41:58
SR001428,MED0253,Benghazi,Al-Berka,2026-06-19 13:47:51
SR001429,MED0221,Misrata,Al-Ghiran,2026-07-25 08:16:30
SR001430,MED0029,Benghazi,Al-Fuwayhat,2026-04-14 12:10:40
SR001431,MED0060,Tripoli,Souq Al Juma'a,2026-06-20 19:53:17
SR001432,MED0451,Tripoli,Abu Salim,2026-06-18 22:20:08
SR001433,MED0219,Tripoli,Tajoura,2026-08-01 01:34:55
SR001434,MED0297,Benghazi,Al-Sabri,2026-05-13 07:41:47
SR001435,MED0054,Tripoli,Gargaresh,2026-06-26 02:13:54
SR001436,MED0327,Tripoli,Ain Zara,2026-06-08 03:11:03
SR001437,MED0488,Misrata,Al-Ghiran,2026-08-06 18:15:45
SR001438,MED0173,Tripoli,Abu Salim,2026-08-12 15:33:57
SR001439,MED0468,Tripoli,Gargaresh,2026-05-14 11:51:40
SR001440,MED0399,Tripoli,Gargaresh,2026-06-25 07:48:32
SR001441,MED0026,Tripoli,Ain Zara,2026-06-16 02:39:27
SR001442,MED0131,Benghazi,Al-Hadaeq,2026-06-23 01:03:10
SR001443,MED0251,Misrata,Al-Ghiran,2026-07-26 01:13:04
SR001444,MED0008,Tripoli,Souq Al Juma'a,2026-06-06 20:48:37
SR001445,MED0213,Misrata,Zawiyat Al-Mahjoub,2026-05-22 15:31:08
SR001446,MED0438,Tripoli,Abu Salim,2026-08-18 05:40:06
SR001447,MED0332,Zawiya,Al-Mashtal,2026-08-14 16:01:48
SR001448,MED0219,Tripoli,Tajoura,2026-05-11 18:07:08
SR001449,MED0030,Benghazi,Al-Selmani,2026-07-12 23:14:14
SR001450,MED0124,Benghazi,Al-Hadaeq,2026-07-02 18:06:00
SR001451,MED0417,Misrata,Al-Karareem,2026-03-26 12:18:57
SR001452,MED0486,Tripoli,Gargaresh,2026-04-22 04:38:26
SR001453,MED0349,Tripoli,Ain Zara,2026-07-29 16:57:36
SR001454,MED0229,Benghazi,Al-Berka,2026-08-12 11:39:24
SR001455,MED0224,Misrata,Zawiyat Al-Mahjoub,2026-06-03 03:54:48
SR001456,MED0041,Tripoli,Abu Salim,2026-08-08 16:45:24
SR001457,MED0081,Tripoli,Souq Al Juma'a,2026-04-05 02:25:14
SR001458,MED0103,Tripoli,Hay Al-Andalus,2026-07-22 09:18:24
SR001459,MED0384,Misrata,Qasr Ahmad,2026-07-30 12:01:44
SR001460,MED0459,Tripoli,Abu Salim,2026-07-10 00:24:40
SR001461,MED0510,Tripoli,Souq Al Juma'a,2026-07-25 23:42:01
SR001462,MED0333,Benghazi,Al-Berka,2026-06-17 23:35:34
SR001463,MED0425,Benghazi,Al-Berka,2026-03-15 21:19:08
SR001464,MED0441,Misrata,Al-Karareem,2026-05-20 12:40:31
SR001465,MED0458,Tripoli,Ain Zara,2026-05-24 22:22:28
SR001466,MED0394,Tripoli,Gargaresh,2026-03-18 05:11:56
SR001467,MED0282,Tripoli,Souq Al Juma'a,2026-07-29 23:05:43
SR001468,MED0064,Benghazi,Al-Sabri,2026-07-24 13:46:42
SR001469,MED0024,Tripoli,Hay Al-Andalus,2026-05-06 20:22:20
SR001470,MED0448,Benghazi,Al-Sabri,2026-07-12 09:06:33
SR001471,MED0039,Tripoli,Ain Zara,2026-06-02 23:02:47
SR001472,MED0026,Tripoli,Gargaresh,2026-06-17 11:27:59
SR001473,MED0133,Zawiya,Al-Mashtal,2026-08-18 21:34:53
SR001474,MED0354,Tripoli,Ain Zara,2026-08-06 22:02:37
SR001475,MED0411,Tripoli,Souq Al Juma'a,2026-05-22 00:43:37
SR001476,MED0452,Sabha,Al-Dawwar,2026-06-30 13:41:05
SR001477,MED0330,Benghazi,Al-Selmani,2026-05-02 02:52:39
SR001478,MED0053,Zawiya,Bir Al-Ghanam,2026-07-25 21:41:39
SR001479,MED0258,Tripoli,Souq Al Juma'a,2026-04-02 04:37:16
SR001480,MED0013,Tripoli,Souq Al Juma'a,2026-07-24 23:45:32
SR001481,MED0193,Zawiya,Al-Harsha,2026-07-21 02:03:24
SR001482,MED0058,Tripoli,Tajoura,2026-08-04 09:08:17
SR001483,MED0026,Tripoli,Ain Zara,2026-05-19 06:58:16
SR001484,MED0261,Tripoli,Fashloum,2026-06-13 21:45:30
SR001485,MED0153,Zliten,Souq Al-Thulatha,2026-05-25 16:19:59
SR001486,MED0444,Tripoli,Souq Al Juma'a,2026-07-31 04:36:12
SR001487,MED0103,Tripoli,Hay Al-Andalus,2026-03-17 00:48:40
SR001488,MED0282,Misrata,Al-Ghiran,2026-06-26 01:40:58
SR001489,MED0196,Benghazi,Al-Fuwayhat,2026-06-08 09:05:56
SR001490,MED0434,Tripoli,Souq Al Juma'a,2026-05-17 20:56:35
SR001491,MED0156,Tripoli,Abu Salim,2026-05-05 17:45:28
SR001492,MED0336,Tripoli,Abu Salim,2026-07-13 08:52:24
SR001493,MED0132,Tripoli,Gargaresh,2026-05-08 18:41:01
SR001494,MED0258,Tripoli,Tajoura,2026-08-20 09:27:30
SR001495,MED0180,Tripoli,Janzour,2026-08-12 18:58:15
SR001496,MED0460,Tripoli,Hay Al-Andalus,2026-07-19 12:00:18
SR001497,MED0005,Tripoli,Fashloum,2026-08-14 21:26:11
SR001498,MED0334,Tripoli,Hay Al-Andalus,2026-05-14 08:47:07
SR001499,MED0287,Tripoli,Ain Zara,2026-06-29 14:23:40
SR001500,MED0448,Benghazi,Al-Fuwayhat,2026-08-13 10:08:52
SR001501,MED0146,Tripoli,Ain Zara,2026-04-27 02:39:17
SR001502,MED0127,Misrata,Zawiyat Al-Mahjoub,2026-06-20 23:17:59
SR001503,MED0027,Tripoli,Hay Al-Andalus,2026-07-07 04:28:52
SR001504,MED0095,Tripoli,Tajoura,2026-08-09 22:43:51
SR001505,MED0120,Tripoli,Fashloum,2026-04-30 09:53:27
SR001506,MED0279,Benghazi,Al-Fuwayhat,2026-03-19 16:50:30
SR001507,MED0469,Benghazi,Al-Selmani,2026-08-15 00:36:31
SR001508,MED0030,Tripoli,Hay Al-Andalus,2026-05-31 16:48:49
SR001509,MED0411,Tripoli,Hay Al-Andalus,2026-06-16 04:37:35
SR001510,MED0207,Benghazi,Al-Fuwayhat,2026-07-14 09:51:03
SR001511,MED0410,Zawiya,Al-Harsha,2026-08-14 13:17:45
SR001512,MED0369,Tripoli,Gargaresh,2026-05-26 21:57:12
SR001513,MED0481,Benghazi,Al-Sabri,2026-07-12 17:21:38
SR001514,MED0037,Tripoli,Ain Zara,2026-08-11 05:06:26
SR001515,MED0376,Tripoli,Tajoura,2026-03-29 07:03:08
SR001516,MED0448,Tripoli,Janzour,2026-07-29 21:36:08
SR001517,MED0254,Tripoli,Fashloum,2026-07-30 06:51:24
SR001518,MED0091,Zawiya,Al-Harsha,2026-05-17 02:58:17
SR001519,MED0042,Tripoli,Souq Al Juma'a,2026-07-21 17:35:55
SR001520,MED0349,Tripoli,Tajoura,2026-05-24 14:00:26
SR001521,MED0024,Misrata,Zawiyat Al-Mahjoub,2026-07-23 21:22:50
SR001522,MED0018,Benghazi,Al-Hadaeq,2026-05-29 11:08:33
SR001523,MED0152,Tripoli,Hay Al-Andalus,2026-07-30 19:40:08
SR001524,MED0232,Tripoli,Tajoura,2026-06-14 14:44:18
SR001525,MED0287,Zawiya,Al-Mashtal,2026-06-17 08:29:32
SR001526,MED0021,Tripoli,Gargaresh,2026-07-05 05:14:45
SR001527,MED0310,Tripoli,Abu Salim,2026-06-19 00:18:16
SR001528,MED0054,Misrata,Al-Karareem,2026-06-09 07:34:06
SR001529,MED0114,Tripoli,Tajoura,2026-06-21 22:26:04
SR001530,MED0116,Tripoli,Abu Salim,2026-07-04 04:31:00
SR001531,MED0517,Tripoli,Souq Al Juma'a,2026-04-02 00:42:47
SR001532,MED0362,Benghazi,Al-Hadaeq,2026-07-28 20:22:32
SR001533,MED0005,Zliten,Al-Qasabat,2026-08-03 18:18:56
SR001534,MED0105,Benghazi,Al-Fuwayhat,2026-05-17 06:10:56
SR001535,MED0203,Tripoli,Ain Zara,2026-02-19 00:28:52
SR001536,MED0336,Tripoli,Janzour,2026-07-13 06:42:15
SR001537,MED0313,Tripoli,Abu Salim,2026-06-30 20:53:35
SR001538,MED0030,Misrata,Qasr Ahmad,2026-03-30 03:02:36
SR001539,MED0156,Benghazi,Al-Fuwayhat,2026-07-30 21:35:36
SR001540,MED0145,Tripoli,Abu Salim,2026-07-05 05:51:05
SR001541,MED0072,Tripoli,Tajoura,2026-03-01 14:48:02
SR001542,MED0164,Tripoli,Abu Salim,2026-05-09 19:19:09
SR001543,MED0257,Tripoli,Ain Zara,2026-07-14 07:45:22
SR001544,MED0398,Misrata,Zawiyat Al-Mahjoub,2026-06-28 05:19:07
SR001545,MED0312,Tripoli,Fashloum,2026-07-19 06:21:14
SR001546,MED0158,Tripoli,Fashloum,2026-06-14 09:46:42
SR001547,MED0296,Tripoli,Hay Al-Andalus,2026-05-24 16:30:02
SR001548,MED0258,Benghazi,Al-Fuwayhat,2026-07-10 09:07:08
SR001549,MED0279,Zliten,Souq Al-Thulatha,2026-07-28 08:57:25
SR001550,MED0351,Tripoli,Ain Zara,2026-05-25 09:39:32
SR001551,MED0284,Tripoli,Ain Zara,2026-08-15 08:39:32
SR001552,MED0438,Benghazi,Al-Berka,2026-07-12 03:37:20
SR001553,MED0135,Tripoli,Hay Al-Andalus,2026-06-13 01:36:45
SR001554,MED0044,Tripoli,Hay Al-Andalus,2026-03-14 02:56:10
SR001555,MED0015,Tripoli,Ain Zara,2026-08-03 16:30:45
SR001556,MED0297,Tripoli,Fashloum,2026-08-08 14:55:28
SR001557,MED0258,Tripoli,Tajoura,2026-06-03 16:29:31
SR001558,MED0347,Benghazi,Al-Sabri,2026-04-25 22:11:27
SR001559,MED0068,Tripoli,Souq Al Juma'a,2026-04-25 06:49:19
SR001560,MED0049,Tripoli,Tajoura,2026-06-13 17:59:04
SR001561,MED0032,Benghazi,Al-Sabri,2026-08-02 12:55:14
SR001562,MED0031,Tripoli,Hay Al-Andalus,2026-07-28 18:05:20
SR001563,MED0128,Tripoli,Fashloum,2026-08-20 04:52:47
SR001564,MED0199,Tripoli,Abu Salim,2026-06-14 18:46:09
SR001565,MED0129,Tripoli,Hay Al-Andalus,2026-07-29 02:36:46
SR001566,MED0337,Misrata,Zawiyat Al-Mahjoub,2026-03-24 11:42:50
SR001567,MED0220,Tripoli,Tajoura,2026-06-07 13:32:27
SR001568,MED0313,Tripoli,Souq Al Juma'a,2026-07-16 10:43:39
SR001569,MED0451,Tripoli,Gargaresh,2026-08-18 14:55:34
SR001570,MED0213,Misrata,Qasr Ahmad,2026-07-16 07:25:27
SR001571,MED0016,Tripoli,Gargaresh,2026-07-10 14:57:25
SR001572,MED0241,Tripoli,Tajoura,2026-07-08 18:35:04
SR001573,MED0075,Tripoli,Janzour,2026-07-15 23:09:13
SR001574,MED0292,Tripoli,Hay Al-Andalus,2026-07-01 02:37:16
SR001575,MED0209,Tripoli,Janzour,2026-06-06 05:14:03
SR001576,MED0026,Benghazi,Al-Hadaeq,2026-08-07 17:43:06
SR001577,MED0357,Tripoli,Ain Zara,2026-04-12 23:43:30
SR001578,MED0201,Tripoli,Gargaresh,2026-04-27 03:33:41
SR001579,MED0114,Tripoli,Ain Zara,2026-03-03 10:17:50
SR001580,MED0504,Benghazi,Al-Berka,2026-07-25 20:51:42
SR001581,MED0282,Tripoli,Fashloum,2026-07-14 04:23:23
SR001582,MED0358,Tripoli,Janzour,2026-06-06 07:19:08
SR001583,MED0442,Benghazi,Al-Selmani,2026-07-31 16:33:59
SR001584,MED0514,Tripoli,Gargaresh,2026-08-16 20:04:54
SR001585,MED0105,Tripoli,Abu Salim,2026-08-15 23:09:32
SR001586,MED0202,Misrata,Al-Ghiran,2026-07-21 06:11:26
SR001587,MED0040,Tripoli,Janzour,2026-07-03 08:21:08
SR001588,MED0020,Tripoli,Ain Zara,2026-06-01 21:53:53
SR001589,MED0453,Tripoli,Fashloum,2026-08-03 21:23:14
SR001590,MED0507,Tripoli,Gargaresh,2026-03-04 05:56:02
SR001591,MED0012,Tripoli,Janzour,2026-05-17 08:25:38
SR001592,MED0044,Tripoli,Hay Al-Andalus,2026-05-12 01:48:43
SR001593,MED0170,Zliten,Souq Al-Thulatha,2026-05-22 20:32:05
SR001594,MED0174,Tripoli,Janzour,2026-04-30 07:29:50
SR001595,MED0233,Tripoli,Hay Al-Andalus,2026-08-04 10:57:28
SR001596,MED0426,Misrata,Al-Ghiran,2026-07-18 01:38:26
SR001597,MED0320,Tripoli,Janzour,2026-06-17 08:13:35
SR001598,MED0057,Zawiya,Al-Harsha,2026-07-20 05:17:57
SR001599,MED0482,Misrata,Al-Karareem,2026-03-14 20:49:10
SR001600,MED0304,Zliten,Souq Al-Thulatha,2026-07-26 00:16:29
SR001601,MED0094,Tripoli,Ain Zara,2026-07-21 12:34:22
SR001602,MED0457,Benghazi,Al-Hadaeq,2026-04-15 14:11:21
SR001603,MED0290,Tripoli,Fashloum,2026-05-14 05:16:45
SR001604,MED0150,Zawiya,Al-Harsha,2026-07-02 10:41:26
SR001605,MED0282,Tripoli,Souq Al Juma'a,2026-04-05 03:32:48
SR001606,MED0397,Tripoli,Fashloum,2026-06-04 23:15:21
SR001607,MED0327,Tripoli,Fashloum,2026-06-27 09:16:38
SR001608,MED0516,Benghazi,Al-Sabri,2026-05-17 23:52:38
SR001609,MED0138,Benghazi,Al-Fuwayhat,2026-08-11 07:38:36
SR001610,MED0037,Sabha,Al-Dawwar,2026-03-12 05:29:59
SR001611,MED0020,Tripoli,Tajoura,2026-06-10 16:05:28
SR001612,MED0084,Tripoli,Ain Zara,2026-06-09 21:12:13
SR001613,MED0018,Tripoli,Fashloum,2026-06-26 12:20:09
SR001614,MED0439,Tripoli,Hay Al-Andalus,2026-05-14 19:36:30
SR001615,MED0040,Tripoli,Janzour,2026-03-29 16:17:34
SR001616,MED0360,Tripoli,Abu Salim,2026-07-15 11:29:00
SR001617,MED0116,Misrata,Qasr Ahmad,2026-07-17 09:22:20
SR001618,MED0467,Benghazi,Al-Berka,2026-04-18 01:57:12
SR001619,MED0221,Benghazi,Al-Berka,2026-04-30 17:47:53
SR001620,MED0369,Tripoli,Fashloum,2026-06-17 06:58:56
SR001621,MED0233,Benghazi,Al-Berka,2026-05-28 15:51:09
SR001622,MED0012,Misrata,Qasr Ahmad,2026-07-31 12:45:48
SR001623,MED0335,Zawiya,Bir Al-Ghanam,2026-08-17 15:17:15
SR001624,MED0416,Misrata,Al-Ghiran,2026-05-22 20:00:03
SR001625,MED0254,Benghazi,Al-Hadaeq,2026-07-03 03:52:50
SR001626,MED0104,Tripoli,Janzour,2026-07-02 00:14:40
SR001627,MED0347,Tripoli,Ain Zara,2026-05-17 08:45:20
SR001628,MED0242,Tripoli,Hay Al-Andalus,2026-05-05 23:21:18
SR001629,MED0510,Tripoli,Gargaresh,2026-07-16 02:37:49
SR001630,MED0420,Tripoli,Abu Salim,2026-07-01 12:48:38
SR001631,MED0091,Misrata,Zawiyat Al-Mahjoub,2026-05-12 23:30:04
SR001632,MED0211,Benghazi,Al-Hadaeq,2026-08-06 00:45:17
SR001633,MED0296,Misrata,Zawiyat Al-Mahjoub,2026-08-18 19:07:29
SR001634,MED0352,Tripoli,Hay Al-Andalus,2026-06-16 10:47:53
SR001635,MED0496,Tripoli,Janzour,2026-06-11 06:46:46
SR001636,MED0413,Misrata,Qasr Ahmad,2026-05-18 10:35:08
SR001637,MED0363,Tripoli,Hay Al-Andalus,2026-06-14 18:16:31
SR001638,MED0433,Tripoli,Fashloum,2026-07-12 17:35:10
SR001639,MED0415,Tripoli,Abu Salim,2026-07-30 21:46:09
SR001640,MED0308,Misrata,Al-Ghiran,2026-07-25 16:46:32
SR001641,MED0358,Tripoli,Tajoura,2026-07-05 04:51:51
SR001642,MED0212,Benghazi,Al-Selmani,2026-07-02 15:41:02
SR001643,MED0252,Benghazi,Al-Selmani,2026-08-04 15:56:13
SR001644,MED0104,Benghazi,Al-Berka,2026-07-27 06:45:32
SR001645,MED0175,Tripoli,Tajoura,2026-06-29 08:43:08
SR001646,MED0365,Sabha,Tayouri,2026-08-16 09:31:47
SR001647,MED0114,Tripoli,Abu Salim,2026-05-22 21:28:29
SR001648,MED0365,Zawiya,Al-Harsha,2026-06-18 13:39:34
SR001649,MED0282,Tripoli,Janzour,2026-07-06 16:14:38
SR001650,MED0382,Tripoli,Ain Zara,2026-07-16 18:35:17
SR001651,MED0252,Benghazi,Al-Selmani,2026-08-06 11:40:37
SR001652,MED0284,Zliten,Al-Qasabat,2026-05-31 14:20:34
SR001653,MED0440,Tripoli,Janzour,2026-04-20 03:21:37
SR001654,MED0121,Misrata,Al-Karareem,2026-08-05 00:55:43
SR001655,MED0238,Tripoli,Tajoura,2026-05-15 08:30:28
SR001656,MED0084,Benghazi,Al-Sabri,2026-04-12 09:31:31
SR001657,MED0215,Tripoli,Ain Zara,2026-08-11 10:35:51
SR001658,MED0187,Tripoli,Hay Al-Andalus,2026-07-13 14:35:28
SR001659,MED0249,Tripoli,Ain Zara,2026-07-28 16:48:07
SR001660,MED0061,Tripoli,Fashloum,2026-06-28 09:35:45
SR001661,MED0192,Tripoli,Janzour,2026-06-05 21:15:22
SR001662,MED0035,Benghazi,Al-Hadaeq,2026-04-29 00:23:54
SR001663,MED0339,Benghazi,Al-Selmani,2026-07-31 17:15:04
SR001664,MED0273,Tripoli,Gargaresh,2026-05-23 10:08:51
SR001665,MED0037,Tripoli,Hay Al-Andalus,2026-08-01 07:10:02
SR001666,MED0041,Tripoli,Gargaresh,2026-07-31 02:11:21
SR001667,MED0379,Tripoli,Hay Al-Andalus,2026-04-11 19:59:28
SR001668,MED0354,Tripoli,Janzour,2026-08-15 19:42:45
SR001669,MED0021,Benghazi,Al-Sabri,2026-07-19 04:21:23
SR001670,MED0009,Tripoli,Souq Al Juma'a,2026-06-23 12:10:14
SR001671,MED0292,Tripoli,Tajoura,2026-04-23 21:01:55
SR001672,MED0005,Tripoli,Fashloum,2026-07-25 18:14:51
SR001673,MED0454,Benghazi,Al-Berka,2026-07-13 11:00:34
SR001674,MED0371,Tripoli,Abu Salim,2026-05-13 03:11:02
SR001675,MED0122,Tripoli,Souq Al Juma'a,2026-06-17 21:57:40
SR001676,MED0220,Zliten,Al-Qasabat,2026-06-06 16:47:46
SR001677,MED0480,Tripoli,Hay Al-Andalus,2026-08-13 15:59:46
SR001678,MED0419,Tripoli,Souq Al Juma'a,2026-02-20 23:13:32
SR001679,MED0480,Tripoli,Souq Al Juma'a,2026-06-19 07:30:38
SR001680,MED0358,Misrata,Zawiyat Al-Mahjoub,2026-05-18 12:15:32
SR001681,MED0195,Misrata,Al-Ghiran,2026-07-16 23:32:14
SR001682,MED0373,Tripoli,Abu Salim,2026-08-13 09:14:44
SR001683,MED0517,Tripoli,Souq Al Juma'a,2026-03-28 08:29:01
SR001684,MED0105,Misrata,Al-Karareem,2026-06-11 08:00:38
SR001685,MED0225,Tripoli,Ain Zara,2026-05-07 04:36:20
SR001686,MED0360,Tripoli,Fashloum,2026-07-10 03:09:30
SR001687,MED0171,Misrata,Zawiyat Al-Mahjoub,2026-08-13 07:48:35
SR001688,MED0422,Zawiya,Bir Al-Ghanam,2026-08-17 03:07:31
SR001689,MED0479,Zawiya,Bir Al-Ghanam,2026-06-16 19:32:14
SR001690,MED0027,Tripoli,Fashloum,2026-06-19 15:09:10
SR001691,MED0040,Tripoli,Fashloum,2026-05-19 12:21:56
SR001692,MED0033,Tripoli,Tajoura,2026-06-06 09:04:14
SR001693,MED0410,Benghazi,Al-Selmani,2026-07-19 01:40:04
SR001694,MED0207,Zawiya,Al-Mashtal,2026-07-04 00:58:27
SR001695,MED0496,Tripoli,Gargaresh,2026-02-04 08:14:11
SR001696,MED0237,Benghazi,Al-Sabri,2026-06-06 06:32:14
SR001697,MED0420,Tripoli,Hay Al-Andalus,2026-05-17 14:16:56
SR001698,MED0235,Tripoli,Souq Al Juma'a,2026-02-28 10:09:40
SR001699,MED0168,Tripoli,Ain Zara,2026-04-03 15:48:57
SR001700,MED0432,Benghazi,Al-Berka,2026-07-17 23:38:09
SR001701,MED0055,Tripoli,Gargaresh,2026-07-28 20:49:12
SR001702,MED0041,Tripoli,Abu Salim,2026-05-09 03:21:44
SR001703,MED0006,Tripoli,Gargaresh,2026-05-10 23:44:32
SR001704,MED0402,Misrata,Qasr Ahmad,2026-08-11 11:19:46
SR001705,MED0369,Tripoli,Tajoura,2026-03-28 12:56:58
SR001706,MED0062,Tripoli,Abu Salim,2026-04-08 04:04:45
SR001707,MED0131,Tripoli,Tajoura,2026-07-13 08:19:58
SR001708,MED0510,Benghazi,Al-Fuwayhat,2026-06-24 20:13:18
SR001709,MED0409,Tripoli,Souq Al Juma'a,2026-07-17 00:20:34
SR001710,MED0105,Tripoli,Abu Salim,2026-08-14 20:34:30
SR001711,MED0246,Tripoli,Gargaresh,2026-07-10 00:22:22
SR001712,MED0318,Benghazi,Al-Fuwayhat,2026-08-14 16:15:02
SR001713,MED0411,Tripoli,Souq Al Juma'a,2026-05-09 19:40:12
SR001714,MED0171,Misrata,Qasr Ahmad,2026-07-04 02:45:08
SR001715,MED0096,Tripoli,Souq Al Juma'a,2026-03-05 23:26:48
SR001716,MED0190,Tripoli,Fashloum,2026-07-14 13:36:52
SR001717,MED0470,Tripoli,Souq Al Juma'a,2026-08-09 03:59:34
SR001718,MED0033,Tripoli,Souq Al Juma'a,2026-06-21 06:52:06
SR001719,MED0046,Zliten,Al-Qasabat,2026-08-12 00:02:36
SR001720,MED0298,Misrata,Qasr Ahmad,2026-05-19 13:34:54
SR001721,MED0468,Tripoli,Abu Salim,2026-08-12 16:41:59
SR001722,MED0031,Tripoli,Ain Zara,2026-08-11 18:56:25
SR001723,MED0049,Tripoli,Tajoura,2026-08-09 09:39:09
SR001724,MED0158,Tripoli,Janzour,2026-07-23 19:22:26
SR001725,MED0157,Zawiya,Al-Mashtal,2026-07-29 09:36:55
SR001726,MED0450,Tripoli,Souq Al Juma'a,2026-03-25 09:41:56
SR001727,MED0222,Tripoli,Souq Al Juma'a,2026-07-13 02:48:08
SR001728,MED0006,Tripoli,Gargaresh,2026-05-25 17:25:39
SR001729,MED0232,Benghazi,Al-Sabri,2026-07-14 12:34:32
SR001730,MED0286,Misrata,Al-Ghiran,2026-07-04 03:15:02
SR001731,MED0329,Tripoli,Janzour,2026-06-01 22:18:26
SR001732,MED0450,Tripoli,Abu Salim,2026-08-14 13:22:35
SR001733,MED0177,Tripoli,Abu Salim,2026-06-28 14:46:12
SR001734,MED0064,Tripoli,Gargaresh,2026-07-05 06:00:53
SR001735,MED0056,Tripoli,Ain Zara,2026-07-19 17:37:43
SR001736,MED0046,Benghazi,Al-Selmani,2026-08-01 03:42:12
SR001737,MED0438,Tripoli,Abu Salim,2026-07-26 23:08:21
SR001738,MED0060,Tripoli,Ain Zara,2026-08-07 19:35:09
SR001739,MED0275,Tripoli,Tajoura,2026-02-25 02:47:52
SR001740,MED0026,Benghazi,Al-Hadaeq,2026-06-26 19:24:43
SR001741,MED0044,Tripoli,Souq Al Juma'a,2026-05-31 20:43:15
SR001742,MED0369,Misrata,Al-Ghiran,2026-06-10 03:04:19
SR001743,MED0377,Tripoli,Fashloum,2026-07-19 02:46:56
SR001744,MED0060,Tripoli,Tajoura,2026-08-09 11:30:21
SR001745,MED0104,Tripoli,Janzour,2026-07-16 20:42:50
SR001746,MED0452,Tripoli,Hay Al-Andalus,2026-08-16 23:59:23
SR001747,MED0040,Tripoli,Gargaresh,2026-03-07 02:33:59
SR001748,MED0201,Tripoli,Abu Salim,2026-08-17 00:28:11
SR001749,MED0086,Tripoli,Fashloum,2026-05-07 02:20:15
SR001750,MED0391,Tripoli,Gargaresh,2026-08-09 22:36:45
SR001751,MED0347,Tripoli,Abu Salim,2026-06-30 00:43:21
SR001752,MED0474,Misrata,Qasr Ahmad,2026-08-13 18:16:59
SR001753,MED0248,Benghazi,Al-Sabri,2026-06-20 07:58:27
SR001754,MED0486,Tripoli,Ain Zara,2026-04-17 11:57:39
SR001755,MED0508,Benghazi,Al-Fuwayhat,2026-04-17 13:00:47
SR001756,MED0417,Benghazi,Al-Berka,2026-07-26 01:42:57
SR001757,MED0445,Benghazi,Al-Berka,2026-06-01 07:56:58
SR001758,MED0092,Benghazi,Al-Berka,2026-08-01 14:11:01
SR001759,MED0309,Zawiya,Bir Al-Ghanam,2026-07-05 05:29:08
SR001760,MED0499,Benghazi,Al-Selmani,2026-06-14 03:13:53
SR001761,MED0474,Tripoli,Souq Al Juma'a,2026-07-08 17:09:07
SR001762,MED0051,Tripoli,Fashloum,2026-07-30 02:03:56
SR001763,MED0227,Benghazi,Al-Fuwayhat,2026-07-02 00:12:49
SR001764,MED0394,Tripoli,Fashloum,2026-06-01 16:31:08
SR001765,MED0044,Tripoli,Abu Salim,2026-08-07 02:38:02
SR001766,MED0156,Tripoli,Hay Al-Andalus,2026-07-18 11:15:14
SR001767,MED0501,Tripoli,Abu Salim,2026-07-18 23:56:10
SR001768,MED0106,Tripoli,Ain Zara,2026-02-28 13:27:13
SR001769,MED0133,Zawiya,Bir Al-Ghanam,2026-04-16 07:43:55
SR001770,MED0212,Tripoli,Janzour,2026-07-29 16:52:10
SR001771,MED0227,Tripoli,Ain Zara,2026-06-19 18:28:44
SR001772,MED0415,Sabha,Tayouri,2026-05-31 01:39:16
SR001773,MED0142,Misrata,Zawiyat Al-Mahjoub,2026-06-26 01:53:16
SR001774,MED0334,Tripoli,Abu Salim,2026-08-16 11:35:27
SR001775,MED0161,Tripoli,Abu Salim,2026-08-14 14:02:07
SR001776,MED0367,Benghazi,Al-Hadaeq,2026-03-13 23:45:25
SR001777,MED0024,Tripoli,Gargaresh,2026-04-04 13:48:35
SR001778,MED0129,Tripoli,Gargaresh,2026-06-17 09:51:08
SR001779,MED0042,Tripoli,Hay Al-Andalus,2026-06-28 15:31:03
SR001780,MED0101,Zawiya,Bir Al-Ghanam,2026-07-26 12:45:53
SR001781,MED0125,Tripoli,Fashloum,2026-05-15 01:45:13
SR001782,MED0423,Benghazi,Al-Berka,2026-07-16 19:08:10
SR001783,MED0115,Tripoli,Ain Zara,2026-03-18 10:56:21
SR001784,MED0475,Tripoli,Hay Al-Andalus,2026-07-10 15:05:17
SR001785,MED0103,Misrata,Al-Ghiran,2026-06-13 21:54:26
SR001786,MED0365,Zawiya,Al-Harsha,2026-05-17 17:43:05
SR001787,MED0406,Misrata,Qasr Ahmad,2026-05-21 10:44:43
SR001788,MED0046,Tripoli,Souq Al Juma'a,2026-08-18 13:28:20
SR001789,MED0490,Benghazi,Al-Berka,2026-07-21 12:37:10
SR001790,MED0231,Tripoli,Tajoura,2026-07-22 16:52:21
SR001791,MED0003,Tripoli,Tajoura,2026-05-07 04:46:57
SR001792,MED0271,Benghazi,Al-Berka,2026-08-08 12:41:34
SR001793,MED0237,Tripoli,Souq Al Juma'a,2026-08-03 13:21:48
SR001794,MED0339,Misrata,Zawiyat Al-Mahjoub,2026-06-23 19:33:45
SR001795,MED0133,Tripoli,Tajoura,2026-07-01 12:44:34
SR001796,MED0106,Tripoli,Hay Al-Andalus,2026-03-30 11:08:47
SR001797,MED0041,Sabha,Al-Dawwar,2026-06-28 12:10:15
SR001798,MED0419,Tripoli,Janzour,2026-08-15 14:20:00
SR001799,MED0046,Benghazi,Al-Selmani,2026-06-29 11:09:10
SR001800,MED0091,Tripoli,Tajoura,2026-06-21 07:09:09
SR001801,MED0299,Tripoli,Tajoura,2026-03-19 12:05:07
SR001802,MED0006,Tripoli,Hay Al-Andalus,2026-06-30 19:30:05
SR001803,MED0468,Misrata,Qasr Ahmad,2026-05-28 11:36:58
SR001804,MED0008,Zawiya,Al-Mashtal,2026-06-10 06:12:31
SR001805,MED0100,Tripoli,Abu Salim,2026-07-23 13:27:38
SR001806,MED0373,Zawiya,Al-Harsha,2026-04-24 04:50:59
SR001807,MED0061,Tripoli,Abu Salim,2026-06-17 12:13:43
SR001808,MED0449,Benghazi,Al-Berka,2026-07-30 14:46:34
SR001809,MED0509,Benghazi,Al-Fuwayhat,2026-06-27 16:58:04
SR001810,MED0358,Zliten,Al-Qasabat,2026-07-05 21:25:28
SR001811,MED0259,Tripoli,Abu Salim,2026-06-21 11:21:52
SR001812,MED0287,Tripoli,Tajoura,2026-06-12 21:43:28
SR001813,MED0076,Benghazi,Al-Hadaeq,2026-08-01 02:17:25
SR001814,MED0482,Benghazi,Al-Hadaeq,2026-07-06 19:44:51
SR001815,MED0477,Sabha,Al-Manshiya,2026-07-08 15:46:01
SR001816,MED0196,Tripoli,Tajoura,2026-08-13 15:47:11
SR001817,MED0026,Zawiya,Bir Al-Ghanam,2026-07-01 07:58:40
SR001818,MED0219,Zliten,Al-Qasabat,2026-06-16 05:25:51
SR001819,MED0156,Tripoli,Souq Al Juma'a,2026-04-15 13:12:41
SR001820,MED0357,Tripoli,Janzour,2026-08-07 18:23:38
SR001821,MED0103,Tripoli,Janzour,2026-05-21 18:24:11
SR001822,MED0148,Tripoli,Abu Salim,2026-04-01 05:46:35
SR001823,MED0116,Misrata,Al-Ghiran,2026-07-29 09:47:02
SR001824,MED0512,Misrata,Al-Karareem,2026-03-28 21:17:51
SR001825,MED0108,Tripoli,Janzour,2026-04-26 14:39:55
SR001826,MED0273,Benghazi,Al-Fuwayhat,2026-08-06 00:01:19
SR001827,MED0245,Tripoli,Souq Al Juma'a,2026-06-23 01:34:11
SR001828,MED0519,Benghazi,Al-Selmani,2026-07-24 08:01:26
SR001829,MED0329,Tripoli,Hay Al-Andalus,2026-06-08 22:02:57
SR001830,MED0021,Tripoli,Janzour,2026-07-17 14:34:02
SR001831,MED0157,Benghazi,Al-Fuwayhat,2026-08-20 15:01:58
SR001832,MED0271,Zawiya,Bir Al-Ghanam,2026-06-26 18:24:58
SR001833,MED0458,Tripoli,Gargaresh,2026-05-25 07:18:17
SR001834,MED0486,Tripoli,Abu Salim,2026-06-30 18:11:48
SR001835,MED0084,Zawiya,Al-Mashtal,2026-06-03 04:45:02
SR001836,MED0354,Tripoli,Souq Al Juma'a,2026-04-27 21:06:21
SR001837,MED0019,Misrata,Al-Karareem,2026-04-29 04:34:00
SR001838,MED0463,Tripoli,Souq Al Juma'a,2026-06-25 08:37:59
SR001839,MED0234,Tripoli,Ain Zara,2026-08-16 23:10:42
SR001840,MED0175,Benghazi,Al-Fuwayhat,2026-08-05 17:31:06
SR001841,MED0491,Tripoli,Tajoura,2026-06-28 09:09:04
SR001842,MED0453,Tripoli,Hay Al-Andalus,2026-05-10 18:02:01
SR001843,MED0111,Zliten,Al-Qasabat,2026-07-06 17:51:37
SR001844,MED0016,Benghazi,Al-Hadaeq,2026-08-13 03:11:22
SR001845,MED0302,Tripoli,Tajoura,2026-07-22 17:10:38
SR001846,MED0183,Misrata,Qasr Ahmad,2026-02-19 06:31:23
SR001847,MED0249,Tripoli,Tajoura,2026-04-19 23:16:22
SR001848,MED0239,Misrata,Qasr Ahmad,2026-05-09 02:56:07
SR001849,MED0447,Sabha,Al-Manshiya,2026-07-05 09:29:09
SR001850,MED0216,Tripoli,Hay Al-Andalus,2026-07-02 15:46:02
SR001851,MED0465,Tripoli,Ain Zara,2026-05-30 10:07:33
SR001852,MED0082,Benghazi,Al-Fuwayhat,2026-05-24 07:40:35
SR001853,MED0153,Tripoli,Janzour,2026-07-21 15:23:24
SR001854,MED0072,Tripoli,Janzour,2026-07-11 03:53:33
SR001855,MED0226,Tripoli,Janzour,2026-05-19 14:24:17
SR001856,MED0415,Zliten,Souq Al-Thulatha,2026-04-02 12:33:11
SR001857,MED0176,Tripoli,Fashloum,2026-06-29 17:32:17
SR001858,MED0072,Benghazi,Al-Sabri,2026-07-27 23:10:10
SR001859,MED0209,Tripoli,Souq Al Juma'a,2026-07-29 12:43:45
SR001860,MED0510,Misrata,Al-Karareem,2026-05-20 15:08:22
SR001861,MED0173,Benghazi,Al-Hadaeq,2026-04-26 15:38:13
SR001862,MED0005,Tripoli,Hay Al-Andalus,2026-08-16 05:35:24
SR001863,MED0372,Tripoli,Hay Al-Andalus,2026-05-07 06:03:53
SR001864,MED0075,Tripoli,Souq Al Juma'a,2026-08-17 13:59:06
SR001865,MED0309,Misrata,Zawiyat Al-Mahjoub,2026-03-04 16:54:39
SR001866,MED0182,Tripoli,Fashloum,2026-06-12 00:48:23
SR001867,MED0127,Tripoli,Ain Zara,2026-04-10 05:48:56
SR001868,MED0055,Tripoli,Abu Salim,2026-07-31 10:47:25
SR001869,MED0108,Tripoli,Gargaresh,2026-06-02 16:54:25
SR001870,MED0485,Tripoli,Abu Salim,2026-06-04 06:07:39
SR001871,MED0117,Misrata,Zawiyat Al-Mahjoub,2026-08-17 19:29:07
SR001872,MED0333,Tripoli,Gargaresh,2026-05-24 03:59:26
SR001873,MED0123,Tripoli,Gargaresh,2026-07-18 03:45:41
SR001874,MED0207,Zawiya,Al-Mashtal,2026-04-07 22:37:44
SR001875,MED0105,Benghazi,Al-Fuwayhat,2026-06-19 02:53:23
SR001876,MED0236,Tripoli,Tajoura,2026-07-21 07:41:56
SR001877,MED0049,Tripoli,Souq Al Juma'a,2026-05-08 00:49:24
SR001878,MED0114,Sabha,Al-Manshiya,2026-05-14 06:31:21
SR001879,MED0105,Tripoli,Fashloum,2026-05-02 14:26:19
SR001880,MED0005,Tripoli,Gargaresh,2026-05-11 04:01:39
SR001881,MED0447,Zawiya,Al-Mashtal,2026-08-12 23:10:02
SR001882,MED0380,Tripoli,Janzour,2026-07-31 21:27:51
SR001883,MED0328,Sabha,Al-Manshiya,2026-07-23 02:49:06
SR001884,MED0020,Tripoli,Janzour,2026-07-09 15:57:45
SR001885,MED0154,Zawiya,Bir Al-Ghanam,2026-05-27 15:44:29
SR001886,MED0039,Tripoli,Hay Al-Andalus,2026-07-14 20:07:49
SR001887,MED0149,Tripoli,Souq Al Juma'a,2026-05-04 06:01:56
SR001888,MED0130,Benghazi,Al-Fuwayhat,2026-04-14 21:42:03
SR001889,MED0250,Tripoli,Janzour,2026-05-16 09:21:30
SR001890,MED0212,Tripoli,Gargaresh,2026-05-28 09:05:20
SR001891,MED0305,Tripoli,Hay Al-Andalus,2026-08-14 03:20:31
SR001892,MED0019,Tripoli,Janzour,2026-06-20 13:45:45
SR001893,MED0011,Sabha,Al-Dawwar,2026-07-11 08:00:18
SR001894,MED0034,Tripoli,Ain Zara,2026-08-11 22:17:14
SR001895,MED0063,Tripoli,Fashloum,2026-06-12 00:47:06
SR001896,MED0157,Tripoli,Fashloum,2026-06-17 01:08:14
SR001897,MED0261,Tripoli,Souq Al Juma'a,2026-04-11 16:16:16
SR001898,MED0316,Benghazi,Al-Selmani,2026-08-11 07:24:23
SR001899,MED0080,Tripoli,Fashloum,2026-08-12 20:30:44
SR001900,MED0041,Tripoli,Hay Al-Andalus,2026-08-03 15:24:06
SR001901,MED0030,Tripoli,Janzour,2026-06-17 04:04:58
SR001902,MED0372,Tripoli,Souq Al Juma'a,2026-06-25 09:29:46
SR001903,MED0094,Tripoli,Souq Al Juma'a,2026-06-20 22:28:04
SR001904,MED0504,Benghazi,Al-Hadaeq,2026-06-27 13:32:27
SR001905,MED0141,Misrata,Al-Karareem,2026-06-23 18:25:39
SR001906,MED0096,Benghazi,Al-Fuwayhat,2026-07-26 01:46:23
SR001907,MED0468,Zliten,Souq Al-Thulatha,2026-07-29 02:08:22
SR001908,MED0461,Zawiya,Bir Al-Ghanam,2026-07-24 04:30:53
SR001909,MED0121,Zawiya,Al-Harsha,2026-07-09 17:07:16
SR001910,MED0174,Tripoli,Janzour,2026-06-01 12:21:19
SR001911,MED0074,Tripoli,Tajoura,2026-05-29 00:47:33
SR001912,MED0411,Tripoli,Ain Zara,2026-04-30 01:03:52
SR001913,MED0497,Tripoli,Souq Al Juma'a,2026-06-28 08:21:09
SR001914,MED0348,Tripoli,Abu Salim,2026-07-15 06:53:25
SR001915,MED0155,Tripoli,Abu Salim,2026-05-30 20:04:14
SR001916,MED0327,Tripoli,Gargaresh,2026-07-05 00:03:24
SR001917,MED0020,Tripoli,Janzour,2026-07-03 05:03:48
SR001918,MED0046,Benghazi,Al-Fuwayhat,2026-04-25 05:27:41
SR001919,MED0064,Tripoli,Souq Al Juma'a,2026-06-06 05:56:57
SR001920,MED0156,Tripoli,Hay Al-Andalus,2026-08-02 03:02:25
SR001921,MED0104,Tripoli,Abu Salim,2026-03-21 20:22:23
SR001922,MED0009,Benghazi,Al-Selmani,2026-05-04 03:43:06
SR001923,MED0027,Misrata,Zawiyat Al-Mahjoub,2026-04-24 10:23:01
SR001924,MED0045,Tripoli,Fashloum,2026-05-15 21:02:49
SR001925,MED0021,Tripoli,Gargaresh,2026-06-12 12:59:12
SR001926,MED0193,Tripoli,Fashloum,2026-06-10 20:19:22
SR001927,MED0360,Benghazi,Al-Fuwayhat,2026-05-20 12:27:04
SR001928,MED0116,Sabha,Al-Dawwar,2026-05-27 07:48:31
SR001929,MED0426,Tripoli,Gargaresh,2026-06-19 03:38:09
SR001930,MED0452,Tripoli,Fashloum,2026-05-06 05:10:22
SR001931,MED0028,Tripoli,Gargaresh,2026-04-10 00:01:39
SR001932,MED0119,Tripoli,Ain Zara,2026-06-13 07:23:33
SR001933,MED0453,Tripoli,Gargaresh,2026-06-07 21:24:15
SR001934,MED0128,Tripoli,Gargaresh,2026-06-06 09:09:30
SR001935,MED0036,Tripoli,Fashloum,2026-06-17 15:35:20
SR001936,MED0110,Misrata,Qasr Ahmad,2026-06-24 14:27:03
SR001937,MED0035,Tripoli,Gargaresh,2026-08-11 11:35:32
SR001938,MED0384,Tripoli,Janzour,2026-04-25 20:58:38
SR001939,MED0440,Misrata,Qasr Ahmad,2026-08-18 14:22:00
SR001940,MED0348,Benghazi,Al-Hadaeq,2026-08-12 00:46:05
SR001941,MED0290,Zawiya,Bir Al-Ghanam,2026-08-05 13:21:10
SR001942,MED0207,Benghazi,Al-Fuwayhat,2026-08-12 03:39:09
SR001943,MED0161,Benghazi,Al-Fuwayhat,2026-06-21 10:36:55
SR001944,MED0026,Tripoli,Souq Al Juma'a,2026-07-14 18:06:17
SR001945,MED0287,Misrata,Qasr Ahmad,2026-06-16 06:54:56
SR001946,MED0488,Tripoli,Gargaresh,2026-04-28 20:50:27
SR001947,MED0510,Zawiya,Bir Al-Ghanam,2026-08-08 20:50:04
SR001948,MED0173,Tripoli,Ain Zara,2026-03-28 04:36:35
SR001949,MED0348,Sabha,Tayouri,2026-07-06 07:32:49
SR001950,MED0349,Benghazi,Al-Sabri,2026-05-20 04:03:00
SR001951,MED0405,Tripoli,Tajoura,2026-07-02 20:41:39
SR001952,MED0285,Tripoli,Tajoura,2026-05-08 13:48:36
SR001953,MED0467,Tripoli,Ain Zara,2026-04-22 03:56:03
SR001954,MED0155,Tripoli,Tajoura,2026-07-18 19:52:21
SR001955,MED0290,Tripoli,Tajoura,2026-04-07 02:22:34
SR001956,MED0257,Misrata,Qasr Ahmad,2026-05-07 14:30:40
SR001957,MED0513,Benghazi,Al-Hadaeq,2026-06-29 10:09:36
SR001958,MED0378,Tripoli,Souq Al Juma'a,2026-06-28 17:31:55
SR001959,MED0385,Tripoli,Gargaresh,2026-06-07 01:46:09
SR001960,MED0069,Tripoli,Fashloum,2026-04-06 18:25:09
SR001961,MED0394,Benghazi,Al-Fuwayhat,2026-08-17 08:21:09
SR001962,MED0005,Tripoli,Janzour,2026-07-11 22:22:24
SR001963,MED0430,Benghazi,Al-Selmani,2026-05-17 09:41:05
SR001964,MED0100,Tripoli,Gargaresh,2026-07-15 01:02:04
SR001965,MED0491,Misrata,Qasr Ahmad,2026-07-05 16:12:37
SR001966,MED0237,Tripoli,Fashloum,2026-07-10 13:27:53
SR001967,MED0345,Tripoli,Gargaresh,2026-05-14 07:59:27
SR001968,MED0117,Zawiya,Al-Harsha,2026-06-27 04:57:33
SR001969,MED0420,Tripoli,Tajoura,2026-07-21 07:09:52
SR001970,MED0014,Tripoli,Janzour,2026-07-13 08:11:05
SR001971,MED0051,Tripoli,Ain Zara,2026-08-06 12:49:23
SR001972,MED0490,Tripoli,Hay Al-Andalus,2026-08-02 03:56:12
SR001973,MED0365,Zawiya,Al-Harsha,2026-07-27 06:29:50
SR001974,MED0232,Tripoli,Hay Al-Andalus,2026-06-29 00:58:03
SR001975,MED0434,Benghazi,Al-Hadaeq,2026-08-01 07:00:30
SR001976,MED0019,Misrata,Zawiyat Al-Mahjoub,2026-08-09 05:34:54
SR001977,MED0450,Benghazi,Al-Sabri,2026-08-19 04:52:20
SR001978,MED0348,Benghazi,Al-Fuwayhat,2026-08-01 00:28:20
SR001979,MED0044,Tripoli,Ain Zara,2026-06-06 10:51:09
SR001980,MED0123,Tripoli,Gargaresh,2026-06-08 14:31:22
SR001981,MED0179,Tripoli,Abu Salim,2026-06-27 10:45:14
SR001982,MED0327,Misrata,Zawiyat Al-Mahjoub,2026-08-19 18:48:04
SR001983,MED0178,Tripoli,Janzour,2026-07-20 11:18:50
SR001984,MED0138,Misrata,Qasr Ahmad,2026-06-24 01:55:13
SR001985,MED0478,Benghazi,Al-Berka,2026-06-13 06:06:11
SR001986,MED0112,Misrata,Zawiyat Al-Mahjoub,2026-07-27 06:41:25
SR001987,MED0046,Tripoli,Ain Zara,2026-07-21 02:07:56
SR001988,MED0223,Zawiya,Al-Harsha,2026-04-11 02:41:19
SR001989,MED0361,Tripoli,Abu Salim,2026-07-13 18:02:02
SR001990,MED0336,Tripoli,Gargaresh,2026-05-05 19:50:03
SR001991,MED0480,Misrata,Zawiyat Al-Mahjoub,2026-04-22 11:55:37
SR001992,MED0164,Tripoli,Gargaresh,2026-07-01 14:01:12
SR001993,MED0479,Tripoli,Abu Salim,2026-08-02 21:47:53
SR001994,MED0212,Tripoli,Tajoura,2026-05-02 13:37:43
SR001995,MED0126,Tripoli,Hay Al-Andalus,2026-04-03 19:50:30
SR001996,MED0056,Tripoli,Abu Salim,2026-05-15 08:20:44
SR001997,MED0206,Tripoli,Tajoura,2026-07-08 09:02:32
SR001998,MED0411,Tripoli,Hay Al-Andalus,2026-07-29 01:08:04
SR001999,MED0229,Benghazi,Al-Berka,2026-05-14 03:45:25
SR002000,MED0019,Benghazi,Al-Selmani,2026-07-02 09:49:55
SR002001,MED0383,Misrata,Zawiyat Al-Mahjoub,2026-08-09 23:29:07
SR002002,MED0157,Tripoli,Abu Salim,2026-07-29 05:09:07
SR002003,MED0230,Tripoli,Hay Al-Andalus,2026-07-21 17:32:58
SR002004,MED0230,Tripoli,Fashloum,2026-07-06 14:09:26
SR002005,MED0362,Tripoli,Ain Zara,2026-06-21 05:08:37
SR002006,MED0015,Misrata,Al-Karareem,2026-07-03 05:57:35
SR002007,MED0411,Misrata,Zawiyat Al-Mahjoub,2026-07-03 13:26:37
SR002008,MED0449,Tripoli,Hay Al-Andalus,2026-03-25 14:47:01
SR002009,MED0285,Zawiya,Al-Mashtal,2026-07-14 20:50:12
SR002010,MED0116,Zawiya,Bir Al-Ghanam,2026-07-19 03:12:21
SR002011,MED0411,Sabha,Al-Manshiya,2026-08-06 03:31:48
SR002012,MED0117,Tripoli,Souq Al Juma'a,2026-06-11 18:53:50
SR002013,MED0351,Misrata,Al-Karareem,2026-05-19 03:43:29
SR002014,MED0244,Tripoli,Fashloum,2026-07-25 09:58:32
SR002015,MED0358,Benghazi,Al-Berka,2026-07-15 21:00:58
SR002016,MED0456,Tripoli,Hay Al-Andalus,2026-08-07 02:44:35
SR002017,MED0192,Tripoli,Souq Al Juma'a,2026-05-22 20:06:05
SR002018,MED0057,Tripoli,Ain Zara,2026-07-01 22:33:48
SR002019,MED0434,Tripoli,Gargaresh,2026-07-18 07:25:10
SR002020,MED0183,Benghazi,Al-Sabri,2026-06-25 12:43:39
SR002021,MED0199,Misrata,Al-Ghiran,2026-08-01 14:57:18
SR002022,MED0484,Tripoli,Fashloum,2026-06-05 13:30:25
SR002023,MED0323,Tripoli,Ain Zara,2026-05-09 07:38:26
SR002024,MED0212,Tripoli,Tajoura,2026-06-03 09:07:56
SR002025,MED0158,Tripoli,Janzour,2026-06-20 19:47:29
SR002026,MED0482,Benghazi,Al-Fuwayhat,2026-05-27 15:58:29
SR002027,MED0354,Tripoli,Souq Al Juma'a,2026-07-17 00:53:14
SR002028,MED0312,Tripoli,Hay Al-Andalus,2026-07-19 03:49:40
SR002029,MED0442,Tripoli,Janzour,2026-07-31 21:06:23
SR002030,MED0246,Tripoli,Souq Al Juma'a,2026-07-04 09:07:02
SR002031,MED0132,Zawiya,Al-Mashtal,2026-07-15 00:34:35
SR002032,MED0291,Tripoli,Janzour,2026-06-25 08:04:49
SR002033,MED0115,Tripoli,Souq Al Juma'a,2026-05-29 02:07:17
SR002034,MED0292,Benghazi,Al-Sabri,2026-07-16 05:01:39
SR002035,MED0045,Tripoli,Ain Zara,2026-03-31 06:23:38
SR002036,MED0301,Zliten,Souq Al-Thulatha,2026-06-02 02:32:21
SR002037,MED0026,Tripoli,Souq Al Juma'a,2026-07-22 00:32:09
SR002038,MED0321,Misrata,Zawiyat Al-Mahjoub,2026-07-07 02:14:57
SR002039,MED0461,Tripoli,Abu Salim,2026-05-18 15:47:23
SR002040,MED0034,Tripoli,Ain Zara,2026-07-29 06:02:39
SR002041,MED0241,Tripoli,Gargaresh,2026-05-13 03:03:07
SR002042,MED0257,Tripoli,Souq Al Juma'a,2026-08-08 19:35:56
SR002043,MED0227,Tripoli,Souq Al Juma'a,2026-03-16 14:25:45
SR002044,MED0095,Tripoli,Abu Salim,2026-07-28 04:31:12
SR002045,MED0198,Benghazi,Al-Hadaeq,2026-05-23 15:47:33
SR002046,MED0467,Tripoli,Tajoura,2026-06-28 19:04:08
SR002047,MED0026,Benghazi,Al-Selmani,2026-08-18 16:29:42
SR002048,MED0422,Tripoli,Ain Zara,2026-07-19 00:52:00
SR002049,MED0442,Tripoli,Ain Zara,2026-06-14 18:27:58
SR002050,MED0112,Sabha,Al-Manshiya,2026-02-17 20:28:04
SR002051,MED0053,Benghazi,Al-Fuwayhat,2026-07-27 14:23:11
SR002052,MED0362,Tripoli,Fashloum,2026-08-05 00:14:17
SR002053,MED0497,Benghazi,Al-Hadaeq,2026-07-21 14:24:57
SR002054,MED0138,Tripoli,Abu Salim,2026-05-08 23:52:05
SR002055,MED0125,Tripoli,Abu Salim,2026-08-09 10:58:30
SR002056,MED0105,Misrata,Al-Ghiran,2026-07-09 09:31:21
SR002057,MED0431,Tripoli,Abu Salim,2026-07-08 05:55:02
SR002058,MED0098,Zawiya,Al-Harsha,2026-06-16 06:22:10
SR002059,MED0485,Tripoli,Gargaresh,2026-06-02 21:45:00
SR002060,MED0380,Benghazi,Al-Hadaeq,2026-08-19 10:15:59
SR002061,MED0229,Tripoli,Gargaresh,2026-03-04 03:04:53
SR002062,MED0093,Tripoli,Fashloum,2026-06-26 13:49:25
SR002063,MED0459,Tripoli,Abu Salim,2026-05-26 03:23:11
SR002064,MED0019,Zawiya,Al-Mashtal,2026-04-30 09:08:20
SR002065,MED0248,Sabha,Al-Manshiya,2026-03-03 22:42:41
SR002066,MED0373,Benghazi,Al-Fuwayhat,2026-07-06 02:37:45
SR002067,MED0468,Tripoli,Fashloum,2026-08-20 19:09:18
SR002068,MED0396,Tripoli,Ain Zara,2026-06-13 08:18:58
SR002069,MED0086,Benghazi,Al-Hadaeq,2026-07-10 13:53:30
SR002070,MED0087,Tripoli,Abu Salim,2026-07-24 16:53:54
SR002071,MED0233,Tripoli,Janzour,2026-06-27 18:39:39
SR002072,MED0350,Zawiya,Bir Al-Ghanam,2026-06-19 05:48:44
SR002073,MED0428,Sabha,Tayouri,2026-05-28 04:03:09
SR002074,MED0214,Zawiya,Al-Mashtal,2026-08-14 13:29:11
SR002075,MED0075,Misrata,Al-Karareem,2026-06-13 13:55:52
SR002076,MED0164,Tripoli,Hay Al-Andalus,2026-05-06 12:16:35
SR002077,MED0202,Tripoli,Tajoura,2026-08-03 19:08:34
SR002078,MED0515,Benghazi,Al-Berka,2026-06-29 16:26:05
SR002079,MED0371,Tripoli,Fashloum,2026-05-16 21:20:37
SR002080,MED0286,Tripoli,Ain Zara,2026-06-22 00:07:45
SR002081,MED0293,Tripoli,Abu Salim,2026-06-25 10:15:41
SR002082,MED0132,Tripoli,Janzour,2026-07-09 11:55:48
SR002083,MED0432,Tripoli,Hay Al-Andalus,2026-07-17 11:29:19
SR002084,MED0463,Tripoli,Abu Salim,2026-04-21 08:57:29
SR002085,MED0152,Tripoli,Janzour,2026-05-18 14:04:30
SR002086,MED0030,Tripoli,Souq Al Juma'a,2026-06-04 05:36:00
SR002087,MED0082,Misrata,Al-Karareem,2026-05-25 11:40:13
SR002088,MED0370,Tripoli,Fashloum,2026-08-14 04:32:36
SR002089,MED0293,Zawiya,Al-Mashtal,2026-06-13 14:52:52
SR002090,MED0297,Sabha,Al-Dawwar,2026-07-26 10:31:47
SR002091,MED0380,Tripoli,Abu Salim,2026-05-13 10:54:57
SR002092,MED0517,Tripoli,Souq Al Juma'a,2026-08-03 06:58:40
SR002093,MED0302,Tripoli,Tajoura,2026-05-14 23:48:43
SR002094,MED0409,Benghazi,Al-Hadaeq,2026-05-17 18:01:44
SR002095,MED0230,Sabha,Tayouri,2026-05-13 11:42:29
SR002096,MED0021,Tripoli,Gargaresh,2026-07-03 17:41:26
SR002097,MED0017,Tripoli,Abu Salim,2026-06-09 16:42:42
SR002098,MED0150,Benghazi,Al-Berka,2026-05-20 03:47:52
SR002099,MED0030,Zawiya,Al-Harsha,2026-08-03 03:36:22
SR002100,MED0234,Tripoli,Hay Al-Andalus,2026-05-24 00:10:32
SR002101,MED0517,Sabha,Al-Manshiya,2026-06-19 03:11:24
SR002102,MED0406,Benghazi,Al-Fuwayhat,2026-08-08 09:06:41
SR002103,MED0063,Sabha,Al-Dawwar,2026-05-28 11:22:15
SR002104,MED0501,Tripoli,Tajoura,2026-07-07 17:46:11
SR002105,MED0505,Zawiya,Al-Mashtal,2026-08-12 01:08:24
SR002106,MED0156,Tripoli,Abu Salim,2026-08-03 13:19:29
SR002107,MED0421,Tripoli,Abu Salim,2026-06-16 09:15:14
SR002108,MED0341,Benghazi,Al-Sabri,2026-05-16 04:58:56
SR002109,MED0164,Misrata,Qasr Ahmad,2026-05-02 09:36:39
SR002110,MED0212,Tripoli,Hay Al-Andalus,2026-06-01 18:48:34
SR002111,MED0372,Misrata,Al-Karareem,2026-08-14 04:54:23
SR002112,MED0372,Tripoli,Abu Salim,2026-08-20 20:43:21
SR002113,MED0061,Tripoli,Janzour,2026-05-29 04:54:53
SR002114,MED0488,Tripoli,Janzour,2026-06-19 14:10:43
SR002115,MED0095,Sabha,Al-Manshiya,2026-04-30 06:29:58
SR002116,MED0170,Tripoli,Tajoura,2026-03-01 10:00:19
SR002117,MED0001,Misrata,Al-Karareem,2026-07-25 17:04:41
SR002118,MED0223,Zawiya,Al-Harsha,2026-05-29 09:59:42
SR002119,MED0015,Tripoli,Souq Al Juma'a,2026-05-09 16:44:36
SR002120,MED0008,Benghazi,Al-Sabri,2026-07-30 22:01:34
SR002121,MED0341,Tripoli,Fashloum,2026-07-05 22:18:33
SR002122,MED0403,Misrata,Al-Karareem,2026-06-09 15:49:24
SR002123,MED0199,Tripoli,Gargaresh,2026-07-29 22:37:19
SR002124,MED0158,Benghazi,Al-Selmani,2026-06-10 11:18:46
SR002125,MED0329,Tripoli,Hay Al-Andalus,2026-08-02 13:15:20
SR002126,MED0158,Tripoli,Abu Salim,2026-07-22 09:01:31
SR002127,MED0519,Tripoli,Ain Zara,2026-07-13 06:09:37
SR002128,MED0455,Sabha,Al-Dawwar,2026-06-09 06:35:45
SR002129,MED0158,Benghazi,Al-Berka,2026-07-16 02:31:37
SR002130,MED0271,Tripoli,Souq Al Juma'a,2026-06-21 00:46:08
SR002131,MED0273,Benghazi,Al-Selmani,2026-06-03 10:45:25
SR002132,MED0049,Tripoli,Hay Al-Andalus,2026-08-08 03:37:09
SR002133,MED0125,Tripoli,Janzour,2026-07-24 20:34:50
SR002134,MED0185,Misrata,Qasr Ahmad,2026-07-18 03:19:57
SR002135,MED0126,Misrata,Qasr Ahmad,2026-08-02 18:24:03
SR002136,MED0135,Tripoli,Ain Zara,2026-06-27 00:05:07
SR002137,MED0093,Zliten,Souq Al-Thulatha,2026-07-17 18:05:34
SR002138,MED0234,Zawiya,Al-Harsha,2025-12-12 00:12:38
SR002139,MED0046,Tripoli,Abu Salim,2026-07-25 19:13:36
SR002140,MED0157,Tripoli,Fashloum,2026-05-14 16:53:14
SR002141,MED0409,Tripoli,Hay Al-Andalus,2026-06-30 11:25:20
SR002142,MED0448,Tripoli,Ain Zara,2026-06-22 07:24:30
SR002143,MED0482,Benghazi,Al-Hadaeq,2026-08-17 22:50:15
SR002144,MED0049,Tripoli,Tajoura,2026-07-21 10:51:16
SR002145,MED0069,Misrata,Al-Ghiran,2026-07-13 10:21:37
SR002146,MED0298,Tripoli,Souq Al Juma'a,2026-08-17 02:27:16
SR002147,MED0455,Zliten,Al-Qasabat,2026-06-30 06:01:12
SR002148,MED0444,Benghazi,Al-Berka,2026-06-21 22:23:05
SR002149,MED0299,Benghazi,Al-Selmani,2026-05-07 19:38:48
SR002150,MED0434,Tripoli,Souq Al Juma'a,2026-05-26 17:26:02
SR002151,MED0248,Zawiya,Bir Al-Ghanam,2026-07-31 19:29:18
SR002152,MED0122,Tripoli,Janzour,2026-05-28 09:24:40
SR002153,MED0195,Tripoli,Ain Zara,2026-04-10 07:11:30
SR002154,MED0437,Tripoli,Ain Zara,2026-04-24 10:13:36
SR002155,MED0278,Tripoli,Hay Al-Andalus,2026-07-07 23:46:23
SR002156,MED0083,Tripoli,Ain Zara,2026-07-09 19:29:59
SR002157,MED0095,Tripoli,Tajoura,2026-08-20 03:00:13
SR002158,MED0459,Sabha,Tayouri,2026-07-16 11:25:50
SR002159,MED0207,Tripoli,Janzour,2026-06-29 13:20:49
SR002160,MED0377,Zliten,Al-Qasabat,2026-08-09 12:12:48
SR002161,MED0401,Tripoli,Souq Al Juma'a,2026-08-11 23:29:00
SR002162,MED0150,Tripoli,Hay Al-Andalus,2026-03-28 17:27:49
SR002163,MED0049,Tripoli,Hay Al-Andalus,2026-06-17 15:27:26
SR002164,MED0333,Benghazi,Al-Selmani,2026-07-12 08:26:54
SR002165,MED0173,Tripoli,Tajoura,2026-06-13 22:37:14
SR002166,MED0095,Zliten,Souq Al-Thulatha,2026-08-12 10:05:30
SR002167,MED0502,Tripoli,Hay Al-Andalus,2026-06-25 14:22:34
SR002168,MED0349,Tripoli,Souq Al Juma'a,2026-08-11 12:41:05
SR002169,MED0482,Tripoli,Gargaresh,2026-06-29 12:47:01
SR002170,MED0075,Tripoli,Gargaresh,2026-04-03 18:41:07
SR002171,MED0303,Misrata,Al-Karareem,2026-06-29 22:21:40
SR002172,MED0173,Benghazi,Al-Hadaeq,2026-03-16 16:52:57
SR002173,MED0509,Tripoli,Abu Salim,2026-08-09 19:58:38
SR002174,MED0046,Tripoli,Ain Zara,2026-06-06 21:27:46
SR002175,MED0353,Misrata,Al-Karareem,2026-04-12 12:03:48
SR002176,MED0493,Tripoli,Gargaresh,2026-05-12 10:32:53
SR002177,MED0297,Tripoli,Hay Al-Andalus,2026-08-21 02:41:01
SR002178,MED0508,Tripoli,Abu Salim,2026-04-21 01:20:47
SR002179,MED0387,Benghazi,Al-Berka,2026-06-15 00:35:58
SR002180,MED0030,Benghazi,Al-Berka,2026-04-16 11:45:57
SR002181,MED0179,Tripoli,Janzour,2026-07-15 04:42:41
SR002182,MED0329,Misrata,Al-Ghiran,2026-07-26 00:10:52
SR002183,MED0145,Benghazi,Al-Fuwayhat,2026-07-31 03:49:40
SR002184,MED0293,Zawiya,Al-Harsha,2026-06-12 21:14:18
SR002185,MED0365,Tripoli,Souq Al Juma'a,2026-07-23 00:02:12
SR002186,MED0308,Tripoli,Hay Al-Andalus,2026-07-26 14:26:26
SR002187,MED0024,Benghazi,Al-Hadaeq,2026-06-07 13:01:57
SR002188,MED0483,Tripoli,Tajoura,2026-07-30 14:09:10
SR002189,MED0104,Tripoli,Gargaresh,2026-06-10 17:46:47
SR002190,MED0474,Tripoli,Tajoura,2026-07-08 20:17:07
SR002191,MED0017,Tripoli,Tajoura,2026-07-12 05:21:53
SR002192,MED0176,Tripoli,Ain Zara,2026-07-06 21:38:11
SR002193,MED0220,Misrata,Qasr Ahmad,2026-05-10 10:09:27
SR002194,MED0133,Benghazi,Al-Sabri,2026-07-01 18:32:32
SR002195,MED0294,Tripoli,Hay Al-Andalus,2026-07-01 16:13:07
SR002196,MED0297,Tripoli,Abu Salim,2026-07-28 10:05:54
SR002197,MED0253,Tripoli,Janzour,2026-07-12 13:00:23
SR002198,MED0478,Tripoli,Abu Salim,2026-05-17 18:41:28
SR002199,MED0430,Zawiya,Al-Harsha,2026-05-19 21:43:13
SR002200,MED0162,Zawiya,Bir Al-Ghanam,2026-05-17 13:39:28
SR002201,MED0207,Tripoli,Abu Salim,2026-06-21 20:20:45
SR002202,MED0255,Tripoli,Ain Zara,2026-06-07 00:54:43
SR002203,MED0181,Tripoli,Tajoura,2026-06-07 05:38:59
SR002204,MED0168,Tripoli,Souq Al Juma'a,2026-06-18 04:41:01
SR002205,MED0070,Tripoli,Ain Zara,2026-08-11 03:44:55
SR002206,MED0358,Benghazi,Al-Selmani,2026-08-10 07:09:06
SR002207,MED0089,Tripoli,Souq Al Juma'a,2026-04-11 05:45:15
SR002208,MED0490,Misrata,Al-Karareem,2026-08-01 03:17:27
SR002209,MED0041,Tripoli,Tajoura,2026-06-25 08:58:42
SR002210,MED0442,Tripoli,Souq Al Juma'a,2026-06-04 23:44:50
SR002211,MED0019,Zawiya,Al-Harsha,2026-08-06 01:12:56
SR002212,MED0193,Tripoli,Souq Al Juma'a,2026-06-28 15:53:58
SR002213,MED0329,Sabha,Al-Manshiya,2026-08-03 13:36:42
SR002214,MED0016,Tripoli,Fashloum,2026-08-18 11:53:06
SR002215,MED0402,Tripoli,Janzour,2026-08-03 23:44:43
SR002216,MED0199,Tripoli,Tajoura,2026-08-08 15:00:50
SR002217,MED0022,Tripoli,Souq Al Juma'a,2026-07-05 17:16:39
SR002218,MED0186,Tripoli,Fashloum,2026-03-14 02:08:19
SR002219,MED0451,Tripoli,Hay Al-Andalus,2026-08-07 19:26:33
SR002220,MED0095,Tripoli,Tajoura,2026-07-23 13:35:11
SR002221,MED0457,Tripoli,Tajoura,2026-08-10 16:19:42
SR002222,MED0012,Benghazi,Al-Berka,2026-04-15 04:47:33
SR002223,MED0024,Tripoli,Ain Zara,2026-07-19 22:32:06
SR002224,MED0360,Zliten,Al-Qasabat,2026-07-04 17:44:51
SR002225,MED0138,Benghazi,Al-Sabri,2026-07-01 06:10:51
SR002226,MED0496,Tripoli,Ain Zara,2026-05-11 18:32:13
SR002227,MED0238,Benghazi,Al-Hadaeq,2026-08-15 04:34:21
SR002228,MED0267,Tripoli,Tajoura,2026-04-21 00:06:09
SR002229,MED0487,Tripoli,Tajoura,2026-07-09 12:25:15
SR002230,MED0006,Benghazi,Al-Sabri,2026-05-22 14:36:39
SR002231,MED0214,Tripoli,Abu Salim,2026-07-31 17:31:38
SR002232,MED0412,Misrata,Al-Karareem,2026-04-15 16:14:58
SR002233,MED0025,Tripoli,Tajoura,2026-05-03 09:11:23
SR002234,MED0149,Tripoli,Ain Zara,2026-05-13 14:34:36
SR002235,MED0082,Zawiya,Al-Mashtal,2026-07-06 04:24:11
SR002236,MED0498,Tripoli,Fashloum,2026-07-29 03:27:23
SR002237,MED0053,Misrata,Al-Ghiran,2026-06-17 10:44:29
SR002238,MED0514,Tripoli,Gargaresh,2026-04-08 11:43:10
SR002239,MED0095,Tripoli,Abu Salim,2026-08-17 23:43:31
SR002240,MED0166,Benghazi,Al-Hadaeq,2026-06-10 17:43:43
SR002241,MED0038,Sabha,Al-Manshiya,2026-06-25 08:36:14
SR002242,MED0285,Tripoli,Tajoura,2026-07-24 09:48:28
SR002243,MED0287,Benghazi,Al-Hadaeq,2026-05-14 05:57:03
SR002244,MED0170,Tripoli,Hay Al-Andalus,2026-06-17 08:59:34
SR002245,MED0281,Zawiya,Al-Harsha,2026-07-04 03:32:36
SR002246,MED0429,Tripoli,Souq Al Juma'a,2026-07-06 12:29:59
SR002247,MED0146,Tripoli,Abu Salim,2026-07-09 05:44:56
SR002248,MED0348,Tripoli,Janzour,2026-07-20 06:00:54
SR002249,MED0253,Tripoli,Souq Al Juma'a,2026-06-18 10:05:48
SR002250,MED0451,Tripoli,Fashloum,2026-07-16 08:46:14
SR002251,MED0187,Tripoli,Gargaresh,2026-06-20 15:47:43
SR002252,MED0279,Sabha,Al-Dawwar,2026-06-05 21:55:29
SR002253,MED0425,Sabha,Al-Dawwar,2026-04-15 18:55:28
SR002254,MED0037,Tripoli,Tajoura,2026-06-15 10:22:26
SR002255,MED0395,Tripoli,Hay Al-Andalus,2026-07-26 01:42:23
SR002256,MED0466,Tripoli,Gargaresh,2026-04-20 18:04:05
SR002257,MED0053,Tripoli,Gargaresh,2026-07-11 07:31:29
SR002258,MED0334,Misrata,Qasr Ahmad,2026-07-03 08:24:25
SR002259,MED0495,Tripoli,Souq Al Juma'a,2026-07-05 19:49:38
SR002260,MED0478,Zawiya,Al-Harsha,2026-03-12 22:12:53
SR002261,MED0016,Benghazi,Al-Berka,2026-04-15 18:38:30
SR002262,MED0431,Tripoli,Hay Al-Andalus,2026-06-09 09:45:39
SR002263,MED0139,Benghazi,Al-Fuwayhat,2026-06-03 13:37:52
SR002264,MED0074,Zawiya,Al-Mashtal,2026-07-06 08:05:13
SR002265,MED0106,Tripoli,Ain Zara,2026-07-17 13:26:39
SR002266,MED0487,Tripoli,Souq Al Juma'a,2026-07-23 00:57:34
SR002267,MED0196,Tripoli,Gargaresh,2026-05-24 10:28:36
SR002268,MED0105,Benghazi,Al-Selmani,2026-07-22 05:09:09
SR002269,MED0298,Tripoli,Ain Zara,2026-06-30 08:12:58
SR002270,MED0220,Benghazi,Al-Fuwayhat,2026-08-20 15:42:38
SR002271,MED0520,Tripoli,Tajoura,2026-06-03 01:31:23
SR002272,MED0228,Tripoli,Gargaresh,2026-07-28 05:42:58
SR002273,MED0302,Tripoli,Gargaresh,2026-06-20 19:31:38
SR002274,MED0044,Misrata,Qasr Ahmad,2026-08-04 01:19:00
SR002275,MED0318,Tripoli,Janzour,2026-04-18 08:41:27
SR002276,MED0449,Tripoli,Tajoura,2026-07-26 23:12:33
SR002277,MED0075,Tripoli,Fashloum,2026-05-31 01:04:11
SR002278,MED0142,Tripoli,Fashloum,2026-04-12 13:33:00
SR002279,MED0479,Sabha,Al-Manshiya,2026-05-22 00:07:42
SR002280,MED0161,Tripoli,Tajoura,2026-07-16 20:58:02
SR002281,MED0377,Tripoli,Janzour,2026-07-21 12:24:58
SR002282,MED0309,Tripoli,Ain Zara,2026-05-03 14:49:29
SR002283,MED0368,Benghazi,Al-Selmani,2026-08-01 00:26:30
SR002284,MED0248,Tripoli,Ain Zara,2026-06-04 16:35:34
SR002285,MED0449,Zliten,Al-Qasabat,2026-02-28 18:04:58
SR002286,MED0198,Tripoli,Souq Al Juma'a,2026-05-07 08:10:56
SR002287,MED0048,Tripoli,Hay Al-Andalus,2026-07-15 12:33:39
SR002288,MED0128,Benghazi,Al-Selmani,2026-07-25 14:56:08
SR002289,MED0484,Tripoli,Souq Al Juma'a,2026-02-19 21:26:31
SR002290,MED0287,Tripoli,Tajoura,2026-07-04 18:35:06
SR002291,MED0273,Benghazi,Al-Berka,2026-08-11 15:44:00
SR002292,MED0212,Tripoli,Ain Zara,2026-06-25 06:01:10
SR002293,MED0453,Tripoli,Tajoura,2026-05-13 13:03:34
SR002294,MED0218,Tripoli,Souq Al Juma'a,2026-07-01 15:11:54
SR002295,MED0472,Benghazi,Al-Selmani,2026-05-15 16:07:29
SR002296,MED0490,Tripoli,Janzour,2026-06-25 18:17:08
SR002297,MED0296,Tripoli,Abu Salim,2026-07-22 02:31:12
SR002298,MED0233,Tripoli,Souq Al Juma'a,2026-08-15 17:26:48
SR002299,MED0450,Sabha,Tayouri,2026-07-21 23:32:54
SR002300,MED0429,Benghazi,Al-Fuwayhat,2026-06-26 22:43:28
SR002301,MED0150,Tripoli,Tajoura,2026-03-30 21:49:27
SR002302,MED0476,Tripoli,Tajoura,2026-08-03 04:20:23
SR002303,MED0273,Tripoli,Janzour,2026-08-05 05:48:46
SR002304,MED0410,Tripoli,Souq Al Juma'a,2026-07-31 08:26:47
SR002305,MED0002,Tripoli,Hay Al-Andalus,2026-06-08 16:03:24
SR002306,MED0398,Benghazi,Al-Hadaeq,2026-08-20 17:45:34
SR002307,MED0335,Tripoli,Janzour,2026-05-08 23:21:29
SR002308,MED0044,Benghazi,Al-Selmani,2026-05-08 15:13:18
SR002309,MED0464,Tripoli,Gargaresh,2026-03-24 09:10:22
SR002310,MED0089,Tripoli,Janzour,2026-03-23 22:30:20
SR002311,MED0406,Tripoli,Janzour,2026-08-09 21:28:41
SR002312,MED0433,Tripoli,Janzour,2026-02-24 15:11:52
SR002313,MED0119,Benghazi,Al-Berka,2026-07-19 16:27:28
SR002314,MED0399,Misrata,Qasr Ahmad,2026-08-14 13:12:20
SR002315,MED0253,Benghazi,Al-Selmani,2026-08-07 05:02:35
SR002316,MED0024,Tripoli,Fashloum,2026-08-16 22:03:53
SR002317,MED0164,Tripoli,Tajoura,2026-08-04 23:54:07
SR002318,MED0390,Benghazi,Al-Berka,2026-08-20 08:50:45
SR002319,MED0322,Tripoli,Janzour,2026-08-09 18:30:32
SR002320,MED0504,Benghazi,Al-Hadaeq,2026-08-05 20:30:38
SR002321,MED0027,Benghazi,Al-Fuwayhat,2026-05-15 12:49:09
SR002322,MED0440,Benghazi,Al-Fuwayhat,2026-08-10 12:32:45
SR002323,MED0158,Sabha,Al-Manshiya,2026-08-12 14:11:58
SR002324,MED0297,Tripoli,Tajoura,2026-06-30 12:43:36
SR002325,MED0221,Misrata,Qasr Ahmad,2026-06-11 12:40:47
SR002326,MED0226,Tripoli,Janzour,2026-07-22 23:25:45
SR002327,MED0365,Tripoli,Ain Zara,2026-07-17 12:22:50
SR002328,MED0173,Tripoli,Tajoura,2026-07-07 17:45:53
SR002329,MED0211,Tripoli,Gargaresh,2026-08-13 19:05:01
SR002330,MED0157,Misrata,Al-Ghiran,2026-07-24 06:18:37
SR002331,MED0401,Tripoli,Tajoura,2026-05-31 06:27:30
SR002332,MED0192,Misrata,Al-Ghiran,2026-02-18 23:39:01
SR002333,MED0449,Tripoli,Gargaresh,2026-07-30 04:50:37
SR002334,MED0062,Tripoli,Abu Salim,2026-07-12 05:24:05
SR002335,MED0353,Tripoli,Gargaresh,2026-04-21 03:15:41
SR002336,MED0443,Benghazi,Al-Fuwayhat,2026-07-04 00:56:38
SR002337,MED0212,Benghazi,Al-Sabri,2026-06-08 14:55:28
SR002338,MED0348,Misrata,Al-Ghiran,2026-05-03 15:18:23
SR002339,MED0161,Misrata,Al-Ghiran,2026-08-13 10:02:54
SR002340,MED0382,Tripoli,Tajoura,2026-08-08 10:19:46
SR002341,MED0322,Tripoli,Ain Zara,2026-07-01 19:50:17
SR002342,MED0253,Zawiya,Al-Harsha,2026-05-19 00:39:02
SR002343,MED0153,Tripoli,Ain Zara,2026-08-04 11:27:52
SR002344,MED0041,Tripoli,Hay Al-Andalus,2026-06-04 05:41:18
SR002345,MED0497,Tripoli,Abu Salim,2026-06-29 22:00:01
SR002346,MED0152,Tripoli,Fashloum,2026-06-16 10:41:08
SR002347,MED0517,Tripoli,Abu Salim,2026-05-13 14:31:38
SR002348,MED0049,Misrata,Zawiyat Al-Mahjoub,2026-05-04 00:44:52
SR002349,MED0402,Tripoli,Tajoura,2026-06-29 16:57:51
SR002350,MED0484,Tripoli,Hay Al-Andalus,2026-06-11 12:10:09
SR002351,MED0144,Tripoli,Tajoura,2026-05-17 19:30:11
SR002352,MED0301,Tripoli,Fashloum,2026-08-18 13:07:42
SR002353,MED0147,Tripoli,Ain Zara,2026-04-06 09:44:31
SR002354,MED0449,Tripoli,Tajoura,2026-05-12 15:54:55
SR002355,MED0284,Tripoli,Fashloum,2026-06-24 11:12:02
SR002356,MED0347,Tripoli,Souq Al Juma'a,2026-08-07 02:00:44
SR002357,MED0227,Tripoli,Abu Salim,2026-05-15 03:41:36
SR002358,MED0024,Zawiya,Al-Mashtal,2026-08-10 08:10:44
SR002359,MED0010,Benghazi,Al-Selmani,2026-04-23 00:08:50
SR002360,MED0012,Tripoli,Hay Al-Andalus,2026-07-20 17:25:28
SR002361,MED0082,Tripoli,Fashloum,2026-05-13 01:20:00
SR002362,MED0104,Tripoli,Ain Zara,2026-06-02 09:34:55
SR002363,MED0203,Tripoli,Janzour,2026-08-17 18:50:44
SR002364,MED0158,Tripoli,Hay Al-Andalus,2026-08-09 23:32:51
SR002365,MED0024,Zawiya,Al-Harsha,2026-06-04 15:55:41
SR002366,MED0448,Benghazi,Al-Fuwayhat,2026-07-31 23:24:24
SR002367,MED0433,Benghazi,Al-Hadaeq,2026-07-01 00:13:01
SR002368,MED0170,Benghazi,Al-Hadaeq,2026-07-21 18:11:47
SR002369,MED0490,Tripoli,Janzour,2026-06-29 10:38:21
SR002370,MED0438,Sabha,Al-Dawwar,2026-07-17 00:57:31
SR002371,MED0238,Benghazi,Al-Fuwayhat,2026-03-14 09:08:17
SR002372,MED0215,Tripoli,Abu Salim,2026-07-03 00:15:23
SR002373,MED0130,Zliten,Souq Al-Thulatha,2026-07-11 14:45:39
SR002374,MED0083,Benghazi,Al-Sabri,2026-07-13 16:57:21
SR002375,MED0200,Tripoli,Janzour,2026-05-23 15:15:00
SR002376,MED0157,Tripoli,Ain Zara,2026-08-09 06:26:59
SR002377,MED0462,Zliten,Souq Al-Thulatha,2026-08-18 23:58:22
SR002378,MED0396,Zliten,Souq Al-Thulatha,2026-07-28 10:12:00
SR002379,MED0015,Benghazi,Al-Sabri,2026-07-06 20:20:24
SR002380,MED0449,Tripoli,Fashloum,2026-05-04 16:25:31
SR002381,MED0119,Tripoli,Tajoura,2026-07-14 02:00:01
SR002382,MED0300,Tripoli,Ain Zara,2026-04-08 04:43:49
SR002383,MED0216,Tripoli,Ain Zara,2026-08-09 22:01:07
SR002384,MED0203,Misrata,Zawiyat Al-Mahjoub,2026-04-23 09:27:56
SR002385,MED0212,Tripoli,Fashloum,2026-07-09 18:18:43
SR002386,MED0023,Tripoli,Fashloum,2026-07-13 03:37:16
SR002387,MED0373,Tripoli,Janzour,2026-06-01 22:59:42
SR002388,MED0448,Tripoli,Tajoura,2026-06-05 09:35:39
SR002389,MED0411,Tripoli,Fashloum,2026-07-25 17:09:41
SR002390,MED0016,Tripoli,Tajoura,2026-06-30 16:51:38
SR002391,MED0365,Zawiya,Al-Harsha,2026-07-15 08:13:05
SR002392,MED0266,Tripoli,Fashloum,2026-04-24 10:11:51
SR002393,MED0475,Benghazi,Al-Hadaeq,2026-07-24 04:41:28
SR002394,MED0453,Tripoli,Souq Al Juma'a,2026-04-18 00:59:37
SR002395,MED0313,Misrata,Qasr Ahmad,2026-07-29 04:51:14
SR002396,MED0435,Benghazi,Al-Sabri,2026-07-22 13:37:03
SR002397,MED0214,Sabha,Al-Dawwar,2026-08-15 18:04:50
SR002398,MED0130,Tripoli,Souq Al Juma'a,2026-06-30 11:56:47
SR002399,MED0204,Benghazi,Al-Selmani,2026-07-10 14:28:18
SR002400,MED0079,Tripoli,Souq Al Juma'a,2026-07-13 01:56:04
SR002401,MED0030,Tripoli,Tajoura,2026-07-18 22:30:24
SR002402,MED0287,Tripoli,Abu Salim,2026-07-28 04:48:07
SR002403,MED0500,Tripoli,Fashloum,2026-03-29 06:48:53
SR002404,MED0282,Tripoli,Gargaresh,2026-05-30 07:19:26
SR002405,MED0197,Tripoli,Janzour,2026-06-24 10:48:45
SR002406,MED0112,Benghazi,Al-Berka,2026-05-21 00:57:43
SR002407,MED0005,Tripoli,Souq Al Juma'a,2026-07-07 05:50:39
SR002408,MED0213,Tripoli,Hay Al-Andalus,2026-07-21 16:02:16
SR002409,MED0256,Tripoli,Abu Salim,2026-08-13 21:25:01
SR002410,MED0017,Tripoli,Ain Zara,2026-07-31 21:27:33
SR002411,MED0214,Tripoli,Tajoura,2026-06-28 20:25:36
SR002412,MED0283,Tripoli,Gargaresh,2026-04-28 15:12:26
SR002413,MED0323,Tripoli,Ain Zara,2026-07-17 22:10:16
SR002414,MED0323,Tripoli,Fashloum,2026-07-25 01:53:49
SR002415,MED0116,Tripoli,Tajoura,2026-08-02 04:35:06
SR002416,MED0132,Tripoli,Abu Salim,2026-07-28 17:31:56
SR002417,MED0345,Tripoli,Janzour,2026-08-02 11:22:21
SR002418,MED0367,Misrata,Qasr Ahmad,2026-06-07 21:53:55
SR002419,MED0016,Misrata,Al-Ghiran,2026-05-04 11:06:26
SR002420,MED0007,Benghazi,Al-Sabri,2026-06-27 21:37:22
SR002421,MED0138,Tripoli,Souq Al Juma'a,2026-07-27 03:16:04
SR002422,MED0202,Benghazi,Al-Hadaeq,2026-05-28 04:23:40
SR002423,MED0193,Tripoli,Janzour,2026-04-04 19:41:37
SR002424,MED0122,Benghazi,Al-Selmani,2026-08-01 23:22:35
SR002425,MED0102,Zliten,Souq Al-Thulatha,2026-07-28 06:02:07
SR002426,MED0291,Benghazi,Al-Berka,2026-03-09 01:08:01
SR002427,MED0412,Misrata,Zawiyat Al-Mahjoub,2026-04-24 18:34:30
SR002428,MED0468,Tripoli,Janzour,2026-06-08 17:08:38
SR002429,MED0333,Tripoli,Tajoura,2026-08-06 21:27:43
SR002430,MED0237,Benghazi,Al-Fuwayhat,2026-05-14 19:28:43
SR002431,MED0229,Tripoli,Tajoura,2026-06-13 08:28:56
SR002432,MED0357,Tripoli,Souq Al Juma'a,2026-07-20 10:03:13
SR002433,MED0195,Tripoli,Souq Al Juma'a,2026-07-11 20:04:45
SR002434,MED0040,Benghazi,Al-Berka,2026-06-07 19:24:11
SR002435,MED0119,Tripoli,Abu Salim,2026-08-17 12:04:48
SR002436,MED0441,Tripoli,Gargaresh,2026-07-23 16:06:54
SR002437,MED0330,Benghazi,Al-Hadaeq,2026-04-21 16:45:43
SR002438,MED0370,Tripoli,Gargaresh,2026-07-04 21:38:38
SR002439,MED0325,Tripoli,Janzour,2026-07-27 03:48:05
SR002440,MED0011,Tripoli,Hay Al-Andalus,2026-06-28 17:46:43
SR002441,MED0145,Tripoli,Ain Zara,2026-06-20 09:03:30
SR002442,MED0188,Tripoli,Abu Salim,2026-06-17 12:39:33
SR002443,MED0353,Benghazi,Al-Sabri,2026-07-28 23:08:38
SR002444,MED0388,Tripoli,Ain Zara,2026-08-02 22:46:30
SR002445,MED0292,Zawiya,Al-Harsha,2026-03-24 16:56:39
SR002446,MED0122,Tripoli,Gargaresh,2026-05-24 22:39:03
SR002447,MED0114,Benghazi,Al-Berka,2026-05-28 22:57:22
SR002448,MED0166,Benghazi,Al-Fuwayhat,2026-08-03 18:51:27
SR002449,MED0157,Benghazi,Al-Berka,2026-07-14 02:10:57
SR002450,MED0158,Tripoli,Hay Al-Andalus,2026-05-18 22:27:53
SR002451,MED0502,Tripoli,Abu Salim,2026-08-02 06:48:01
SR002452,MED0160,Tripoli,Abu Salim,2026-03-24 02:33:22
SR002453,MED0020,Tripoli,Ain Zara,2026-06-10 18:01:24
SR002454,MED0017,Tripoli,Tajoura,2026-07-29 07:41:02
SR002455,MED0074,Sabha,Al-Manshiya,2026-08-18 16:23:05
SR002456,MED0237,Tripoli,Hay Al-Andalus,2026-08-02 00:12:21
SR002457,MED0158,Benghazi,Al-Fuwayhat,2026-08-06 10:00:07
SR002458,MED0183,Tripoli,Gargaresh,2026-06-05 02:17:34
SR002459,MED0283,Tripoli,Fashloum,2026-06-09 21:40:08
SR002460,MED0168,Tripoli,Souq Al Juma'a,2026-05-29 02:48:34
SR002461,MED0304,Tripoli,Abu Salim,2026-07-17 20:03:18
SR002462,MED0465,Tripoli,Fashloum,2026-06-23 22:29:14
SR002463,MED0264,Tripoli,Souq Al Juma'a,2026-07-13 12:50:02
SR002464,MED0449,Tripoli,Hay Al-Andalus,2026-06-07 23:50:47
SR002465,MED0499,Misrata,Al-Karareem,2026-05-28 12:37:32
SR002466,MED0062,Misrata,Al-Ghiran,2026-08-12 02:05:56
SR002467,MED0348,Tripoli,Fashloum,2026-03-24 00:49:46
SR002468,MED0233,Zawiya,Al-Harsha,2026-08-19 22:24:45
SR002469,MED0092,Tripoli,Souq Al Juma'a,2026-06-11 18:45:47
SR002470,MED0298,Tripoli,Tajoura,2026-05-30 21:33:37
SR002471,MED0289,Tripoli,Tajoura,2026-08-17 20:18:02
SR002472,MED0339,Benghazi,Al-Hadaeq,2026-07-05 18:00:05
SR002473,MED0426,Tripoli,Ain Zara,2026-07-16 15:47:26
SR002474,MED0289,Tripoli,Ain Zara,2026-04-19 14:43:22
SR002475,MED0448,Misrata,Zawiyat Al-Mahjoub,2026-08-15 01:57:08
SR002476,MED0430,Tripoli,Ain Zara,2026-04-06 20:15:26
SR002477,MED0235,Tripoli,Abu Salim,2026-08-17 20:02:14
SR002478,MED0235,Misrata,Qasr Ahmad,2026-07-25 06:46:37
SR002479,MED0008,Tripoli,Gargaresh,2026-07-01 17:30:57
SR002480,MED0211,Tripoli,Tajoura,2026-07-12 00:39:00
SR002481,MED0290,Tripoli,Tajoura,2026-05-06 18:34:04
SR002482,MED0162,Misrata,Al-Karareem,2026-07-19 06:41:13
SR002483,MED0313,Tripoli,Abu Salim,2026-07-02 04:18:15
SR002484,MED0402,Tripoli,Abu Salim,2026-04-22 17:09:07
SR002485,MED0254,Tripoli,Fashloum,2026-07-25 19:44:42
SR002486,MED0015,Tripoli,Hay Al-Andalus,2026-07-06 07:44:00
SR002487,MED0100,Tripoli,Gargaresh,2026-06-02 15:02:12
SR002488,MED0119,Zawiya,Bir Al-Ghanam,2026-06-21 18:10:51
SR002489,MED0468,Tripoli,Tajoura,2026-08-14 18:37:26
SR002490,MED0166,Tripoli,Abu Salim,2026-04-04 02:41:54
SR002491,MED0308,Tripoli,Tajoura,2026-06-29 05:04:13
SR002492,MED0199,Tripoli,Abu Salim,2026-06-01 21:23:11
SR002493,MED0005,Benghazi,Al-Berka,2026-08-13 19:37:09
SR002494,MED0005,Tripoli,Ain Zara,2026-06-29 17:48:52
SR002495,MED0046,Tripoli,Janzour,2026-07-31 07:54:46
SR002496,MED0248,Tripoli,Janzour,2026-07-12 04:14:00
SR002497,MED0347,Tripoli,Fashloum,2026-05-03 09:34:29
SR002498,MED0518,Tripoli,Souq Al Juma'a,2026-06-22 20:01:31
SR002499,MED0452,Zliten,Souq Al-Thulatha,2026-06-12 10:13:02
SR002500,MED0049,Tripoli,Hay Al-Andalus,2026-05-30 21:14:41
SR002501,MED0075,Zawiya,Al-Mashtal,2026-06-07 08:52:47
SR002502,MED0046,Tripoli,Abu Salim,2026-08-10 13:59:29
SR002503,MED0480,Tripoli,Hay Al-Andalus,2026-08-19 00:33:40
SR002504,MED0206,Zawiya,Al-Harsha,2026-06-16 23:55:11
SR002505,MED0348,Tripoli,Hay Al-Andalus,2026-06-13 00:18:56
SR002506,MED0051,Tripoli,Fashloum,2026-05-18 14:31:59
SR002507,MED0064,Benghazi,Al-Sabri,2026-07-26 15:00:48
SR002508,MED0139,Tripoli,Tajoura,2026-07-14 08:51:24
SR002509,MED0469,Tripoli,Fashloum,2026-07-09 00:19:06
SR002510,MED0105,Tripoli,Janzour,2026-03-28 17:49:32
SR002511,MED0371,Tripoli,Ain Zara,2026-06-21 17:04:13
SR002512,MED0340,Tripoli,Abu Salim,2026-05-09 23:59:34
SR002513,MED0350,Tripoli,Ain Zara,2026-04-28 15:12:46
SR002514,MED0405,Benghazi,Al-Selmani,2026-03-15 16:34:19
SR002515,MED0082,Tripoli,Fashloum,2026-08-13 10:06:47
SR002516,MED0281,Tripoli,Souq Al Juma'a,2026-08-07 23:03:36
SR002517,MED0438,Tripoli,Janzour,2026-08-11 05:20:34
SR002518,MED0440,Benghazi,Al-Sabri,2026-06-18 00:43:33
SR002519,MED0074,Zawiya,Bir Al-Ghanam,2026-08-18 09:05:22
SR002520,MED0073,Tripoli,Fashloum,2026-08-12 01:50:20
SR002521,MED0149,Benghazi,Al-Hadaeq,2026-05-25 11:09:37
SR002522,MED0072,Benghazi,Al-Sabri,2026-06-10 16:34:35
SR002523,MED0384,Tripoli,Ain Zara,2026-08-06 23:41:43
SR002524,MED0381,Tripoli,Janzour,2026-05-06 06:53:34
SR002525,MED0126,Benghazi,Al-Selmani,2026-07-04 20:15:28
SR002526,MED0417,Benghazi,Al-Sabri,2026-04-17 12:25:19
SR002527,MED0470,Benghazi,Al-Fuwayhat,2026-05-01 23:39:26
SR002528,MED0075,Tripoli,Hay Al-Andalus,2026-04-21 18:36:50
SR002529,MED0061,Zliten,Al-Qasabat,2026-07-10 11:22:22
SR002530,MED0176,Tripoli,Abu Salim,2026-04-08 08:07:34
SR002531,MED0049,Tripoli,Hay Al-Andalus,2026-07-28 03:21:01
SR002532,MED0083,Benghazi,Al-Sabri,2026-03-29 11:33:22
SR002533,MED0490,Tripoli,Gargaresh,2026-04-19 13:57:58
SR002534,MED0158,Misrata,Zawiyat Al-Mahjoub,2026-05-17 10:59:42
SR002535,MED0467,Tripoli,Tajoura,2026-08-09 11:56:19
SR002536,MED0001,Tripoli,Fashloum,2026-07-29 00:06:46
SR002537,MED0183,Tripoli,Fashloum,2026-04-27 23:53:31
SR002538,MED0008,Tripoli,Gargaresh,2026-07-29 08:26:26
SR002539,MED0113,Misrata,Al-Karareem,2026-04-24 03:55:11
SR002540,MED0188,Tripoli,Souq Al Juma'a,2026-04-14 04:21:02
SR002541,MED0100,Tripoli,Ain Zara,2026-08-06 13:04:48
SR002542,MED0513,Tripoli,Gargaresh,2026-06-18 15:14:03
SR002543,MED0072,Sabha,Al-Manshiya,2026-08-04 20:01:24
SR002544,MED0138,Tripoli,Hay Al-Andalus,2026-05-13 12:12:45
SR002545,MED0053,Tripoli,Souq Al Juma'a,2026-05-14 03:34:01
SR002546,MED0313,Tripoli,Souq Al Juma'a,2026-07-06 14:57:58
SR002547,MED0150,Tripoli,Tajoura,2026-06-30 15:14:13
SR002548,MED0405,Tripoli,Tajoura,2026-07-31 20:10:20
SR002549,MED0064,Tripoli,Janzour,2026-07-01 20:21:11
SR002550,MED0388,Tripoli,Tajoura,2026-06-03 10:49:15
SR002551,MED0464,Zawiya,Al-Mashtal,2026-06-13 18:58:56
SR002552,MED0055,Tripoli,Fashloum,2026-05-20 13:20:55
SR002553,MED0434,Tripoli,Janzour,2026-07-05 16:06:56
SR002554,MED0050,Misrata,Zawiyat Al-Mahjoub,2026-08-19 22:25:43
SR002555,MED0354,Tripoli,Janzour,2026-03-28 11:29:26
SR002556,MED0272,Benghazi,Al-Sabri,2026-07-06 15:21:30
SR002557,MED0117,Tripoli,Fashloum,2026-07-22 11:55:42
SR002558,MED0283,Tripoli,Janzour,2026-06-07 15:17:27
SR002559,MED0369,Benghazi,Al-Sabri,2026-01-31 03:07:17
SR002560,MED0199,Misrata,Qasr Ahmad,2026-08-14 20:30:40
SR002561,MED0279,Tripoli,Souq Al Juma'a,2026-07-25 21:33:52
SR002562,MED0029,Misrata,Qasr Ahmad,2026-07-26 21:50:44
SR002563,MED0152,Benghazi,Al-Sabri,2026-07-07 20:35:32
SR002564,MED0179,Benghazi,Al-Sabri,2026-05-03 10:09:30
SR002565,MED0353,Tripoli,Fashloum,2026-03-25 06:48:26
SR002566,MED0386,Tripoli,Fashloum,2026-07-02 16:34:27
SR002567,MED0203,Misrata,Qasr Ahmad,2026-05-30 09:24:11
SR002568,MED0042,Benghazi,Al-Sabri,2026-07-17 03:31:11
SR002569,MED0079,Tripoli,Janzour,2026-08-11 18:54:51
SR002570,MED0357,Tripoli,Souq Al Juma'a,2026-05-05 20:01:36
SR002571,MED0029,Misrata,Al-Ghiran,2026-07-16 08:45:19
SR002572,MED0205,Tripoli,Fashloum,2026-07-17 02:23:13
SR002573,MED0108,Tripoli,Janzour,2026-08-11 23:32:01
SR002574,MED0255,Tripoli,Janzour,2026-08-01 21:17:44
SR002575,MED0468,Misrata,Al-Ghiran,2026-07-04 07:54:10
SR002576,MED0193,Tripoli,Abu Salim,2026-07-27 08:26:03
SR002577,MED0170,Tripoli,Tajoura,2026-05-11 01:42:10
SR002578,MED0058,Tripoli,Ain Zara,2026-08-10 01:40:53
SR002579,MED0353,Tripoli,Ain Zara,2026-04-23 01:03:34
SR002580,MED0289,Tripoli,Fashloum,2026-06-16 01:38:54
SR002581,MED0290,Tripoli,Fashloum,2026-08-12 05:26:01
SR002582,MED0194,Tripoli,Abu Salim,2026-04-28 17:15:52
SR002583,MED0112,Tripoli,Abu Salim,2026-07-13 13:36:12
SR002584,MED0365,Misrata,Al-Ghiran,2026-04-28 16:45:34
SR002585,MED0149,Benghazi,Al-Fuwayhat,2026-07-18 03:15:45
SR002586,MED0439,Misrata,Qasr Ahmad,2026-03-21 01:09:01
SR002587,MED0242,Tripoli,Gargaresh,2026-08-16 04:25:42
SR002588,MED0132,Tripoli,Janzour,2026-07-21 15:40:56
SR002589,MED0298,Tripoli,Fashloum,2026-03-28 00:32:27
SR002590,MED0425,Zawiya,Bir Al-Ghanam,2026-03-19 21:05:30
SR002591,MED0179,Zawiya,Al-Harsha,2026-06-27 17:01:01
SR002592,MED0248,Tripoli,Tajoura,2026-04-05 18:58:12
SR002593,MED0348,Tripoli,Fashloum,2026-07-18 19:10:30
SR002594,MED0226,Tripoli,Fashloum,2026-07-30 09:00:52
SR002595,MED0395,Benghazi,Al-Hadaeq,2026-04-23 17:20:55
SR002596,MED0466,Zawiya,Bir Al-Ghanam,2026-07-10 23:00:13
SR002597,MED0144,Tripoli,Janzour,2026-07-09 15:02:41
SR002598,MED0505,Zawiya,Bir Al-Ghanam,2026-07-17 02:58:04
SR002599,MED0124,Tripoli,Abu Salim,2026-06-01 22:16:51
SR002600,MED0161,Misrata,Zawiyat Al-Mahjoub,2026-07-26 22:26:05
SR002601,MED0453,Tripoli,Tajoura,2026-06-22 15:36:59
SR002602,MED0029,Tripoli,Fashloum,2026-06-10 12:04:03
SR002603,MED0405,Benghazi,Al-Hadaeq,2026-07-19 16:29:34
SR002604,MED0439,Tripoli,Ain Zara,2026-07-25 06:06:20
SR002605,MED0404,Tripoli,Ain Zara,2026-07-14 09:55:06
SR002606,MED0230,Benghazi,Al-Berka,2026-07-01 01:17:03
SR002607,MED0041,Tripoli,Tajoura,2026-08-02 23:11:59
SR002608,MED0337,Tripoli,Janzour,2026-02-25 18:26:37
SR002609,MED0104,Tripoli,Abu Salim,2026-07-22 20:13:50
SR002610,MED0363,Tripoli,Souq Al Juma'a,2026-06-16 10:06:59
SR002611,MED0164,Zawiya,Al-Mashtal,2026-06-10 05:49:05
SR002612,MED0202,Tripoli,Abu Salim,2026-07-14 19:59:12
SR002613,MED0396,Tripoli,Abu Salim,2026-05-18 22:09:17
SR002614,MED0078,Tripoli,Fashloum,2026-08-16 01:53:25
SR002615,MED0401,Tripoli,Ain Zara,2026-07-05 08:35:13
SR002616,MED0195,Zawiya,Bir Al-Ghanam,2026-08-15 01:13:44
SR002617,MED0450,Misrata,Al-Ghiran,2026-06-30 14:34:58
SR002618,MED0467,Tripoli,Fashloum,2026-07-02 23:58:34
SR002619,MED0365,Tripoli,Hay Al-Andalus,2026-07-21 06:08:23
SR002620,MED0038,Benghazi,Al-Sabri,2026-04-09 13:07:51
SR002621,MED0082,Tripoli,Abu Salim,2026-07-28 05:35:54
SR002622,MED0354,Misrata,Zawiyat Al-Mahjoub,2026-07-01 18:23:03
SR002623,MED0133,Tripoli,Tajoura,2026-08-17 11:02:20
SR002624,MED0016,Tripoli,Abu Salim,2026-07-01 12:57:49
SR002625,MED0025,Tripoli,Tajoura,2026-05-03 13:20:49
SR002626,MED0021,Tripoli,Hay Al-Andalus,2026-06-17 02:23:21
SR002627,MED0016,Tripoli,Hay Al-Andalus,2026-08-04 00:20:12
SR002628,MED0384,Benghazi,Al-Selmani,2026-06-27 08:05:01
SR002629,MED0478,Tripoli,Hay Al-Andalus,2026-06-20 03:58:32
SR002630,MED0206,Benghazi,Al-Sabri,2026-06-24 19:01:33
SR002631,MED0498,Tripoli,Tajoura,2026-07-11 01:37:45
SR002632,MED0041,Tripoli,Abu Salim,2026-05-31 03:07:16
SR002633,MED0030,Tripoli,Janzour,2026-05-18 04:38:55
SR002634,MED0442,Tripoli,Tajoura,2026-05-10 20:57:47
SR002635,MED0061,Tripoli,Gargaresh,2026-04-14 20:15:00
SR002636,MED0035,Tripoli,Gargaresh,2026-06-26 13:03:35
SR002637,MED0516,Tripoli,Tajoura,2026-06-16 14:16:04
SR002638,MED0282,Benghazi,Al-Fuwayhat,2026-06-12 22:00:08
SR002639,MED0306,Misrata,Zawiyat Al-Mahjoub,2026-06-23 11:07:53
SR002640,MED0209,Tripoli,Hay Al-Andalus,2026-06-11 06:06:08
SR002641,MED0437,Tripoli,Souq Al Juma'a,2026-07-05 19:47:04
SR002642,MED0205,Tripoli,Souq Al Juma'a,2026-07-19 04:13:25
SR002643,MED0406,Tripoli,Gargaresh,2026-07-16 23:18:24
SR002644,MED0347,Tripoli,Souq Al Juma'a,2026-07-04 15:06:26
SR002645,MED0366,Tripoli,Janzour,2026-07-07 17:42:51
SR002646,MED0293,Tripoli,Ain Zara,2026-07-09 11:50:08
SR002647,MED0433,Benghazi,Al-Sabri,2026-08-03 20:23:19
SR002648,MED0296,Tripoli,Gargaresh,2026-06-29 21:58:02
SR002649,MED0016,Tripoli,Abu Salim,2026-06-15 20:42:25
SR002650,MED0141,Benghazi,Al-Sabri,2026-05-12 06:09:34
SR002651,MED0370,Tripoli,Fashloum,2026-08-12 18:00:26
SR002652,MED0475,Tripoli,Fashloum,2026-07-16 08:19:20
SR002653,MED0264,Tripoli,Abu Salim,2026-06-23 22:24:48
SR002654,MED0331,Misrata,Zawiyat Al-Mahjoub,2026-05-06 03:20:37
SR002655,MED0001,Tripoli,Abu Salim,2026-08-16 10:41:28
SR002656,MED0430,Zawiya,Al-Harsha,2026-08-03 21:16:12
SR002657,MED0095,Tripoli,Tajoura,2026-07-31 10:03:30
SR002658,MED0189,Tripoli,Souq Al Juma'a,2026-04-29 21:54:58
SR002659,MED0255,Tripoli,Gargaresh,2026-07-13 08:14:55
SR002660,MED0095,Tripoli,Hay Al-Andalus,2026-05-22 14:28:13
SR002661,MED0192,Benghazi,Al-Hadaeq,2026-07-30 10:30:40
SR002662,MED0314,Tripoli,Ain Zara,2026-07-01 08:47:41
SR002663,MED0402,Tripoli,Fashloum,2026-06-08 13:47:50
SR002664,MED0344,Tripoli,Abu Salim,2026-05-06 04:39:27
SR002665,MED0222,Tripoli,Souq Al Juma'a,2026-06-10 05:54:35
SR002666,MED0257,Tripoli,Gargaresh,2026-08-08 10:23:40
SR002667,MED0257,Tripoli,Fashloum,2026-08-02 05:51:00
SR002668,MED0366,Tripoli,Ain Zara,2026-07-26 08:19:36
SR002669,MED0131,Tripoli,Abu Salim,2026-06-13 18:25:52
SR002670,MED0257,Tripoli,Ain Zara,2026-03-15 08:04:29
SR002671,MED0018,Misrata,Al-Ghiran,2026-04-26 18:39:44
SR002672,MED0229,Tripoli,Tajoura,2026-06-16 10:49:18
SR002673,MED0187,Zawiya,Al-Mashtal,2026-06-24 15:13:36
SR002674,MED0463,Benghazi,Al-Sabri,2026-04-30 09:15:56
SR002675,MED0215,Tripoli,Ain Zara,2026-06-07 16:18:54
SR002676,MED0304,Misrata,Zawiyat Al-Mahjoub,2026-06-14 09:43:04
SR002677,MED0426,Tripoli,Abu Salim,2026-06-28 16:19:46
SR002678,MED0225,Benghazi,Al-Berka,2026-07-20 23:57:10
SR002679,MED0259,Tripoli,Gargaresh,2026-05-29 21:40:02
SR002680,MED0444,Tripoli,Abu Salim,2026-06-29 10:11:42
SR002681,MED0066,Tripoli,Tajoura,2026-05-05 08:15:18
SR002682,MED0455,Tripoli,Tajoura,2026-06-16 14:58:44
SR002683,MED0431,Tripoli,Ain Zara,2026-05-11 04:11:16
SR002684,MED0202,Misrata,Al-Ghiran,2026-03-04 13:44:26
SR002685,MED0333,Tripoli,Souq Al Juma'a,2026-05-29 11:00:05
SR002686,MED0472,Zliten,Al-Qasabat,2026-06-29 17:23:29
SR002687,MED0259,Benghazi,Al-Hadaeq,2026-08-12 04:00:14
SR002688,MED0346,Zawiya,Bir Al-Ghanam,2026-08-07 19:50:57
SR002689,MED0425,Benghazi,Al-Selmani,2026-06-11 10:04:58
SR002690,MED0248,Benghazi,Al-Sabri,2026-07-23 01:45:33
SR002691,MED0125,Tripoli,Hay Al-Andalus,2026-06-07 23:57:12
SR002692,MED0464,Tripoli,Gargaresh,2026-05-23 11:27:42
SR002693,MED0116,Benghazi,Al-Sabri,2026-08-14 07:42:19
SR002694,MED0429,Tripoli,Hay Al-Andalus,2026-06-21 11:52:48
SR002695,MED0501,Tripoli,Souq Al Juma'a,2026-05-12 21:49:41
SR002696,MED0063,Tripoli,Fashloum,2026-04-06 20:15:00
SR002697,MED0193,Zawiya,Al-Harsha,2026-08-04 20:24:15
SR002698,MED0221,Tripoli,Tajoura,2026-08-09 02:26:36
SR002699,MED0258,Sabha,Tayouri,2026-05-20 04:40:48
SR002700,MED0138,Tripoli,Hay Al-Andalus,2026-06-06 13:22:58
SR002701,MED0233,Tripoli,Hay Al-Andalus,2026-08-05 09:06:42
SR002702,MED0105,Tripoli,Fashloum,2026-07-20 14:35:25
SR002703,MED0309,Tripoli,Janzour,2026-08-01 22:48:22
SR002704,MED0429,Tripoli,Souq Al Juma'a,2026-06-17 15:55:42
SR002705,MED0115,Tripoli,Hay Al-Andalus,2026-07-15 06:43:28
SR002706,MED0143,Tripoli,Abu Salim,2026-06-11 10:16:24
SR002707,MED0050,Benghazi,Al-Berka,2026-05-22 18:23:58
SR002708,MED0320,Tripoli,Abu Salim,2026-05-29 07:10:59
SR002709,MED0255,Zawiya,Bir Al-Ghanam,2026-07-15 19:43:58
SR002710,MED0049,Tripoli,Gargaresh,2026-05-09 04:45:17
SR002711,MED0398,Tripoli,Abu Salim,2026-07-15 01:00:39
SR002712,MED0284,Tripoli,Hay Al-Andalus,2026-08-20 10:25:15
SR002713,MED0212,Tripoli,Gargaresh,2026-08-09 02:24:38
SR002714,MED0461,Sabha,Tayouri,2026-08-02 22:34:12
SR002715,MED0229,Tripoli,Abu Salim,2026-08-01 07:40:58
SR002716,MED0242,Tripoli,Hay Al-Andalus,2026-07-02 22:02:05
SR002717,MED0116,Zawiya,Al-Harsha,2026-08-18 22:04:49
SR002718,MED0150,Benghazi,Al-Berka,2026-05-20 20:07:19
SR002719,MED0347,Misrata,Al-Ghiran,2026-06-29 09:33:45
SR002720,MED0190,Benghazi,Al-Hadaeq,2026-07-25 19:21:04
SR002721,MED0113,Tripoli,Hay Al-Andalus,2026-06-07 13:07:13
SR002722,MED0005,Benghazi,Al-Selmani,2026-04-12 09:12:22
SR002723,MED0061,Misrata,Qasr Ahmad,2026-07-04 19:57:46
SR002724,MED0212,Tripoli,Hay Al-Andalus,2026-04-13 18:48:03
SR002725,MED0295,Tripoli,Tajoura,2026-06-10 02:00:13
SR002726,MED0080,Sabha,Tayouri,2026-04-21 13:54:43
SR002727,MED0201,Tripoli,Souq Al Juma'a,2026-07-14 21:25:33
SR002728,MED0349,Tripoli,Tajoura,2026-07-31 05:09:03
SR002729,MED0405,Benghazi,Al-Sabri,2026-06-28 16:03:22
SR002730,MED0445,Tripoli,Janzour,2026-03-28 14:05:59
SR002731,MED0237,Tripoli,Ain Zara,2026-04-24 20:59:49
SR002732,MED0338,Benghazi,Al-Fuwayhat,2026-07-25 21:51:13
SR002733,MED0476,Tripoli,Abu Salim,2026-06-14 20:53:50
SR002734,MED0422,Tripoli,Fashloum,2026-04-13 17:47:46
SR002735,MED0056,Tripoli,Janzour,2026-06-15 21:10:45
SR002736,MED0229,Tripoli,Fashloum,2026-06-06 09:32:24
SR002737,MED0513,Tripoli,Tajoura,2026-05-12 05:13:11
SR002738,MED0242,Tripoli,Gargaresh,2026-08-14 11:03:58
SR002739,MED0143,Tripoli,Hay Al-Andalus,2026-04-26 13:16:56
SR002740,MED0075,Tripoli,Ain Zara,2026-04-24 04:45:20
SR002741,MED0140,Tripoli,Ain Zara,2026-07-14 07:53:14
SR002742,MED0159,Tripoli,Janzour,2026-04-02 09:55:02
SR002743,MED0468,Misrata,Zawiyat Al-Mahjoub,2026-04-21 07:14:01
SR002744,MED0189,Zawiya,Al-Mashtal,2026-05-18 14:21:40
SR002745,MED0394,Tripoli,Abu Salim,2026-02-27 18:33:14
SR002746,MED0143,Tripoli,Abu Salim,2026-06-22 16:11:50
SR002747,MED0248,Tripoli,Souq Al Juma'a,2026-08-02 08:51:20
SR002748,MED0299,Tripoli,Abu Salim,2026-06-06 05:29:14
SR002749,MED0047,Tripoli,Gargaresh,2026-07-04 20:38:25
SR002750,MED0104,Tripoli,Hay Al-Andalus,2026-07-29 02:02:49
SR002751,MED0423,Tripoli,Souq Al Juma'a,2026-05-07 06:52:02
SR002752,MED0231,Tripoli,Abu Salim,2026-05-22 18:53:06
SR002753,MED0080,Sabha,Tayouri,2026-03-20 22:12:19
SR002754,MED0248,Tripoli,Gargaresh,2026-06-26 16:57:22
SR002755,MED0470,Misrata,Qasr Ahmad,2026-07-20 20:40:21
SR002756,MED0049,Tripoli,Ain Zara,2026-05-12 06:34:02
SR002757,MED0123,Tripoli,Gargaresh,2026-07-24 07:24:48
SR002758,MED0416,Tripoli,Abu Salim,2026-07-10 13:40:44
SR002759,MED0005,Tripoli,Hay Al-Andalus,2026-07-29 06:57:39
SR002760,MED0132,Tripoli,Janzour,2026-08-06 05:52:59
SR002761,MED0438,Tripoli,Janzour,2026-08-03 02:17:29
SR002762,MED0512,Tripoli,Hay Al-Andalus,2026-07-03 00:24:10
SR002763,MED0169,Benghazi,Al-Berka,2026-07-22 10:22:30
SR002764,MED0015,Tripoli,Tajoura,2026-03-29 14:01:04
SR002765,MED0185,Benghazi,Al-Sabri,2026-06-23 10:16:42
SR002766,MED0025,Tripoli,Janzour,2026-07-29 11:13:00
SR002767,MED0065,Zliten,Al-Qasabat,2026-05-09 19:38:02
SR002768,MED0494,Benghazi,Al-Berka,2026-06-16 05:29:33
SR002769,MED0379,Tripoli,Tajoura,2026-06-04 03:23:06
SR002770,MED0474,Sabha,Al-Manshiya,2026-05-07 04:32:56
SR002771,MED0154,Tripoli,Abu Salim,2026-07-01 05:11:57
SR002772,MED0185,Tripoli,Hay Al-Andalus,2026-05-18 05:59:17
SR002773,MED0104,Tripoli,Gargaresh,2026-06-22 04:53:45
SR002774,MED0502,Tripoli,Hay Al-Andalus,2026-08-10 00:11:44
SR002775,MED0513,Tripoli,Gargaresh,2026-06-25 16:23:40
SR002776,MED0437,Tripoli,Janzour,2026-07-08 17:38:53
SR002777,MED0412,Zawiya,Bir Al-Ghanam,2026-05-25 04:51:35
SR002778,MED0457,Benghazi,Al-Fuwayhat,2026-07-26 07:14:44
SR002779,MED0034,Tripoli,Gargaresh,2026-06-09 16:23:02
SR002780,MED0512,Misrata,Qasr Ahmad,2026-08-05 14:00:56
SR002781,MED0249,Tripoli,Tajoura,2026-07-19 19:57:57
SR002782,MED0457,Zliten,Al-Qasabat,2026-05-26 15:41:14
SR002783,MED0131,Benghazi,Al-Hadaeq,2026-06-22 01:53:19
SR002784,MED0247,Tripoli,Janzour,2026-04-29 09:28:21
SR002785,MED0426,Benghazi,Al-Selmani,2026-05-10 12:17:50
SR002786,MED0504,Tripoli,Abu Salim,2026-08-06 08:11:13
SR002787,MED0152,Tripoli,Gargaresh,2026-07-10 21:40:31
SR002788,MED0213,Sabha,Al-Manshiya,2026-07-03 10:26:50
SR002789,MED0258,Tripoli,Fashloum,2026-08-18 14:52:36
SR002790,MED0412,Tripoli,Ain Zara,2026-03-15 22:21:27
SR002791,MED0490,Tripoli,Tajoura,2026-06-04 03:32:03
SR002792,MED0365,Benghazi,Al-Hadaeq,2026-06-14 10:06:51
SR002793,MED0087,Tripoli,Janzour,2026-05-28 14:05:01
SR002794,MED0173,Tripoli,Ain Zara,2026-06-26 10:26:38
SR002795,MED0218,Tripoli,Fashloum,2026-05-25 18:45:45
SR002796,MED0478,Zawiya,Bir Al-Ghanam,2026-05-23 16:49:03
SR002797,MED0057,Tripoli,Abu Salim,2026-06-29 23:50:11
SR002798,MED0037,Tripoli,Gargaresh,2026-06-04 20:38:17
SR002799,MED0144,Benghazi,Al-Berka,2026-07-09 23:55:42
SR002800,MED0036,Tripoli,Gargaresh,2026-08-01 08:33:32
SR002801,MED0231,Tripoli,Hay Al-Andalus,2026-07-28 02:40:02
SR002802,MED0193,Benghazi,Al-Hadaeq,2026-08-17 18:47:47
SR002803,MED0121,Zawiya,Al-Harsha,2026-06-14 04:11:59
SR002804,MED0116,Benghazi,Al-Hadaeq,2026-08-11 01:45:31
SR002805,MED0181,Tripoli,Janzour,2026-07-03 04:21:52
SR002806,MED0161,Benghazi,Al-Selmani,2026-07-29 09:05:20
SR002807,MED0283,Tripoli,Ain Zara,2026-07-17 16:05:23
SR002808,MED0227,Tripoli,Souq Al Juma'a,2026-03-28 01:40:38
SR002809,MED0122,Benghazi,Al-Berka,2026-08-13 21:02:52
SR002810,MED0131,Tripoli,Janzour,2026-06-15 19:47:12
SR002811,MED0329,Misrata,Al-Karareem,2026-05-18 16:56:58
SR002812,MED0382,Tripoli,Abu Salim,2026-06-17 09:21:18
SR002813,MED0483,Benghazi,Al-Fuwayhat,2026-07-28 16:02:59
SR002814,MED0444,Tripoli,Abu Salim,2026-05-21 21:02:20
SR002815,MED0491,Misrata,Al-Karareem,2026-07-10 10:59:53
SR002816,MED0289,Benghazi,Al-Hadaeq,2026-06-10 01:52:45
SR002817,MED0170,Zliten,Souq Al-Thulatha,2026-05-24 07:06:26
SR002818,MED0451,Tripoli,Souq Al Juma'a,2026-08-14 13:21:01
SR002819,MED0445,Tripoli,Gargaresh,2026-08-16 03:04:27
SR002820,MED0088,Sabha,Al-Manshiya,2026-07-10 19:02:46
SR002821,MED0045,Tripoli,Hay Al-Andalus,2026-04-17 21:16:39
SR002822,MED0001,Tripoli,Tajoura,2026-08-09 03:13:31
SR002823,MED0276,Tripoli,Hay Al-Andalus,2026-06-10 15:29:15
SR002824,MED0007,Benghazi,Al-Hadaeq,2026-07-17 01:09:24
SR002825,MED0407,Tripoli,Abu Salim,2026-05-22 04:59:37
SR002826,MED0336,Tripoli,Fashloum,2026-07-06 22:16:48
SR002827,MED0040,Tripoli,Hay Al-Andalus,2026-06-15 11:32:00
SR002828,MED0497,Benghazi,Al-Hadaeq,2026-05-21 11:38:30
SR002829,MED0421,Misrata,Zawiyat Al-Mahjoub,2026-07-23 18:57:52
SR002830,MED0234,Sabha,Al-Dawwar,2026-08-19 18:57:33
SR002831,MED0248,Tripoli,Gargaresh,2026-04-18 00:24:10
SR002832,MED0091,Misrata,Qasr Ahmad,2026-07-21 02:57:01
SR002833,MED0021,Tripoli,Ain Zara,2026-04-26 08:33:06
SR002834,MED0362,Zawiya,Bir Al-Ghanam,2026-03-21 06:10:17
SR002835,MED0115,Tripoli,Janzour,2026-07-18 20:58:37
SR002836,MED0230,Tripoli,Ain Zara,2026-07-04 13:28:54
SR002837,MED0303,Tripoli,Abu Salim,2026-04-16 14:08:18
SR002838,MED0316,Tripoli,Souq Al Juma'a,2026-07-24 17:49:12
SR002839,MED0216,Tripoli,Gargaresh,2026-08-04 15:19:41
SR002840,MED0011,Benghazi,Al-Fuwayhat,2026-07-13 09:02:08
SR002841,MED0012,Tripoli,Fashloum,2026-06-29 14:35:09
SR002842,MED0234,Tripoli,Souq Al Juma'a,2026-04-20 17:22:34
SR002843,MED0032,Tripoli,Janzour,2026-07-25 23:25:47
SR002844,MED0070,Tripoli,Gargaresh,2026-06-16 13:11:55
SR002845,MED0230,Sabha,Al-Manshiya,2026-05-26 02:51:52
SR002846,MED0174,Tripoli,Gargaresh,2026-06-05 00:45:11
SR002847,MED0083,Tripoli,Janzour,2026-07-05 06:38:32
SR002848,MED0261,Benghazi,Al-Hadaeq,2026-07-27 23:06:34
SR002849,MED0265,Misrata,Al-Ghiran,2026-07-22 00:45:44
SR002850,MED0005,Tripoli,Tajoura,2026-08-17 16:22:08
SR002851,MED0489,Tripoli,Abu Salim,2026-05-28 23:00:44
SR002852,MED0104,Misrata,Zawiyat Al-Mahjoub,2026-04-28 19:57:33
SR002853,MED0433,Tripoli,Abu Salim,2026-08-14 22:41:58
SR002854,MED0046,Tripoli,Hay Al-Andalus,2026-07-10 22:49:03
SR002855,MED0311,Benghazi,Al-Fuwayhat,2026-08-07 07:31:27
SR002856,MED0457,Tripoli,Hay Al-Andalus,2026-07-16 10:31:46
SR002857,MED0147,Benghazi,Al-Fuwayhat,2026-07-15 13:59:46
SR002858,MED0213,Tripoli,Hay Al-Andalus,2026-06-28 04:14:33
SR002859,MED0019,Misrata,Al-Ghiran,2026-08-01 16:22:52
SR002860,MED0272,Benghazi,Al-Fuwayhat,2026-07-20 10:02:39
SR002861,MED0374,Tripoli,Gargaresh,2026-06-09 19:45:38
SR002862,MED0206,Benghazi,Al-Selmani,2026-04-15 09:50:46
SR002863,MED0237,Benghazi,Al-Hadaeq,2026-07-01 14:13:07
SR002864,MED0497,Benghazi,Al-Berka,2026-08-16 23:34:14
SR002865,MED0124,Tripoli,Fashloum,2026-08-15 06:03:10
SR002866,MED0437,Tripoli,Fashloum,2026-07-16 03:04:49
SR002867,MED0340,Zawiya,Al-Mashtal,2026-08-03 05:49:29
SR002868,MED0110,Zawiya,Al-Mashtal,2026-08-04 18:29:48
SR002869,MED0125,Tripoli,Ain Zara,2026-02-09 01:56:06
SR002870,MED0236,Misrata,Zawiyat Al-Mahjoub,2026-06-27 00:34:37
SR002871,MED0334,Tripoli,Souq Al Juma'a,2026-07-07 17:56:20
SR002872,MED0442,Zliten,Al-Qasabat,2026-05-09 20:11:24
SR002873,MED0150,Tripoli,Hay Al-Andalus,2026-08-03 18:01:25
SR002874,MED0117,Tripoli,Abu Salim,2026-08-11 20:23:21
SR002875,MED0104,Tripoli,Abu Salim,2026-06-19 21:16:52
SR002876,MED0119,Zawiya,Al-Mashtal,2026-05-08 13:26:41
SR002877,MED0206,Tripoli,Abu Salim,2026-06-11 13:28:40
SR002878,MED0019,Tripoli,Abu Salim,2026-07-20 03:05:42
SR002879,MED0023,Benghazi,Al-Fuwayhat,2026-07-29 11:46:51
SR002880,MED0412,Tripoli,Ain Zara,2026-08-06 22:08:05
SR002881,MED0124,Zawiya,Al-Mashtal,2026-04-16 19:12:20
SR002882,MED0351,Tripoli,Tajoura,2026-06-27 02:51:00
SR002883,MED0507,Tripoli,Tajoura,2026-05-07 01:06:43
SR002884,MED0408,Zawiya,Al-Mashtal,2026-08-08 20:29:54
SR002885,MED0018,Tripoli,Gargaresh,2026-07-15 01:16:20
SR002886,MED0453,Tripoli,Tajoura,2026-06-11 08:33:10
SR002887,MED0033,Tripoli,Souq Al Juma'a,2026-03-04 00:13:05
SR002888,MED0042,Tripoli,Fashloum,2026-02-13 21:13:02
SR002889,MED0016,Sabha,Al-Manshiya,2026-04-08 23:07:40
SR002890,MED0310,Tripoli,Hay Al-Andalus,2026-05-16 02:45:27
SR002891,MED0037,Zawiya,Al-Mashtal,2026-06-28 20:56:28
SR002892,MED0105,Tripoli,Gargaresh,2026-05-19 02:10:15
SR002893,MED0211,Tripoli,Fashloum,2026-08-01 12:08:52
SR002894,MED0048,Tripoli,Hay Al-Andalus,2026-05-06 12:43:43
SR002895,MED0044,Benghazi,Al-Berka,2026-05-29 21:04:21
SR002896,MED0241,Benghazi,Al-Selmani,2026-07-31 21:51:12
SR002897,MED0194,Tripoli,Souq Al Juma'a,2026-08-13 02:22:50
SR002898,MED0133,Benghazi,Al-Selmani,2026-03-13 23:08:20
SR002899,MED0194,Benghazi,Al-Hadaeq,2026-07-04 02:28:04
SR002900,MED0369,Zawiya,Al-Harsha,2026-07-17 02:34:59
SR002901,MED0225,Misrata,Qasr Ahmad,2026-08-08 00:58:05
SR002902,MED0184,Misrata,Zawiyat Al-Mahjoub,2026-01-29 19:50:10
SR002903,MED0027,Benghazi,Al-Sabri,2026-08-02 08:35:11
SR002904,MED0202,Zawiya,Al-Mashtal,2026-04-14 07:08:25
SR002905,MED0170,Tripoli,Ain Zara,2026-07-24 07:24:40
SR002906,MED0491,Tripoli,Hay Al-Andalus,2026-08-15 14:12:50
SR002907,MED0243,Tripoli,Abu Salim,2026-05-28 19:31:07
SR002908,MED0166,Misrata,Al-Ghiran,2026-04-07 01:05:47
SR002909,MED0308,Tripoli,Abu Salim,2026-08-07 08:08:17
SR002910,MED0227,Misrata,Al-Karareem,2026-07-05 10:24:00
SR002911,MED0438,Misrata,Al-Karareem,2026-07-11 09:09:03
SR002912,MED0303,Tripoli,Janzour,2026-06-30 21:17:40
SR002913,MED0176,Benghazi,Al-Selmani,2026-07-02 12:43:16
SR002914,MED0488,Benghazi,Al-Sabri,2026-07-10 00:22:46
SR002915,MED0134,Tripoli,Janzour,2026-08-15 02:45:04
SR002916,MED0209,Tripoli,Souq Al Juma'a,2026-04-25 00:49:29
SR002917,MED0040,Tripoli,Souq Al Juma'a,2026-04-27 11:42:57
SR002918,MED0194,Benghazi,Al-Berka,2026-08-04 08:36:34
SR002919,MED0051,Misrata,Al-Karareem,2026-05-05 21:48:01
SR002920,MED0449,Tripoli,Ain Zara,2026-07-29 18:55:30
SR002921,MED0293,Tripoli,Gargaresh,2026-08-03 17:50:36
SR002922,MED0015,Tripoli,Janzour,2026-06-19 15:12:28
SR002923,MED0104,Tripoli,Ain Zara,2026-06-18 17:05:23
SR002924,MED0060,Tripoli,Ain Zara,2026-06-10 14:33:40
SR002925,MED0116,Misrata,Qasr Ahmad,2026-07-18 16:38:33
SR002926,MED0131,Tripoli,Tajoura,2026-04-21 02:35:00
SR002927,MED0470,Benghazi,Al-Hadaeq,2026-04-12 04:54:04
SR002928,MED0103,Tripoli,Fashloum,2026-08-12 05:38:28
SR002929,MED0494,Benghazi,Al-Fuwayhat,2026-07-13 18:59:56
SR002930,MED0313,Benghazi,Al-Selmani,2026-07-25 18:23:37
SR002931,MED0106,Sabha,Tayouri,2026-04-04 12:06:54
SR002932,MED0041,Tripoli,Gargaresh,2026-07-14 04:25:17
SR002933,MED0294,Tripoli,Ain Zara,2026-07-22 04:24:32
SR002934,MED0340,Tripoli,Gargaresh,2026-07-12 03:55:45
SR002935,MED0290,Zawiya,Bir Al-Ghanam,2026-06-10 20:24:45
SR002936,MED0425,Tripoli,Janzour,2026-08-11 14:31:59
SR002937,MED0367,Tripoli,Tajoura,2026-08-11 05:18:15
SR002938,MED0103,Tripoli,Ain Zara,2026-08-04 21:42:02
SR002939,MED0054,Misrata,Qasr Ahmad,2026-06-30 18:06:19
SR002940,MED0112,Benghazi,Al-Fuwayhat,2026-04-23 18:43:09
SR002941,MED0445,Tripoli,Abu Salim,2026-06-30 23:30:04
SR002942,MED0434,Tripoli,Janzour,2026-05-24 00:22:54
SR002943,MED0402,Misrata,Al-Karareem,2026-05-16 16:51:47
SR002944,MED0138,Tripoli,Janzour,2026-07-23 10:50:25
SR002945,MED0289,Tripoli,Hay Al-Andalus,2026-06-16 20:57:11
SR002946,MED0116,Benghazi,Al-Hadaeq,2026-04-04 17:27:09
SR002947,MED0518,Tripoli,Tajoura,2026-08-02 09:26:12
SR002948,MED0158,Tripoli,Abu Salim,2026-08-15 15:54:09
SR002949,MED0367,Tripoli,Fashloum,2026-05-17 10:36:53
SR002950,MED0362,Benghazi,Al-Hadaeq,2026-05-22 01:41:34
SR002951,MED0349,Zliten,Al-Qasabat,2026-07-02 18:45:50
SR002952,MED0190,Tripoli,Gargaresh,2026-05-30 00:59:21
SR002953,MED0330,Tripoli,Abu Salim,2026-05-05 16:11:23
SR002954,MED0513,Tripoli,Souq Al Juma'a,2026-04-29 02:28:47
SR002955,MED0115,Zawiya,Al-Harsha,2026-08-06 22:30:10
SR002956,MED0131,Tripoli,Gargaresh,2026-07-03 22:00:25
SR002957,MED0305,Tripoli,Janzour,2026-05-01 15:42:46
SR002958,MED0149,Tripoli,Hay Al-Andalus,2026-03-19 00:42:35
SR002959,MED0220,Tripoli,Abu Salim,2026-06-15 10:14:49
SR002960,MED0468,Tripoli,Abu Salim,2026-07-16 20:41:52
SR002961,MED0410,Tripoli,Hay Al-Andalus,2026-06-22 18:19:27
SR002962,MED0005,Tripoli,Ain Zara,2026-05-23 11:30:59
SR002963,MED0489,Tripoli,Abu Salim,2026-05-20 21:01:28
SR002964,MED0060,Sabha,Al-Manshiya,2026-06-06 16:54:57
SR002965,MED0209,Sabha,Al-Manshiya,2026-07-18 15:37:20
SR002966,MED0012,Tripoli,Ain Zara,2026-06-20 07:49:57
SR002967,MED0160,Benghazi,Al-Fuwayhat,2026-08-14 18:06:59
SR002968,MED0251,Misrata,Qasr Ahmad,2026-05-22 00:45:39
SR002969,MED0440,Tripoli,Gargaresh,2026-07-02 22:20:41
SR002970,MED0178,Benghazi,Al-Selmani,2026-06-07 17:42:00
SR002971,MED0350,Tripoli,Tajoura,2026-04-29 18:31:41
SR002972,MED0336,Tripoli,Gargaresh,2026-06-07 19:50:59
SR002973,MED0285,Tripoli,Tajoura,2026-07-10 07:11:08
SR002974,MED0179,Tripoli,Fashloum,2026-07-07 15:57:51
SR002975,MED0173,Tripoli,Ain Zara,2026-08-14 14:09:13
SR002976,MED0099,Tripoli,Souq Al Juma'a,2026-04-28 12:08:47
SR002977,MED0399,Tripoli,Souq Al Juma'a,2026-08-14 03:59:39
SR002978,MED0032,Zawiya,Bir Al-Ghanam,2026-05-11 12:03:13
SR002979,MED0192,Tripoli,Tajoura,2026-05-16 10:49:52
SR002980,MED0470,Tripoli,Fashloum,2026-06-18 22:24:47
SR002981,MED0023,Tripoli,Janzour,2026-07-26 00:19:52
SR002982,MED0432,Tripoli,Fashloum,2026-06-29 23:09:41
SR002983,MED0181,Tripoli,Tajoura,2026-08-19 14:53:49
SR002984,MED0177,Tripoli,Fashloum,2026-06-12 05:02:01
SR002985,MED0326,Tripoli,Janzour,2026-06-11 00:40:39
SR002986,MED0227,Tripoli,Abu Salim,2026-08-12 17:09:00
SR002987,MED0277,Benghazi,Al-Sabri,2026-05-23 03:56:22
SR002988,MED0134,Benghazi,Al-Berka,2026-04-21 12:03:06
SR002989,MED0290,Tripoli,Souq Al Juma'a,2026-07-29 09:02:19
SR002990,MED0072,Benghazi,Al-Fuwayhat,2026-06-22 17:48:27
SR002991,MED0170,Benghazi,Al-Sabri,2026-07-22 15:43:20
SR002992,MED0490,Benghazi,Al-Berka,2026-07-12 17:58:14
SR002993,MED0252,Sabha,Tayouri,2026-05-17 05:05:06
SR002994,MED0408,Tripoli,Hay Al-Andalus,2026-05-19 16:37:40
SR002995,MED0029,Benghazi,Al-Selmani,2026-07-18 15:54:06
SR002996,MED0152,Tripoli,Ain Zara,2026-06-26 05:13:23
SR002997,MED0110,Tripoli,Fashloum,2026-05-24 21:50:07
SR002998,MED0449,Benghazi,Al-Sabri,2026-05-31 09:12:01
SR002999,MED0184,Benghazi,Al-Selmani,2026-08-04 01:26:53
SR003000,MED0145,Tripoli,Fashloum,2026-04-25 21:55:03
SR003001,MED0333,Zawiya,Al-Mashtal,2026-01-14 09:05:20
SR003002,MED0316,Tripoli,Gargaresh,2026-07-06 09:58:27
SR003003,MED0074,Tripoli,Hay Al-Andalus,2026-07-20 10:07:12
SR003004,MED0237,Tripoli,Gargaresh,2026-07-31 06:36:16
SR003005,MED0242,Tripoli,Janzour,2026-06-09 07:37:29
SR003006,MED0498,Sabha,Tayouri,2026-07-11 10:01:55
SR003007,MED0234,Zawiya,Al-Mashtal,2026-05-13 19:10:36
SR003008,MED0287,Tripoli,Hay Al-Andalus,2026-07-06 01:08:39
SR003009,MED0021,Tripoli,Souq Al Juma'a,2026-07-05 16:40:04
SR003010,MED0189,Tripoli,Ain Zara,2026-04-28 11:39:04
SR003011,MED0440,Tripoli,Ain Zara,2026-05-18 07:38:25
SR003012,MED0133,Misrata,Qasr Ahmad,2026-06-12 01:21:13
SR003013,MED0451,Tripoli,Janzour,2026-06-05 04:48:20
SR003014,MED0091,Misrata,Al-Ghiran,2026-07-07 12:45:34
SR003015,MED0281,Tripoli,Abu Salim,2026-06-18 00:10:01
SR003016,MED0411,Tripoli,Janzour,2026-08-17 23:53:20
SR003017,MED0302,Tripoli,Ain Zara,2026-04-27 14:46:37
SR003018,MED0054,Misrata,Al-Ghiran,2026-06-23 06:55:04
SR003019,MED0379,Tripoli,Tajoura,2026-05-10 23:58:40
SR003020,MED0332,Misrata,Zawiyat Al-Mahjoub,2026-07-22 00:55:15
SR003021,MED0343,Tripoli,Fashloum,2026-06-21 08:59:33
SR003022,MED0048,Tripoli,Janzour,2026-04-30 09:59:57
SR003023,MED0042,Tripoli,Janzour,2026-04-18 08:20:18
SR003024,MED0011,Tripoli,Gargaresh,2026-04-28 14:46:11
SR003025,MED0156,Tripoli,Tajoura,2026-08-08 17:06:04
SR003026,MED0505,Benghazi,Al-Selmani,2026-07-03 13:59:30
SR003027,MED0177,Tripoli,Janzour,2026-06-22 00:48:50
SR003028,MED0065,Benghazi,Al-Sabri,2026-08-17 06:23:46
SR003029,MED0453,Zawiya,Al-Mashtal,2026-07-22 00:43:35
SR003030,MED0333,Zawiya,Al-Mashtal,2026-03-08 04:33:33
SR003031,MED0333,Tripoli,Ain Zara,2026-08-01 01:05:56
SR003032,MED0007,Misrata,Zawiyat Al-Mahjoub,2026-05-03 16:55:44
SR003033,MED0024,Tripoli,Fashloum,2026-07-08 08:17:17
SR003034,MED0161,Tripoli,Ain Zara,2026-05-14 07:28:26
SR003035,MED0284,Zawiya,Al-Mashtal,2026-07-06 10:59:34
SR003036,MED0176,Benghazi,Al-Berka,2026-07-27 19:41:08
SR003037,MED0455,Misrata,Zawiyat Al-Mahjoub,2026-07-09 02:26:40
SR003038,MED0122,Tripoli,Abu Salim,2026-07-14 20:40:52
SR003039,MED0346,Tripoli,Gargaresh,2026-06-23 01:14:57
SR003040,MED0141,Tripoli,Tajoura,2026-05-09 20:24:17
SR003041,MED0353,Tripoli,Gargaresh,2026-06-10 02:43:44
SR003042,MED0225,Tripoli,Hay Al-Andalus,2026-06-28 14:23:39
SR003043,MED0367,Tripoli,Fashloum,2026-04-07 20:36:00
SR003044,MED0449,Benghazi,Al-Sabri,2026-07-26 22:11:14
SR003045,MED0174,Tripoli,Janzour,2026-07-14 20:13:34
SR003046,MED0333,Benghazi,Al-Hadaeq,2026-07-12 09:19:22
SR003047,MED0247,Tripoli,Hay Al-Andalus,2026-08-11 09:28:42
SR003048,MED0497,Benghazi,Al-Berka,2026-07-08 09:44:06
SR003049,MED0384,Tripoli,Abu Salim,2026-08-02 14:22:25
SR003050,MED0069,Tripoli,Janzour,2026-08-17 09:49:06
SR003051,MED0259,Tripoli,Hay Al-Andalus,2026-07-22 20:37:33
SR003052,MED0122,Tripoli,Abu Salim,2026-06-04 04:33:35
SR003053,MED0452,Zliten,Al-Qasabat,2026-06-21 13:45:53
SR003054,MED0490,Tripoli,Janzour,2026-07-09 01:38:42
SR003055,MED0155,Misrata,Al-Ghiran,2026-08-17 23:26:57
SR003056,MED0103,Tripoli,Abu Salim,2026-06-11 19:09:29
SR003057,MED0397,Tripoli,Fashloum,2026-07-22 20:22:39
SR003058,MED0207,Tripoli,Hay Al-Andalus,2026-06-26 22:23:23
SR003059,MED0453,Benghazi,Al-Sabri,2026-08-15 03:18:04
SR003060,MED0235,Tripoli,Hay Al-Andalus,2026-08-11 09:03:09
SR003061,MED0284,Tripoli,Hay Al-Andalus,2026-06-02 01:16:13
SR003062,MED0360,Tripoli,Hay Al-Andalus,2026-03-20 07:48:18
SR003063,MED0060,Tripoli,Souq Al Juma'a,2026-07-18 04:18:22
SR003064,MED0138,Zawiya,Al-Mashtal,2026-04-10 16:14:37
SR003065,MED0381,Tripoli,Janzour,2026-06-23 21:52:33
SR003066,MED0449,Misrata,Zawiyat Al-Mahjoub,2026-05-14 01:41:03
SR003067,MED0132,Tripoli,Ain Zara,2026-04-21 18:54:57
SR003068,MED0084,Misrata,Al-Karareem,2026-05-22 05:36:30
SR003069,MED0301,Sabha,Al-Dawwar,2026-06-12 01:36:22
SR003070,MED0132,Benghazi,Al-Selmani,2026-04-24 14:49:30
SR003071,MED0075,Misrata,Al-Karareem,2026-03-27 19:07:45
SR003072,MED0020,Benghazi,Al-Fuwayhat,2026-06-28 19:13:49
SR003073,MED0099,Tripoli,Fashloum,2026-08-14 06:50:06
SR003074,MED0478,Tripoli,Gargaresh,2026-05-08 00:13:12
SR003075,MED0277,Benghazi,Al-Berka,2026-08-10 01:34:18
SR003076,MED0203,Benghazi,Al-Selmani,2026-05-13 12:06:58
SR003077,MED0501,Zawiya,Bir Al-Ghanam,2026-07-29 00:55:32
SR003078,MED0047,Tripoli,Fashloum,2026-04-17 13:55:06
SR003079,MED0042,Misrata,Al-Ghiran,2026-05-29 12:04:03
SR003080,MED0349,Misrata,Zawiyat Al-Mahjoub,2026-07-02 04:21:05
SR003081,MED0353,Tripoli,Tajoura,2026-06-14 04:26:08
SR003082,MED0474,Tripoli,Ain Zara,2026-06-08 22:37:53
SR003083,MED0072,Tripoli,Ain Zara,2026-08-18 03:26:44
SR003084,MED0434,Tripoli,Ain Zara,2026-06-14 15:41:01
SR003085,MED0378,Tripoli,Tajoura,2026-04-25 11:25:07
SR003086,MED0126,Misrata,Zawiyat Al-Mahjoub,2026-06-23 00:31:00
SR003087,MED0479,Benghazi,Al-Hadaeq,2026-06-29 21:08:27
SR003088,MED0113,Tripoli,Souq Al Juma'a,2026-07-16 21:08:47
SR003089,MED0406,Misrata,Al-Karareem,2026-06-09 08:10:25
SR003090,MED0513,Tripoli,Gargaresh,2026-07-07 01:42:08
SR003091,MED0119,Zawiya,Bir Al-Ghanam,2026-06-22 10:08:32
SR003092,MED0386,Benghazi,Al-Selmani,2026-04-25 05:04:42
SR003093,MED0207,Benghazi,Al-Selmani,2026-05-19 10:04:24
SR003094,MED0347,Tripoli,Gargaresh,2026-03-09 18:43:51
SR003095,MED0145,Zawiya,Al-Harsha,2026-06-21 15:25:43
SR003096,MED0174,Tripoli,Tajoura,2026-06-14 09:28:04
SR003097,MED0273,Tripoli,Fashloum,2026-08-05 09:16:17
SR003098,MED0008,Tripoli,Souq Al Juma'a,2026-08-09 05:06:16
SR003099,MED0022,Misrata,Zawiyat Al-Mahjoub,2026-06-29 07:29:36
SR003100,MED0503,Benghazi,Al-Berka,2026-07-26 00:16:15
SR003101,MED0207,Misrata,Al-Karareem,2026-07-21 17:39:18
SR003102,MED0199,Tripoli,Hay Al-Andalus,2026-06-09 08:58:59
SR003103,MED0440,Tripoli,Tajoura,2026-07-23 11:58:26
SR003104,MED0298,Tripoli,Hay Al-Andalus,2026-08-18 10:41:57
SR003105,MED0341,Benghazi,Al-Fuwayhat,2026-06-17 06:08:02
SR003106,MED0193,Tripoli,Fashloum,2026-07-15 22:19:44
SR003107,MED0350,Tripoli,Tajoura,2026-04-01 20:34:33
SR003108,MED0459,Misrata,Al-Ghiran,2026-06-23 00:02:23
SR003109,MED0201,Tripoli,Ain Zara,2026-06-25 06:18:04
SR003110,MED0441,Benghazi,Al-Sabri,2026-06-30 04:39:42
SR003111,MED0289,Tripoli,Janzour,2026-05-20 04:37:45
SR003112,MED0419,Misrata,Qasr Ahmad,2026-03-25 03:06:49
SR003113,MED0144,Benghazi,Al-Sabri,2026-06-22 23:34:46
SR003114,MED0156,Sabha,Al-Manshiya,2026-08-05 22:06:06
SR003115,MED0313,Tripoli,Hay Al-Andalus,2026-04-15 19:51:23
SR003116,MED0041,Tripoli,Tajoura,2026-06-22 07:10:34
SR003117,MED0191,Tripoli,Ain Zara,2026-07-03 06:57:37
SR003118,MED0240,Tripoli,Gargaresh,2026-04-12 03:37:59
SR003119,MED0480,Tripoli,Janzour,2026-06-24 09:17:40
SR003120,MED0502,Benghazi,Al-Fuwayhat,2026-06-22 10:05:25
SR003121,MED0229,Tripoli,Gargaresh,2026-06-26 18:33:32
SR003122,MED0432,Benghazi,Al-Berka,2026-07-16 20:04:53
SR003123,MED0082,Benghazi,Al-Fuwayhat,2026-06-02 13:35:32
SR003124,MED0113,Benghazi,Al-Selmani,2026-06-03 20:41:23
SR003125,MED0194,Tripoli,Abu Salim,2026-07-21 16:29:24
SR003126,MED0004,Tripoli,Gargaresh,2026-02-08 20:56:35
SR003127,MED0429,Benghazi,Al-Selmani,2026-07-10 11:46:53
SR003128,MED0226,Tripoli,Tajoura,2026-06-17 13:30:33
SR003129,MED0267,Tripoli,Abu Salim,2026-03-21 15:05:22
SR003130,MED0126,Tripoli,Gargaresh,2026-08-15 23:48:34
SR003131,MED0045,Benghazi,Al-Fuwayhat,2026-06-14 04:00:06
SR003132,MED0011,Tripoli,Hay Al-Andalus,2026-06-15 15:36:08
SR003133,MED0333,Tripoli,Fashloum,2026-06-19 06:53:52
SR003134,MED0425,Tripoli,Hay Al-Andalus,2026-06-27 21:10:06
SR003135,MED0499,Tripoli,Souq Al Juma'a,2026-08-10 08:14:47
SR003136,MED0486,Benghazi,Al-Berka,2026-07-25 09:28:41
SR003137,MED0384,Tripoli,Abu Salim,2026-08-08 19:10:12
SR003138,MED0234,Tripoli,Hay Al-Andalus,2026-08-05 03:35:34
SR003139,MED0359,Tripoli,Tajoura,2026-06-09 12:24:42
SR003140,MED0006,Benghazi,Al-Selmani,2026-07-17 18:25:39
SR003141,MED0449,Misrata,Al-Karareem,2026-05-13 20:23:12
SR003142,MED0438,Tripoli,Fashloum,2026-05-27 22:44:38
SR003143,MED0005,Tripoli,Abu Salim,2026-07-26 10:37:51
SR003144,MED0449,Misrata,Zawiyat Al-Mahjoub,2026-05-12 21:28:43
SR003145,MED0268,Tripoli,Tajoura,2026-04-24 02:33:22
SR003146,MED0520,Tripoli,Janzour,2026-08-09 03:46:12
SR003147,MED0020,Tripoli,Hay Al-Andalus,2026-06-14 19:42:52
SR003148,MED0417,Benghazi,Al-Selmani,2026-07-25 07:04:35
SR003149,MED0038,Tripoli,Janzour,2026-06-03 13:48:23
SR003150,MED0246,Misrata,Al-Ghiran,2026-06-14 03:39:13
SR003151,MED0259,Benghazi,Al-Fuwayhat,2026-07-11 03:34:16
SR003152,MED0157,Tripoli,Souq Al Juma'a,2026-07-29 16:15:27
SR003153,MED0233,Tripoli,Abu Salim,2026-05-16 14:20:43
SR003154,MED0041,Tripoli,Ain Zara,2026-07-21 00:41:59
SR003155,MED0221,Tripoli,Souq Al Juma'a,2026-07-31 07:29:12
SR003156,MED0449,Tripoli,Fashloum,2026-05-04 19:12:39
SR003157,MED0019,Tripoli,Ain Zara,2026-03-04 21:29:25
SR003158,MED0410,Tripoli,Souq Al Juma'a,2026-04-29 05:57:14
SR003159,MED0233,Tripoli,Janzour,2026-06-23 11:21:07
SR003160,MED0149,Zawiya,Bir Al-Ghanam,2026-04-08 04:32:03
SR003161,MED0509,Tripoli,Janzour,2026-06-16 02:02:23
SR003162,MED0209,Tripoli,Souq Al Juma'a,2026-07-28 04:04:57
SR003163,MED0399,Benghazi,Al-Fuwayhat,2026-05-23 23:03:14
SR003164,MED0302,Tripoli,Fashloum,2026-07-12 16:56:44
SR003165,MED0001,Tripoli,Gargaresh,2026-07-14 13:47:45
SR003166,MED0475,Tripoli,Abu Salim,2026-05-12 07:05:18
SR003167,MED0430,Tripoli,Fashloum,2026-06-21 19:37:48
SR003168,MED0040,Tripoli,Abu Salim,2026-05-13 09:59:33
SR003169,MED0189,Tripoli,Fashloum,2026-07-23 06:53:42
SR003170,MED0014,Tripoli,Abu Salim,2026-07-21 04:48:51
SR003171,MED0225,Tripoli,Ain Zara,2026-06-21 13:47:11
SR003172,MED0052,Benghazi,Al-Fuwayhat,2026-04-20 06:01:15
SR003173,MED0256,Tripoli,Janzour,2026-06-03 13:28:23
SR003174,MED0290,Zliten,Al-Qasabat,2026-07-11 13:21:20
SR003175,MED0131,Tripoli,Hay Al-Andalus,2026-06-30 12:40:18
SR003176,MED0450,Tripoli,Tajoura,2026-06-04 10:58:33
SR003177,MED0380,Tripoli,Fashloum,2026-06-11 04:44:28
SR003178,MED0508,Misrata,Qasr Ahmad,2026-08-05 06:24:37
SR003179,MED0227,Benghazi,Al-Sabri,2026-07-21 16:57:22
SR003180,MED0121,Tripoli,Fashloum,2026-07-28 23:09:43
SR003181,MED0021,Tripoli,Ain Zara,2026-07-04 20:19:08
SR003182,MED0407,Tripoli,Souq Al Juma'a,2026-08-14 15:14:34
SR003183,MED0106,Zawiya,Al-Harsha,2026-06-11 04:40:24
SR003184,MED0087,Tripoli,Tajoura,2026-06-08 18:27:32
SR003185,MED0072,Tripoli,Ain Zara,2026-08-10 15:01:07
SR003186,MED0138,Tripoli,Abu Salim,2026-08-14 12:37:02
SR003187,MED0313,Tripoli,Ain Zara,2026-06-28 04:52:54
SR003188,MED0472,Tripoli,Abu Salim,2026-07-04 19:34:30
SR003189,MED0071,Misrata,Al-Karareem,2026-07-12 16:56:50
SR003190,MED0104,Tripoli,Janzour,2026-08-02 16:28:15
SR003191,MED0494,Tripoli,Tajoura,2026-07-07 04:15:54
SR003192,MED0259,Tripoli,Tajoura,2026-06-13 22:38:43
SR003193,MED0402,Tripoli,Ain Zara,2026-07-20 21:23:55
SR003194,MED0386,Tripoli,Gargaresh,2026-04-28 22:08:05
SR003195,MED0214,Tripoli,Souq Al Juma'a,2026-07-28 08:18:47
SR003196,MED0211,Tripoli,Fashloum,2026-05-25 12:52:21
SR003197,MED0434,Misrata,Qasr Ahmad,2026-08-10 10:09:12
SR003198,MED0476,Tripoli,Ain Zara,2026-07-21 12:04:03
SR003199,MED0201,Benghazi,Al-Selmani,2026-07-24 14:09:55
SR003200,MED0214,Tripoli,Souq Al Juma'a,2026-07-11 15:02:36
SR003201,MED0289,Tripoli,Souq Al Juma'a,2026-07-01 07:34:05
SR003202,MED0494,Tripoli,Souq Al Juma'a,2026-05-03 22:19:34
SR003203,MED0237,Zliten,Souq Al-Thulatha,2026-07-31 07:57:09
SR003204,MED0257,Zawiya,Al-Mashtal,2026-06-25 04:42:30
SR003205,MED0517,Benghazi,Al-Fuwayhat,2026-08-07 04:07:11
SR003206,MED0468,Tripoli,Souq Al Juma'a,2026-05-29 03:22:43
SR003207,MED0409,Tripoli,Fashloum,2026-06-30 21:21:50
SR003208,MED0496,Tripoli,Gargaresh,2026-05-09 01:58:31
SR003209,MED0173,Tripoli,Ain Zara,2026-07-04 02:57:22
SR003210,MED0032,Tripoli,Hay Al-Andalus,2026-05-25 07:44:11
SR003211,MED0438,Tripoli,Gargaresh,2026-07-11 20:49:41
SR003212,MED0320,Tripoli,Ain Zara,2026-07-30 22:25:41
SR003213,MED0053,Tripoli,Gargaresh,2026-06-25 13:51:30
SR003214,MED0455,Tripoli,Gargaresh,2026-05-16 09:26:05
SR003215,MED0502,Zawiya,Al-Mashtal,2026-06-06 21:21:19
SR003216,MED0084,Tripoli,Gargaresh,2026-06-29 15:40:26
SR003217,MED0325,Sabha,Al-Manshiya,2026-07-18 06:12:22
SR003218,MED0293,Tripoli,Tajoura,2026-06-26 07:19:15
SR003219,MED0467,Misrata,Al-Ghiran,2026-08-13 14:39:43
SR003220,MED0442,Misrata,Qasr Ahmad,2026-05-02 05:37:35
SR003221,MED0261,Tripoli,Gargaresh,2026-05-23 00:09:19
SR003222,MED0231,Zliten,Souq Al-Thulatha,2026-05-12 03:52:55
SR003223,MED0305,Tripoli,Ain Zara,2026-05-26 18:33:35
SR003224,MED0257,Benghazi,Al-Selmani,2026-07-24 03:10:31
SR003225,MED0173,Benghazi,Al-Hadaeq,2026-06-17 08:50:56
SR003226,MED0213,Sabha,Tayouri,2026-05-27 08:09:23
SR003227,MED0351,Tripoli,Janzour,2026-06-06 11:30:20
SR003228,MED0455,Tripoli,Janzour,2026-05-12 19:36:11
SR003229,MED0338,Tripoli,Hay Al-Andalus,2026-05-18 07:00:32
SR003230,MED0447,Tripoli,Abu Salim,2026-07-07 13:02:19
SR003231,MED0207,Benghazi,Al-Hadaeq,2026-07-17 02:25:21
SR003232,MED0046,Benghazi,Al-Fuwayhat,2026-07-09 15:36:20
SR003233,MED0058,Tripoli,Fashloum,2026-07-10 16:27:54
SR003234,MED0186,Tripoli,Hay Al-Andalus,2026-03-05 14:45:10
SR003235,MED0030,Sabha,Al-Dawwar,2026-07-17 17:10:21
SR003236,MED0114,Tripoli,Tajoura,2026-07-15 03:08:03
SR003237,MED0202,Tripoli,Hay Al-Andalus,2026-08-07 18:41:15
SR003238,MED0045,Benghazi,Al-Berka,2026-08-18 09:54:31
SR003239,MED0295,Misrata,Qasr Ahmad,2026-08-01 09:29:16
SR003240,MED0474,Tripoli,Souq Al Juma'a,2026-05-19 22:07:19
SR003241,MED0479,Sabha,Al-Manshiya,2026-07-08 11:03:05
SR003242,MED0133,Tripoli,Fashloum,2026-07-03 00:35:58
SR003243,MED0165,Tripoli,Fashloum,2026-08-20 10:34:45
SR003244,MED0261,Benghazi,Al-Selmani,2026-01-11 18:09:58
SR003245,MED0197,Tripoli,Abu Salim,2026-07-23 20:20:55
SR003246,MED0410,Tripoli,Janzour,2026-05-31 05:17:35
SR003247,MED0073,Tripoli,Gargaresh,2026-06-26 12:17:42
SR003248,MED0289,Benghazi,Al-Fuwayhat,2026-07-30 23:44:17
SR003249,MED0301,Tripoli,Janzour,2026-07-03 05:27:57
SR003250,MED0185,Tripoli,Abu Salim,2026-04-27 06:35:01
SR003251,MED0498,Tripoli,Fashloum,2026-06-25 22:50:13
SR003252,MED0518,Tripoli,Tajoura,2026-07-24 02:09:25
SR003253,MED0241,Tripoli,Tajoura,2026-08-05 05:12:02
SR003254,MED0339,Tripoli,Gargaresh,2026-05-04 10:30:01
SR003255,MED0068,Tripoli,Abu Salim,2026-06-23 09:03:46
SR003256,MED0117,Benghazi,Al-Sabri,2026-06-03 20:52:48
SR003257,MED0095,Benghazi,Al-Selmani,2026-07-01 11:55:55
SR003258,MED0273,Benghazi,Al-Berka,2026-06-27 20:06:46
SR003259,MED0194,Tripoli,Souq Al Juma'a,2026-06-17 15:59:39
SR003260,MED0135,Sabha,Al-Dawwar,2026-06-12 08:30:23
SR003261,MED0006,Benghazi,Al-Fuwayhat,2026-07-27 05:40:04
SR003262,MED0212,Zliten,Souq Al-Thulatha,2026-08-06 18:33:40
SR003263,MED0397,Tripoli,Tajoura,2026-08-17 17:52:56
SR003264,MED0173,Tripoli,Hay Al-Andalus,2026-05-01 17:54:17
SR003265,MED0348,Zliten,Souq Al-Thulatha,2026-06-18 13:36:22
SR003266,MED0445,Tripoli,Ain Zara,2026-08-02 06:53:10
SR003267,MED0500,Sabha,Al-Manshiya,2026-05-12 07:09:21
SR003268,MED0187,Tripoli,Fashloum,2026-05-29 22:45:36
SR003269,MED0447,Tripoli,Souq Al Juma'a,2026-07-02 21:01:34
SR003270,MED0135,Benghazi,Al-Berka,2026-08-02 15:42:08
SR003271,MED0213,Tripoli,Tajoura,2026-06-29 12:34:46
SR003272,MED0055,Tripoli,Fashloum,2026-06-02 17:01:41
SR003273,MED0451,Tripoli,Fashloum,2026-04-17 09:20:58
SR003274,MED0020,Benghazi,Al-Sabri,2026-05-02 16:24:45
SR003275,MED0212,Tripoli,Fashloum,2026-06-29 17:20:40
SR003276,MED0130,Zliten,Al-Qasabat,2026-05-13 22:28:50
SR003277,MED0399,Benghazi,Al-Selmani,2026-07-28 20:18:41
SR003278,MED0418,Tripoli,Ain Zara,2026-04-07 18:27:54
SR003279,MED0056,Tripoli,Hay Al-Andalus,2026-05-18 11:52:39
SR003280,MED0274,Misrata,Zawiyat Al-Mahjoub,2026-07-12 12:56:59
SR003281,MED0029,Zawiya,Al-Mashtal,2026-05-19 07:51:06
SR003282,MED0233,Tripoli,Tajoura,2026-07-04 15:17:20
SR003283,MED0190,Tripoli,Fashloum,2026-06-28 15:24:18
SR003284,MED0209,Tripoli,Janzour,2026-05-16 17:30:50
SR003285,MED0253,Tripoli,Hay Al-Andalus,2026-05-16 14:53:46
SR003286,MED0270,Tripoli,Fashloum,2026-08-18 10:15:57
SR003287,MED0114,Sabha,Tayouri,2026-06-12 09:52:43
SR003288,MED0252,Benghazi,Al-Berka,2026-08-05 05:54:24
SR003289,MED0056,Misrata,Al-Ghiran,2026-07-01 21:48:00
SR003290,MED0455,Tripoli,Fashloum,2026-05-07 15:24:29
SR003291,MED0096,Tripoli,Fashloum,2026-07-29 04:55:14
SR003292,MED0257,Tripoli,Gargaresh,2026-06-08 02:41:18
SR003293,MED0512,Tripoli,Tajoura,2026-08-04 17:15:14
SR003294,MED0143,Tripoli,Hay Al-Andalus,2026-07-30 11:34:10
SR003295,MED0034,Tripoli,Abu Salim,2026-06-08 00:13:56
SR003296,MED0281,Misrata,Al-Karareem,2026-08-03 02:42:33
SR003297,MED0150,Zawiya,Bir Al-Ghanam,2026-08-08 15:35:10
SR003298,MED0162,Tripoli,Souq Al Juma'a,2026-07-09 22:08:26
SR003299,MED0405,Misrata,Zawiyat Al-Mahjoub,2026-06-08 13:14:54
SR003300,MED0358,Tripoli,Hay Al-Andalus,2026-05-06 03:59:41
SR003301,MED0199,Tripoli,Gargaresh,2026-07-13 14:58:27
SR003302,MED0315,Misrata,Qasr Ahmad,2026-08-10 14:29:37
SR003303,MED0517,Tripoli,Janzour,2026-05-06 11:43:42
SR003304,MED0404,Misrata,Qasr Ahmad,2026-06-27 15:51:50
SR003305,MED0397,Misrata,Al-Ghiran,2026-06-14 18:18:38
SR003306,MED0015,Misrata,Qasr Ahmad,2026-05-05 17:57:45
SR003307,MED0347,Tripoli,Gargaresh,2026-03-04 13:14:20
SR003308,MED0381,Tripoli,Hay Al-Andalus,2026-04-29 15:05:59
SR003309,MED0157,Benghazi,Al-Fuwayhat,2026-07-18 15:11:36
SR003310,MED0014,Tripoli,Hay Al-Andalus,2026-06-26 23:54:08
SR003311,MED0108,Tripoli,Souq Al Juma'a,2026-08-01 20:06:50
SR003312,MED0409,Tripoli,Tajoura,2026-06-08 19:59:47
SR003313,MED0202,Tripoli,Abu Salim,2026-07-21 07:21:02
SR003314,MED0483,Tripoli,Abu Salim,2026-07-09 05:49:39
SR003315,MED0389,Tripoli,Janzour,2026-05-04 02:50:51
SR003316,MED0091,Tripoli,Hay Al-Andalus,2026-08-03 14:10:12
SR003317,MED0095,Tripoli,Abu Salim,2026-07-25 16:00:01
SR003318,MED0029,Tripoli,Hay Al-Andalus,2026-04-10 11:13:50
SR003319,MED0286,Tripoli,Janzour,2026-05-31 23:13:16
SR003320,MED0310,Benghazi,Al-Sabri,2026-05-18 22:07:08
SR003321,MED0041,Tripoli,Ain Zara,2026-06-03 04:53:46
SR003322,MED0181,Tripoli,Hay Al-Andalus,2026-07-28 04:13:35
SR003323,MED0006,Tripoli,Gargaresh,2026-06-07 11:38:51
SR003324,MED0434,Tripoli,Janzour,2026-08-04 15:51:37
SR003325,MED0173,Tripoli,Hay Al-Andalus,2026-08-09 18:56:03
SR003326,MED0491,Tripoli,Souq Al Juma'a,2026-07-04 01:37:35
SR003327,MED0169,Tripoli,Souq Al Juma'a,2026-08-10 15:22:48
SR003328,MED0066,Zawiya,Bir Al-Ghanam,2026-06-03 08:53:18
SR003329,MED0192,Benghazi,Al-Selmani,2026-05-26 10:45:50
SR003330,MED0290,Tripoli,Hay Al-Andalus,2026-05-10 01:13:21
SR003331,MED0404,Tripoli,Tajoura,2026-06-15 14:41:58
SR003332,MED0187,Tripoli,Ain Zara,2026-06-26 00:42:11
SR003333,MED0105,Misrata,Al-Ghiran,2026-08-11 02:55:49
SR003334,MED0213,Tripoli,Souq Al Juma'a,2026-07-18 14:48:05
SR003335,MED0076,Zliten,Souq Al-Thulatha,2026-07-21 09:55:45
SR003336,MED0119,Benghazi,Al-Hadaeq,2026-06-13 21:15:23
SR003337,MED0054,Tripoli,Abu Salim,2026-08-03 15:55:06
SR003338,MED0044,Misrata,Al-Ghiran,2026-08-18 15:26:22
SR003339,MED0150,Misrata,Al-Karareem,2026-08-17 03:36:30
SR003340,MED0225,Tripoli,Fashloum,2026-07-06 05:26:53
SR003341,MED0344,Tripoli,Ain Zara,2026-07-26 07:15:44
SR003342,MED0215,Misrata,Al-Karareem,2026-05-19 08:47:04
SR003343,MED0175,Misrata,Zawiyat Al-Mahjoub,2026-08-09 21:41:32
SR003344,MED0286,Sabha,Al-Dawwar,2026-05-29 09:15:12
SR003345,MED0087,Benghazi,Al-Selmani,2026-07-17 05:56:37
SR003346,MED0410,Benghazi,Al-Berka,2026-05-31 07:48:56
SR003347,MED0250,Misrata,Al-Ghiran,2026-07-06 12:44:17
SR003348,MED0060,Tripoli,Tajoura,2026-05-18 10:43:21
SR003349,MED0376,Tripoli,Souq Al Juma'a,2026-06-24 10:52:38
SR003350,MED0220,Tripoli,Tajoura,2026-06-05 09:34:19
SR003351,MED0513,Tripoli,Tajoura,2026-07-27 13:28:54
SR003352,MED0143,Benghazi,Al-Hadaeq,2026-06-16 07:53:35
SR003353,MED0063,Tripoli,Fashloum,2026-06-10 14:08:20
SR003354,MED0058,Tripoli,Janzour,2026-03-07 20:18:02
SR003355,MED0134,Tripoli,Ain Zara,2026-07-01 04:50:51
SR003356,MED0349,Zliten,Souq Al-Thulatha,2026-05-17 02:45:47
SR003357,MED0271,Tripoli,Hay Al-Andalus,2026-07-23 16:42:03
SR003358,MED0436,Tripoli,Souq Al Juma'a,2026-06-09 04:28:52
SR003359,MED0128,Tripoli,Souq Al Juma'a,2026-08-16 07:38:17
SR003360,MED0234,Sabha,Al-Dawwar,2026-04-10 06:15:28
SR003361,MED0089,Tripoli,Tajoura,2026-06-25 11:31:29
SR003362,MED0291,Misrata,Qasr Ahmad,2026-06-19 22:24:07
SR003363,MED0161,Benghazi,Al-Hadaeq,2026-08-07 18:02:51
SR003364,MED0289,Tripoli,Gargaresh,2026-08-08 06:40:18
SR003365,MED0253,Zawiya,Bir Al-Ghanam,2026-05-11 01:42:53
SR003366,MED0117,Zawiya,Al-Harsha,2026-05-29 21:21:38
SR003367,MED0349,Zliten,Al-Qasabat,2026-07-23 17:51:53
SR003368,MED0413,Tripoli,Janzour,2026-08-14 14:59:25
SR003369,MED0368,Tripoli,Ain Zara,2026-07-08 15:01:31
SR003370,MED0029,Misrata,Al-Karareem,2026-07-08 18:13:20
SR003371,MED0379,Zliten,Al-Qasabat,2026-05-31 23:14:28
SR003372,MED0464,Tripoli,Fashloum,2026-07-23 04:12:45
SR003373,MED0345,Sabha,Tayouri,2026-06-27 22:45:33
SR003374,MED0027,Tripoli,Gargaresh,2026-04-23 09:17:07
SR003375,MED0393,Tripoli,Ain Zara,2026-03-20 06:37:14
SR003376,MED0363,Tripoli,Souq Al Juma'a,2026-08-01 03:49:33
SR003377,MED0486,Tripoli,Tajoura,2026-07-26 18:24:11
SR003378,MED0399,Tripoli,Gargaresh,2026-06-09 09:05:05
SR003379,MED0028,Tripoli,Souq Al Juma'a,2026-04-08 05:15:33
SR003380,MED0358,Sabha,Tayouri,2026-06-24 07:06:07
SR003381,MED0089,Tripoli,Ain Zara,2026-05-05 16:36:01
SR003382,MED0509,Benghazi,Al-Selmani,2026-05-25 17:02:40
SR003383,MED0180,Tripoli,Hay Al-Andalus,2026-06-22 13:37:48
SR003384,MED0006,Tripoli,Janzour,2026-07-11 14:54:52
SR003385,MED0362,Benghazi,Al-Hadaeq,2026-07-09 04:01:01
SR003386,MED0333,Benghazi,Al-Sabri,2026-05-19 21:37:12
SR003387,MED0063,Tripoli,Ain Zara,2026-05-11 15:33:11
SR003388,MED0221,Tripoli,Janzour,2026-06-19 07:31:07
SR003389,MED0131,Tripoli,Tajoura,2026-08-12 05:32:20
SR003390,MED0155,Tripoli,Ain Zara,2026-05-17 12:23:52
SR003391,MED0212,Tripoli,Souq Al Juma'a,2026-06-05 08:47:43
SR003392,MED0518,Tripoli,Janzour,2026-02-28 04:21:21
SR003393,MED0074,Misrata,Zawiyat Al-Mahjoub,2026-06-15 20:43:36
SR003394,MED0117,Tripoli,Janzour,2026-06-27 21:34:20
SR003395,MED0068,Benghazi,Al-Sabri,2026-06-07 02:56:17
SR003396,MED0346,Tripoli,Gargaresh,2026-07-28 21:46:52
SR003397,MED0043,Tripoli,Fashloum,2026-06-25 00:04:22
SR003398,MED0249,Zawiya,Bir Al-Ghanam,2026-08-09 13:36:39
SR003399,MED0334,Tripoli,Gargaresh,2026-05-03 14:25:54
SR003400,MED0318,Benghazi,Al-Sabri,2026-08-13 21:00:24
SR003401,MED0434,Benghazi,Al-Hadaeq,2026-07-04 15:34:10
SR003402,MED0248,Benghazi,Al-Hadaeq,2026-07-10 14:03:37
SR003403,MED0099,Tripoli,Abu Salim,2026-07-24 02:39:00
SR003404,MED0261,Benghazi,Al-Berka,2026-06-13 14:51:03
SR003405,MED0042,Tripoli,Hay Al-Andalus,2026-07-08 10:54:02
SR003406,MED0113,Tripoli,Fashloum,2026-07-18 20:16:31
SR003407,MED0402,Benghazi,Al-Selmani,2026-04-26 10:23:36
SR003408,MED0398,Tripoli,Fashloum,2026-07-17 15:24:17
SR003409,MED0273,Zliten,Souq Al-Thulatha,2026-06-10 23:07:51
SR003410,MED0057,Tripoli,Tajoura,2026-07-20 11:46:33
SR003411,MED0040,Tripoli,Souq Al Juma'a,2026-08-06 20:18:27
SR003412,MED0500,Tripoli,Tajoura,2026-07-05 19:17:22
SR003413,MED0354,Tripoli,Janzour,2026-06-29 19:05:51
SR003414,MED0409,Benghazi,Al-Fuwayhat,2026-05-23 19:07:57
SR003415,MED0198,Tripoli,Fashloum,2026-07-03 08:05:17
SR003416,MED0446,Tripoli,Souq Al Juma'a,2026-06-11 23:58:38
SR003417,MED0128,Tripoli,Gargaresh,2026-08-08 06:09:59
SR003418,MED0365,Tripoli,Abu Salim,2026-07-22 08:32:44
SR003419,MED0313,Misrata,Al-Ghiran,2026-06-17 06:13:26
SR003420,MED0357,Misrata,Qasr Ahmad,2026-07-31 04:17:24
SR003421,MED0302,Zawiya,Al-Mashtal,2026-03-04 00:40:00
SR003422,MED0460,Zawiya,Al-Harsha,2026-04-30 10:15:25
SR003423,MED0230,Zliten,Al-Qasabat,2026-05-02 10:05:02
SR003424,MED0045,Tripoli,Abu Salim,2026-05-21 08:52:59
SR003425,MED0157,Benghazi,Al-Fuwayhat,2026-07-29 09:14:17
SR003426,MED0323,Tripoli,Fashloum,2026-07-06 04:36:08
SR003427,MED0186,Tripoli,Gargaresh,2026-03-18 22:51:29
SR003428,MED0123,Tripoli,Souq Al Juma'a,2026-08-08 11:54:58
SR003429,MED0198,Benghazi,Al-Hadaeq,2026-07-19 09:09:03
SR003430,MED0015,Tripoli,Abu Salim,2026-07-30 06:47:33
SR003431,MED0469,Benghazi,Al-Selmani,2026-08-07 21:35:08
SR003432,MED0273,Tripoli,Hay Al-Andalus,2026-03-21 12:07:32
SR003433,MED0358,Misrata,Al-Ghiran,2026-07-03 22:45:06
SR003434,MED0340,Zawiya,Al-Harsha,2026-06-26 22:32:30
SR003435,MED0128,Tripoli,Janzour,2026-06-26 00:58:07
SR003436,MED0105,Benghazi,Al-Selmani,2026-03-13 09:23:10
SR003437,MED0493,Zawiya,Al-Mashtal,2026-08-19 09:12:00
SR003438,MED0303,Benghazi,Al-Berka,2026-07-18 03:10:13
SR003439,MED0211,Tripoli,Ain Zara,2026-06-12 16:47:51
SR003440,MED0159,Misrata,Zawiyat Al-Mahjoub,2026-07-10 06:09:45
SR003441,MED0203,Tripoli,Tajoura,2026-07-03 05:06:17
SR003442,MED0456,Tripoli,Fashloum,2026-06-27 04:59:07
SR003443,MED0248,Zawiya,Bir Al-Ghanam,2026-07-24 05:03:30
SR003444,MED0381,Tripoli,Hay Al-Andalus,2026-07-27 08:42:18
SR003445,MED0213,Tripoli,Ain Zara,2026-08-10 11:22:17
SR003446,MED0238,Tripoli,Fashloum,2026-03-22 15:52:50
SR003447,MED0303,Tripoli,Abu Salim,2026-07-25 18:11:19
SR003448,MED0149,Tripoli,Ain Zara,2026-08-12 18:15:06
SR003449,MED0031,Misrata,Zawiyat Al-Mahjoub,2026-07-08 17:04:33
SR003450,MED0173,Tripoli,Janzour,2026-08-14 04:57:40
SR003451,MED0029,Tripoli,Fashloum,2026-05-31 06:34:59
SR003452,MED0063,Tripoli,Souq Al Juma'a,2026-06-16 05:26:28
SR003453,MED0329,Tripoli,Fashloum,2026-06-26 11:14:57
SR003454,MED0456,Tripoli,Souq Al Juma'a,2026-06-30 04:05:48
SR003455,MED0236,Tripoli,Gargaresh,2026-08-02 13:31:58
SR003456,MED0406,Tripoli,Abu Salim,2026-08-02 21:46:35
SR003457,MED0490,Misrata,Zawiyat Al-Mahjoub,2026-07-19 21:42:58
SR003458,MED0252,Misrata,Qasr Ahmad,2026-07-27 04:03:20
SR003459,MED0116,Tripoli,Gargaresh,2026-07-19 14:14:17
SR003460,MED0199,Misrata,Qasr Ahmad,2026-06-18 00:52:22
SR003461,MED0387,Benghazi,Al-Sabri,2026-04-05 23:31:03
SR003462,MED0009,Tripoli,Tajoura,2026-08-11 11:13:42
SR003463,MED0349,Benghazi,Al-Selmani,2026-04-13 16:22:20
SR003464,MED0406,Tripoli,Gargaresh,2026-07-11 04:07:15
SR003465,MED0277,Misrata,Zawiyat Al-Mahjoub,2026-04-20 06:24:48
SR003466,MED0083,Zawiya,Al-Harsha,2026-05-31 04:33:55
SR003467,MED0227,Tripoli,Souq Al Juma'a,2026-08-14 22:45:51
SR003468,MED0355,Benghazi,Al-Sabri,2026-07-14 14:14:13
SR003469,MED0372,Tripoli,Janzour,2026-06-24 06:28:48
SR003470,MED0169,Tripoli,Gargaresh,2026-06-29 11:00:07
SR003471,MED0274,Tripoli,Souq Al Juma'a,2026-04-30 09:53:49
SR003472,MED0201,Benghazi,Al-Hadaeq,2026-06-06 00:10:25
SR003473,MED0019,Benghazi,Al-Berka,2026-08-11 14:13:08
SR003474,MED0420,Benghazi,Al-Selmani,2026-02-28 11:16:05
SR003475,MED0072,Tripoli,Tajoura,2026-08-06 07:14:59
SR003476,MED0399,Benghazi,Al-Berka,2026-08-17 15:14:29
SR003477,MED0213,Tripoli,Janzour,2026-08-07 00:01:05
SR003478,MED0176,Benghazi,Al-Sabri,2026-06-09 23:42:06
SR003479,MED0158,Benghazi,Al-Hadaeq,2026-04-13 00:02:15
SR003480,MED0025,Tripoli,Hay Al-Andalus,2026-07-07 20:20:10
SR003481,MED0212,Tripoli,Ain Zara,2026-07-28 06:56:21
SR003482,MED0329,Tripoli,Gargaresh,2026-08-03 13:50:11
SR003483,MED0498,Benghazi,Al-Berka,2026-08-13 15:21:11
SR003484,MED0309,Zawiya,Al-Mashtal,2026-07-17 05:57:06
SR003485,MED0190,Benghazi,Al-Berka,2026-07-26 04:09:24
SR003486,MED0069,Tripoli,Hay Al-Andalus,2026-07-31 08:15:04
SR003487,MED0028,Tripoli,Fashloum,2026-07-16 17:46:46
SR003488,MED0126,Tripoli,Fashloum,2026-08-02 12:53:07
SR003489,MED0500,Tripoli,Abu Salim,2026-05-02 23:40:30
SR003490,MED0113,Tripoli,Fashloum,2026-07-03 13:17:25
SR003491,MED0308,Zawiya,Al-Harsha,2026-08-01 01:17:42
SR003492,MED0254,Tripoli,Fashloum,2026-06-25 14:45:48
SR003493,MED0230,Tripoli,Souq Al Juma'a,2026-08-01 03:16:56
SR003494,MED0498,Tripoli,Gargaresh,2026-07-24 07:45:02
SR003495,MED0001,Benghazi,Al-Fuwayhat,2026-05-24 04:52:03
SR003496,MED0219,Benghazi,Al-Hadaeq,2026-07-17 11:39:51
SR003497,MED0461,Tripoli,Hay Al-Andalus,2026-08-18 02:29:56
SR003498,MED0173,Tripoli,Janzour,2026-07-15 19:33:49
SR003499,MED0027,Tripoli,Gargaresh,2026-08-13 11:09:36
SR003500,MED0054,Benghazi,Al-Sabri,2026-08-01 06:33:30
SR003501,MED0288,Tripoli,Ain Zara,2026-08-13 05:19:59
SR003502,MED0357,Tripoli,Hay Al-Andalus,2026-05-25 12:45:22
SR003503,MED0450,Tripoli,Tajoura,2026-07-21 00:45:24
SR003504,MED0451,Tripoli,Abu Salim,2026-08-05 17:02:12
SR003505,MED0214,Misrata,Al-Ghiran,2026-07-27 15:09:53
SR003506,MED0053,Tripoli,Hay Al-Andalus,2026-07-09 09:46:25
SR003507,MED0006,Tripoli,Souq Al Juma'a,2026-04-24 20:00:25
SR003508,MED0116,Tripoli,Souq Al Juma'a,2026-06-06 09:12:36
SR003509,MED0044,Tripoli,Gargaresh,2026-06-21 01:11:01
SR003510,MED0439,Tripoli,Gargaresh,2026-02-27 11:51:48
SR003511,MED0159,Tripoli,Hay Al-Andalus,2026-08-08 19:50:57
SR003512,MED0053,Tripoli,Ain Zara,2026-08-11 23:39:11
SR003513,MED0023,Tripoli,Tajoura,2026-04-14 18:41:52
SR003514,MED0019,Tripoli,Tajoura,2026-06-17 09:01:48
SR003515,MED0478,Tripoli,Fashloum,2026-07-22 16:25:04
SR003516,MED0165,Tripoli,Hay Al-Andalus,2026-06-26 20:35:23
SR003517,MED0053,Tripoli,Ain Zara,2026-07-23 07:39:18
SR003518,MED0019,Sabha,Tayouri,2026-06-29 05:24:19
SR003519,MED0095,Misrata,Al-Karareem,2026-06-16 13:17:20
SR003520,MED0325,Benghazi,Al-Selmani,2026-06-22 08:42:00
SR003521,MED0211,Benghazi,Al-Fuwayhat,2026-06-02 04:08:17
SR003522,MED0308,Tripoli,Souq Al Juma'a,2026-04-16 13:42:15
SR003523,MED0367,Tripoli,Ain Zara,2026-08-04 08:23:00
SR003524,MED0016,Misrata,Zawiyat Al-Mahjoub,2026-07-10 03:41:45
SR003525,MED0256,Tripoli,Hay Al-Andalus,2026-06-25 00:47:44
SR003526,MED0192,Tripoli,Hay Al-Andalus,2026-07-19 02:42:18
SR003527,MED0336,Tripoli,Tajoura,2026-07-10 09:04:52
SR003528,MED0197,Tripoli,Hay Al-Andalus,2026-06-09 23:16:33
SR003529,MED0131,Tripoli,Fashloum,2026-06-26 18:51:20
SR003530,MED0056,Tripoli,Ain Zara,2026-08-18 17:55:17
SR003531,MED0126,Tripoli,Tajoura,2026-08-05 21:45:55
SR003532,MED0444,Tripoli,Abu Salim,2026-08-11 15:42:06
SR003533,MED0515,Tripoli,Janzour,2026-08-11 19:09:55
SR003534,MED0173,Tripoli,Ain Zara,2026-04-13 15:29:06
SR003535,MED0216,Tripoli,Tajoura,2026-08-19 20:23:25
SR003536,MED0164,Tripoli,Fashloum,2026-05-08 22:26:37
SR003537,MED0199,Tripoli,Souq Al Juma'a,2026-07-26 00:19:41
SR003538,MED0205,Benghazi,Al-Berka,2026-07-25 19:08:57
SR003539,MED0077,Benghazi,Al-Fuwayhat,2026-07-21 20:18:24
SR003540,MED0196,Misrata,Al-Karareem,2026-05-26 09:35:45
SR003541,MED0169,Misrata,Zawiyat Al-Mahjoub,2026-05-31 11:36:28
SR003542,MED0159,Tripoli,Abu Salim,2026-05-22 21:35:01
SR003543,MED0003,Tripoli,Janzour,2026-05-21 19:08:34
SR003544,MED0139,Tripoli,Ain Zara,2026-05-22 08:56:37
SR003545,MED0207,Misrata,Zawiyat Al-Mahjoub,2026-04-07 16:12:42
SR003546,MED0231,Misrata,Al-Ghiran,2026-07-12 17:46:30
SR003547,MED0294,Sabha,Tayouri,2026-06-21 01:43:58
SR003548,MED0496,Tripoli,Souq Al Juma'a,2026-07-31 13:12:44
SR003549,MED0392,Tripoli,Gargaresh,2026-07-27 22:03:26
SR003550,MED0007,Tripoli,Janzour,2026-08-17 11:52:30
SR003551,MED0247,Misrata,Al-Ghiran,2026-05-27 17:45:00
SR003552,MED0007,Tripoli,Fashloum,2026-08-11 07:14:04
SR003553,MED0355,Zawiya,Al-Mashtal,2026-03-31 17:41:49
SR003554,MED0106,Tripoli,Abu Salim,2026-07-08 22:39:08
SR003555,MED0065,Sabha,Al-Dawwar,2026-06-01 07:39:07
SR003556,MED0437,Tripoli,Fashloum,2026-08-02 17:52:15
SR003557,MED0373,Tripoli,Abu Salim,2026-05-21 18:09:12
SR003558,MED0130,Tripoli,Gargaresh,2026-06-28 13:10:18
SR003559,MED0429,Misrata,Qasr Ahmad,2026-07-31 14:54:00
SR003560,MED0075,Tripoli,Abu Salim,2026-04-24 06:45:29
SR003561,MED0116,Tripoli,Tajoura,2026-06-09 05:58:42
SR003562,MED0022,Zawiya,Al-Harsha,2026-08-16 20:20:29
SR003563,MED0389,Benghazi,Al-Hadaeq,2026-03-06 10:20:33
SR003564,MED0216,Tripoli,Tajoura,2026-06-12 21:50:11
SR003565,MED0494,Tripoli,Hay Al-Andalus,2026-06-17 21:26:21
SR003566,MED0057,Tripoli,Fashloum,2026-07-23 08:48:06
SR003567,MED0199,Zawiya,Al-Mashtal,2026-08-11 19:02:35
SR003568,MED0166,Tripoli,Tajoura,2026-08-14 08:46:00
SR003569,MED0042,Tripoli,Souq Al Juma'a,2026-08-02 06:26:35
SR003570,MED0095,Tripoli,Janzour,2026-07-31 10:24:07
SR003571,MED0226,Benghazi,Al-Berka,2026-07-31 08:44:01
SR003572,MED0063,Zliten,Al-Qasabat,2026-07-03 12:18:09
SR003573,MED0230,Benghazi,Al-Hadaeq,2026-05-05 21:02:48
SR003574,MED0182,Tripoli,Tajoura,2026-06-11 10:20:01
SR003575,MED0476,Benghazi,Al-Fuwayhat,2026-05-01 09:28:25
SR003576,MED0038,Tripoli,Tajoura,2026-07-11 01:55:05
SR003577,MED0416,Zawiya,Al-Harsha,2026-07-07 05:02:16
SR003578,MED0469,Misrata,Zawiyat Al-Mahjoub,2026-05-22 23:13:26
SR003579,MED0147,Benghazi,Al-Hadaeq,2026-08-17 05:38:46
SR003580,MED0416,Misrata,Al-Karareem,2026-06-05 21:20:36
SR003581,MED0237,Tripoli,Abu Salim,2026-07-17 11:15:47
SR003582,MED0456,Tripoli,Hay Al-Andalus,2026-02-04 23:44:04
SR003583,MED0230,Tripoli,Gargaresh,2026-08-03 19:17:33
SR003584,MED0489,Misrata,Al-Karareem,2026-07-15 00:43:40
SR003585,MED0085,Tripoli,Janzour,2026-04-13 20:59:04
SR003586,MED0348,Tripoli,Ain Zara,2026-04-07 03:10:15
SR003587,MED0435,Tripoli,Fashloum,2026-06-25 08:46:41
SR003588,MED0331,Tripoli,Abu Salim,2026-05-12 00:12:03
SR003589,MED0365,Tripoli,Souq Al Juma'a,2026-07-06 13:08:56
SR003590,MED0132,Tripoli,Hay Al-Andalus,2026-06-23 07:55:55
SR003591,MED0157,Tripoli,Souq Al Juma'a,2026-03-26 08:23:53
SR003592,MED0386,Tripoli,Ain Zara,2026-03-22 10:04:52
SR003593,MED0150,Tripoli,Hay Al-Andalus,2026-07-07 04:23:24
SR003594,MED0152,Benghazi,Al-Selmani,2026-05-31 14:06:36
SR003595,MED0105,Tripoli,Abu Salim,2026-07-08 02:20:24
SR003596,MED0117,Tripoli,Abu Salim,2026-05-21 21:08:39
SR003597,MED0333,Tripoli,Souq Al Juma'a,2026-07-11 18:28:42
SR003598,MED0186,Tripoli,Janzour,2026-08-10 15:48:02
SR003599,MED0049,Misrata,Al-Ghiran,2026-07-27 02:28:27
SR003600,MED0254,Benghazi,Al-Berka,2026-08-05 01:54:16
SR003601,MED0444,Benghazi,Al-Berka,2026-04-16 20:45:05
SR003602,MED0240,Tripoli,Souq Al Juma'a,2026-07-23 20:09:39
SR003603,MED0061,Benghazi,Al-Selmani,2026-04-18 23:38:44
SR003604,MED0340,Tripoli,Janzour,2026-08-05 04:27:04
SR003605,MED0199,Tripoli,Tajoura,2026-04-14 11:45:05
SR003606,MED0220,Tripoli,Tajoura,2026-03-31 00:37:15
SR003607,MED0047,Tripoli,Fashloum,2026-06-15 19:36:44
SR003608,MED0104,Tripoli,Abu Salim,2026-05-22 14:02:39
SR003609,MED0054,Tripoli,Fashloum,2026-06-22 11:18:37
SR003610,MED0019,Benghazi,Al-Selmani,2026-05-16 19:49:11
SR003611,MED0212,Tripoli,Souq Al Juma'a,2026-06-16 08:12:18
SR003612,MED0437,Zliten,Al-Qasabat,2026-06-16 01:44:19
SR003613,MED0435,Tripoli,Tajoura,2026-08-07 19:33:32
SR003614,MED0266,Tripoli,Tajoura,2026-06-08 22:06:07
SR003615,MED0058,Misrata,Zawiyat Al-Mahjoub,2026-03-22 15:49:04
SR003616,MED0411,Tripoli,Hay Al-Andalus,2026-07-23 21:25:31
SR003617,MED0404,Benghazi,Al-Sabri,2026-07-26 20:03:32
SR003618,MED0144,Zawiya,Al-Mashtal,2026-07-30 06:06:13
SR003619,MED0051,Tripoli,Gargaresh,2026-07-28 04:46:02
SR003620,MED0237,Tripoli,Tajoura,2026-06-05 10:22:26
SR003621,MED0326,Sabha,Al-Manshiya,2026-04-07 21:37:07
SR003622,MED0158,Tripoli,Tajoura,2026-08-19 09:45:26
SR003623,MED0241,Tripoli,Fashloum,2026-08-07 02:16:46
SR003624,MED0116,Tripoli,Fashloum,2026-08-02 01:43:58
SR003625,MED0456,Benghazi,Al-Sabri,2026-06-23 18:04:30
SR003626,MED0161,Tripoli,Tajoura,2026-07-31 09:53:38
SR003627,MED0144,Tripoli,Fashloum,2026-06-05 03:10:58
SR003628,MED0242,Tripoli,Janzour,2026-06-21 13:16:53
SR003629,MED0096,Benghazi,Al-Hadaeq,2026-08-04 00:20:11
SR003630,MED0015,Tripoli,Gargaresh,2026-07-19 03:36:09
SR003631,MED0488,Tripoli,Ain Zara,2026-05-12 11:43:03
SR003632,MED0512,Tripoli,Hay Al-Andalus,2026-07-09 06:07:47
SR003633,MED0062,Tripoli,Ain Zara,2026-06-13 21:47:20
SR003634,MED0242,Tripoli,Janzour,2026-05-30 04:20:46
SR003635,MED0195,Tripoli,Fashloum,2026-05-06 07:19:56
SR003636,MED0470,Tripoli,Janzour,2026-08-13 04:24:38
SR003637,MED0216,Benghazi,Al-Fuwayhat,2026-08-20 11:17:55
SR003638,MED0033,Benghazi,Al-Berka,2026-06-24 15:07:49
SR003639,MED0517,Tripoli,Ain Zara,2026-03-12 19:37:57
SR003640,MED0456,Tripoli,Ain Zara,2026-01-07 15:21:00
SR003641,MED0011,Tripoli,Ain Zara,2026-04-24 10:37:03
SR003642,MED0047,Benghazi,Al-Sabri,2026-05-26 03:08:14
SR003643,MED0105,Tripoli,Hay Al-Andalus,2026-08-08 08:10:21
SR003644,MED0027,Tripoli,Gargaresh,2026-07-01 04:18:08
SR003645,MED0411,Misrata,Al-Ghiran,2026-06-07 15:54:13
SR003646,MED0331,Zawiya,Al-Mashtal,2026-06-26 11:01:59
SR003647,MED0147,Zawiya,Bir Al-Ghanam,2026-07-08 13:18:36
SR003648,MED0343,Tripoli,Janzour,2026-04-24 06:15:42
SR003649,MED0115,Benghazi,Al-Berka,2026-05-29 05:38:00
SR003650,MED0180,Benghazi,Al-Berka,2026-03-23 01:46:13
SR003651,MED0243,Tripoli,Fashloum,2026-08-01 14:42:01
SR003652,MED0365,Tripoli,Ain Zara,2026-08-18 07:36:00
SR003653,MED0226,Tripoli,Fashloum,2026-08-11 15:27:19
SR003654,MED0512,Tripoli,Hay Al-Andalus,2026-06-10 00:37:30
SR003655,MED0362,Tripoli,Abu Salim,2026-05-15 12:44:30
SR003656,MED0241,Tripoli,Souq Al Juma'a,2026-08-08 06:20:29
SR003657,MED0329,Tripoli,Gargaresh,2026-06-18 03:21:00
SR003658,MED0381,Benghazi,Al-Hadaeq,2026-04-26 22:28:36
SR003659,MED0318,Misrata,Al-Ghiran,2026-07-13 20:47:12
SR003660,MED0463,Benghazi,Al-Berka,2026-06-15 00:01:09
SR003661,MED0029,Tripoli,Janzour,2026-05-28 23:29:05
SR003662,MED0026,Misrata,Al-Ghiran,2026-08-16 17:57:35
SR003663,MED0252,Tripoli,Janzour,2026-06-04 09:25:04
SR003664,MED0272,Tripoli,Hay Al-Andalus,2026-08-11 12:04:53
SR003665,MED0145,Tripoli,Janzour,2026-05-20 15:51:28
SR003666,MED0041,Tripoli,Souq Al Juma'a,2026-07-13 16:18:42
SR003667,MED0352,Benghazi,Al-Sabri,2026-06-07 03:00:52
SR003668,MED0449,Tripoli,Janzour,2026-05-31 18:42:12
SR003669,MED0193,Tripoli,Gargaresh,2026-05-13 16:22:37
SR003670,MED0209,Tripoli,Hay Al-Andalus,2026-04-25 17:08:44
SR003671,MED0248,Tripoli,Souq Al Juma'a,2026-05-04 06:21:41
SR003672,MED0207,Benghazi,Al-Berka,2026-07-08 03:05:17
SR003673,MED0200,Tripoli,Hay Al-Andalus,2026-06-07 16:59:14
SR003674,MED0365,Zawiya,Al-Mashtal,2026-07-26 11:04:42
SR003675,MED0213,Tripoli,Souq Al Juma'a,2026-08-07 06:12:48
SR003676,MED0285,Zliten,Al-Qasabat,2026-08-01 10:50:25
SR003677,MED0021,Zawiya,Al-Harsha,2026-08-05 00:30:09
SR003678,MED0243,Tripoli,Tajoura,2026-05-07 06:58:15
SR003679,MED0497,Misrata,Qasr Ahmad,2026-06-10 16:23:08
SR003680,MED0421,Benghazi,Al-Fuwayhat,2026-07-16 09:36:01
SR003681,MED0179,Benghazi,Al-Berka,2026-05-27 12:41:20
SR003682,MED0191,Tripoli,Tajoura,2026-05-31 10:46:55
SR003683,MED0302,Tripoli,Hay Al-Andalus,2026-07-21 15:36:58
SR003684,MED0340,Tripoli,Abu Salim,2026-05-08 14:40:02
SR003685,MED0302,Tripoli,Ain Zara,2026-07-18 22:33:10
SR003686,MED0157,Benghazi,Al-Sabri,2026-08-13 06:42:59
SR003687,MED0349,Tripoli,Souq Al Juma'a,2026-08-07 16:36:15
SR003688,MED0182,Tripoli,Gargaresh,2026-06-28 21:11:05
SR003689,MED0123,Tripoli,Hay Al-Andalus,2026-06-26 18:05:35
SR003690,MED0169,Tripoli,Janzour,2026-08-18 21:54:37
SR003691,MED0161,Tripoli,Souq Al Juma'a,2026-08-14 10:21:25
SR003692,MED0158,Tripoli,Gargaresh,2026-08-21 01:17:52
SR003693,MED0426,Tripoli,Gargaresh,2026-03-27 09:06:48
SR003694,MED0254,Misrata,Qasr Ahmad,2026-08-07 21:48:40
SR003695,MED0155,Tripoli,Tajoura,2026-04-29 08:03:58
SR003696,MED0357,Tripoli,Souq Al Juma'a,2026-03-28 14:26:46
SR003697,MED0515,Misrata,Al-Karareem,2026-07-20 09:21:56
SR003698,MED0127,Tripoli,Fashloum,2026-03-01 16:04:17
SR003699,MED0406,Benghazi,Al-Hadaeq,2026-08-04 22:26:30
SR003700,MED0202,Benghazi,Al-Berka,2026-04-17 05:28:54
SR003701,MED0249,Tripoli,Fashloum,2026-06-13 16:32:13
SR003702,MED0211,Tripoli,Ain Zara,2026-07-15 02:03:33
SR003703,MED0440,Misrata,Zawiyat Al-Mahjoub,2026-08-10 16:19:01
SR003704,MED0437,Tripoli,Gargaresh,2026-07-25 21:39:14
SR003705,MED0168,Zawiya,Al-Harsha,2026-08-03 16:28:16
SR003706,MED0463,Tripoli,Souq Al Juma'a,2026-06-30 04:03:00
SR003707,MED0354,Tripoli,Souq Al Juma'a,2026-08-02 07:39:21
SR003708,MED0291,Tripoli,Souq Al Juma'a,2026-04-26 05:36:00
SR003709,MED0108,Tripoli,Ain Zara,2026-07-31 13:49:54
SR003710,MED0230,Benghazi,Al-Selmani,2026-05-31 04:09:22
SR003711,MED0490,Tripoli,Gargaresh,2026-07-02 08:02:34
SR003712,MED0352,Sabha,Al-Manshiya,2026-05-15 18:43:46
SR003713,MED0202,Tripoli,Hay Al-Andalus,2026-07-08 07:28:15
SR003714,MED0027,Benghazi,Al-Selmani,2026-06-22 17:34:49
SR003715,MED0354,Benghazi,Al-Selmani,2026-08-12 11:50:49
SR003716,MED0352,Tripoli,Gargaresh,2026-05-09 16:32:26
SR003717,MED0381,Tripoli,Abu Salim,2026-07-19 17:27:55
SR003718,MED0110,Benghazi,Al-Fuwayhat,2026-06-14 02:12:43
SR003719,MED0358,Tripoli,Hay Al-Andalus,2026-06-08 23:41:55
SR003720,MED0504,Tripoli,Ain Zara,2026-07-26 12:47:28
SR003721,MED0355,Tripoli,Fashloum,2026-07-01 17:31:00
SR003722,MED0238,Tripoli,Hay Al-Andalus,2026-03-14 07:38:45
SR003723,MED0474,Tripoli,Souq Al Juma'a,2026-07-15 14:08:52
SR003724,MED0463,Tripoli,Hay Al-Andalus,2026-08-17 06:15:28
SR003725,MED0333,Zliten,Al-Qasabat,2026-06-11 06:10:21
SR003726,MED0147,Tripoli,Tajoura,2026-07-24 09:56:47
SR003727,MED0369,Tripoli,Fashloum,2026-03-19 10:51:48
SR003728,MED0253,Tripoli,Gargaresh,2026-07-13 15:15:27
SR003729,MED0303,Tripoli,Gargaresh,2026-08-06 20:22:49
SR003730,MED0278,Misrata,Al-Karareem,2026-06-29 06:41:44
SR003731,MED0479,Benghazi,Al-Fuwayhat,2026-06-04 21:23:42
SR003732,MED0411,Tripoli,Hay Al-Andalus,2026-08-17 10:41:47
SR003733,MED0027,Tripoli,Hay Al-Andalus,2026-07-04 05:02:11
SR003734,MED0386,Zawiya,Al-Harsha,2026-07-19 16:07:07
SR003735,MED0197,Tripoli,Souq Al Juma'a,2026-05-27 22:42:11
SR003736,MED0190,Tripoli,Tajoura,2026-07-20 17:10:33
SR003737,MED0405,Benghazi,Al-Fuwayhat,2026-07-08 05:39:27
SR003738,MED0030,Tripoli,Ain Zara,2026-07-28 00:49:07
SR003739,MED0350,Tripoli,Ain Zara,2026-07-11 00:06:32
SR003740,MED0075,Benghazi,Al-Berka,2026-07-12 17:25:01
SR003741,MED0408,Tripoli,Gargaresh,2026-08-20 13:54:17
SR003742,MED0348,Benghazi,Al-Sabri,2026-08-16 09:06:22
SR003743,MED0289,Tripoli,Gargaresh,2026-02-17 09:08:37
SR003744,MED0116,Tripoli,Abu Salim,2026-08-03 01:57:36
SR003745,MED0228,Tripoli,Gargaresh,2026-08-12 23:48:44
SR003746,MED0401,Tripoli,Fashloum,2026-08-13 02:16:47
SR003747,MED0074,Misrata,Qasr Ahmad,2026-07-06 23:43:06
SR003748,MED0408,Tripoli,Hay Al-Andalus,2026-06-14 23:12:55
SR003749,MED0225,Tripoli,Janzour,2026-06-11 23:57:36
SR003750,MED0161,Tripoli,Ain Zara,2026-08-12 02:10:31
SR003751,MED0237,Tripoli,Tajoura,2026-05-06 16:13:41
SR003752,MED0341,Tripoli,Hay Al-Andalus,2026-04-03 07:02:09
SR003753,MED0423,Sabha,Al-Dawwar,2026-08-04 00:14:08
SR003754,MED0139,Tripoli,Fashloum,2026-07-01 05:24:48
SR003755,MED0091,Tripoli,Gargaresh,2026-06-21 12:51:39
SR003756,MED0134,Sabha,Al-Manshiya,2026-08-01 16:08:39
SR003757,MED0130,Tripoli,Abu Salim,2026-06-30 09:49:06
SR003758,MED0435,Tripoli,Hay Al-Andalus,2026-05-01 23:49:48
SR003759,MED0194,Benghazi,Al-Selmani,2026-05-10 17:55:01
SR003760,MED0025,Benghazi,Al-Selmani,2026-07-02 02:44:16
SR003761,MED0440,Tripoli,Tajoura,2026-05-25 03:08:17
SR003762,MED0118,Benghazi,Al-Sabri,2026-06-08 22:47:57
SR003763,MED0168,Tripoli,Tajoura,2026-07-21 16:55:45
SR003764,MED0372,Benghazi,Al-Selmani,2026-06-04 21:59:05
SR003765,MED0331,Tripoli,Janzour,2026-07-20 22:03:01
SR003766,MED0009,Tripoli,Fashloum,2026-05-20 18:12:36
SR003767,MED0457,Tripoli,Janzour,2026-02-07 19:34:09
SR003768,MED0165,Benghazi,Al-Hadaeq,2026-05-04 08:01:56
SR003769,MED0281,Tripoli,Fashloum,2026-05-15 15:49:43
SR003770,MED0124,Benghazi,Al-Fuwayhat,2026-08-17 14:50:27
SR003771,MED0011,Zawiya,Bir Al-Ghanam,2026-07-24 22:30:33
SR003772,MED0410,Tripoli,Tajoura,2026-05-17 18:02:10
SR003773,MED0503,Tripoli,Gargaresh,2026-07-07 04:54:00
SR003774,MED0033,Tripoli,Ain Zara,2026-05-02 07:14:59
SR003775,MED0031,Tripoli,Ain Zara,2026-07-11 16:28:43
SR003776,MED0459,Misrata,Zawiyat Al-Mahjoub,2026-05-04 17:09:05
SR003777,MED0197,Benghazi,Al-Hadaeq,2026-07-24 23:56:53
SR003778,MED0121,Benghazi,Al-Fuwayhat,2026-06-24 11:37:32
SR003779,MED0233,Tripoli,Ain Zara,2026-04-20 02:18:04
SR003780,MED0214,Zawiya,Bir Al-Ghanam,2026-07-06 16:53:34
SR003781,MED0080,Tripoli,Fashloum,2026-07-19 23:13:25
SR003782,MED0457,Tripoli,Abu Salim,2026-05-17 22:56:15
SR003783,MED0408,Misrata,Zawiyat Al-Mahjoub,2026-07-25 09:05:16
SR003784,MED0055,Tripoli,Janzour,2026-08-17 15:32:15
SR003785,MED0293,Tripoli,Fashloum,2026-07-01 04:16:54
SR003786,MED0421,Tripoli,Janzour,2026-07-25 00:32:10
SR003787,MED0327,Tripoli,Abu Salim,2026-05-08 10:38:38
SR003788,MED0477,Benghazi,Al-Sabri,2026-07-11 18:50:41
SR003789,MED0488,Zawiya,Bir Al-Ghanam,2026-08-01 23:20:53
SR003790,MED0373,Tripoli,Ain Zara,2026-08-20 02:34:15
SR003791,MED0432,Misrata,Al-Ghiran,2026-07-26 16:03:22
SR003792,MED0408,Benghazi,Al-Selmani,2026-08-01 22:10:07
SR003793,MED0267,Tripoli,Abu Salim,2026-08-04 03:25:07
SR003794,MED0291,Tripoli,Souq Al Juma'a,2026-08-19 10:42:27
SR003795,MED0157,Tripoli,Abu Salim,2026-08-06 00:38:21
SR003796,MED0158,Zliten,Al-Qasabat,2026-05-22 04:07:02
SR003797,MED0120,Tripoli,Souq Al Juma'a,2026-07-14 10:27:27
SR003798,MED0128,Tripoli,Hay Al-Andalus,2026-07-06 10:17:12
SR003799,MED0381,Benghazi,Al-Berka,2026-07-05 19:33:40
SR003800,MED0038,Tripoli,Souq Al Juma'a,2026-07-18 18:10:59
SR003801,MED0299,Tripoli,Abu Salim,2026-08-06 21:50:10
SR003802,MED0177,Sabha,Tayouri,2026-07-19 07:08:21
SR003803,MED0518,Tripoli,Abu Salim,2026-07-02 02:14:46
SR003804,MED0054,Tripoli,Janzour,2026-07-04 15:58:26
SR003805,MED0055,Tripoli,Tajoura,2026-08-08 21:51:56
SR003806,MED0454,Tripoli,Ain Zara,2026-08-13 17:36:52
SR003807,MED0455,Tripoli,Ain Zara,2026-03-10 01:19:46
SR003808,MED0235,Benghazi,Al-Sabri,2026-06-19 01:31:40
SR003809,MED0068,Tripoli,Souq Al Juma'a,2026-06-30 21:24:19
SR003810,MED0381,Tripoli,Hay Al-Andalus,2026-06-21 08:35:20
SR003811,MED0025,Tripoli,Tajoura,2026-07-30 23:58:39
SR003812,MED0060,Tripoli,Hay Al-Andalus,2026-08-09 00:59:43
SR003813,MED0456,Tripoli,Tajoura,2026-07-21 07:17:51
SR003814,MED0044,Benghazi,Al-Fuwayhat,2026-08-09 17:52:26
SR003815,MED0091,Tripoli,Fashloum,2026-07-12 07:40:32
SR003816,MED0056,Tripoli,Hay Al-Andalus,2026-07-03 11:28:08
SR003817,MED0362,Tripoli,Souq Al Juma'a,2026-07-09 13:21:23
SR003818,MED0466,Tripoli,Tajoura,2026-07-09 11:07:17
SR003819,MED0105,Tripoli,Ain Zara,2026-08-15 04:40:54
SR003820,MED0426,Tripoli,Fashloum,2026-08-04 00:49:21
SR003821,MED0022,Tripoli,Gargaresh,2026-06-19 23:50:12
SR003822,MED0345,Benghazi,Al-Sabri,2026-06-06 14:35:23
SR003823,MED0263,Tripoli,Gargaresh,2026-07-26 19:01:50
SR003824,MED0123,Zawiya,Bir Al-Ghanam,2026-06-28 18:50:38
SR003825,MED0512,Misrata,Al-Ghiran,2026-05-20 20:58:05
SR003826,MED0130,Benghazi,Al-Hadaeq,2026-06-13 21:31:33
SR003827,MED0313,Misrata,Zawiyat Al-Mahjoub,2026-02-28 10:44:05
SR003828,MED0028,Zawiya,Al-Mashtal,2026-06-12 15:56:51
SR003829,MED0370,Sabha,Al-Manshiya,2026-08-13 01:27:06
SR003830,MED0259,Tripoli,Janzour,2026-04-27 20:32:56
SR003831,MED0151,Sabha,Al-Dawwar,2026-06-26 10:27:39
SR003832,MED0303,Misrata,Zawiyat Al-Mahjoub,2026-08-09 02:15:43
SR003833,MED0056,Tripoli,Hay Al-Andalus,2026-08-06 23:25:55
SR003834,MED0060,Tripoli,Gargaresh,2026-04-05 21:09:18
SR003835,MED0348,Benghazi,Al-Fuwayhat,2026-06-26 23:30:46
SR003836,MED0309,Tripoli,Fashloum,2026-05-22 06:11:54
SR003837,MED0231,Misrata,Qasr Ahmad,2026-07-07 00:41:06
SR003838,MED0303,Tripoli,Janzour,2026-03-14 02:39:55
SR003839,MED0154,Benghazi,Al-Fuwayhat,2026-06-07 15:20:30
SR003840,MED0039,Benghazi,Al-Hadaeq,2026-05-27 06:32:32
SR003841,MED0141,Tripoli,Abu Salim,2026-04-17 15:35:45
SR003842,MED0486,Tripoli,Hay Al-Andalus,2026-08-10 01:40:04
SR003843,MED0355,Tripoli,Tajoura,2026-07-22 10:19:02
SR003844,MED0225,Tripoli,Gargaresh,2026-04-27 03:55:16
SR003845,MED0341,Misrata,Zawiyat Al-Mahjoub,2026-03-31 12:29:07
SR003846,MED0459,Benghazi,Al-Hadaeq,2026-07-22 16:24:24
SR003847,MED0186,Benghazi,Al-Selmani,2026-06-29 03:22:10
SR003848,MED0019,Tripoli,Janzour,2026-07-06 02:54:55
SR003849,MED0188,Tripoli,Fashloum,2026-07-03 07:29:24
SR003850,MED0225,Benghazi,Al-Berka,2026-08-09 06:02:34
SR003851,MED0469,Misrata,Al-Ghiran,2026-07-29 01:58:20
SR003852,MED0116,Tripoli,Fashloum,2026-05-27 23:43:44
SR003853,MED0410,Tripoli,Ain Zara,2026-02-14 08:52:44
SR003854,MED0113,Tripoli,Abu Salim,2026-06-03 18:27:12
SR003855,MED0261,Tripoli,Ain Zara,2026-07-17 13:34:22
SR003856,MED0112,Benghazi,Al-Fuwayhat,2026-05-22 16:09:37
SR003857,MED0056,Benghazi,Al-Hadaeq,2026-04-28 17:20:02
SR003858,MED0031,Tripoli,Gargaresh,2026-06-09 09:46:59
SR003859,MED0197,Tripoli,Janzour,2026-07-22 14:57:41
SR003860,MED0198,Benghazi,Al-Berka,2026-08-10 09:48:12
SR003861,MED0229,Misrata,Qasr Ahmad,2026-05-29 15:53:26
SR003862,MED0267,Misrata,Zawiyat Al-Mahjoub,2026-06-20 12:03:21
SR003863,MED0017,Tripoli,Abu Salim,2026-05-29 18:57:27
SR003864,MED0468,Benghazi,Al-Sabri,2026-07-09 07:47:25
SR003865,MED0066,Benghazi,Al-Sabri,2026-06-24 01:30:03
SR003866,MED0369,Tripoli,Tajoura,2026-05-20 04:15:30
SR003867,MED0381,Zawiya,Al-Mashtal,2026-06-04 02:35:52
SR003868,MED0417,Benghazi,Al-Fuwayhat,2026-04-30 00:38:20
SR003869,MED0041,Zawiya,Al-Harsha,2026-06-26 05:26:08
SR003870,MED0017,Tripoli,Abu Salim,2026-05-16 14:24:38
SR003871,MED0056,Tripoli,Tajoura,2026-05-10 00:50:32
SR003872,MED0378,Tripoli,Gargaresh,2026-08-04 04:59:47
SR003873,MED0361,Tripoli,Abu Salim,2026-06-13 01:50:43
SR003874,MED0257,Tripoli,Janzour,2026-05-19 21:55:15
SR003875,MED0483,Tripoli,Fashloum,2026-04-16 20:59:29
SR003876,MED0367,Misrata,Zawiyat Al-Mahjoub,2026-07-16 23:15:23
SR003877,MED0082,Misrata,Qasr Ahmad,2026-06-25 02:47:34
SR003878,MED0245,Tripoli,Fashloum,2026-06-02 04:43:11
SR003879,MED0449,Tripoli,Ain Zara,2026-07-24 03:49:54
SR003880,MED0237,Benghazi,Al-Sabri,2026-05-26 17:17:33
SR003881,MED0173,Tripoli,Hay Al-Andalus,2026-07-10 12:12:55
SR003882,MED0381,Tripoli,Hay Al-Andalus,2026-07-29 04:26:37
SR003883,MED0446,Tripoli,Gargaresh,2026-05-05 02:59:46
SR003884,MED0348,Tripoli,Ain Zara,2026-05-14 02:41:55
SR003885,MED0132,Tripoli,Fashloum,2026-07-19 03:00:06
SR003886,MED0003,Tripoli,Fashloum,2026-03-03 06:22:18
SR003887,MED0282,Benghazi,Al-Berka,2026-07-04 14:50:45
SR003888,MED0234,Misrata,Qasr Ahmad,2026-08-06 01:25:27
SR003889,MED0221,Tripoli,Ain Zara,2026-04-23 03:28:58
SR003890,MED0153,Misrata,Zawiyat Al-Mahjoub,2026-07-20 06:52:12
SR003891,MED0088,Tripoli,Hay Al-Andalus,2026-06-12 20:37:36
SR003892,MED0379,Benghazi,Al-Hadaeq,2026-06-13 18:15:45
SR003893,MED0244,Tripoli,Souq Al Juma'a,2026-06-28 15:29:27
SR003894,MED0491,Tripoli,Hay Al-Andalus,2026-07-22 08:40:28
SR003895,MED0507,Benghazi,Al-Sabri,2026-03-14 00:12:40
SR003896,MED0290,Tripoli,Hay Al-Andalus,2026-08-15 04:04:40
SR003897,MED0382,Misrata,Zawiyat Al-Mahjoub,2026-06-18 06:06:46
SR003898,MED0493,Benghazi,Al-Selmani,2026-04-29 00:11:38
SR003899,MED0513,Misrata,Qasr Ahmad,2026-05-21 09:24:43
SR003900,MED0504,Benghazi,Al-Fuwayhat,2026-08-18 23:17:16
SR003901,MED0363,Tripoli,Fashloum,2026-05-11 13:04:27
SR003902,MED0021,Benghazi,Al-Sabri,2026-06-24 17:57:06
SR003903,MED0130,Benghazi,Al-Berka,2026-08-02 15:32:15
SR003904,MED0493,Benghazi,Al-Selmani,2026-07-13 06:22:02
SR003905,MED0368,Misrata,Al-Ghiran,2026-07-06 15:39:12
SR003906,MED0158,Tripoli,Souq Al Juma'a,2026-05-24 05:59:18
SR003907,MED0333,Tripoli,Gargaresh,2026-08-10 03:44:35
SR003908,MED0397,Benghazi,Al-Sabri,2026-06-01 13:13:13
SR003909,MED0334,Tripoli,Ain Zara,2026-07-02 22:39:00
SR003910,MED0177,Tripoli,Tajoura,2026-06-13 17:54:58
SR003911,MED0273,Benghazi,Al-Hadaeq,2026-07-23 22:04:25
SR003912,MED0336,Tripoli,Gargaresh,2026-08-03 19:28:49
SR003913,MED0173,Tripoli,Tajoura,2026-04-14 16:28:23
SR003914,MED0091,Tripoli,Ain Zara,2026-07-22 04:41:50
SR003915,MED0490,Tripoli,Hay Al-Andalus,2026-07-21 00:20:50
SR003916,MED0453,Tripoli,Souq Al Juma'a,2026-06-09 00:59:25
SR003917,MED0444,Zliten,Al-Qasabat,2026-06-18 09:09:27
SR003918,MED0156,Benghazi,Al-Berka,2026-07-28 23:30:41
SR003919,MED0449,Tripoli,Hay Al-Andalus,2026-06-27 01:56:42
SR003920,MED0221,Tripoli,Janzour,2026-07-09 09:20:27
SR003921,MED0499,Tripoli,Janzour,2026-04-12 10:53:37
SR003922,MED0131,Misrata,Qasr Ahmad,2026-08-13 08:21:40
SR003923,MED0450,Tripoli,Janzour,2026-04-02 18:25:29
SR003924,MED0466,Benghazi,Al-Berka,2026-06-06 23:28:04
SR003925,MED0092,Tripoli,Janzour,2026-07-06 17:54:00
SR003926,MED0053,Tripoli,Tajoura,2026-06-19 16:17:56
SR003927,MED0173,Tripoli,Souq Al Juma'a,2026-07-10 14:20:44
SR003928,MED0488,Tripoli,Souq Al Juma'a,2026-06-24 11:59:22
SR003929,MED0138,Misrata,Al-Ghiran,2026-04-04 13:36:10
SR003930,MED0439,Tripoli,Hay Al-Andalus,2026-07-31 10:06:58
SR003931,MED0305,Benghazi,Al-Selmani,2026-06-16 01:43:47
SR003932,MED0094,Misrata,Zawiyat Al-Mahjoub,2026-05-13 11:38:04
SR003933,MED0258,Tripoli,Abu Salim,2026-08-18 08:43:17
SR003934,MED0220,Zawiya,Bir Al-Ghanam,2026-07-19 20:04:30
SR003935,MED0156,Tripoli,Souq Al Juma'a,2026-06-10 11:26:52
SR003936,MED0160,Tripoli,Fashloum,2026-07-12 00:28:33
SR003937,MED0243,Tripoli,Gargaresh,2026-06-26 10:36:34
SR003938,MED0196,Tripoli,Fashloum,2026-08-09 20:44:30
SR003939,MED0204,Tripoli,Hay Al-Andalus,2026-08-04 01:11:00
SR003940,MED0014,Zawiya,Bir Al-Ghanam,2026-08-06 21:25:41
SR003941,MED0258,Tripoli,Tajoura,2026-08-19 11:31:20
SR003942,MED0328,Tripoli,Hay Al-Andalus,2026-05-02 06:01:16
SR003943,MED0355,Benghazi,Al-Fuwayhat,2026-08-04 11:06:10
SR003944,MED0028,Sabha,Al-Manshiya,2026-08-08 16:08:54
SR003945,MED0480,Misrata,Al-Karareem,2026-07-24 16:47:10
SR003946,MED0121,Tripoli,Abu Salim,2026-06-23 05:48:36
SR003947,MED0150,Tripoli,Fashloum,2026-06-19 00:16:13
SR003948,MED0349,Zawiya,Bir Al-Ghanam,2026-08-18 22:17:15
SR003949,MED0045,Tripoli,Ain Zara,2026-07-11 18:18:53
SR003950,MED0044,Tripoli,Tajoura,2026-06-01 21:42:19
SR003951,MED0150,Tripoli,Hay Al-Andalus,2026-07-15 20:32:02
SR003952,MED0021,Tripoli,Souq Al Juma'a,2026-07-22 15:00:50
SR003953,MED0042,Tripoli,Janzour,2026-07-31 11:36:16
SR003954,MED0199,Tripoli,Tajoura,2026-05-15 12:11:36
SR003955,MED0450,Tripoli,Souq Al Juma'a,2026-05-19 06:59:51
SR003956,MED0396,Tripoli,Gargaresh,2026-06-29 09:23:19
SR003957,MED0030,Benghazi,Al-Sabri,2026-03-16 10:55:00
SR003958,MED0439,Misrata,Zawiyat Al-Mahjoub,2026-06-15 05:52:51
SR003959,MED0414,Tripoli,Janzour,2026-08-02 18:00:10
SR003960,MED0329,Tripoli,Janzour,2026-08-18 05:16:41
SR003961,MED0479,Tripoli,Janzour,2026-06-30 01:39:31
SR003962,MED0274,Misrata,Qasr Ahmad,2026-05-12 17:03:04
SR003963,MED0405,Tripoli,Souq Al Juma'a,2026-06-26 13:06:14
SR003964,MED0125,Tripoli,Gargaresh,2026-07-26 14:56:47
SR003965,MED0285,Misrata,Qasr Ahmad,2026-06-06 20:03:11
SR003966,MED0433,Benghazi,Al-Selmani,2026-05-15 21:50:02
SR003967,MED0484,Sabha,Tayouri,2026-03-29 08:56:27
SR003968,MED0093,Benghazi,Al-Selmani,2026-06-12 09:08:34
SR003969,MED0259,Sabha,Al-Dawwar,2026-05-18 11:44:26
SR003970,MED0295,Zliten,Al-Qasabat,2026-06-16 22:49:52
SR003971,MED0275,Tripoli,Gargaresh,2026-02-24 20:59:29
SR003972,MED0406,Tripoli,Abu Salim,2026-03-22 21:47:34
SR003973,MED0126,Tripoli,Abu Salim,2026-08-06 09:25:33
SR003974,MED0019,Benghazi,Al-Hadaeq,2026-07-17 04:09:37
SR003975,MED0014,Tripoli,Gargaresh,2026-08-02 10:22:48
SR003976,MED0259,Zliten,Souq Al-Thulatha,2026-07-22 15:59:24
SR003977,MED0115,Benghazi,Al-Berka,2026-08-06 15:32:49
SR003978,MED0352,Tripoli,Janzour,2026-05-02 16:57:49
SR003979,MED0021,Benghazi,Al-Hadaeq,2026-06-21 14:50:22
SR003980,MED0108,Tripoli,Abu Salim,2026-06-15 17:04:39
SR003981,MED0242,Tripoli,Hay Al-Andalus,2026-05-22 23:02:39
SR003982,MED0039,Benghazi,Al-Fuwayhat,2026-03-18 01:48:07
SR003983,MED0128,Tripoli,Gargaresh,2026-06-08 02:10:11
SR003984,MED0257,Tripoli,Ain Zara,2026-07-03 12:46:55
SR003985,MED0309,Tripoli,Janzour,2026-07-03 13:07:02
SR003986,MED0426,Benghazi,Al-Hadaeq,2026-08-15 19:19:24
SR003987,MED0248,Tripoli,Hay Al-Andalus,2026-05-25 07:33:41
SR003988,MED0179,Benghazi,Al-Hadaeq,2026-05-24 16:57:43
SR003989,MED0517,Tripoli,Souq Al Juma'a,2026-05-24 00:16:06
SR003990,MED0149,Misrata,Zawiyat Al-Mahjoub,2026-03-18 14:09:55
SR003991,MED0348,Tripoli,Janzour,2026-07-09 01:30:56
SR003992,MED0486,Tripoli,Fashloum,2026-06-07 14:59:39
SR003993,MED0453,Tripoli,Fashloum,2026-06-23 17:48:30
SR003994,MED0058,Tripoli,Gargaresh,2026-06-17 04:37:37
SR003995,MED0313,Tripoli,Ain Zara,2026-07-04 06:56:20
SR003996,MED0084,Tripoli,Ain Zara,2026-08-14 05:48:37
SR003997,MED0125,Tripoli,Tajoura,2026-06-03 02:36:25
SR003998,MED0040,Benghazi,Al-Hadaeq,2026-08-12 10:53:07
SR003999,MED0461,Tripoli,Ain Zara,2026-03-12 07:54:32
SR004000,MED0074,Tripoli,Hay Al-Andalus,2026-06-18 09:11:47
SR004001,MED0019,Benghazi,Al-Selmani,2026-03-09 08:23:13
SR004002,MED0141,Tripoli,Ain Zara,2026-05-12 20:40:11
SR004003,MED0041,Sabha,Al-Dawwar,2026-06-19 08:17:34
SR004004,MED0129,Tripoli,Gargaresh,2026-08-06 03:26:52
SR004005,MED0457,Benghazi,Al-Berka,2026-06-06 01:09:53
SR004006,MED0386,Tripoli,Janzour,2026-02-26 13:52:18
SR004007,MED0434,Benghazi,Al-Berka,2026-04-27 04:40:44
SR004008,MED0218,Tripoli,Hay Al-Andalus,2026-08-17 08:29:30
SR004009,MED0138,Tripoli,Janzour,2026-08-08 15:30:43
SR004010,MED0169,Sabha,Tayouri,2026-07-17 16:21:10
SR004011,MED0219,Zawiya,Al-Mashtal,2026-06-24 05:31:24
SR004012,MED0480,Benghazi,Al-Fuwayhat,2026-05-22 18:19:42
SR004013,MED0455,Tripoli,Hay Al-Andalus,2026-07-23 02:52:43
SR004014,MED0452,Tripoli,Souq Al Juma'a,2026-06-05 04:39:27
SR004015,MED0159,Tripoli,Tajoura,2026-06-28 17:47:32
SR004016,MED0338,Tripoli,Janzour,2026-07-23 01:20:16
SR004017,MED0144,Benghazi,Al-Berka,2026-07-23 22:05:36
SR004018,MED0333,Benghazi,Al-Hadaeq,2026-07-12 23:43:54
SR004019,MED0510,Tripoli,Souq Al Juma'a,2026-06-15 03:09:07
SR004020,MED0518,Tripoli,Souq Al Juma'a,2026-05-25 03:28:14
SR004021,MED0437,Tripoli,Janzour,2026-05-21 07:22:03
SR004022,MED0091,Zawiya,Al-Mashtal,2026-06-17 21:17:00
SR004023,MED0316,Tripoli,Tajoura,2026-04-03 05:45:48
SR004024,MED0439,Benghazi,Al-Hadaeq,2026-05-11 09:57:05
SR004025,MED0170,Tripoli,Gargaresh,2026-07-10 07:05:43
SR004026,MED0349,Tripoli,Tajoura,2026-07-23 04:07:14
SR004027,MED0178,Tripoli,Tajoura,2026-03-28 15:16:01
SR004028,MED0413,Misrata,Al-Karareem,2026-07-31 02:44:30
SR004029,MED0207,Tripoli,Fashloum,2026-08-20 19:13:01
SR004030,MED0050,Tripoli,Tajoura,2026-07-05 12:13:37
SR004031,MED0081,Misrata,Qasr Ahmad,2026-06-20 06:48:15
SR004032,MED0025,Tripoli,Gargaresh,2026-07-21 04:29:35
SR004033,MED0214,Tripoli,Fashloum,2026-08-08 06:40:56
SR004034,MED0333,Tripoli,Hay Al-Andalus,2026-07-17 08:26:40
SR004035,MED0039,Tripoli,Gargaresh,2026-08-08 10:57:59
SR004036,MED0095,Tripoli,Ain Zara,2026-08-03 21:05:49
SR004037,MED0077,Tripoli,Janzour,2026-05-08 09:54:08
SR004038,MED0154,Misrata,Al-Ghiran,2026-07-06 13:13:14
SR004039,MED0012,Tripoli,Souq Al Juma'a,2026-08-15 02:12:46
SR004040,MED0421,Benghazi,Al-Hadaeq,2026-05-23 09:09:36
SR004041,MED0259,Tripoli,Ain Zara,2026-05-30 00:09:38
SR004042,MED0317,Misrata,Qasr Ahmad,2026-08-19 10:35:51
SR004043,MED0076,Tripoli,Janzour,2026-05-21 09:44:12
SR004044,MED0273,Tripoli,Hay Al-Andalus,2026-04-04 15:11:54
SR004045,MED0114,Tripoli,Tajoura,2026-08-02 18:47:14
SR004046,MED0115,Zawiya,Al-Harsha,2026-08-01 16:50:51
SR004047,MED0446,Tripoli,Ain Zara,2026-05-26 08:51:10
SR004048,MED0389,Benghazi,Al-Berka,2026-07-08 05:18:42
SR004049,MED0155,Zliten,Souq Al-Thulatha,2026-07-01 19:45:36
SR004050,MED0507,Sabha,Al-Dawwar,2026-07-29 06:26:37
SR004051,MED0498,Misrata,Qasr Ahmad,2026-07-13 11:24:58
SR004052,MED0029,Tripoli,Fashloum,2026-06-27 04:08:27
SR004053,MED0255,Tripoli,Souq Al Juma'a,2026-03-24 03:01:39
SR004054,MED0122,Benghazi,Al-Berka,2026-07-24 23:39:19
SR004055,MED0461,Sabha,Al-Dawwar,2026-06-07 00:28:05
SR004056,MED0254,Zliten,Souq Al-Thulatha,2026-07-02 02:40:52
SR004057,MED0209,Tripoli,Fashloum,2026-04-14 15:41:43
SR004058,MED0259,Tripoli,Ain Zara,2026-02-03 18:38:16
SR004059,MED0267,Tripoli,Janzour,2026-04-18 15:06:23
SR004060,MED0210,Tripoli,Ain Zara,2026-02-15 17:05:28
SR004061,MED0358,Benghazi,Al-Hadaeq,2026-08-13 17:35:18
SR004062,MED0212,Benghazi,Al-Selmani,2026-05-24 18:00:50
SR004063,MED0482,Misrata,Al-Karareem,2026-05-25 13:17:13
SR004064,MED0238,Tripoli,Gargaresh,2026-07-26 02:59:31
SR004065,MED0311,Tripoli,Hay Al-Andalus,2026-05-05 13:20:06
SR004066,MED0221,Benghazi,Al-Fuwayhat,2026-08-13 16:11:51
SR004067,MED0453,Tripoli,Tajoura,2026-05-15 16:34:36
SR004068,MED0075,Tripoli,Gargaresh,2026-07-13 02:03:14
SR004069,MED0379,Tripoli,Tajoura,2026-08-06 14:39:02
SR004070,MED0046,Tripoli,Janzour,2026-07-29 09:44:58
SR004071,MED0345,Misrata,Zawiyat Al-Mahjoub,2026-05-06 01:23:37
SR004072,MED0337,Tripoli,Hay Al-Andalus,2026-06-17 09:50:39
SR004073,MED0498,Tripoli,Fashloum,2026-07-21 13:47:33
SR004074,MED0362,Sabha,Al-Manshiya,2026-08-17 19:49:12
SR004075,MED0368,Tripoli,Fashloum,2026-07-10 02:01:46
SR004076,MED0082,Tripoli,Fashloum,2026-07-06 15:14:45
SR004077,MED0023,Tripoli,Souq Al Juma'a,2026-06-18 03:28:19
SR004078,MED0305,Tripoli,Fashloum,2026-05-06 05:39:25
SR004079,MED0046,Benghazi,Al-Selmani,2026-04-14 23:38:07
SR004080,MED0411,Tripoli,Hay Al-Andalus,2026-06-28 22:32:53
SR004081,MED0016,Tripoli,Gargaresh,2026-06-03 20:45:24
SR004082,MED0445,Benghazi,Al-Hadaeq,2026-08-03 21:36:01
SR004083,MED0233,Misrata,Zawiyat Al-Mahjoub,2026-07-19 21:55:41
SR004084,MED0016,Tripoli,Gargaresh,2026-07-27 09:22:05
SR004085,MED0004,Tripoli,Janzour,2026-05-31 10:39:28
SR004086,MED0074,Tripoli,Souq Al Juma'a,2026-05-26 16:49:07
SR004087,MED0368,Tripoli,Ain Zara,2026-04-19 09:48:41
SR004088,MED0115,Tripoli,Souq Al Juma'a,2026-06-26 02:41:36
SR004089,MED0158,Tripoli,Fashloum,2026-06-23 08:18:53
SR004090,MED0445,Misrata,Zawiyat Al-Mahjoub,2026-06-23 15:03:38
SR004091,MED0411,Misrata,Zawiyat Al-Mahjoub,2026-05-23 14:27:57
SR004092,MED0176,Misrata,Al-Ghiran,2026-07-17 02:54:16
SR004093,MED0166,Tripoli,Gargaresh,2026-07-24 22:24:15
SR004094,MED0213,Benghazi,Al-Sabri,2026-05-13 17:50:13
SR004095,MED0488,Tripoli,Tajoura,2026-07-27 12:28:36
SR004096,MED0086,Tripoli,Ain Zara,2026-05-03 10:30:02
SR004097,MED0053,Tripoli,Fashloum,2026-08-07 12:29:09
SR004098,MED0041,Misrata,Al-Karareem,2026-08-08 13:17:56
SR004099,MED0149,Zliten,Al-Qasabat,2026-05-07 18:03:35
SR004100,MED0157,Tripoli,Abu Salim,2026-05-03 17:47:10
SR004101,MED0016,Tripoli,Tajoura,2026-08-11 10:57:10
SR004102,MED0402,Tripoli,Abu Salim,2026-08-15 21:17:27
SR004103,MED0456,Tripoli,Ain Zara,2026-08-12 01:57:09
SR004104,MED0233,Tripoli,Hay Al-Andalus,2026-04-29 16:53:20
SR004105,MED0080,Misrata,Al-Karareem,2026-08-03 09:05:15
SR004106,MED0065,Zawiya,Al-Mashtal,2026-07-16 16:23:34
SR004107,MED0289,Tripoli,Ain Zara,2026-08-02 18:29:24
SR004108,MED0032,Misrata,Zawiyat Al-Mahjoub,2026-08-09 07:13:12
SR004109,MED0360,Zawiya,Bir Al-Ghanam,2026-07-17 04:30:33
SR004110,MED0291,Misrata,Qasr Ahmad,2026-06-15 04:51:47
SR004111,MED0028,Tripoli,Tajoura,2026-06-07 19:07:35
SR004112,MED0411,Tripoli,Gargaresh,2026-05-12 18:05:33
SR004113,MED0435,Zliten,Al-Qasabat,2026-06-28 18:58:10
SR004114,MED0449,Tripoli,Ain Zara,2026-08-02 08:09:46
SR004115,MED0194,Misrata,Al-Karareem,2026-05-27 13:16:47
SR004116,MED0487,Tripoli,Janzour,2026-07-31 18:39:24
SR004117,MED0484,Tripoli,Fashloum,2026-07-22 21:28:18
SR004118,MED0384,Tripoli,Abu Salim,2026-05-04 05:06:21
SR004119,MED0408,Tripoli,Tajoura,2026-07-09 15:43:50
SR004120,MED0449,Tripoli,Janzour,2026-06-04 03:37:07
SR004121,MED0263,Tripoli,Tajoura,2026-07-26 15:56:35
SR004122,MED0517,Tripoli,Souq Al Juma'a,2026-07-14 06:32:16
SR004123,MED0009,Tripoli,Abu Salim,2026-07-16 15:49:55
SR004124,MED0229,Tripoli,Hay Al-Andalus,2026-06-25 19:31:44
SR004125,MED0409,Tripoli,Hay Al-Andalus,2026-06-22 10:54:56
SR004126,MED0158,Tripoli,Hay Al-Andalus,2026-05-15 19:04:01
SR004127,MED0283,Benghazi,Al-Sabri,2026-07-17 03:51:18
SR004128,MED0265,Tripoli,Gargaresh,2026-05-18 13:59:00
SR004129,MED0273,Misrata,Al-Karareem,2026-07-07 14:08:35
SR004130,MED0435,Misrata,Qasr Ahmad,2026-06-20 12:00:39
SR004131,MED0399,Tripoli,Tajoura,2026-08-06 07:53:56
SR004132,MED0017,Tripoli,Abu Salim,2026-05-14 15:10:21
SR004133,MED0488,Tripoli,Hay Al-Andalus,2026-08-05 00:14:35
SR004134,MED0367,Tripoli,Tajoura,2026-05-05 16:06:06
SR004135,MED0358,Tripoli,Fashloum,2026-08-18 05:01:36
SR004136,MED0166,Benghazi,Al-Berka,2026-06-06 22:27:10
SR004137,MED0313,Misrata,Qasr Ahmad,2026-07-31 14:40:21
SR004138,MED0221,Tripoli,Ain Zara,2026-06-17 15:20:47
SR004139,MED0019,Benghazi,Al-Selmani,2026-05-24 12:25:44
SR004140,MED0121,Zliten,Souq Al-Thulatha,2026-08-01 21:01:44
SR004141,MED0219,Misrata,Zawiyat Al-Mahjoub,2026-04-25 22:45:53
SR004142,MED0248,Tripoli,Souq Al Juma'a,2026-05-16 08:27:38
SR004143,MED0022,Tripoli,Janzour,2026-07-09 11:37:15
SR004144,MED0222,Tripoli,Hay Al-Andalus,2026-07-07 15:41:11
SR004145,MED0435,Tripoli,Fashloum,2026-08-13 22:21:58
SR004146,MED0296,Tripoli,Abu Salim,2026-05-08 23:29:59
SR004147,MED0459,Tripoli,Janzour,2026-07-29 22:16:19
SR004148,MED0019,Tripoli,Ain Zara,2026-08-04 04:44:20
SR004149,MED0327,Tripoli,Abu Salim,2026-04-27 07:47:41
SR004150,MED0003,Tripoli,Ain Zara,2026-05-21 05:24:13
SR004151,MED0417,Zawiya,Al-Harsha,2026-08-16 00:55:43
SR004152,MED0323,Tripoli,Tajoura,2026-07-09 16:56:17
SR004153,MED0423,Tripoli,Souq Al Juma'a,2026-06-26 02:49:20
SR004154,MED0193,Tripoli,Hay Al-Andalus,2026-06-27 12:19:39
SR004155,MED0348,Benghazi,Al-Sabri,2026-06-30 04:34:44
SR004156,MED0247,Misrata,Zawiyat Al-Mahjoub,2026-05-13 05:03:29
SR004157,MED0453,Benghazi,Al-Selmani,2026-06-23 03:29:43
SR004158,MED0227,Benghazi,Al-Hadaeq,2026-08-11 16:25:38
SR004159,MED0008,Tripoli,Gargaresh,2026-03-30 20:12:10
SR004160,MED0175,Misrata,Al-Ghiran,2026-07-22 19:55:56
SR004161,MED0233,Benghazi,Al-Hadaeq,2026-07-18 20:51:39
SR004162,MED0449,Tripoli,Ain Zara,2026-01-06 23:14:34
SR004163,MED0136,Benghazi,Al-Fuwayhat,2026-06-26 12:56:31
SR004164,MED0238,Tripoli,Hay Al-Andalus,2026-06-06 14:02:08
SR004165,MED0513,Benghazi,Al-Sabri,2026-07-31 19:39:51
SR004166,MED0218,Tripoli,Abu Salim,2026-06-11 05:47:51
SR004167,MED0028,Tripoli,Abu Salim,2026-04-10 14:22:08
SR004168,MED0219,Benghazi,Al-Berka,2026-08-12 09:24:48
SR004169,MED0239,Tripoli,Gargaresh,2026-06-25 23:50:58
SR004170,MED0456,Misrata,Qasr Ahmad,2026-06-30 22:49:42
SR004171,MED0339,Tripoli,Fashloum,2026-08-06 20:51:54
SR004172,MED0134,Misrata,Zawiyat Al-Mahjoub,2026-07-01 05:47:48
SR004173,MED0221,Zawiya,Al-Harsha,2026-07-27 02:13:11
SR004174,MED0352,Misrata,Qasr Ahmad,2026-05-20 06:38:45
SR004175,MED0029,Tripoli,Abu Salim,2026-07-30 15:57:57
SR004176,MED0124,Tripoli,Souq Al Juma'a,2026-06-26 16:47:30
SR004177,MED0116,Tripoli,Abu Salim,2026-08-19 17:38:36
SR004178,MED0199,Benghazi,Al-Sabri,2026-07-05 12:17:07
SR004179,MED0390,Zawiya,Al-Harsha,2026-07-23 00:24:45
SR004180,MED0221,Misrata,Al-Ghiran,2026-07-14 08:21:01
SR004181,MED0321,Tripoli,Janzour,2026-04-21 06:27:09
SR004182,MED0477,Benghazi,Al-Berka,2026-07-25 05:40:31
SR004183,MED0482,Tripoli,Souq Al Juma'a,2026-08-12 00:32:02
SR004184,MED0010,Tripoli,Hay Al-Andalus,2026-08-09 00:34:43
SR004185,MED0430,Tripoli,Abu Salim,2026-07-27 16:00:34
SR004186,MED0027,Zawiya,Bir Al-Ghanam,2026-06-09 00:28:07
SR004187,MED0008,Tripoli,Janzour,2026-06-25 08:46:06
SR004188,MED0518,Tripoli,Fashloum,2026-08-03 23:55:39
SR004189,MED0256,Tripoli,Fashloum,2026-07-23 12:09:54
SR004190,MED0504,Zliten,Al-Qasabat,2026-07-25 05:42:47
SR004191,MED0152,Tripoli,Souq Al Juma'a,2026-08-07 10:54:45
SR004192,MED0027,Tripoli,Janzour,2026-08-14 20:17:27
SR004193,MED0119,Zliten,Al-Qasabat,2026-08-13 11:29:22
SR004194,MED0023,Benghazi,Al-Sabri,2026-07-19 01:15:00
SR004195,MED0414,Zawiya,Bir Al-Ghanam,2026-06-15 19:13:04
SR004196,MED0469,Zawiya,Al-Harsha,2026-07-07 18:12:39
SR004197,MED0332,Zawiya,Bir Al-Ghanam,2026-02-05 06:06:42
SR004198,MED0061,Tripoli,Souq Al Juma'a,2026-05-30 04:23:52
SR004199,MED0265,Tripoli,Tajoura,2026-07-07 00:33:39
SR004200,MED0282,Tripoli,Ain Zara,2026-07-26 15:11:51
SR004201,MED0196,Misrata,Al-Karareem,2026-07-26 00:04:34
SR004202,MED0357,Tripoli,Abu Salim,2026-06-09 23:14:50
SR004203,MED0520,Tripoli,Ain Zara,2026-04-09 07:42:39
SR004204,MED0439,Tripoli,Janzour,2026-05-10 05:00:14
SR004205,MED0453,Tripoli,Abu Salim,2026-05-15 12:05:34
SR004206,MED0199,Tripoli,Fashloum,2026-07-25 03:15:28
SR004207,MED0159,Tripoli,Ain Zara,2026-07-07 01:34:39
SR004208,MED0268,Misrata,Qasr Ahmad,2026-05-28 04:32:22
SR004209,MED0368,Tripoli,Ain Zara,2026-05-14 23:38:26
SR004210,MED0444,Tripoli,Gargaresh,2026-08-16 10:33:06
SR004211,MED0436,Tripoli,Souq Al Juma'a,2026-04-25 02:12:08
SR004212,MED0237,Zliten,Souq Al-Thulatha,2026-06-24 23:38:52
SR004213,MED0066,Benghazi,Al-Selmani,2026-06-02 01:13:55
SR004214,MED0507,Benghazi,Al-Berka,2026-07-24 11:42:54
SR004215,MED0236,Tripoli,Ain Zara,2026-05-29 11:53:05
SR004216,MED0372,Tripoli,Tajoura,2026-07-29 01:05:19
SR004217,MED0042,Tripoli,Ain Zara,2026-07-13 05:20:38
SR004218,MED0042,Tripoli,Gargaresh,2026-06-04 19:22:59
SR004219,MED0156,Tripoli,Souq Al Juma'a,2026-08-17 03:37:26
SR004220,MED0367,Benghazi,Al-Selmani,2026-07-23 11:55:18
SR004221,MED0015,Tripoli,Abu Salim,2026-08-14 13:59:42
SR004222,MED0281,Tripoli,Abu Salim,2026-06-16 14:32:55
SR004223,MED0405,Tripoli,Fashloum,2026-04-18 22:51:40
SR004224,MED0134,Tripoli,Abu Salim,2026-06-27 19:45:15
SR004225,MED0320,Tripoli,Fashloum,2026-04-05 10:32:02
SR004226,MED0053,Benghazi,Al-Sabri,2026-08-04 23:49:35
SR004227,MED0027,Tripoli,Souq Al Juma'a,2026-05-13 06:59:43
SR004228,MED0108,Tripoli,Gargaresh,2026-04-28 02:09:06
SR004229,MED0026,Tripoli,Abu Salim,2026-07-26 09:18:08
SR004230,MED0438,Tripoli,Janzour,2026-06-25 03:12:33
SR004231,MED0042,Tripoli,Janzour,2026-07-23 23:50:11
SR004232,MED0154,Benghazi,Al-Selmani,2026-07-30 08:23:21
SR004233,MED0050,Benghazi,Al-Hadaeq,2026-05-14 22:24:46
SR004234,MED0499,Tripoli,Abu Salim,2026-07-21 12:20:43
SR004235,MED0006,Misrata,Al-Ghiran,2026-07-20 07:33:04
SR004236,MED0197,Tripoli,Gargaresh,2026-06-14 18:20:29
SR004237,MED0455,Tripoli,Hay Al-Andalus,2026-08-05 11:59:02
SR004238,MED0160,Tripoli,Abu Salim,2026-07-12 17:43:26
SR004239,MED0153,Benghazi,Al-Fuwayhat,2026-06-07 18:30:09
SR004240,MED0049,Tripoli,Souq Al Juma'a,2026-02-06 07:45:57
SR004241,MED0100,Tripoli,Ain Zara,2026-08-17 12:08:57
SR004242,MED0257,Tripoli,Janzour,2026-08-07 16:04:05
SR004243,MED0199,Tripoli,Ain Zara,2026-06-07 15:18:09
SR004244,MED0384,Misrata,Qasr Ahmad,2026-05-30 08:53:53
SR004245,MED0308,Tripoli,Janzour,2026-08-11 11:09:09
SR004246,MED0221,Benghazi,Al-Fuwayhat,2026-03-01 08:24:26
SR004247,MED0086,Tripoli,Abu Salim,2026-07-18 21:21:29
SR004248,MED0193,Tripoli,Janzour,2026-07-06 20:09:31
SR004249,MED0394,Tripoli,Hay Al-Andalus,2026-07-09 13:00:27
SR004250,MED0428,Benghazi,Al-Hadaeq,2026-07-31 04:55:00
SR004251,MED0486,Misrata,Zawiyat Al-Mahjoub,2026-05-29 17:16:13
SR004252,MED0380,Benghazi,Al-Berka,2026-06-18 11:14:20
SR004253,MED0353,Zawiya,Bir Al-Ghanam,2026-08-16 09:46:05
SR004254,MED0021,Sabha,Tayouri,2026-08-11 06:24:14
SR004255,MED0353,Benghazi,Al-Selmani,2026-07-02 04:47:44
SR004256,MED0084,Tripoli,Abu Salim,2026-07-08 17:53:36
SR004257,MED0212,Tripoli,Hay Al-Andalus,2026-08-17 07:01:13
SR004258,MED0241,Benghazi,Al-Sabri,2026-06-15 16:34:30
SR004259,MED0442,Tripoli,Gargaresh,2026-07-10 12:23:01
SR004260,MED0438,Misrata,Zawiyat Al-Mahjoub,2026-05-14 00:08:34
SR004261,MED0138,Tripoli,Hay Al-Andalus,2026-04-12 03:24:35
SR004262,MED0246,Benghazi,Al-Fuwayhat,2026-04-15 23:24:57
SR004263,MED0255,Benghazi,Al-Sabri,2026-04-09 08:11:30
SR004264,MED0390,Tripoli,Hay Al-Andalus,2026-06-26 12:40:32
SR004265,MED0185,Tripoli,Fashloum,2026-03-17 18:51:40
SR004266,MED0227,Tripoli,Tajoura,2026-07-21 04:09:51
SR004267,MED0396,Tripoli,Gargaresh,2026-06-27 01:42:56
SR004268,MED0104,Misrata,Al-Karareem,2026-06-09 09:05:47
SR004269,MED0198,Benghazi,Al-Hadaeq,2026-05-05 21:25:09
SR004270,MED0043,Sabha,Al-Dawwar,2026-05-15 22:40:49
SR004271,MED0194,Tripoli,Tajoura,2026-08-14 08:34:17
SR004272,MED0016,Tripoli,Fashloum,2026-07-06 09:46:05
SR004273,MED0126,Benghazi,Al-Fuwayhat,2026-07-07 04:04:51
SR004274,MED0005,Benghazi,Al-Fuwayhat,2026-07-27 21:12:02
SR004275,MED0006,Benghazi,Al-Fuwayhat,2026-07-04 08:37:53
SR004276,MED0005,Misrata,Qasr Ahmad,2026-07-21 17:18:40
SR004277,MED0216,Benghazi,Al-Hadaeq,2026-08-11 22:45:48
SR004278,MED0019,Tripoli,Fashloum,2026-08-12 14:42:00
SR004279,MED0208,Sabha,Al-Dawwar,2026-05-18 02:39:31
SR004280,MED0246,Zliten,Souq Al-Thulatha,2026-08-01 07:50:15
SR004281,MED0498,Tripoli,Abu Salim,2026-05-28 20:28:35
SR004282,MED0484,Benghazi,Al-Fuwayhat,2026-07-14 02:33:31
SR004283,MED0332,Benghazi,Al-Selmani,2026-06-30 02:26:36
SR004284,MED0015,Tripoli,Hay Al-Andalus,2026-07-06 08:34:33
SR004285,MED0493,Tripoli,Gargaresh,2026-08-13 12:51:07
SR004286,MED0511,Tripoli,Janzour,2026-07-25 11:03:30
SR004287,MED0246,Tripoli,Souq Al Juma'a,2026-05-05 12:12:38
SR004288,MED0084,Benghazi,Al-Selmani,2026-06-09 00:51:05
SR004289,MED0257,Tripoli,Ain Zara,2026-06-21 12:31:20
SR004290,MED0380,Tripoli,Souq Al Juma'a,2026-07-02 23:18:45
SR004291,MED0225,Zliten,Souq Al-Thulatha,2026-08-01 20:01:01
SR004292,MED0442,Tripoli,Abu Salim,2026-03-31 16:30:32
SR004293,MED0304,Tripoli,Fashloum,2026-05-13 14:53:12
SR004294,MED0366,Tripoli,Abu Salim,2026-05-30 16:23:32
SR004295,MED0113,Benghazi,Al-Fuwayhat,2026-04-04 20:03:19
SR004296,MED0173,Misrata,Zawiyat Al-Mahjoub,2026-05-05 02:39:33
SR004297,MED0451,Sabha,Al-Dawwar,2026-07-02 14:26:09
SR004298,MED0083,Tripoli,Abu Salim,2026-07-17 07:59:38
SR004299,MED0259,Benghazi,Al-Berka,2026-04-28 05:06:34
SR004300,MED0225,Zawiya,Bir Al-Ghanam,2026-07-17 14:29:16
SR004301,MED0074,Tripoli,Hay Al-Andalus,2026-04-10 21:44:29
SR004302,MED0030,Benghazi,Al-Fuwayhat,2026-07-24 07:25:10
SR004303,MED0018,Tripoli,Fashloum,2026-08-04 00:15:01
SR004304,MED0502,Misrata,Al-Ghiran,2026-07-21 07:23:04
SR004305,MED0349,Benghazi,Al-Hadaeq,2026-06-23 17:12:56
SR004306,MED0337,Tripoli,Souq Al Juma'a,2026-08-09 01:38:34
SR004307,MED0432,Tripoli,Fashloum,2026-07-26 16:30:22
SR004308,MED0207,Tripoli,Janzour,2026-07-25 06:04:00
SR004309,MED0441,Misrata,Al-Ghiran,2026-06-06 05:00:11
SR004310,MED0223,Tripoli,Hay Al-Andalus,2026-07-22 20:10:17
SR004311,MED0355,Tripoli,Gargaresh,2026-07-28 01:21:49
SR004312,MED0438,Tripoli,Fashloum,2026-08-17 16:28:00
SR004313,MED0459,Tripoli,Fashloum,2026-05-26 14:35:03
SR004314,MED0247,Tripoli,Tajoura,2026-06-15 12:59:56
SR004315,MED0207,Benghazi,Al-Berka,2026-08-20 05:49:16
SR004316,MED0241,Misrata,Al-Karareem,2026-04-09 10:42:16
SR004317,MED0188,Benghazi,Al-Sabri,2026-06-28 02:51:02
SR004318,MED0122,Benghazi,Al-Selmani,2026-08-05 17:26:53
SR004319,MED0517,Benghazi,Al-Fuwayhat,2026-03-12 06:04:46
SR004320,MED0135,Benghazi,Al-Hadaeq,2026-06-28 01:28:16
SR004321,MED0449,Tripoli,Tajoura,2026-06-08 08:58:10
SR004322,MED0352,Tripoli,Abu Salim,2026-07-03 05:14:36
SR004323,MED0020,Misrata,Zawiyat Al-Mahjoub,2026-06-13 08:06:54
SR004324,MED0247,Tripoli,Janzour,2026-06-19 10:13:29
SR004325,MED0308,Benghazi,Al-Sabri,2026-07-21 20:16:20
SR004326,MED0214,Zliten,Souq Al-Thulatha,2026-05-18 05:03:37
SR004327,MED0466,Misrata,Qasr Ahmad,2026-05-13 18:36:37
SR004328,MED0461,Benghazi,Al-Berka,2026-07-26 20:49:22
SR004329,MED0358,Tripoli,Ain Zara,2026-06-17 21:20:15
SR004330,MED0383,Tripoli,Ain Zara,2026-07-31 13:10:14
SR004331,MED0448,Benghazi,Al-Fuwayhat,2026-06-23 17:22:15
SR004332,MED0505,Tripoli,Abu Salim,2026-07-21 09:31:52
SR004333,MED0270,Tripoli,Gargaresh,2026-06-11 12:12:14
SR004334,MED0382,Sabha,Al-Manshiya,2026-04-05 14:56:06
SR004335,MED0091,Benghazi,Al-Hadaeq,2026-06-07 12:37:08
SR004336,MED0004,Benghazi,Al-Berka,2026-05-17 02:07:40
SR004337,MED0299,Misrata,Al-Ghiran,2026-08-18 03:02:07
SR004338,MED0329,Tripoli,Souq Al Juma'a,2026-05-11 16:01:35
SR004339,MED0458,Tripoli,Hay Al-Andalus,2026-05-26 23:48:17
SR004340,MED0229,Zliten,Al-Qasabat,2026-07-11 04:34:54
SR004341,MED0503,Tripoli,Souq Al Juma'a,2026-07-24 00:28:50
SR004342,MED0194,Tripoli,Fashloum,2026-05-15 05:43:37
SR004343,MED0241,Benghazi,Al-Fuwayhat,2026-05-04 20:13:09
SR004344,MED0221,Zliten,Souq Al-Thulatha,2026-06-22 06:04:04
SR004345,MED0468,Tripoli,Souq Al Juma'a,2026-08-04 23:58:13
SR004346,MED0292,Tripoli,Janzour,2026-06-28 22:07:36
SR004347,MED0504,Tripoli,Ain Zara,2026-06-15 20:03:03
SR004348,MED0496,Tripoli,Souq Al Juma'a,2026-08-03 20:08:33
SR004349,MED0169,Tripoli,Gargaresh,2026-05-18 09:45:02
SR004350,MED0029,Sabha,Tayouri,2026-06-21 02:07:29
SR004351,MED0255,Tripoli,Hay Al-Andalus,2026-07-11 02:48:55
SR004352,MED0005,Zawiya,Al-Harsha,2026-07-28 14:28:56
SR004353,MED0114,Tripoli,Hay Al-Andalus,2026-04-04 22:11:36
SR004354,MED0329,Misrata,Qasr Ahmad,2026-06-19 06:02:36
SR004355,MED0030,Tripoli,Janzour,2026-07-09 19:32:23
SR004356,MED0319,Tripoli,Janzour,2026-05-26 13:39:04
SR004357,MED0187,Tripoli,Ain Zara,2026-07-05 14:01:09
SR004358,MED0260,Tripoli,Fashloum,2026-07-28 21:24:10
SR004359,MED0063,Tripoli,Hay Al-Andalus,2026-05-11 09:30:35
SR004360,MED0406,Benghazi,Al-Fuwayhat,2026-05-12 13:10:08
SR004361,MED0304,Benghazi,Al-Berka,2026-06-07 22:00:43
SR004362,MED0257,Zawiya,Al-Harsha,2026-07-21 10:18:53
SR004363,MED0008,Tripoli,Janzour,2026-05-11 08:21:05
SR004364,MED0172,Misrata,Al-Ghiran,2026-07-08 11:58:54
SR004365,MED0409,Tripoli,Janzour,2026-07-30 00:01:29
SR004366,MED0277,Tripoli,Tajoura,2026-04-30 21:45:20
SR004367,MED0292,Tripoli,Souq Al Juma'a,2026-08-04 16:09:09
SR004368,MED0258,Tripoli,Ain Zara,2026-03-23 18:52:38
SR004369,MED0476,Benghazi,Al-Sabri,2026-03-20 08:49:51
SR004370,MED0213,Sabha,Al-Dawwar,2026-07-14 06:40:06
SR004371,MED0098,Tripoli,Hay Al-Andalus,2026-07-05 21:45:44
SR004372,MED0202,Benghazi,Al-Hadaeq,2026-06-03 23:19:19
SR004373,MED0357,Tripoli,Hay Al-Andalus,2026-07-28 12:54:28
SR004374,MED0325,Tripoli,Hay Al-Andalus,2026-08-17 07:28:27
SR004375,MED0029,Benghazi,Al-Sabri,2026-04-20 13:16:07
SR004376,MED0221,Tripoli,Fashloum,2026-07-31 09:59:07
SR004377,MED0165,Benghazi,Al-Selmani,2026-05-04 12:24:52
SR004378,MED0194,Benghazi,Al-Selmani,2026-05-01 01:32:46
SR004379,MED0222,Tripoli,Janzour,2026-07-25 02:03:33
SR004380,MED0283,Benghazi,Al-Sabri,2026-07-29 23:40:48
SR004381,MED0405,Zawiya,Al-Mashtal,2026-04-14 11:26:46
SR004382,MED0024,Tripoli,Gargaresh,2026-02-23 18:58:10
SR004383,MED0320,Tripoli,Souq Al Juma'a,2026-06-10 11:30:09
SR004384,MED0474,Tripoli,Fashloum,2026-08-08 16:20:35
SR004385,MED0262,Tripoli,Fashloum,2026-05-09 16:45:45
SR004386,MED0157,Tripoli,Fashloum,2026-07-02 06:46:28
SR004387,MED0519,Tripoli,Tajoura,2026-06-19 20:10:42
SR004388,MED0512,Benghazi,Al-Hadaeq,2026-04-21 20:21:19
SR004389,MED0150,Tripoli,Ain Zara,2026-08-10 17:50:51
SR004390,MED0333,Tripoli,Souq Al Juma'a,2026-05-15 07:52:59
SR004391,MED0237,Benghazi,Al-Hadaeq,2026-05-27 09:55:17
SR004392,MED0018,Benghazi,Al-Hadaeq,2026-07-09 03:01:39
SR004393,MED0254,Tripoli,Tajoura,2026-02-21 09:09:21
SR004394,MED0450,Tripoli,Gargaresh,2026-08-19 16:28:26
SR004395,MED0233,Tripoli,Souq Al Juma'a,2026-04-18 20:56:52
SR004396,MED0264,Tripoli,Janzour,2026-07-18 00:07:02
SR004397,MED0486,Misrata,Al-Karareem,2026-07-03 17:34:04
SR004398,MED0192,Tripoli,Gargaresh,2026-05-20 21:36:48
SR004399,MED0207,Tripoli,Fashloum,2026-06-26 15:11:45
SR004400,MED0420,Zliten,Souq Al-Thulatha,2026-06-19 07:38:14
SR004401,MED0029,Benghazi,Al-Berka,2026-07-09 17:27:29
SR004402,MED0040,Benghazi,Al-Berka,2026-04-13 10:19:39
SR004403,MED0209,Zawiya,Al-Mashtal,2026-07-01 04:51:44
SR004404,MED0288,Benghazi,Al-Hadaeq,2026-06-12 23:53:31
SR004405,MED0008,Sabha,Al-Dawwar,2026-06-15 08:12:59
SR004406,MED0142,Benghazi,Al-Berka,2026-06-15 23:58:04
SR004407,MED0104,Tripoli,Abu Salim,2026-06-10 13:46:09
SR004408,MED0044,Tripoli,Gargaresh,2026-08-14 07:03:01
SR004409,MED0437,Tripoli,Tajoura,2026-07-11 01:31:50
SR004410,MED0114,Tripoli,Tajoura,2026-07-06 02:20:40
SR004411,MED0368,Tripoli,Tajoura,2026-04-16 16:45:18
SR004412,MED0021,Tripoli,Gargaresh,2026-07-05 19:38:33
SR004413,MED0115,Benghazi,Al-Selmani,2026-07-02 15:08:53
SR004414,MED0467,Tripoli,Gargaresh,2026-07-13 11:28:45
SR004415,MED0431,Misrata,Al-Karareem,2026-05-15 13:11:11
SR004416,MED0408,Tripoli,Gargaresh,2026-08-20 07:04:05
SR004417,MED0214,Tripoli,Fashloum,2026-08-19 02:41:56
SR004418,MED0021,Misrata,Al-Karareem,2026-07-18 19:31:41
SR004419,MED0309,Zliten,Al-Qasabat,2026-07-18 21:34:59
SR004420,MED0258,Tripoli,Souq Al Juma'a,2026-05-05 15:12:12
SR004421,MED0358,Tripoli,Fashloum,2026-06-17 17:22:48
SR004422,MED0479,Tripoli,Abu Salim,2026-08-16 11:32:39
SR004423,MED0396,Tripoli,Souq Al Juma'a,2026-06-09 15:49:18
SR004424,MED0422,Tripoli,Gargaresh,2026-07-30 10:46:18
SR004425,MED0357,Zliten,Al-Qasabat,2026-07-10 02:31:30
SR004426,MED0432,Tripoli,Janzour,2026-05-24 07:09:06
SR004427,MED0201,Benghazi,Al-Fuwayhat,2026-08-10 02:48:46
SR004428,MED0038,Tripoli,Tajoura,2026-07-28 12:59:11
SR004429,MED0183,Tripoli,Fashloum,2026-05-17 23:22:02
SR004430,MED0234,Tripoli,Janzour,2026-05-26 01:42:27
SR004431,MED0340,Tripoli,Souq Al Juma'a,2026-01-27 02:19:57
SR004432,MED0332,Tripoli,Fashloum,2026-07-06 15:27:01
SR004433,MED0416,Benghazi,Al-Selmani,2026-05-09 22:42:15
SR004434,MED0161,Tripoli,Gargaresh,2026-08-01 01:49:55
SR004435,MED0091,Benghazi,Al-Sabri,2026-06-19 03:50:20
SR004436,MED0201,Tripoli,Ain Zara,2026-06-11 11:36:39
SR004437,MED0174,Zawiya,Al-Harsha,2026-06-13 05:00:54
SR004438,MED0265,Tripoli,Janzour,2026-06-05 22:39:07
SR004439,MED0496,Benghazi,Al-Fuwayhat,2026-07-14 12:53:38
SR004440,MED0179,Misrata,Zawiyat Al-Mahjoub,2026-07-10 11:51:59
SR004441,MED0281,Tripoli,Hay Al-Andalus,2026-07-02 12:36:21
SR004442,MED0495,Tripoli,Janzour,2026-08-04 01:16:44
SR004443,MED0048,Tripoli,Ain Zara,2026-08-03 23:12:37
SR004444,MED0383,Sabha,Tayouri,2026-06-10 19:27:57
SR004445,MED0354,Tripoli,Souq Al Juma'a,2026-04-29 14:43:58
SR004446,MED0247,Benghazi,Al-Sabri,2026-06-22 02:08:46
SR004447,MED0056,Benghazi,Al-Fuwayhat,2026-06-09 06:43:15
SR004448,MED0490,Zawiya,Al-Harsha,2026-07-16 01:06:14
SR004449,MED0431,Benghazi,Al-Sabri,2026-07-16 14:46:12
SR004450,MED0062,Tripoli,Souq Al Juma'a,2026-03-08 00:44:29
SR004451,MED0360,Benghazi,Al-Fuwayhat,2026-07-25 05:11:38
SR004452,MED0114,Tripoli,Ain Zara,2026-08-15 22:25:22
SR004453,MED0377,Misrata,Al-Ghiran,2026-07-04 18:37:04
SR004454,MED0486,Tripoli,Gargaresh,2026-07-12 16:33:17
SR004455,MED0046,Tripoli,Souq Al Juma'a,2026-05-02 18:03:45
SR004456,MED0264,Tripoli,Souq Al Juma'a,2026-07-04 00:13:00
SR004457,MED0253,Tripoli,Souq Al Juma'a,2026-08-09 10:12:40
SR004458,MED0339,Tripoli,Ain Zara,2026-04-28 20:33:16
SR004459,MED0155,Zawiya,Al-Harsha,2026-07-29 07:18:13
SR004460,MED0187,Zawiya,Al-Harsha,2026-07-01 07:50:09
SR004461,MED0362,Tripoli,Hay Al-Andalus,2026-07-16 09:35:53
SR004462,MED0174,Tripoli,Hay Al-Andalus,2026-04-04 19:29:34
SR004463,MED0384,Tripoli,Janzour,2026-07-08 20:47:29
SR004464,MED0253,Tripoli,Ain Zara,2026-06-17 11:07:13
SR004465,MED0060,Tripoli,Ain Zara,2026-08-08 21:21:07
SR004466,MED0108,Zliten,Souq Al-Thulatha,2026-07-27 21:13:35
SR004467,MED0141,Benghazi,Al-Fuwayhat,2026-05-25 07:16:43
SR004468,MED0028,Benghazi,Al-Fuwayhat,2026-07-02 08:44:00
SR004469,MED0213,Benghazi,Al-Selmani,2026-04-10 04:48:14
SR004470,MED0437,Tripoli,Fashloum,2026-07-25 05:33:31
SR004471,MED0464,Tripoli,Gargaresh,2026-05-24 22:27:03
SR004472,MED0348,Benghazi,Al-Selmani,2026-05-03 20:20:47
SR004473,MED0042,Tripoli,Tajoura,2026-06-09 05:34:46
SR004474,MED0039,Tripoli,Ain Zara,2026-06-27 21:05:49
SR004475,MED0393,Tripoli,Ain Zara,2026-07-28 05:52:50
SR004476,MED0057,Tripoli,Tajoura,2026-07-06 06:04:40
SR004477,MED0253,Benghazi,Al-Sabri,2026-07-20 20:32:09
SR004478,MED0398,Benghazi,Al-Sabri,2026-07-30 18:36:34
SR004479,MED0144,Tripoli,Janzour,2026-05-08 19:30:14
SR004480,MED0317,Tripoli,Tajoura,2026-06-18 08:03:35
SR004481,MED0420,Tripoli,Fashloum,2026-06-18 02:04:20
SR004482,MED0202,Benghazi,Al-Berka,2026-06-16 22:38:19
SR004483,MED0145,Tripoli,Souq Al Juma'a,2026-07-01 20:50:03
SR004484,MED0425,Tripoli,Janzour,2026-07-26 23:47:18
SR004485,MED0166,Misrata,Zawiyat Al-Mahjoub,2026-08-01 20:18:46
SR004486,MED0018,Tripoli,Tajoura,2026-08-08 19:36:49
SR004487,MED0303,Tripoli,Hay Al-Andalus,2026-07-12 03:02:26
SR004488,MED0244,Tripoli,Ain Zara,2026-06-19 13:22:33
SR004489,MED0185,Benghazi,Al-Hadaeq,2026-06-30 07:18:35
SR004490,MED0007,Tripoli,Tajoura,2026-05-06 09:52:22
SR004491,MED0475,Tripoli,Abu Salim,2026-06-19 17:31:27
SR004492,MED0333,Benghazi,Al-Berka,2026-07-07 00:49:42
SR004493,MED0438,Benghazi,Al-Selmani,2026-06-12 03:01:52
SR004494,MED0014,Tripoli,Ain Zara,2026-05-02 09:30:27
SR004495,MED0298,Tripoli,Janzour,2026-05-08 13:48:47
SR004496,MED0451,Benghazi,Al-Berka,2026-06-20 18:16:53
SR004497,MED0485,Misrata,Al-Karareem,2026-07-11 10:08:45
SR004498,MED0467,Tripoli,Souq Al Juma'a,2026-04-07 19:36:30
SR004499,MED0016,Benghazi,Al-Sabri,2026-05-30 23:57:54
SR004500,MED0443,Tripoli,Souq Al Juma'a,2026-05-05 01:40:32
SR004501,MED0019,Zliten,Al-Qasabat,2026-05-08 20:25:28
SR004502,MED0056,Benghazi,Al-Selmani,2026-05-26 09:57:27
SR004503,MED0368,Zawiya,Bir Al-Ghanam,2026-05-02 12:09:28
SR004504,MED0114,Tripoli,Janzour,2026-06-07 08:19:38
SR004505,MED0046,Tripoli,Ain Zara,2026-07-03 12:14:30
SR004506,MED0048,Tripoli,Janzour,2026-07-18 07:10:24
SR004507,MED0121,Sabha,Al-Dawwar,2026-07-13 20:39:08
SR004508,MED0274,Misrata,Zawiyat Al-Mahjoub,2026-06-29 20:44:23
SR004509,MED0297,Tripoli,Ain Zara,2026-05-15 14:01:53
SR004510,MED0104,Tripoli,Fashloum,2026-06-16 02:42:48
SR004511,MED0284,Tripoli,Gargaresh,2026-08-07 18:17:11
SR004512,MED0181,Benghazi,Al-Sabri,2026-07-15 17:23:59
SR004513,MED0305,Tripoli,Souq Al Juma'a,2026-07-27 05:00:46
SR004514,MED0215,Tripoli,Hay Al-Andalus,2026-08-18 20:15:20
SR004515,MED0158,Benghazi,Al-Selmani,2026-05-27 11:46:14
SR004516,MED0021,Tripoli,Tajoura,2026-07-30 20:28:11
SR004517,MED0318,Tripoli,Ain Zara,2026-08-01 11:20:13
SR004518,MED0150,Benghazi,Al-Selmani,2026-07-01 16:33:54
SR004519,MED0100,Tripoli,Hay Al-Andalus,2026-03-06 03:59:26
SR004520,MED0250,Tripoli,Abu Salim,2026-07-01 13:06:36
SR004521,MED0423,Tripoli,Hay Al-Andalus,2026-05-13 18:32:31
SR004522,MED0055,Tripoli,Hay Al-Andalus,2026-08-14 03:09:53
SR004523,MED0232,Benghazi,Al-Sabri,2026-06-04 01:58:26
SR004524,MED0410,Tripoli,Ain Zara,2026-07-29 18:54:16
SR004525,MED0401,Tripoli,Souq Al Juma'a,2026-07-27 00:36:55
SR004526,MED0202,Tripoli,Tajoura,2026-08-18 20:52:52
SR004527,MED0116,Tripoli,Abu Salim,2026-08-08 23:59:43
SR004528,MED0030,Tripoli,Hay Al-Andalus,2026-05-13 12:04:53
SR004529,MED0131,Tripoli,Fashloum,2026-08-06 04:01:08
SR004530,MED0486,Tripoli,Ain Zara,2026-08-14 02:17:50
SR004531,MED0505,Tripoli,Fashloum,2026-04-14 11:55:51
SR004532,MED0124,Misrata,Zawiyat Al-Mahjoub,2026-06-12 16:02:11
SR004533,MED0176,Tripoli,Tajoura,2026-04-14 18:17:40
SR004534,MED0498,Tripoli,Ain Zara,2026-03-25 19:08:50
SR004535,MED0290,Zawiya,Al-Harsha,2026-08-11 03:30:56
SR004536,MED0125,Sabha,Tayouri,2026-05-13 08:15:22
SR004537,MED0084,Tripoli,Souq Al Juma'a,2026-07-12 19:36:00
SR004538,MED0113,Tripoli,Abu Salim,2026-08-02 19:15:55
SR004539,MED0257,Tripoli,Souq Al Juma'a,2026-07-29 05:18:33
SR004540,MED0453,Tripoli,Tajoura,2026-07-26 14:15:31
SR004541,MED0258,Tripoli,Ain Zara,2026-05-29 00:54:19
SR004542,MED0255,Tripoli,Tajoura,2026-06-07 16:49:01
SR004543,MED0177,Tripoli,Tajoura,2026-08-17 13:45:50
SR004544,MED0305,Tripoli,Fashloum,2026-06-04 11:32:21
SR004545,MED0174,Tripoli,Abu Salim,2026-07-02 00:37:37
SR004546,MED0462,Tripoli,Hay Al-Andalus,2026-07-28 00:40:04
SR004547,MED0086,Tripoli,Gargaresh,2026-06-15 15:53:29
SR004548,MED0451,Tripoli,Gargaresh,2026-07-04 21:03:37
SR004549,MED0068,Tripoli,Gargaresh,2026-05-31 23:41:40
SR004550,MED0025,Benghazi,Al-Sabri,2026-07-11 11:42:50
SR004551,MED0172,Tripoli,Gargaresh,2026-07-26 23:25:53
SR004552,MED0062,Benghazi,Al-Fuwayhat,2026-07-03 03:19:44
SR004553,MED0042,Tripoli,Souq Al Juma'a,2026-05-26 21:14:39
SR004554,MED0162,Tripoli,Abu Salim,2026-07-03 18:13:01
SR004555,MED0173,Misrata,Al-Karareem,2026-07-31 23:03:09
SR004556,MED0226,Tripoli,Tajoura,2026-08-02 15:03:01
SR004557,MED0290,Tripoli,Tajoura,2026-05-15 14:20:16
SR004558,MED0221,Benghazi,Al-Fuwayhat,2026-06-17 18:46:52
SR004559,MED0029,Benghazi,Al-Selmani,2026-03-26 14:26:59
SR004560,MED0409,Tripoli,Abu Salim,2026-06-11 16:55:19
SR004561,MED0482,Tripoli,Ain Zara,2026-06-10 20:41:48
SR004562,MED0366,Tripoli,Abu Salim,2026-06-16 15:30:20
SR004563,MED0369,Tripoli,Souq Al Juma'a,2026-06-27 14:45:37
SR004564,MED0434,Tripoli,Hay Al-Andalus,2026-05-07 14:32:09
SR004565,MED0150,Benghazi,Al-Berka,2026-07-31 10:07:39
SR004566,MED0099,Tripoli,Gargaresh,2026-06-18 20:00:01
SR004567,MED0132,Zawiya,Bir Al-Ghanam,2026-07-25 05:32:51
SR004568,MED0054,Zliten,Souq Al-Thulatha,2026-06-26 17:37:13
SR004569,MED0331,Benghazi,Al-Selmani,2026-05-31 18:35:29
SR004570,MED0507,Tripoli,Abu Salim,2026-04-07 18:03:02
SR004571,MED0398,Misrata,Al-Ghiran,2026-07-03 05:40:01
SR004572,MED0170,Misrata,Qasr Ahmad,2026-06-25 14:02:38
SR004573,MED0185,Tripoli,Abu Salim,2026-07-20 07:20:45
SR004574,MED0305,Tripoli,Fashloum,2026-05-25 14:04:14
SR004575,MED0145,Tripoli,Fashloum,2026-05-16 11:56:12
SR004576,MED0115,Tripoli,Souq Al Juma'a,2026-06-29 06:06:23
SR004577,MED0320,Tripoli,Souq Al Juma'a,2026-02-21 09:57:19
SR004578,MED0468,Tripoli,Tajoura,2026-04-19 04:06:15
SR004579,MED0113,Tripoli,Fashloum,2026-06-26 15:21:13
SR004580,MED0308,Tripoli,Abu Salim,2026-06-25 21:34:41
SR004581,MED0394,Tripoli,Abu Salim,2026-07-27 18:44:53
SR004582,MED0207,Tripoli,Ain Zara,2026-06-11 02:07:12
SR004583,MED0418,Tripoli,Janzour,2026-08-05 00:52:38
SR004584,MED0162,Tripoli,Gargaresh,2026-06-07 12:02:09
SR004585,MED0100,Zawiya,Bir Al-Ghanam,2026-02-04 08:09:58
SR004586,MED0062,Tripoli,Janzour,2026-07-20 18:29:39
SR004587,MED0212,Tripoli,Fashloum,2026-07-31 17:51:43
SR004588,MED0121,Tripoli,Fashloum,2026-08-13 01:23:54
SR004589,MED0036,Tripoli,Gargaresh,2026-06-23 01:48:40
SR004590,MED0198,Tripoli,Gargaresh,2026-07-29 22:01:17
SR004591,MED0513,Tripoli,Abu Salim,2026-08-19 18:50:57
SR004592,MED0476,Tripoli,Ain Zara,2026-06-03 00:36:20
SR004593,MED0064,Tripoli,Fashloum,2026-05-17 07:27:47
SR004594,MED0119,Tripoli,Hay Al-Andalus,2026-08-09 22:24:01
SR004595,MED0001,Tripoli,Janzour,2026-06-14 17:29:40
SR004596,MED0446,Tripoli,Ain Zara,2026-07-03 23:23:34
SR004597,MED0158,Misrata,Al-Ghiran,2026-05-21 16:52:41
SR004598,MED0479,Tripoli,Gargaresh,2026-06-23 16:27:33
SR004599,MED0377,Tripoli,Souq Al Juma'a,2026-04-25 12:55:57
SR004600,MED0336,Tripoli,Ain Zara,2026-03-22 05:53:45
SR004601,MED0156,Benghazi,Al-Fuwayhat,2026-07-15 09:01:00
SR004602,MED0376,Misrata,Al-Karareem,2026-08-20 18:16:09
SR004603,MED0482,Tripoli,Ain Zara,2026-06-04 22:41:56
SR004604,MED0428,Benghazi,Al-Berka,2026-07-23 11:56:20
SR004605,MED0239,Tripoli,Ain Zara,2026-03-05 10:35:39
SR004606,MED0049,Tripoli,Abu Salim,2026-07-05 09:22:13
SR004607,MED0030,Misrata,Al-Ghiran,2026-06-16 11:01:14
SR004608,MED0399,Tripoli,Hay Al-Andalus,2026-07-24 16:09:21
SR004609,MED0361,Tripoli,Hay Al-Andalus,2026-07-19 03:00:08
SR004610,MED0021,Tripoli,Abu Salim,2026-08-11 18:35:28
SR004611,MED0369,Tripoli,Gargaresh,2026-07-12 00:59:16
SR004612,MED0221,Sabha,Al-Manshiya,2026-07-06 21:07:49
SR004613,MED0479,Tripoli,Gargaresh,2026-08-05 23:30:23
SR004614,MED0156,Zawiya,Bir Al-Ghanam,2026-07-21 00:45:09
SR004615,MED0119,Tripoli,Janzour,2026-05-15 02:52:29
SR004616,MED0349,Tripoli,Janzour,2026-07-27 16:57:20
SR004617,MED0205,Misrata,Al-Karareem,2026-06-16 00:27:58
SR004618,MED0156,Benghazi,Al-Selmani,2026-08-16 15:39:06
SR004619,MED0365,Benghazi,Al-Selmani,2026-08-17 23:05:06
SR004620,MED0046,Tripoli,Fashloum,2026-07-29 15:28:50
SR004621,MED0467,Tripoli,Fashloum,2026-06-22 13:32:57
SR004622,MED0053,Sabha,Al-Manshiya,2026-08-05 03:49:16
SR004623,MED0495,Tripoli,Hay Al-Andalus,2026-07-01 02:18:50
SR004624,MED0429,Tripoli,Hay Al-Andalus,2026-04-08 11:51:06
SR004625,MED0056,Tripoli,Janzour,2026-03-14 10:50:20
SR004626,MED0103,Tripoli,Souq Al Juma'a,2026-08-13 00:54:57
SR004627,MED0336,Sabha,Al-Manshiya,2026-08-03 09:25:49
SR004628,MED0122,Tripoli,Fashloum,2026-04-27 23:05:14
SR004629,MED0308,Tripoli,Hay Al-Andalus,2026-06-21 13:33:43
SR004630,MED0224,Tripoli,Gargaresh,2026-07-17 10:15:29
SR004631,MED0097,Tripoli,Hay Al-Andalus,2026-08-17 14:30:11
SR004632,MED0514,Sabha,Tayouri,2026-05-29 17:50:17
SR004633,MED0213,Tripoli,Fashloum,2026-07-12 20:45:21
SR004634,MED0427,Tripoli,Ain Zara,2026-03-18 06:56:20
SR004635,MED0349,Misrata,Zawiyat Al-Mahjoub,2026-03-27 04:29:11
SR004636,MED0348,Misrata,Qasr Ahmad,2026-04-20 06:25:22
SR004637,MED0057,Tripoli,Gargaresh,2026-08-15 08:22:33
SR004638,MED0263,Zliten,Souq Al-Thulatha,2026-04-19 00:42:15
SR004639,MED0162,Zawiya,Al-Harsha,2026-08-17 14:24:36
SR004640,MED0227,Tripoli,Ain Zara,2026-05-20 03:27:37
SR004641,MED0146,Tripoli,Fashloum,2026-05-06 09:45:42
SR004642,MED0360,Tripoli,Souq Al Juma'a,2026-06-12 01:30:34
SR004643,MED0362,Tripoli,Janzour,2026-06-10 07:17:13
SR004644,MED0192,Tripoli,Souq Al Juma'a,2026-06-29 05:07:53
SR004645,MED0038,Tripoli,Janzour,2026-04-25 11:54:02
SR004646,MED0014,Tripoli,Ain Zara,2026-07-12 20:17:52
SR004647,MED0348,Tripoli,Gargaresh,2026-04-06 15:06:04
SR004648,MED0150,Tripoli,Janzour,2026-03-25 01:54:19
SR004649,MED0295,Tripoli,Hay Al-Andalus,2026-07-07 21:56:16
SR004650,MED0083,Tripoli,Gargaresh,2026-06-20 03:35:02
SR004651,MED0258,Benghazi,Al-Hadaeq,2026-08-12 11:13:00
SR004652,MED0248,Tripoli,Abu Salim,2026-08-02 07:05:37
SR004653,MED0384,Tripoli,Tajoura,2026-07-25 11:56:18
SR004654,MED0221,Tripoli,Gargaresh,2026-05-16 22:32:05
SR004655,MED0064,Benghazi,Al-Selmani,2026-07-18 14:42:03
SR004656,MED0476,Tripoli,Gargaresh,2026-05-31 08:54:48
SR004657,MED0199,Benghazi,Al-Berka,2026-06-16 19:23:40
SR004658,MED0119,Zawiya,Al-Mashtal,2026-06-03 06:53:14
SR004659,MED0309,Tripoli,Hay Al-Andalus,2026-07-20 20:38:49
SR004660,MED0070,Benghazi,Al-Sabri,2026-08-11 23:37:24
SR004661,MED0132,Tripoli,Fashloum,2026-07-15 10:33:36
SR004662,MED0022,Benghazi,Al-Hadaeq,2026-04-07 21:35:49
SR004663,MED0478,Tripoli,Fashloum,2026-03-24 07:34:33
SR004664,MED0027,Tripoli,Gargaresh,2026-04-17 00:52:47
SR004665,MED0354,Tripoli,Tajoura,2026-08-08 05:50:04
SR004666,MED0406,Tripoli,Janzour,2026-08-04 04:21:31
SR004667,MED0229,Tripoli,Hay Al-Andalus,2026-07-21 01:51:45
SR004668,MED0238,Tripoli,Souq Al Juma'a,2026-08-08 17:56:19
SR004669,MED0093,Tripoli,Tajoura,2026-08-04 04:03:48
SR004670,MED0445,Benghazi,Al-Fuwayhat,2026-06-17 19:54:06
SR004671,MED0346,Tripoli,Janzour,2026-08-12 03:46:45
SR004672,MED0289,Tripoli,Souq Al Juma'a,2026-03-08 12:30:52
SR004673,MED0158,Tripoli,Abu Salim,2026-04-17 21:07:49
SR004674,MED0066,Tripoli,Fashloum,2026-08-08 06:41:25
SR004675,MED0117,Tripoli,Tajoura,2026-06-19 16:15:34
SR004676,MED0278,Benghazi,Al-Hadaeq,2026-05-15 12:44:44
SR004677,MED0498,Tripoli,Gargaresh,2026-08-05 05:53:13
SR004678,MED0347,Tripoli,Janzour,2026-04-03 01:35:51
SR004679,MED0506,Misrata,Qasr Ahmad,2026-05-17 23:26:12
SR004680,MED0282,Misrata,Al-Karareem,2026-07-24 04:42:05
SR004681,MED0436,Tripoli,Ain Zara,2026-05-23 16:14:55
SR004682,MED0086,Benghazi,Al-Berka,2026-03-11 19:25:41
SR004683,MED0025,Tripoli,Hay Al-Andalus,2026-07-12 04:19:34
SR004684,MED0486,Tripoli,Tajoura,2026-08-08 04:09:49
SR004685,MED0278,Tripoli,Fashloum,2026-03-14 20:21:44
SR004686,MED0025,Benghazi,Al-Berka,2026-06-06 07:50:30
SR004687,MED0082,Tripoli,Ain Zara,2026-07-05 00:32:07
SR004688,MED0470,Tripoli,Janzour,2026-08-15 17:11:56
SR004689,MED0041,Tripoli,Janzour,2026-06-14 18:20:29
SR004690,MED0337,Tripoli,Abu Salim,2026-07-19 01:22:07
SR004691,MED0297,Tripoli,Hay Al-Andalus,2026-04-05 06:24:27
SR004692,MED0127,Tripoli,Souq Al Juma'a,2026-08-05 19:17:57
SR004693,MED0157,Sabha,Al-Manshiya,2026-08-11 19:56:22
SR004694,MED0156,Tripoli,Gargaresh,2026-06-19 10:26:30
SR004695,MED0490,Zawiya,Al-Harsha,2026-04-02 04:28:13
SR004696,MED0259,Tripoli,Souq Al Juma'a,2026-06-09 14:58:13
SR004697,MED0077,Tripoli,Tajoura,2026-08-03 03:06:21
SR004698,MED0467,Tripoli,Abu Salim,2026-07-08 21:36:09
SR004699,MED0331,Tripoli,Gargaresh,2026-04-06 08:52:18
SR004700,MED0466,Benghazi,Al-Fuwayhat,2026-04-11 16:36:03
SR004701,MED0420,Tripoli,Souq Al Juma'a,2026-03-20 23:19:15
SR004702,MED0003,Tripoli,Tajoura,2026-05-03 01:28:45
SR004703,MED0491,Tripoli,Souq Al Juma'a,2026-08-01 18:59:07
SR004704,MED0378,Tripoli,Hay Al-Andalus,2026-05-07 23:59:16
SR004705,MED0498,Tripoli,Tajoura,2026-07-09 22:23:48
SR004706,MED0476,Tripoli,Janzour,2026-06-06 00:11:26
SR004707,MED0511,Tripoli,Ain Zara,2026-08-02 18:31:59
SR004708,MED0320,Tripoli,Hay Al-Andalus,2026-06-22 11:09:32
SR004709,MED0038,Tripoli,Abu Salim,2026-07-25 11:13:03
SR004710,MED0466,Tripoli,Abu Salim,2026-07-09 22:14:27
SR004711,MED0105,Tripoli,Tajoura,2026-05-18 06:37:40
SR004712,MED0021,Tripoli,Souq Al Juma'a,2026-06-27 10:53:37
SR004713,MED0261,Tripoli,Gargaresh,2026-05-10 17:42:03
SR004714,MED0237,Tripoli,Souq Al Juma'a,2026-06-28 11:02:42
SR004715,MED0405,Sabha,Al-Manshiya,2026-07-03 05:55:05
SR004716,MED0257,Tripoli,Hay Al-Andalus,2026-05-29 14:22:25
SR004717,MED0422,Sabha,Tayouri,2026-06-07 08:13:11
SR004718,MED0371,Tripoli,Ain Zara,2026-06-06 09:15:10
SR004719,MED0241,Benghazi,Al-Sabri,2026-07-08 16:42:41
SR004720,MED0425,Tripoli,Gargaresh,2026-07-20 12:53:23
SR004721,MED0023,Benghazi,Al-Sabri,2026-06-08 10:41:33
SR004722,MED0046,Tripoli,Abu Salim,2026-05-08 22:04:19
SR004723,MED0233,Tripoli,Hay Al-Andalus,2026-08-03 11:32:11
SR004724,MED0053,Benghazi,Al-Selmani,2026-05-11 06:59:29
SR004725,MED0410,Benghazi,Al-Berka,2026-07-12 12:53:45
SR004726,MED0431,Benghazi,Al-Berka,2026-05-13 03:25:09
SR004727,MED0195,Zawiya,Al-Mashtal,2026-07-14 16:37:24
SR004728,MED0438,Tripoli,Fashloum,2026-08-01 16:15:31
SR004729,MED0208,Tripoli,Ain Zara,2026-01-22 19:04:06
SR004730,MED0469,Tripoli,Janzour,2026-05-24 19:17:07
SR004731,MED0008,Tripoli,Hay Al-Andalus,2026-05-11 11:38:24
SR004732,MED0071,Tripoli,Janzour,2026-08-01 05:15:59
SR004733,MED0261,Tripoli,Gargaresh,2026-08-09 02:32:43
SR004734,MED0202,Benghazi,Al-Berka,2026-07-25 06:38:03
SR004735,MED0203,Zawiya,Al-Harsha,2026-02-15 01:49:14
SR004736,MED0474,Tripoli,Fashloum,2026-08-12 23:17:58
SR004737,MED0357,Tripoli,Fashloum,2026-05-20 19:08:18
SR004738,MED0038,Misrata,Al-Karareem,2026-08-02 10:00:03
SR004739,MED0091,Tripoli,Abu Salim,2026-07-30 10:47:06
SR004740,MED0257,Misrata,Qasr Ahmad,2026-08-16 03:28:32
SR004741,MED0425,Tripoli,Abu Salim,2026-07-31 10:39:34
SR004742,MED0128,Misrata,Al-Karareem,2026-06-23 12:05:12
SR004743,MED0128,Benghazi,Al-Berka,2026-03-27 09:40:44
SR004744,MED0117,Tripoli,Hay Al-Andalus,2026-07-23 10:55:46
SR004745,MED0450,Tripoli,Janzour,2026-05-25 20:08:48
SR004746,MED0207,Tripoli,Abu Salim,2026-07-27 18:08:32
SR004747,MED0233,Benghazi,Al-Hadaeq,2026-02-21 16:17:02
SR004748,MED0511,Misrata,Qasr Ahmad,2026-07-09 18:21:38
SR004749,MED0222,Tripoli,Ain Zara,2026-05-02 02:10:21
SR004750,MED0074,Tripoli,Souq Al Juma'a,2026-08-05 13:02:22
SR004751,MED0202,Benghazi,Al-Berka,2026-07-16 13:46:29
SR004752,MED0212,Tripoli,Ain Zara,2026-08-02 23:51:54
SR004753,MED0360,Tripoli,Souq Al Juma'a,2026-07-10 22:47:00
SR004754,MED0257,Tripoli,Souq Al Juma'a,2026-05-29 08:56:14
SR004755,MED0191,Tripoli,Gargaresh,2026-05-10 01:10:31
SR004756,MED0179,Misrata,Al-Karareem,2026-07-06 03:22:02
SR004757,MED0474,Zawiya,Al-Mashtal,2026-07-30 07:11:53
SR004758,MED0157,Tripoli,Fashloum,2026-07-18 10:36:09
SR004759,MED0344,Zawiya,Al-Mashtal,2026-06-04 04:39:13
SR004760,MED0042,Tripoli,Ain Zara,2026-07-27 16:11:26
SR004761,MED0173,Tripoli,Ain Zara,2026-06-14 14:55:56
SR004762,MED0279,Tripoli,Tajoura,2026-04-07 09:00:45
SR004763,MED0448,Tripoli,Souq Al Juma'a,2026-07-07 21:15:50
SR004764,MED0298,Misrata,Al-Karareem,2026-07-25 11:29:42
SR004765,MED0209,Tripoli,Hay Al-Andalus,2026-07-15 09:56:15
SR004766,MED0075,Tripoli,Abu Salim,2026-07-05 21:06:51
SR004767,MED0258,Tripoli,Janzour,2026-03-30 18:20:17
SR004768,MED0016,Benghazi,Al-Berka,2026-07-07 04:09:40
SR004769,MED0102,Benghazi,Al-Sabri,2026-06-04 22:17:23
SR004770,MED0307,Tripoli,Gargaresh,2026-07-15 11:23:46
SR004771,MED0256,Tripoli,Hay Al-Andalus,2026-08-02 07:06:12
SR004772,MED0125,Tripoli,Souq Al Juma'a,2026-08-01 21:54:05
SR004773,MED0147,Tripoli,Fashloum,2026-07-10 18:30:35
SR004774,MED0016,Tripoli,Janzour,2026-05-09 17:32:18
SR004775,MED0212,Zliten,Souq Al-Thulatha,2026-08-12 20:34:20
SR004776,MED0126,Tripoli,Ain Zara,2026-06-09 17:11:41
SR004777,MED0347,Tripoli,Gargaresh,2026-06-19 04:02:12
SR004778,MED0340,Benghazi,Al-Berka,2026-06-12 11:31:34
SR004779,MED0326,Sabha,Al-Manshiya,2026-06-25 04:59:59
SR004780,MED0513,Tripoli,Tajoura,2026-08-17 23:40:35
SR004781,MED0080,Sabha,Tayouri,2026-06-22 07:46:36
SR004782,MED0096,Tripoli,Hay Al-Andalus,2026-08-16 21:08:41
SR004783,MED0141,Sabha,Al-Dawwar,2026-07-02 11:42:42
SR004784,MED0251,Benghazi,Al-Sabri,2026-07-30 10:51:18
SR004785,MED0255,Tripoli,Tajoura,2026-05-19 15:49:36
SR004786,MED0173,Tripoli,Ain Zara,2026-08-08 14:42:43
SR004787,MED0416,Tripoli,Tajoura,2026-04-20 06:12:36
SR004788,MED0119,Tripoli,Ain Zara,2026-04-26 20:15:48
SR004789,MED0398,Benghazi,Al-Hadaeq,2026-07-05 14:21:05
SR004790,MED0063,Tripoli,Ain Zara,2026-05-29 08:50:43
SR004791,MED0430,Benghazi,Al-Selmani,2026-08-20 02:15:49
SR004792,MED0157,Misrata,Zawiyat Al-Mahjoub,2026-08-03 12:03:00
SR004793,MED0006,Tripoli,Ain Zara,2026-07-29 09:24:06
SR004794,MED0216,Tripoli,Janzour,2026-07-17 20:35:21
SR004795,MED0094,Tripoli,Ain Zara,2026-07-25 15:05:32
SR004796,MED0042,Zliten,Al-Qasabat,2026-08-16 10:22:04
SR004797,MED0237,Benghazi,Al-Selmani,2026-06-22 00:49:57
SR004798,MED0285,Benghazi,Al-Sabri,2026-07-23 02:10:57
SR004799,MED0252,Misrata,Al-Ghiran,2026-02-18 01:55:06
SR004800,MED0152,Benghazi,Al-Fuwayhat,2026-05-13 02:50:57
SR004801,MED0185,Tripoli,Gargaresh,2026-08-07 22:48:49
SR004802,MED0158,Misrata,Al-Ghiran,2026-06-11 18:46:32
SR004803,MED0439,Tripoli,Hay Al-Andalus,2026-07-12 16:16:17
SR004804,MED0007,Benghazi,Al-Hadaeq,2026-07-29 16:33:27
SR004805,MED0368,Tripoli,Ain Zara,2026-07-02 07:15:25
SR004806,MED0221,Tripoli,Fashloum,2026-08-17 02:34:00
SR004807,MED0183,Benghazi,Al-Selmani,2026-08-12 17:36:40
SR004808,MED0234,Zawiya,Bir Al-Ghanam,2026-08-12 23:46:51
SR004809,MED0332,Sabha,Tayouri,2026-08-04 22:28:13
SR004810,MED0411,Tripoli,Janzour,2026-07-03 18:49:52
SR004811,MED0008,Tripoli,Gargaresh,2026-05-05 17:01:51
SR004812,MED0325,Tripoli,Hay Al-Andalus,2026-02-19 15:46:28
SR004813,MED0289,Sabha,Tayouri,2026-04-21 11:04:37
SR004814,MED0049,Tripoli,Gargaresh,2026-08-13 09:20:49
SR004815,MED0329,Benghazi,Al-Fuwayhat,2026-07-17 16:22:44
SR004816,MED0081,Zliten,Souq Al-Thulatha,2026-05-19 03:10:00
SR004817,MED0377,Benghazi,Al-Selmani,2026-05-06 15:22:33
SR004818,MED0475,Tripoli,Souq Al Juma'a,2026-05-09 04:47:42
SR004819,MED0090,Benghazi,Al-Hadaeq,2026-08-11 17:10:20
SR004820,MED0123,Benghazi,Al-Sabri,2026-01-20 09:24:40
SR004821,MED0309,Tripoli,Ain Zara,2026-04-22 04:23:47
SR004822,MED0381,Misrata,Zawiyat Al-Mahjoub,2026-04-28 18:27:23
SR004823,MED0094,Benghazi,Al-Sabri,2026-08-11 12:13:52
SR004824,MED0424,Tripoli,Fashloum,2026-06-07 15:41:09
SR004825,MED0045,Zawiya,Al-Mashtal,2026-03-30 08:43:46
SR004826,MED0155,Benghazi,Al-Selmani,2026-05-22 21:25:16
SR004827,MED0220,Tripoli,Abu Salim,2026-07-05 03:58:51
SR004828,MED0053,Tripoli,Ain Zara,2026-07-27 05:03:46
SR004829,MED0173,Zawiya,Al-Harsha,2026-08-13 03:00:03
SR004830,MED0438,Tripoli,Abu Salim,2026-03-11 00:44:04
SR004831,MED0208,Sabha,Tayouri,2026-07-09 03:30:17
SR004832,MED0428,Zawiya,Al-Mashtal,2026-06-06 08:50:10
SR004833,MED0150,Zliten,Souq Al-Thulatha,2026-07-18 20:23:39
SR004834,MED0204,Benghazi,Al-Hadaeq,2026-08-02 03:35:53
SR004835,MED0214,Tripoli,Hay Al-Andalus,2026-07-21 08:06:28
SR004836,MED0369,Tripoli,Fashloum,2026-07-08 18:33:42
SR004837,MED0054,Tripoli,Ain Zara,2026-07-29 05:23:59
SR004838,MED0185,Tripoli,Hay Al-Andalus,2026-08-13 13:46:51
SR004839,MED0285,Tripoli,Ain Zara,2026-07-14 07:53:57
SR004840,MED0116,Tripoli,Ain Zara,2026-08-02 06:39:16
SR004841,MED0163,Tripoli,Gargaresh,2026-07-09 14:16:11
SR004842,MED0146,Misrata,Zawiyat Al-Mahjoub,2026-05-28 08:38:40
SR004843,MED0138,Tripoli,Abu Salim,2026-08-17 03:04:23
SR004844,MED0305,Tripoli,Hay Al-Andalus,2026-06-13 21:21:09
SR004845,MED0257,Tripoli,Hay Al-Andalus,2026-08-10 13:49:50
SR004846,MED0230,Tripoli,Fashloum,2026-07-15 08:18:18
SR004847,MED0044,Zliten,Al-Qasabat,2026-04-30 16:21:58
SR004848,MED0469,Misrata,Qasr Ahmad,2026-06-07 10:55:11
SR004849,MED0129,Tripoli,Fashloum,2026-07-20 05:47:08
SR004850,MED0253,Benghazi,Al-Sabri,2026-06-20 17:34:34
SR004851,MED0014,Benghazi,Al-Sabri,2026-08-12 08:57:30
SR004852,MED0331,Tripoli,Janzour,2026-07-19 15:32:41
SR004853,MED0086,Misrata,Zawiyat Al-Mahjoub,2026-07-14 15:38:59
SR004854,MED0402,Tripoli,Tajoura,2026-05-07 15:53:02
SR004855,MED0040,Tripoli,Tajoura,2026-05-11 12:11:38
SR004856,MED0421,Tripoli,Hay Al-Andalus,2026-07-16 12:34:24
SR004857,MED0426,Tripoli,Hay Al-Andalus,2026-07-25 08:56:03
SR004858,MED0459,Tripoli,Abu Salim,2026-07-02 11:05:09
SR004859,MED0498,Benghazi,Al-Berka,2026-07-17 08:40:57
SR004860,MED0049,Misrata,Al-Karareem,2026-08-12 13:55:17
SR004861,MED0040,Tripoli,Hay Al-Andalus,2026-06-16 19:56:08
SR004862,MED0503,Tripoli,Ain Zara,2026-07-24 15:37:49
SR004863,MED0278,Tripoli,Abu Salim,2026-03-26 18:51:04
SR004864,MED0484,Misrata,Al-Ghiran,2026-05-29 00:48:16
SR004865,MED0381,Tripoli,Ain Zara,2026-07-15 22:56:10
SR004866,MED0349,Benghazi,Al-Hadaeq,2026-07-28 22:55:39
SR004867,MED0186,Tripoli,Tajoura,2026-06-15 15:56:44
SR004868,MED0359,Benghazi,Al-Fuwayhat,2026-06-24 19:27:24
SR004869,MED0408,Tripoli,Ain Zara,2026-08-08 15:29:16
SR004870,MED0033,Benghazi,Al-Sabri,2026-07-05 04:07:55
SR004871,MED0316,Tripoli,Janzour,2026-07-15 09:22:58
SR004872,MED0499,Tripoli,Hay Al-Andalus,2026-08-18 09:44:08
SR004873,MED0104,Tripoli,Tajoura,2026-05-30 17:01:10
SR004874,MED0447,Tripoli,Ain Zara,2026-08-07 23:05:35
SR004875,MED0285,Misrata,Al-Karareem,2026-08-09 08:14:02
SR004876,MED0434,Tripoli,Janzour,2026-05-23 14:34:39
SR004877,MED0389,Benghazi,Al-Berka,2026-03-30 01:22:52
SR004878,MED0038,Tripoli,Tajoura,2026-06-24 22:28:08
SR004879,MED0039,Tripoli,Hay Al-Andalus,2026-04-06 06:41:28
SR004880,MED0438,Tripoli,Fashloum,2026-08-01 17:19:45
SR004881,MED0454,Tripoli,Janzour,2026-07-22 14:21:51
SR004882,MED0449,Misrata,Al-Ghiran,2026-04-18 11:18:44
SR004883,MED0241,Tripoli,Ain Zara,2026-08-13 01:13:39
SR004884,MED0382,Benghazi,Al-Sabri,2026-05-20 02:53:57
SR004885,MED0231,Tripoli,Gargaresh,2026-06-26 06:46:06
SR004886,MED0238,Tripoli,Hay Al-Andalus,2026-07-21 01:29:57
SR004887,MED0152,Benghazi,Al-Sabri,2026-06-25 09:40:32
SR004888,MED0490,Tripoli,Abu Salim,2026-07-31 14:03:07
SR004889,MED0174,Benghazi,Al-Sabri,2026-06-26 06:30:58
SR004890,MED0397,Sabha,Al-Manshiya,2026-05-27 08:14:21
SR004891,MED0493,Tripoli,Souq Al Juma'a,2026-06-30 10:44:39
SR004892,MED0199,Tripoli,Janzour,2026-03-19 21:35:10
SR004893,MED0157,Misrata,Zawiyat Al-Mahjoub,2026-04-27 09:15:33
SR004894,MED0397,Tripoli,Ain Zara,2026-07-25 00:12:21
SR004895,MED0116,Benghazi,Al-Berka,2026-06-19 18:48:23
SR004896,MED0250,Benghazi,Al-Sabri,2026-07-30 02:00:17
SR004897,MED0241,Misrata,Al-Karareem,2026-06-18 06:39:28
SR004898,MED0334,Tripoli,Fashloum,2026-04-28 04:32:26
SR004899,MED0496,Benghazi,Al-Berka,2026-06-16 21:28:36
SR004900,MED0213,Tripoli,Ain Zara,2026-05-02 08:29:41
SR004901,MED0046,Tripoli,Hay Al-Andalus,2026-08-12 21:28:19
SR004902,MED0408,Tripoli,Gargaresh,2026-08-12 01:14:54
SR004903,MED0174,Tripoli,Tajoura,2026-07-22 09:02:43
SR004904,MED0020,Benghazi,Al-Hadaeq,2026-04-01 20:15:51
SR004905,MED0162,Tripoli,Fashloum,2026-05-25 00:42:39
SR004906,MED0214,Misrata,Zawiyat Al-Mahjoub,2026-06-05 08:31:48
SR004907,MED0199,Zawiya,Bir Al-Ghanam,2026-04-04 01:44:20
SR004908,MED0185,Benghazi,Al-Berka,2026-07-23 16:12:17
SR004909,MED0006,Benghazi,Al-Selmani,2026-07-31 21:58:43
SR004910,MED0138,Tripoli,Janzour,2026-04-28 16:13:48
SR004911,MED0201,Tripoli,Janzour,2026-03-28 11:04:23
SR004912,MED0237,Tripoli,Souq Al Juma'a,2026-07-02 22:27:07
SR004913,MED0053,Tripoli,Fashloum,2026-06-22 13:19:30
SR004914,MED0144,Tripoli,Souq Al Juma'a,2026-06-29 17:48:17
SR004915,MED0077,Tripoli,Hay Al-Andalus,2026-08-09 11:51:02
SR004916,MED0381,Sabha,Al-Manshiya,2026-05-04 22:48:52
SR004917,MED0451,Tripoli,Gargaresh,2026-07-25 09:35:42
SR004918,MED0357,Benghazi,Al-Sabri,2026-03-13 21:24:23
SR004919,MED0380,Benghazi,Al-Fuwayhat,2026-04-30 01:49:12
SR004920,MED0412,Misrata,Al-Ghiran,2026-07-15 07:29:10
SR004921,MED0138,Sabha,Al-Manshiya,2026-03-04 01:02:32
SR004922,MED0157,Tripoli,Janzour,2026-05-02 06:24:40
SR004923,MED0348,Zliten,Souq Al-Thulatha,2026-04-29 06:20:44
SR004924,MED0083,Misrata,Qasr Ahmad,2026-06-07 23:32:41
SR004925,MED0330,Benghazi,Al-Hadaeq,2026-05-01 03:43:14
SR004926,MED0405,Tripoli,Ain Zara,2026-07-26 04:00:37
SR004927,MED0026,Zawiya,Al-Harsha,2026-04-28 19:35:16
SR004928,MED0384,Tripoli,Gargaresh,2026-06-02 12:17:55
SR004929,MED0439,Tripoli,Tajoura,2026-04-14 15:53:22
SR004930,MED0081,Benghazi,Al-Sabri,2026-06-15 22:44:30
SR004931,MED0180,Tripoli,Janzour,2026-07-15 09:46:03
SR004932,MED0336,Tripoli,Fashloum,2026-07-02 08:49:49
SR004933,MED0154,Tripoli,Fashloum,2026-05-06 15:05:08
SR004934,MED0349,Tripoli,Tajoura,2026-06-26 07:34:00
SR004935,MED0005,Misrata,Zawiyat Al-Mahjoub,2026-06-22 01:58:30
SR004936,MED0113,Benghazi,Al-Hadaeq,2026-03-25 20:50:52
SR004937,MED0418,Zawiya,Al-Harsha,2026-06-18 19:45:48
SR004938,MED0214,Misrata,Zawiyat Al-Mahjoub,2026-05-02 17:33:06
SR004939,MED0191,Benghazi,Al-Selmani,2026-04-12 03:49:15
SR004940,MED0237,Tripoli,Abu Salim,2026-05-31 01:41:35
SR004941,MED0006,Tripoli,Fashloum,2026-08-12 19:46:03
SR004942,MED0265,Benghazi,Al-Fuwayhat,2026-07-27 15:17:56
SR004943,MED0018,Tripoli,Souq Al Juma'a,2026-08-06 06:52:22
SR004944,MED0294,Tripoli,Hay Al-Andalus,2026-06-18 21:40:24
SR004945,MED0077,Tripoli,Abu Salim,2026-05-25 02:34:57
SR004946,MED0497,Misrata,Zawiyat Al-Mahjoub,2026-04-03 11:32:50
SR004947,MED0309,Benghazi,Al-Sabri,2026-08-13 18:29:43
SR004948,MED0160,Tripoli,Souq Al Juma'a,2026-03-03 11:50:12
SR004949,MED0256,Tripoli,Souq Al Juma'a,2026-03-11 10:13:40
SR004950,MED0512,Zawiya,Al-Harsha,2026-06-13 12:54:25
SR004951,MED0333,Benghazi,Al-Berka,2026-07-14 13:54:29
SR004952,MED0425,Tripoli,Abu Salim,2026-04-13 13:27:35
SR004953,MED0329,Tripoli,Fashloum,2026-08-01 14:28:44
SR004954,MED0115,Tripoli,Hay Al-Andalus,2026-02-26 15:33:51
SR004955,MED0030,Tripoli,Ain Zara,2026-08-15 00:18:42
SR004956,MED0484,Misrata,Al-Ghiran,2026-08-05 23:44:34
SR004957,MED0158,Tripoli,Gargaresh,2026-07-26 13:12:42
SR004958,MED0255,Tripoli,Fashloum,2026-08-05 23:36:13
SR004959,MED0425,Tripoli,Ain Zara,2026-07-12 07:23:06
SR004960,MED0073,Misrata,Qasr Ahmad,2026-05-17 09:20:03
SR004961,MED0138,Benghazi,Al-Hadaeq,2026-07-19 20:09:37
SR004962,MED0280,Tripoli,Hay Al-Andalus,2026-07-31 06:35:25
SR004963,MED0116,Tripoli,Hay Al-Andalus,2026-04-13 08:22:09
SR004964,MED0199,Tripoli,Gargaresh,2026-07-05 05:58:35
SR004965,MED0317,Tripoli,Tajoura,2026-08-13 12:12:03
SR004966,MED0019,Misrata,Zawiyat Al-Mahjoub,2026-06-27 17:35:09
SR004967,MED0180,Tripoli,Souq Al Juma'a,2026-07-15 06:50:53
SR004968,MED0263,Tripoli,Tajoura,2026-06-11 09:19:10
SR004969,MED0027,Tripoli,Abu Salim,2026-07-12 06:36:45
SR004970,MED0155,Benghazi,Al-Berka,2026-07-12 15:56:43
SR004971,MED0446,Tripoli,Souq Al Juma'a,2026-07-08 11:18:35
SR004972,MED0039,Benghazi,Al-Selmani,2026-06-15 22:26:45
SR004973,MED0187,Benghazi,Al-Selmani,2026-06-02 01:22:47
SR004974,MED0513,Benghazi,Al-Sabri,2026-06-08 04:48:34
SR004975,MED0170,Tripoli,Ain Zara,2026-07-07 18:17:55
SR004976,MED0182,Benghazi,Al-Selmani,2026-07-11 09:00:41
SR004977,MED0232,Tripoli,Ain Zara,2026-06-13 15:24:53
SR004978,MED0358,Benghazi,Al-Hadaeq,2026-07-10 05:25:18
SR004979,MED0058,Tripoli,Tajoura,2026-05-04 00:47:37
SR004980,MED0104,Tripoli,Abu Salim,2026-06-25 18:34:20
SR004981,MED0515,Tripoli,Hay Al-Andalus,2026-08-02 18:33:33
SR004982,MED0045,Tripoli,Souq Al Juma'a,2026-07-28 08:28:08
SR004983,MED0441,Tripoli,Tajoura,2026-08-17 00:48:38
SR004984,MED0455,Tripoli,Fashloum,2026-05-25 22:07:10
SR004985,MED0456,Tripoli,Fashloum,2026-07-15 22:39:01
SR004986,MED0402,Tripoli,Souq Al Juma'a,2026-03-20 02:59:12
SR004987,MED0110,Tripoli,Souq Al Juma'a,2026-07-14 11:24:56
SR004988,MED0303,Tripoli,Souq Al Juma'a,2026-07-19 08:20:19
SR004989,MED0500,Tripoli,Janzour,2026-07-23 05:40:37
SR004990,MED0216,Tripoli,Gargaresh,2026-07-25 11:13:24
SR004991,MED0227,Tripoli,Abu Salim,2026-07-10 05:49:33
SR004992,MED0237,Tripoli,Fashloum,2026-07-19 09:44:27
SR004993,MED0287,Misrata,Al-Karareem,2026-05-29 11:53:29
SR004994,MED0031,Tripoli,Tajoura,2026-03-09 07:20:45
SR004995,MED0399,Tripoli,Fashloum,2026-06-13 13:56:25
SR004996,MED0181,Misrata,Qasr Ahmad,2026-05-07 17:48:26
SR004997,MED0373,Tripoli,Abu Salim,2026-08-10 03:28:22
SR004998,MED0248,Tripoli,Souq Al Juma'a,2026-05-31 08:27:53
SR004999,MED0493,Tripoli,Abu Salim,2026-06-04 19:30:57
SR005000,MED0216,Tripoli,Souq Al Juma'a,2026-04-03 11:31:45
SR005001,MED0218,Tripoli,Ain Zara,2026-05-30 16:06:25
SR005002,MED0205,Tripoli,Souq Al Juma'a,2026-07-18 21:32:08
SR005003,MED0213,Tripoli,Souq Al Juma'a,2026-05-02 17:51:38
SR005004,MED0103,Benghazi,Al-Berka,2026-06-29 00:52:32
SR005005,MED0233,Tripoli,Janzour,2026-08-12 20:27:55
SR005006,MED0130,Tripoli,Janzour,2026-07-01 18:26:42
SR005007,MED0515,Tripoli,Fashloum,2026-07-04 00:51:34
SR005008,MED0220,Zawiya,Al-Mashtal,2026-04-21 13:23:06
SR005009,MED0292,Benghazi,Al-Fuwayhat,2026-04-29 07:38:40
SR005010,MED0298,Tripoli,Gargaresh,2026-06-18 02:11:44
SR005011,MED0042,Tripoli,Janzour,2026-08-01 19:47:47
SR005012,MED0304,Benghazi,Al-Sabri,2026-08-12 19:34:26
SR005013,MED0238,Tripoli,Souq Al Juma'a,2026-08-06 07:27:28
SR005014,MED0214,Tripoli,Ain Zara,2026-06-11 10:12:49
SR005015,MED0215,Benghazi,Al-Berka,2026-08-06 11:12:16
SR005016,MED0313,Misrata,Al-Karareem,2026-08-01 15:13:44
SR005017,MED0170,Tripoli,Hay Al-Andalus,2026-05-06 09:36:44
SR005018,MED0119,Benghazi,Al-Fuwayhat,2026-07-30 07:46:07
SR005019,MED0038,Tripoli,Souq Al Juma'a,2026-05-14 21:19:08
SR005020,MED0259,Tripoli,Abu Salim,2026-06-18 11:21:20
SR005021,MED0478,Tripoli,Janzour,2026-06-16 15:04:47
SR005022,MED0434,Tripoli,Tajoura,2026-03-27 08:12:15
SR005023,MED0056,Benghazi,Al-Hadaeq,2026-05-04 02:17:47
SR005024,MED0168,Tripoli,Gargaresh,2026-07-18 10:13:09
SR005025,MED0014,Tripoli,Souq Al Juma'a,2026-03-28 04:01:28
SR005026,MED0238,Tripoli,Fashloum,2026-06-19 12:04:35
SR005027,MED0453,Tripoli,Fashloum,2026-07-18 04:22:03
SR005028,MED0474,Benghazi,Al-Fuwayhat,2026-02-19 21:36:23
SR005029,MED0469,Tripoli,Janzour,2026-05-03 05:40:06
SR005030,MED0425,Tripoli,Souq Al Juma'a,2026-04-23 19:37:14
SR005031,MED0178,Tripoli,Tajoura,2026-08-15 01:05:20
SR005032,MED0369,Tripoli,Gargaresh,2026-08-11 08:20:22
SR005033,MED0395,Zliten,Souq Al-Thulatha,2026-05-19 08:28:15
SR005034,MED0232,Tripoli,Tajoura,2026-07-27 22:34:25
SR005035,MED0005,Misrata,Qasr Ahmad,2026-06-16 08:06:50
SR005036,MED0020,Misrata,Qasr Ahmad,2026-07-30 00:02:52
SR005037,MED0285,Misrata,Qasr Ahmad,2026-07-26 18:48:17
SR005038,MED0045,Benghazi,Al-Hadaeq,2026-07-25 16:27:37
SR005039,MED0411,Tripoli,Gargaresh,2026-06-07 18:48:12
SR005040,MED0335,Tripoli,Abu Salim,2026-07-24 20:03:41
SR005041,MED0017,Misrata,Qasr Ahmad,2026-05-04 04:24:11
SR005042,MED0030,Tripoli,Abu Salim,2026-07-09 23:27:41
SR005043,MED0131,Tripoli,Janzour,2026-06-24 21:03:28
SR005044,MED0376,Tripoli,Fashloum,2026-07-27 00:21:31
SR005045,MED0059,Benghazi,Al-Hadaeq,2026-07-07 13:27:57
SR005046,MED0397,Tripoli,Abu Salim,2026-07-12 21:39:42
SR005047,MED0289,Misrata,Al-Karareem,2026-06-26 08:20:11
SR005048,MED0076,Misrata,Al-Karareem,2026-08-14 05:02:19
SR005049,MED0320,Tripoli,Tajoura,2026-07-08 08:52:28
SR005050,MED0373,Tripoli,Abu Salim,2026-03-08 08:04:11
SR005051,MED0079,Tripoli,Souq Al Juma'a,2026-07-26 06:37:04
SR005052,MED0214,Tripoli,Souq Al Juma'a,2026-07-15 10:50:56
SR005053,MED0023,Tripoli,Janzour,2026-06-07 15:20:39
SR005054,MED0488,Tripoli,Abu Salim,2026-07-12 18:20:19
SR005055,MED0283,Benghazi,Al-Selmani,2026-07-23 07:44:03
SR005056,MED0116,Tripoli,Tajoura,2026-07-09 03:22:40
SR005057,MED0349,Misrata,Al-Ghiran,2026-07-14 23:41:32
SR005058,MED0416,Tripoli,Ain Zara,2026-06-22 00:33:28
SR005059,MED0031,Tripoli,Gargaresh,2026-07-31 04:33:02
SR005060,MED0126,Tripoli,Hay Al-Andalus,2026-08-09 10:56:06
SR005061,MED0049,Tripoli,Tajoura,2026-06-01 15:56:31
SR005062,MED0010,Tripoli,Ain Zara,2026-07-29 09:06:02
SR005063,MED0015,Tripoli,Hay Al-Andalus,2026-07-27 15:55:21
SR005064,MED0425,Tripoli,Janzour,2026-06-16 01:15:01
SR005065,MED0043,Tripoli,Tajoura,2026-08-04 12:54:13
SR005066,MED0399,Tripoli,Abu Salim,2026-07-27 08:54:52
SR005067,MED0245,Tripoli,Tajoura,2026-04-09 09:55:38
SR005068,MED0464,Tripoli,Gargaresh,2026-07-29 18:30:41
SR005069,MED0130,Tripoli,Fashloum,2026-07-19 17:12:17
SR005070,MED0215,Tripoli,Abu Salim,2026-05-12 23:34:11
SR005071,MED0218,Benghazi,Al-Selmani,2026-06-21 16:52:12
SR005072,MED0259,Tripoli,Janzour,2026-07-02 10:13:12
SR005073,MED0485,Tripoli,Gargaresh,2026-08-01 18:21:44
SR005074,MED0157,Misrata,Al-Karareem,2026-07-24 23:15:41
SR005075,MED0248,Tripoli,Tajoura,2026-04-18 06:28:23
SR005076,MED0063,Tripoli,Gargaresh,2026-05-09 17:41:58
SR005077,MED0362,Tripoli,Abu Salim,2026-06-16 14:58:49
SR005078,MED0332,Tripoli,Hay Al-Andalus,2026-06-08 10:51:43
SR005079,MED0238,Tripoli,Janzour,2026-04-10 02:00:02
SR005080,MED0173,Misrata,Al-Ghiran,2026-07-04 05:14:32
SR005081,MED0272,Tripoli,Fashloum,2026-07-06 06:35:05
SR005082,MED0280,Tripoli,Ain Zara,2026-07-13 08:12:20
SR005083,MED0258,Misrata,Al-Ghiran,2026-07-26 17:43:23
SR005084,MED0309,Zawiya,Al-Harsha,2026-03-14 00:43:41
SR005085,MED0348,Zawiya,Bir Al-Ghanam,2026-07-10 23:53:20
SR005086,MED0099,Tripoli,Abu Salim,2026-05-28 13:03:56
SR005087,MED0284,Tripoli,Hay Al-Andalus,2026-05-21 23:15:10
SR005088,MED0371,Zawiya,Al-Mashtal,2026-07-16 02:11:45
SR005089,MED0488,Tripoli,Janzour,2026-07-15 16:37:29
SR005090,MED0194,Benghazi,Al-Fuwayhat,2026-07-15 02:39:17
SR005091,MED0028,Tripoli,Abu Salim,2026-07-31 13:07:13
SR005092,MED0187,Zliten,Al-Qasabat,2026-06-18 11:57:58
SR005093,MED0339,Tripoli,Ain Zara,2026-08-07 16:39:13
SR005094,MED0057,Zliten,Al-Qasabat,2026-03-15 01:35:22
SR005095,MED0255,Tripoli,Ain Zara,2026-06-09 01:06:39
SR005096,MED0519,Tripoli,Gargaresh,2026-06-26 15:54:21
SR005097,MED0233,Tripoli,Janzour,2026-03-24 02:07:56
SR005098,MED0395,Tripoli,Janzour,2026-06-19 17:20:53
SR005099,MED0247,Tripoli,Janzour,2026-06-15 01:38:38
SR005100,MED0510,Tripoli,Ain Zara,2026-06-30 23:13:10
SR005101,MED0499,Sabha,Al-Manshiya,2026-05-04 08:22:48
SR005102,MED0013,Tripoli,Gargaresh,2026-04-20 15:14:11
SR005103,MED0233,Tripoli,Gargaresh,2026-05-12 23:10:02
SR005104,MED0075,Tripoli,Abu Salim,2026-05-22 07:42:51
SR005105,MED0251,Tripoli,Hay Al-Andalus,2026-05-26 12:51:21
SR005106,MED0387,Tripoli,Abu Salim,2026-04-24 09:17:35
SR005107,MED0353,Benghazi,Al-Berka,2026-08-19 10:59:53
SR005108,MED0474,Misrata,Zawiyat Al-Mahjoub,2026-07-26 05:10:40
SR005109,MED0376,Tripoli,Hay Al-Andalus,2026-05-16 17:48:41
SR005110,MED0224,Tripoli,Ain Zara,2026-07-22 12:53:03
SR005111,MED0390,Tripoli,Hay Al-Andalus,2026-08-17 11:29:12
SR005112,MED0042,Tripoli,Janzour,2026-07-02 01:05:01
SR005113,MED0018,Benghazi,Al-Sabri,2026-08-13 01:52:51
SR005114,MED0164,Zawiya,Al-Mashtal,2026-05-16 13:49:12
SR005115,MED0332,Tripoli,Ain Zara,2026-05-06 21:59:30
SR005116,MED0099,Misrata,Qasr Ahmad,2026-06-14 02:18:19
SR005117,MED0066,Tripoli,Abu Salim,2026-07-26 07:09:01
SR005118,MED0047,Tripoli,Souq Al Juma'a,2026-07-13 22:40:21
SR005119,MED0019,Tripoli,Janzour,2026-07-19 22:51:37
SR005120,MED0042,Misrata,Al-Ghiran,2026-04-23 00:27:28
SR005121,MED0241,Tripoli,Janzour,2026-07-26 01:58:33
SR005122,MED0147,Misrata,Qasr Ahmad,2026-07-09 23:55:13
SR005123,MED0025,Tripoli,Abu Salim,2026-07-15 22:23:32
SR005124,MED0150,Benghazi,Al-Selmani,2026-07-15 09:50:03
SR005125,MED0181,Tripoli,Hay Al-Andalus,2026-07-17 23:21:04
SR005126,MED0367,Tripoli,Hay Al-Andalus,2026-07-06 11:14:55
SR005127,MED0309,Tripoli,Abu Salim,2026-04-16 04:26:30
SR005128,MED0221,Misrata,Zawiyat Al-Mahjoub,2026-08-06 12:58:47
SR005129,MED0043,Tripoli,Hay Al-Andalus,2026-05-14 00:09:25
SR005130,MED0408,Benghazi,Al-Selmani,2026-03-15 18:31:10
SR005131,MED0130,Zawiya,Bir Al-Ghanam,2026-07-15 23:29:11
SR005132,MED0357,Tripoli,Fashloum,2026-06-12 17:16:28
SR005133,MED0216,Misrata,Zawiyat Al-Mahjoub,2026-02-13 23:12:18
SR005134,MED0199,Tripoli,Ain Zara,2026-07-18 20:18:38
SR005135,MED0241,Tripoli,Janzour,2026-02-19 23:18:02
SR005136,MED0173,Tripoli,Ain Zara,2026-08-03 12:29:12
SR005137,MED0028,Benghazi,Al-Hadaeq,2026-08-06 03:26:53
SR005138,MED0341,Tripoli,Gargaresh,2026-02-27 17:19:37
SR005139,MED0029,Tripoli,Fashloum,2026-04-13 20:29:01
SR005140,MED0350,Tripoli,Abu Salim,2026-07-04 08:15:18
SR005141,MED0056,Tripoli,Souq Al Juma'a,2026-08-08 01:59:43
SR005142,MED0244,Tripoli,Tajoura,2026-06-26 08:55:03
SR005143,MED0498,Benghazi,Al-Hadaeq,2026-08-15 03:27:08
SR005144,MED0404,Sabha,Al-Dawwar,2026-04-05 01:30:07
SR005145,MED0003,Tripoli,Fashloum,2026-05-11 07:31:47
SR005146,MED0255,Misrata,Zawiyat Al-Mahjoub,2026-07-16 02:34:55
SR005147,MED0108,Tripoli,Ain Zara,2026-06-26 10:08:18
SR005148,MED0042,Benghazi,Al-Fuwayhat,2026-07-15 07:39:48
SR005149,MED0436,Tripoli,Souq Al Juma'a,2026-07-01 20:51:40
SR005150,MED0360,Tripoli,Ain Zara,2026-07-22 01:06:18
SR005151,MED0126,Tripoli,Janzour,2026-07-06 15:37:39
SR005152,MED0116,Tripoli,Fashloum,2026-07-05 08:28:34
SR005153,MED0248,Tripoli,Souq Al Juma'a,2026-06-25 14:13:38
SR005154,MED0430,Misrata,Al-Karareem,2026-05-21 02:14:17
SR005155,MED0477,Benghazi,Al-Sabri,2026-05-01 05:23:40
SR005156,MED0082,Tripoli,Fashloum,2026-03-08 14:41:01
SR005157,MED0370,Benghazi,Al-Fuwayhat,2026-05-07 09:12:44
SR005158,MED0402,Benghazi,Al-Berka,2026-06-26 10:03:55
SR005159,MED0212,Tripoli,Gargaresh,2026-07-13 19:17:49
SR005160,MED0510,Benghazi,Al-Sabri,2026-04-15 22:20:36
SR005161,MED0434,Tripoli,Janzour,2026-07-22 13:34:51
SR005162,MED0084,Tripoli,Fashloum,2026-05-25 05:00:44
SR005163,MED0416,Tripoli,Gargaresh,2026-06-11 05:47:53
SR005164,MED0144,Tripoli,Fashloum,2026-06-25 13:40:50
SR005165,MED0225,Benghazi,Al-Selmani,2026-06-22 13:56:46
SR005166,MED0156,Tripoli,Tajoura,2026-07-16 11:44:11
SR005167,MED0198,Tripoli,Tajoura,2026-06-15 21:15:19
SR005168,MED0330,Tripoli,Souq Al Juma'a,2026-03-26 23:48:41
SR005169,MED0128,Tripoli,Abu Salim,2026-07-20 10:55:04
SR005170,MED0173,Tripoli,Gargaresh,2026-07-20 06:41:48
SR005171,MED0056,Benghazi,Al-Berka,2026-07-01 14:19:27
SR005172,MED0042,Tripoli,Janzour,2026-07-08 20:47:02
SR005173,MED0265,Tripoli,Souq Al Juma'a,2026-05-30 05:29:02
SR005174,MED0430,Tripoli,Hay Al-Andalus,2026-06-10 15:05:42
SR005175,MED0195,Benghazi,Al-Sabri,2026-05-31 16:09:43
SR005176,MED0147,Tripoli,Tajoura,2026-07-26 12:02:47
SR005177,MED0151,Tripoli,Abu Salim,2026-08-14 12:03:23
SR005178,MED0347,Tripoli,Ain Zara,2026-07-28 14:35:01
SR005179,MED0475,Sabha,Tayouri,2026-04-01 18:37:40
SR005180,MED0430,Misrata,Al-Ghiran,2026-06-29 05:12:27
SR005181,MED0121,Tripoli,Fashloum,2026-06-24 04:23:22
SR005182,MED0174,Tripoli,Janzour,2026-05-18 19:35:27
SR005183,MED0315,Benghazi,Al-Berka,2026-05-18 07:18:54
SR005184,MED0489,Tripoli,Janzour,2026-08-10 06:15:16
SR005185,MED0131,Tripoli,Tajoura,2026-08-11 11:33:32
SR005186,MED0309,Tripoli,Ain Zara,2026-07-21 02:04:09
SR005187,MED0180,Tripoli,Janzour,2026-07-23 20:07:40
SR005188,MED0495,Tripoli,Souq Al Juma'a,2026-06-29 23:26:08
SR005189,MED0201,Benghazi,Al-Selmani,2026-08-04 04:37:02
SR005190,MED0330,Tripoli,Hay Al-Andalus,2026-06-29 15:12:04
SR005191,MED0399,Tripoli,Janzour,2026-08-01 13:43:32
SR005192,MED0029,Zawiya,Bir Al-Ghanam,2026-05-25 00:02:03
SR005193,MED0110,Tripoli,Tajoura,2026-05-02 06:31:24
SR005194,MED0185,Tripoli,Fashloum,2026-08-15 18:34:25
SR005195,MED0281,Tripoli,Gargaresh,2026-07-17 16:46:00
SR005196,MED0213,Tripoli,Janzour,2026-05-29 20:26:34
SR005197,MED0449,Tripoli,Fashloum,2026-07-19 18:39:14
SR005198,MED0289,Benghazi,Al-Fuwayhat,2026-07-18 17:10:55
SR005199,MED0502,Benghazi,Al-Selmani,2026-06-04 21:58:20
SR005200,MED0297,Tripoli,Gargaresh,2026-08-18 20:55:10
SR005201,MED0016,Misrata,Qasr Ahmad,2026-08-07 16:27:36
SR005202,MED0126,Benghazi,Al-Hadaeq,2026-07-21 19:57:43
SR005203,MED0252,Tripoli,Ain Zara,2026-08-07 09:36:21
SR005204,MED0346,Zawiya,Al-Harsha,2026-08-17 06:12:38
SR005205,MED0249,Tripoli,Abu Salim,2026-06-06 23:35:55
SR005206,MED0248,Tripoli,Hay Al-Andalus,2026-07-17 09:13:19
SR005207,MED0295,Tripoli,Hay Al-Andalus,2026-08-05 14:55:53
SR005208,MED0143,Tripoli,Janzour,2026-05-01 03:24:03
SR005209,MED0016,Tripoli,Souq Al Juma'a,2026-06-29 02:52:08
SR005210,MED0496,Tripoli,Abu Salim,2026-06-23 06:24:17
SR005211,MED0496,Tripoli,Fashloum,2026-07-22 17:05:16
SR005212,MED0397,Tripoli,Ain Zara,2026-08-13 11:10:10
SR005213,MED0299,Tripoli,Janzour,2026-07-08 22:30:00
SR005214,MED0334,Tripoli,Ain Zara,2026-08-04 08:55:32
SR005215,MED0453,Zawiya,Bir Al-Ghanam,2026-08-12 23:44:51
SR005216,MED0164,Benghazi,Al-Berka,2026-08-02 13:40:03
SR005217,MED0435,Tripoli,Tajoura,2026-05-03 13:23:24
SR005218,MED0468,Benghazi,Al-Berka,2026-05-28 12:32:27
SR005219,MED0468,Sabha,Tayouri,2026-06-29 18:09:37
SR005220,MED0127,Tripoli,Hay Al-Andalus,2026-04-23 00:05:51
SR005221,MED0184,Sabha,Al-Manshiya,2026-06-14 20:18:52
SR005222,MED0408,Tripoli,Hay Al-Andalus,2026-06-24 15:54:10
SR005223,MED0188,Benghazi,Al-Hadaeq,2026-07-21 02:04:44
SR005224,MED0475,Misrata,Al-Ghiran,2026-05-19 14:23:44
SR005225,MED0212,Benghazi,Al-Berka,2026-05-16 14:29:19
SR005226,MED0399,Benghazi,Al-Berka,2026-06-30 19:22:53
SR005227,MED0199,Tripoli,Tajoura,2026-04-30 18:02:21
SR005228,MED0209,Tripoli,Hay Al-Andalus,2026-06-11 12:30:49
SR005229,MED0196,Tripoli,Gargaresh,2026-06-16 13:22:27
SR005230,MED0110,Tripoli,Abu Salim,2026-05-21 23:41:28
SR005231,MED0368,Tripoli,Hay Al-Andalus,2026-07-10 22:53:50
SR005232,MED0498,Tripoli,Ain Zara,2026-07-30 09:51:21
SR005233,MED0214,Tripoli,Janzour,2026-06-17 06:08:39
SR005234,MED0133,Tripoli,Hay Al-Andalus,2026-08-06 00:21:28
SR005235,MED0369,Tripoli,Tajoura,2026-06-26 21:02:46
SR005236,MED0382,Tripoli,Abu Salim,2026-08-04 06:44:49
SR005237,MED0187,Tripoli,Ain Zara,2026-07-21 16:52:39
SR005238,MED0020,Tripoli,Abu Salim,2026-07-25 22:48:12
SR005239,MED0495,Misrata,Al-Karareem,2026-02-14 09:49:28
SR005240,MED0468,Tripoli,Souq Al Juma'a,2026-04-19 20:29:42
SR005241,MED0032,Tripoli,Janzour,2026-08-14 11:59:25
SR005242,MED0221,Tripoli,Janzour,2026-07-30 11:24:12
SR005243,MED0152,Misrata,Al-Karareem,2026-05-26 10:58:10
SR005244,MED0004,Tripoli,Gargaresh,2026-08-11 01:02:15
SR005245,MED0423,Tripoli,Abu Salim,2026-06-14 01:50:55
SR005246,MED0108,Tripoli,Fashloum,2026-07-11 03:03:43
SR005247,MED0084,Benghazi,Al-Sabri,2026-07-20 20:30:51
SR005248,MED0047,Zawiya,Bir Al-Ghanam,2026-03-18 14:07:29
SR005249,MED0507,Tripoli,Fashloum,2026-08-14 18:41:55
SR005250,MED0459,Tripoli,Gargaresh,2026-08-02 20:17:57
SR005251,MED0317,Tripoli,Souq Al Juma'a,2026-06-27 02:06:47
SR005252,MED0384,Zliten,Souq Al-Thulatha,2026-06-14 05:43:27
SR005253,MED0427,Tripoli,Gargaresh,2026-07-09 07:27:14
SR005254,MED0170,Tripoli,Fashloum,2026-07-20 16:51:02
SR005255,MED0435,Tripoli,Souq Al Juma'a,2026-06-14 07:56:32
SR005256,MED0434,Tripoli,Abu Salim,2026-08-05 13:38:11
SR005257,MED0202,Tripoli,Hay Al-Andalus,2026-06-01 11:03:36
SR005258,MED0130,Zawiya,Bir Al-Ghanam,2026-08-09 23:10:06
SR005259,MED0438,Tripoli,Hay Al-Andalus,2026-06-15 18:29:22
SR005260,MED0211,Misrata,Al-Ghiran,2026-07-28 00:27:29
SR005261,MED0286,Tripoli,Gargaresh,2026-07-05 09:47:40
SR005262,MED0456,Zawiya,Al-Harsha,2026-03-15 06:59:09
SR005263,MED0145,Tripoli,Fashloum,2026-07-25 14:04:26
SR005264,MED0415,Tripoli,Tajoura,2026-06-18 15:03:26
SR005265,MED0097,Tripoli,Souq Al Juma'a,2026-08-13 15:41:15
SR005266,MED0273,Tripoli,Tajoura,2026-07-29 09:30:10
SR005267,MED0438,Zliten,Souq Al-Thulatha,2026-08-20 16:05:06
SR005268,MED0282,Tripoli,Fashloum,2026-08-19 07:54:18
SR005269,MED0384,Tripoli,Janzour,2026-05-18 17:00:12
SR005270,MED0193,Tripoli,Hay Al-Andalus,2026-06-22 20:06:16
SR005271,MED0116,Tripoli,Souq Al Juma'a,2026-05-18 06:57:42
SR005272,MED0167,Tripoli,Ain Zara,2026-06-22 03:51:22
SR005273,MED0233,Tripoli,Fashloum,2026-08-01 02:19:42
SR005274,MED0044,Tripoli,Tajoura,2026-08-05 14:55:31
SR005275,MED0020,Tripoli,Tajoura,2026-08-20 04:43:47
SR005276,MED0021,Tripoli,Hay Al-Andalus,2026-05-24 12:24:28
SR005277,MED0049,Tripoli,Souq Al Juma'a,2026-08-20 03:39:16
SR005278,MED0026,Benghazi,Al-Hadaeq,2026-07-06 19:09:09
SR005279,MED0138,Tripoli,Abu Salim,2026-06-06 14:22:32
SR005280,MED0155,Misrata,Zawiyat Al-Mahjoub,2026-07-07 19:52:38
SR005281,MED0193,Tripoli,Souq Al Juma'a,2026-04-07 01:07:27
SR005282,MED0486,Misrata,Zawiyat Al-Mahjoub,2026-07-10 13:15:48
SR005283,MED0130,Benghazi,Al-Berka,2026-07-29 11:14:47
SR005284,MED0225,Tripoli,Gargaresh,2026-07-06 07:27:01
SR005285,MED0384,Zawiya,Al-Mashtal,2026-07-12 23:06:26
SR005286,MED0061,Benghazi,Al-Fuwayhat,2026-07-31 15:47:33
SR005287,MED0466,Tripoli,Souq Al Juma'a,2026-04-09 06:13:37
SR005288,MED0029,Benghazi,Al-Hadaeq,2026-06-29 23:57:31
SR005289,MED0486,Tripoli,Fashloum,2026-02-20 07:44:32
SR005290,MED0223,Tripoli,Abu Salim,2026-04-02 02:58:03
SR005291,MED0491,Tripoli,Souq Al Juma'a,2026-06-27 13:09:40
SR005292,MED0488,Tripoli,Ain Zara,2026-04-05 02:57:10
SR005293,MED0369,Tripoli,Fashloum,2026-06-24 00:39:50
SR005294,MED0005,Tripoli,Fashloum,2026-05-13 14:09:17
SR005295,MED0421,Misrata,Al-Karareem,2026-07-10 23:13:17
SR005296,MED0114,Tripoli,Souq Al Juma'a,2026-06-17 04:58:59
SR005297,MED0496,Benghazi,Al-Fuwayhat,2026-08-15 09:33:56
SR005298,MED0430,Tripoli,Tajoura,2026-05-29 09:30:02
SR005299,MED0453,Tripoli,Abu Salim,2026-02-28 06:45:37
SR005300,MED0038,Benghazi,Al-Fuwayhat,2026-06-15 11:56:11
SR005301,MED0512,Zliten,Al-Qasabat,2026-08-01 11:24:55
SR005302,MED0390,Tripoli,Hay Al-Andalus,2026-08-02 02:34:13
SR005303,MED0304,Tripoli,Abu Salim,2026-07-13 00:50:13
SR005304,MED0504,Tripoli,Abu Salim,2026-05-30 19:03:58
SR005305,MED0246,Tripoli,Ain Zara,2026-06-15 07:03:16
SR005306,MED0048,Tripoli,Janzour,2026-06-18 08:05:50
SR005307,MED0255,Zawiya,Al-Mashtal,2026-06-25 17:42:37
SR005308,MED0113,Tripoli,Janzour,2026-08-08 21:41:34
SR005309,MED0395,Tripoli,Gargaresh,2026-06-24 14:30:33
SR005310,MED0023,Tripoli,Gargaresh,2026-04-07 22:13:34
SR005311,MED0221,Tripoli,Tajoura,2026-05-15 14:54:54
SR005312,MED0398,Tripoli,Tajoura,2026-06-19 14:46:02
SR005313,MED0020,Tripoli,Ain Zara,2026-05-13 20:07:57
SR005314,MED0378,Tripoli,Janzour,2026-06-23 04:40:40
SR005315,MED0010,Tripoli,Abu Salim,2026-07-20 02:53:28
SR005316,MED0365,Tripoli,Abu Salim,2026-05-30 04:56:08
SR005317,MED0343,Tripoli,Ain Zara,2026-07-21 14:54:58
SR005318,MED0115,Tripoli,Fashloum,2026-08-14 11:49:20
SR005319,MED0461,Tripoli,Hay Al-Andalus,2026-08-09 02:40:15
SR005320,MED0200,Tripoli,Fashloum,2026-08-17 15:27:06
SR005321,MED0285,Tripoli,Ain Zara,2026-07-26 05:46:26
SR005322,MED0258,Tripoli,Ain Zara,2026-02-03 06:44:48
SR005323,MED0474,Benghazi,Al-Selmani,2026-05-04 23:45:36
SR005324,MED0475,Tripoli,Ain Zara,2026-07-22 07:58:53
SR005325,MED0370,Tripoli,Gargaresh,2026-08-04 00:31:57
SR005326,MED0175,Tripoli,Hay Al-Andalus,2026-05-24 22:50:57
SR005327,MED0474,Tripoli,Tajoura,2026-03-22 15:02:30
SR005328,MED0156,Tripoli,Souq Al Juma'a,2026-07-28 07:59:58
SR005329,MED0451,Misrata,Zawiyat Al-Mahjoub,2026-06-16 23:36:50
SR005330,MED0257,Zliten,Souq Al-Thulatha,2026-06-26 21:55:15
SR005331,MED0461,Tripoli,Hay Al-Andalus,2026-08-09 00:00:39
SR005332,MED0190,Tripoli,Ain Zara,2026-07-14 18:46:39
SR005333,MED0410,Benghazi,Al-Fuwayhat,2026-08-18 11:10:11
SR005334,MED0366,Tripoli,Gargaresh,2026-08-07 03:55:40
SR005335,MED0202,Tripoli,Tajoura,2026-08-18 12:46:30
SR005336,MED0257,Benghazi,Al-Selmani,2026-08-09 14:38:53
SR005337,MED0358,Misrata,Qasr Ahmad,2026-06-15 04:52:08
SR005338,MED0288,Tripoli,Tajoura,2026-05-31 07:50:31
SR005339,MED0249,Zliten,Al-Qasabat,2026-03-13 18:33:17
SR005340,MED0233,Tripoli,Ain Zara,2026-06-16 04:04:26
SR005341,MED0370,Tripoli,Souq Al Juma'a,2026-08-09 18:14:43
SR005342,MED0318,Benghazi,Al-Sabri,2026-06-28 17:35:05
SR005343,MED0320,Tripoli,Tajoura,2026-06-20 15:31:46
SR005344,MED0196,Tripoli,Hay Al-Andalus,2026-08-10 21:26:37
SR005345,MED0332,Tripoli,Tajoura,2026-07-06 05:41:06
SR005346,MED0049,Tripoli,Souq Al Juma'a,2026-06-19 02:39:30
SR005347,MED0207,Misrata,Al-Ghiran,2026-06-30 07:06:03
SR005348,MED0201,Tripoli,Souq Al Juma'a,2026-07-15 12:33:25
SR005349,MED0461,Tripoli,Tajoura,2026-05-12 19:57:10
SR005350,MED0006,Tripoli,Abu Salim,2026-07-25 01:34:37
SR005351,MED0466,Tripoli,Tajoura,2026-02-12 03:33:56
SR005352,MED0299,Sabha,Tayouri,2026-07-31 07:47:23
SR005353,MED0149,Tripoli,Tajoura,2026-07-14 18:46:34
SR005354,MED0207,Misrata,Qasr Ahmad,2026-05-04 05:41:30
SR005355,MED0047,Tripoli,Fashloum,2026-08-08 01:36:34
SR005356,MED0161,Tripoli,Hay Al-Andalus,2026-05-02 23:07:48
SR005357,MED0209,Tripoli,Fashloum,2026-06-23 08:37:11
SR005358,MED0455,Tripoli,Gargaresh,2026-06-09 08:11:23
SR005359,MED0396,Tripoli,Ain Zara,2026-08-08 01:20:18
SR005360,MED0207,Tripoli,Fashloum,2026-08-05 02:39:03
SR005361,MED0248,Benghazi,Al-Sabri,2026-04-10 06:54:50
SR005362,MED0499,Sabha,Tayouri,2026-07-27 06:59:36
SR005363,MED0347,Tripoli,Janzour,2026-07-20 23:48:54
SR005364,MED0438,Misrata,Al-Ghiran,2026-04-24 17:13:23
SR005365,MED0049,Tripoli,Abu Salim,2026-05-06 20:19:49
SR005366,MED0033,Tripoli,Janzour,2026-06-19 15:02:07
SR005367,MED0187,Tripoli,Ain Zara,2026-06-24 04:30:26
SR005368,MED0450,Tripoli,Janzour,2026-07-13 14:50:03
SR005369,MED0179,Benghazi,Al-Selmani,2026-05-17 20:53:57
SR005370,MED0019,Tripoli,Gargaresh,2026-08-20 00:37:06
SR005371,MED0297,Tripoli,Abu Salim,2026-07-22 07:13:20
SR005372,MED0003,Tripoli,Abu Salim,2026-08-16 03:47:38
SR005373,MED0242,Tripoli,Ain Zara,2026-07-27 16:26:18
SR005374,MED0369,Zawiya,Al-Harsha,2026-08-02 13:37:18
SR005375,MED0355,Benghazi,Al-Sabri,2026-07-16 14:13:14
SR005376,MED0257,Tripoli,Janzour,2026-08-18 05:38:36
SR005377,MED0476,Misrata,Qasr Ahmad,2026-08-01 06:16:42
SR005378,MED0083,Tripoli,Janzour,2026-04-15 04:05:12
SR005379,MED0247,Tripoli,Ain Zara,2026-07-06 00:27:14
SR005380,MED0175,Misrata,Al-Karareem,2026-06-05 21:59:40
SR005381,MED0175,Tripoli,Abu Salim,2026-08-06 21:20:41
SR005382,MED0284,Benghazi,Al-Selmani,2026-05-09 11:45:58
SR005383,MED0467,Tripoli,Ain Zara,2026-04-21 03:00:35
SR005384,MED0351,Misrata,Qasr Ahmad,2026-04-06 15:43:33
SR005385,MED0397,Tripoli,Ain Zara,2026-06-17 07:15:57
SR005386,MED0502,Tripoli,Gargaresh,2026-07-16 20:50:36
SR005387,MED0455,Tripoli,Gargaresh,2026-03-10 15:04:57
SR005388,MED0436,Tripoli,Abu Salim,2026-06-27 06:03:21
SR005389,MED0289,Benghazi,Al-Selmani,2026-06-30 02:02:57
SR005390,MED0161,Tripoli,Hay Al-Andalus,2026-04-28 00:40:44
SR005391,MED0288,Tripoli,Hay Al-Andalus,2026-08-09 06:19:45
SR005392,MED0034,Benghazi,Al-Berka,2026-06-30 21:27:05
SR005393,MED0039,Tripoli,Gargaresh,2026-07-09 08:10:53
SR005394,MED0451,Misrata,Zawiyat Al-Mahjoub,2026-02-25 11:39:32
SR005395,MED0390,Tripoli,Souq Al Juma'a,2026-08-02 17:05:08
SR005396,MED0124,Tripoli,Gargaresh,2026-08-14 09:57:36
SR005397,MED0470,Tripoli,Tajoura,2026-06-19 19:33:34
SR005398,MED0064,Tripoli,Gargaresh,2026-08-20 07:32:12
SR005399,MED0353,Tripoli,Abu Salim,2026-07-11 08:34:33
SR005400,MED0097,Tripoli,Tajoura,2026-08-02 10:30:16
SR005401,MED0117,Misrata,Al-Karareem,2026-07-25 22:01:39
SR005402,MED0373,Tripoli,Janzour,2026-06-12 05:44:30
SR005403,MED0044,Tripoli,Tajoura,2026-07-21 18:28:45
SR005404,MED0014,Misrata,Al-Karareem,2026-04-16 00:45:07
SR005405,MED0172,Tripoli,Hay Al-Andalus,2026-07-23 12:26:47
SR005406,MED0169,Tripoli,Gargaresh,2026-08-14 02:50:52
SR005407,MED0277,Benghazi,Al-Hadaeq,2026-07-06 09:46:44
SR005408,MED0333,Sabha,Al-Manshiya,2026-05-16 15:23:58
SR005409,MED0179,Tripoli,Souq Al Juma'a,2026-03-25 09:14:09
SR005410,MED0411,Tripoli,Tajoura,2026-03-27 21:18:23
SR005411,MED0126,Tripoli,Ain Zara,2026-08-02 09:03:20
SR005412,MED0131,Misrata,Al-Ghiran,2026-08-08 20:45:53
SR005413,MED0120,Misrata,Qasr Ahmad,2026-06-22 16:10:20
SR005414,MED0329,Misrata,Al-Ghiran,2026-08-03 08:21:42
SR005415,MED0467,Tripoli,Hay Al-Andalus,2026-07-24 18:32:26
SR005416,MED0202,Tripoli,Hay Al-Andalus,2026-06-19 19:24:05
SR005417,MED0416,Tripoli,Abu Salim,2026-07-21 11:37:11
SR005418,MED0162,Tripoli,Janzour,2026-06-26 11:59:38
SR005419,MED0132,Tripoli,Fashloum,2026-07-21 11:19:53
SR005420,MED0409,Tripoli,Tajoura,2026-06-07 18:10:14
SR005421,MED0019,Zawiya,Al-Harsha,2026-07-25 00:56:45
SR005422,MED0415,Benghazi,Al-Berka,2026-06-01 09:20:54
SR005423,MED0156,Benghazi,Al-Selmani,2026-08-10 21:31:25
SR005424,MED0157,Tripoli,Abu Salim,2026-08-04 22:54:31
SR005425,MED0191,Tripoli,Ain Zara,2026-08-14 22:56:24
SR005426,MED0406,Tripoli,Tajoura,2026-07-24 10:20:53
SR005427,MED0039,Tripoli,Gargaresh,2026-07-24 18:57:35
SR005428,MED0054,Benghazi,Al-Berka,2026-07-17 12:20:55
SR005429,MED0017,Tripoli,Fashloum,2026-07-11 13:43:42
SR005430,MED0497,Tripoli,Hay Al-Andalus,2026-04-25 04:05:35
SR005431,MED0407,Tripoli,Janzour,2026-05-16 19:26:27
SR005432,MED0202,Tripoli,Abu Salim,2026-08-02 14:08:15
SR005433,MED0083,Benghazi,Al-Hadaeq,2026-06-29 14:19:47
SR005434,MED0388,Tripoli,Souq Al Juma'a,2026-06-13 00:57:46
SR005435,MED0264,Tripoli,Hay Al-Andalus,2026-05-10 03:44:30
SR005436,MED0513,Benghazi,Al-Selmani,2026-06-10 00:27:18
SR005437,MED0176,Misrata,Zawiyat Al-Mahjoub,2026-07-06 07:47:33
SR005438,MED0477,Tripoli,Tajoura,2026-03-07 09:40:40
SR005439,MED0240,Benghazi,Al-Fuwayhat,2026-07-20 22:31:01
SR005440,MED0041,Tripoli,Tajoura,2026-06-03 21:55:11
SR005441,MED0272,Tripoli,Tajoura,2026-05-21 19:05:59
SR005442,MED0139,Misrata,Al-Ghiran,2026-06-20 13:21:16
SR005443,MED0029,Tripoli,Janzour,2026-04-13 09:57:34
SR005444,MED0408,Tripoli,Gargaresh,2026-07-29 16:31:06
SR005445,MED0328,Benghazi,Al-Hadaeq,2026-05-05 18:22:02
SR005446,MED0449,Tripoli,Gargaresh,2026-03-17 04:28:35
SR005447,MED0355,Tripoli,Souq Al Juma'a,2026-05-14 00:45:46
SR005448,MED0061,Misrata,Qasr Ahmad,2026-03-12 08:39:26
SR005449,MED0512,Tripoli,Souq Al Juma'a,2026-06-01 23:29:17
SR005450,MED0214,Benghazi,Al-Sabri,2026-02-14 13:33:00
SR005451,MED0011,Benghazi,Al-Berka,2026-06-29 06:41:47
SR005452,MED0317,Tripoli,Tajoura,2026-06-07 14:47:20
SR005453,MED0122,Tripoli,Gargaresh,2026-08-02 17:31:04
SR005454,MED0287,Benghazi,Al-Berka,2026-02-26 16:18:34
SR005455,MED0284,Misrata,Al-Karareem,2026-07-20 10:23:58
SR005456,MED0049,Tripoli,Janzour,2026-06-23 01:58:42
SR005457,MED0337,Zawiya,Bir Al-Ghanam,2026-04-06 22:57:04
SR005458,MED0309,Tripoli,Fashloum,2026-06-20 10:54:14
SR005459,MED0245,Zawiya,Bir Al-Ghanam,2026-08-08 09:33:13
SR005460,MED0237,Tripoli,Abu Salim,2026-03-29 22:10:32
SR005461,MED0451,Tripoli,Souq Al Juma'a,2026-07-18 21:49:48
SR005462,MED0186,Tripoli,Tajoura,2026-07-22 05:59:23
SR005463,MED0444,Tripoli,Souq Al Juma'a,2026-06-26 07:30:46
SR005464,MED0227,Tripoli,Janzour,2026-08-12 13:26:12
SR005465,MED0507,Tripoli,Fashloum,2026-07-09 14:37:51
SR005466,MED0142,Benghazi,Al-Fuwayhat,2026-07-13 10:56:05
SR005467,MED0438,Zawiya,Al-Harsha,2026-02-27 06:43:38
SR005468,MED0019,Benghazi,Al-Selmani,2026-06-21 01:04:28
SR005469,MED0094,Zawiya,Al-Mashtal,2026-08-02 23:48:40
SR005470,MED0305,Misrata,Qasr Ahmad,2026-08-10 12:42:38
SR005471,MED0095,Zawiya,Al-Harsha,2026-07-19 01:43:23
SR005472,MED0144,Zawiya,Al-Mashtal,2026-06-29 12:03:01
SR005473,MED0457,Tripoli,Abu Salim,2026-04-10 12:53:36
SR005474,MED0510,Tripoli,Tajoura,2026-06-28 04:07:27
SR005475,MED0020,Tripoli,Ain Zara,2026-06-05 10:22:42
SR005476,MED0074,Benghazi,Al-Fuwayhat,2026-03-29 23:56:14
SR005477,MED0260,Tripoli,Janzour,2026-07-07 01:10:35
SR005478,MED0234,Sabha,Al-Dawwar,2026-06-21 19:15:27
SR005479,MED0174,Tripoli,Souq Al Juma'a,2026-05-23 17:17:27
SR005480,MED0457,Benghazi,Al-Selmani,2026-06-28 20:21:42
SR005481,MED0251,Tripoli,Abu Salim,2026-06-08 03:47:23
SR005482,MED0495,Misrata,Zawiyat Al-Mahjoub,2026-08-19 10:15:08
SR005483,MED0013,Misrata,Al-Karareem,2026-05-07 20:59:20
SR005484,MED0219,Benghazi,Al-Selmani,2026-06-17 22:50:37
SR005485,MED0064,Tripoli,Gargaresh,2026-05-29 05:05:10
SR005486,MED0297,Tripoli,Souq Al Juma'a,2026-06-20 17:04:41
SR005487,MED0147,Tripoli,Tajoura,2026-07-12 08:52:08
SR005488,MED0296,Sabha,Tayouri,2026-06-01 13:15:37
SR005489,MED0160,Misrata,Zawiyat Al-Mahjoub,2026-05-04 15:50:58
SR005490,MED0144,Tripoli,Ain Zara,2026-05-31 17:08:38
SR005491,MED0213,Tripoli,Ain Zara,2026-04-12 12:44:08
SR005492,MED0282,Tripoli,Abu Salim,2026-06-12 10:43:32
SR005493,MED0027,Tripoli,Fashloum,2026-07-31 10:29:51
SR005494,MED0357,Benghazi,Al-Fuwayhat,2026-06-08 02:34:42
SR005495,MED0134,Tripoli,Janzour,2026-05-21 15:18:11
SR005496,MED0034,Tripoli,Gargaresh,2026-04-23 11:48:05
SR005497,MED0339,Tripoli,Hay Al-Andalus,2026-04-09 11:17:09
SR005498,MED0289,Tripoli,Hay Al-Andalus,2026-08-20 02:22:11
SR005499,MED0515,Tripoli,Hay Al-Andalus,2026-06-28 02:08:40
SR005500,MED0487,Benghazi,Al-Fuwayhat,2026-04-22 02:00:51
SR005501,MED0119,Tripoli,Fashloum,2026-08-13 23:33:15
SR005502,MED0426,Tripoli,Hay Al-Andalus,2026-03-31 00:41:03
SR005503,MED0036,Tripoli,Ain Zara,2026-06-25 04:49:49
SR005504,MED0350,Tripoli,Souq Al Juma'a,2026-07-30 04:58:04
SR005505,MED0127,Tripoli,Fashloum,2026-08-08 10:58:27
SR005506,MED0323,Misrata,Zawiyat Al-Mahjoub,2026-06-02 09:29:29
SR005507,MED0323,Tripoli,Souq Al Juma'a,2026-04-30 02:54:37
SR005508,MED0337,Tripoli,Souq Al Juma'a,2026-08-07 21:00:26
SR005509,MED0198,Tripoli,Souq Al Juma'a,2026-04-01 14:10:13
SR005510,MED0380,Benghazi,Al-Sabri,2026-06-03 04:25:11
SR005511,MED0382,Misrata,Al-Ghiran,2026-07-03 12:41:38
SR005512,MED0439,Tripoli,Hay Al-Andalus,2026-05-31 12:04:36
SR005513,MED0369,Benghazi,Al-Berka,2026-06-23 11:44:29
SR005514,MED0333,Tripoli,Gargaresh,2026-07-19 21:40:49
SR005515,MED0226,Tripoli,Hay Al-Andalus,2026-07-12 01:20:58
SR005516,MED0318,Sabha,Al-Manshiya,2026-07-18 21:35:49
SR005517,MED0504,Tripoli,Souq Al Juma'a,2026-05-03 00:29:29
SR005518,MED0220,Benghazi,Al-Berka,2026-06-30 14:35:08
SR005519,MED0413,Tripoli,Souq Al Juma'a,2026-04-21 03:23:42
SR005520,MED0053,Tripoli,Ain Zara,2026-04-24 13:51:10
SR005521,MED0328,Benghazi,Al-Selmani,2026-07-08 19:09:24
SR005522,MED0221,Tripoli,Souq Al Juma'a,2026-07-03 14:01:37
SR005523,MED0496,Tripoli,Tajoura,2026-08-10 16:02:54
SR005524,MED0410,Tripoli,Abu Salim,2026-03-05 10:50:58
SR005525,MED0129,Benghazi,Al-Hadaeq,2026-04-08 18:48:59
SR005526,MED0087,Tripoli,Hay Al-Andalus,2026-08-01 08:51:24
SR005527,MED0163,Tripoli,Tajoura,2026-08-18 18:38:34
SR005528,MED0256,Tripoli,Hay Al-Andalus,2026-05-08 09:32:32
SR005529,MED0088,Tripoli,Gargaresh,2026-07-26 04:23:46
SR005530,MED0332,Misrata,Zawiyat Al-Mahjoub,2026-05-22 12:14:31
SR005531,MED0016,Benghazi,Al-Selmani,2026-02-23 16:58:44
SR005532,MED0515,Tripoli,Ain Zara,2026-08-01 02:43:03
SR005533,MED0053,Tripoli,Fashloum,2026-07-20 20:10:31
SR005534,MED0409,Misrata,Qasr Ahmad,2026-07-26 13:05:30
SR005535,MED0371,Tripoli,Abu Salim,2026-06-05 14:16:55
SR005536,MED0357,Tripoli,Tajoura,2026-06-14 06:33:12
SR005537,MED0328,Benghazi,Al-Fuwayhat,2026-08-11 17:05:29
SR005538,MED0290,Zawiya,Al-Harsha,2026-06-22 12:30:42
SR005539,MED0080,Tripoli,Hay Al-Andalus,2026-04-17 21:37:02
SR005540,MED0202,Tripoli,Abu Salim,2026-06-20 02:05:41
SR005541,MED0049,Zliten,Souq Al-Thulatha,2026-05-06 20:33:02
SR005542,MED0106,Misrata,Al-Ghiran,2026-05-23 04:57:54
SR005543,MED0041,Benghazi,Al-Selmani,2026-08-16 13:45:33
SR005544,MED0508,Benghazi,Al-Berka,2026-07-08 23:40:28
SR005545,MED0131,Tripoli,Hay Al-Andalus,2026-06-13 10:31:51
SR005546,MED0075,Tripoli,Janzour,2026-08-01 06:06:38
SR005547,MED0397,Tripoli,Ain Zara,2026-07-13 08:17:13
SR005548,MED0417,Benghazi,Al-Sabri,2026-07-12 05:46:19
SR005549,MED0242,Tripoli,Ain Zara,2026-06-30 12:57:30
SR005550,MED0437,Zawiya,Bir Al-Ghanam,2026-08-03 09:48:16
SR005551,MED0438,Tripoli,Ain Zara,2026-07-16 14:43:21
SR005552,MED0346,Tripoli,Hay Al-Andalus,2026-05-07 14:51:22
SR005553,MED0021,Tripoli,Janzour,2026-06-27 22:48:49
SR005554,MED0318,Benghazi,Al-Selmani,2026-07-18 17:05:47
SR005555,MED0128,Tripoli,Abu Salim,2026-07-18 04:10:49
SR005556,MED0179,Tripoli,Souq Al Juma'a,2026-06-30 01:45:13
SR005557,MED0257,Tripoli,Tajoura,2026-04-09 03:53:17
SR005558,MED0369,Tripoli,Janzour,2026-07-05 00:18:29
SR005559,MED0085,Tripoli,Fashloum,2026-04-06 03:17:41
SR005560,MED0153,Benghazi,Al-Selmani,2026-07-07 21:13:44
SR005561,MED0406,Tripoli,Gargaresh,2026-07-26 03:49:52
SR005562,MED0134,Tripoli,Hay Al-Andalus,2026-08-04 01:12:08
SR005563,MED0343,Benghazi,Al-Selmani,2026-05-12 07:48:47
SR005564,MED0201,Tripoli,Abu Salim,2026-05-31 16:03:43
SR005565,MED0116,Tripoli,Ain Zara,2026-07-11 22:34:26
SR005566,MED0488,Tripoli,Abu Salim,2026-05-25 02:42:11
SR005567,MED0289,Tripoli,Abu Salim,2026-07-22 00:43:30
SR005568,MED0455,Sabha,Al-Manshiya,2026-04-29 21:15:57
SR005569,MED0430,Tripoli,Gargaresh,2026-06-12 20:29:37
SR005570,MED0125,Misrata,Qasr Ahmad,2026-01-30 03:35:43
SR005571,MED0514,Benghazi,Al-Sabri,2026-06-14 12:11:23
SR005572,MED0167,Tripoli,Tajoura,2026-05-09 20:43:57
SR005573,MED0193,Zawiya,Bir Al-Ghanam,2026-07-26 09:02:32
SR005574,MED0085,Tripoli,Janzour,2026-07-24 23:58:43
SR005575,MED0497,Tripoli,Souq Al Juma'a,2026-05-08 06:57:39
SR005576,MED0024,Benghazi,Al-Sabri,2026-04-24 08:22:12
SR005577,MED0305,Misrata,Zawiyat Al-Mahjoub,2026-07-20 13:35:47
SR005578,MED0027,Benghazi,Al-Hadaeq,2026-04-08 19:03:13
SR005579,MED0130,Tripoli,Gargaresh,2026-07-12 18:04:50
SR005580,MED0353,Benghazi,Al-Hadaeq,2026-08-03 12:11:13
SR005581,MED0149,Tripoli,Janzour,2026-04-25 20:37:11
SR005582,MED0197,Tripoli,Tajoura,2026-07-22 04:51:48
SR005583,MED0305,Tripoli,Souq Al Juma'a,2026-06-30 17:13:27
SR005584,MED0123,Zawiya,Bir Al-Ghanam,2026-06-09 11:20:03
SR005585,MED0172,Benghazi,Al-Sabri,2026-08-17 18:28:01
SR005586,MED0422,Tripoli,Fashloum,2026-04-11 13:35:36
SR005587,MED0353,Tripoli,Ain Zara,2026-04-21 01:34:32
SR005588,MED0440,Misrata,Al-Karareem,2026-08-06 08:39:11
SR005589,MED0513,Benghazi,Al-Selmani,2026-06-13 02:39:23
SR005590,MED0369,Tripoli,Hay Al-Andalus,2026-06-23 22:11:50
SR005591,MED0056,Tripoli,Tajoura,2026-08-19 07:29:15
SR005592,MED0202,Zliten,Souq Al-Thulatha,2026-07-20 09:20:05
SR005593,MED0210,Tripoli,Abu Salim,2026-07-21 05:15:12
SR005594,MED0020,Tripoli,Hay Al-Andalus,2026-07-29 12:00:20
SR005595,MED0072,Tripoli,Janzour,2026-04-17 15:58:18
SR005596,MED0414,Tripoli,Tajoura,2026-06-08 08:42:12
SR005597,MED0420,Tripoli,Abu Salim,2026-07-21 00:11:50
SR005598,MED0491,Tripoli,Gargaresh,2026-06-22 20:27:43
SR005599,MED0493,Benghazi,Al-Berka,2026-07-09 16:39:11
SR005600,MED0147,Zawiya,Bir Al-Ghanam,2026-07-19 13:01:50
SR005601,MED0115,Zliten,Al-Qasabat,2026-04-13 06:15:34
SR005602,MED0496,Tripoli,Janzour,2026-06-11 16:45:04
SR005603,MED0416,Misrata,Al-Karareem,2026-04-24 22:33:37
SR005604,MED0466,Benghazi,Al-Berka,2026-07-10 17:52:45
SR005605,MED0238,Benghazi,Al-Hadaeq,2026-05-15 00:59:04
SR005606,MED0244,Tripoli,Abu Salim,2026-07-07 02:49:49
SR005607,MED0305,Misrata,Zawiyat Al-Mahjoub,2026-06-16 07:12:51
SR005608,MED0429,Benghazi,Al-Sabri,2026-03-11 15:45:44
SR005609,MED0515,Misrata,Al-Ghiran,2026-04-30 23:59:26
SR005610,MED0425,Tripoli,Fashloum,2026-08-04 11:19:35
SR005611,MED0082,Tripoli,Hay Al-Andalus,2026-05-10 14:42:38
SR005612,MED0416,Benghazi,Al-Fuwayhat,2026-08-01 01:18:09
SR005613,MED0124,Benghazi,Al-Fuwayhat,2026-08-02 06:38:58
SR005614,MED0133,Tripoli,Ain Zara,2026-07-27 08:50:39
SR005615,MED0076,Tripoli,Tajoura,2026-06-04 04:18:11
SR005616,MED0435,Tripoli,Ain Zara,2026-04-21 01:51:51
SR005617,MED0431,Benghazi,Al-Selmani,2026-04-23 20:41:58
SR005618,MED0369,Tripoli,Ain Zara,2026-07-29 17:04:50
SR005619,MED0153,Misrata,Al-Ghiran,2026-03-19 07:05:23
SR005620,MED0284,Benghazi,Al-Fuwayhat,2026-05-31 05:09:19
SR005621,MED0460,Benghazi,Al-Sabri,2026-08-19 21:31:07
SR005622,MED0234,Zawiya,Bir Al-Ghanam,2026-04-24 22:02:58
SR005623,MED0381,Tripoli,Janzour,2026-07-02 20:48:42
SR005624,MED0316,Benghazi,Al-Berka,2026-06-01 20:07:57
SR005625,MED0404,Tripoli,Abu Salim,2026-08-03 14:32:45
SR005626,MED0025,Tripoli,Souq Al Juma'a,2026-07-06 13:00:32
SR005627,MED0359,Tripoli,Tajoura,2026-07-18 05:26:10
SR005628,MED0016,Zliten,Al-Qasabat,2026-06-26 00:19:17
SR005629,MED0025,Misrata,Zawiyat Al-Mahjoub,2026-07-03 16:48:21
SR005630,MED0010,Tripoli,Ain Zara,2026-07-27 12:58:40
SR005631,MED0286,Tripoli,Abu Salim,2026-07-25 10:52:54
SR005632,MED0100,Benghazi,Al-Hadaeq,2026-07-25 04:25:34
SR005633,MED0138,Zliten,Souq Al-Thulatha,2026-05-14 23:36:05
SR005634,MED0161,Tripoli,Souq Al Juma'a,2026-04-07 23:30:36
SR005635,MED0385,Tripoli,Gargaresh,2026-05-22 17:44:45
SR005636,MED0096,Misrata,Al-Ghiran,2026-04-30 17:53:41
SR005637,MED0360,Zawiya,Bir Al-Ghanam,2026-06-18 13:21:01
SR005638,MED0451,Tripoli,Souq Al Juma'a,2026-04-07 07:51:44
SR005639,MED0297,Tripoli,Souq Al Juma'a,2026-08-17 10:33:32
SR005640,MED0146,Tripoli,Janzour,2026-07-25 09:00:09
SR005641,MED0392,Tripoli,Fashloum,2026-07-10 08:28:40
SR005642,MED0241,Misrata,Al-Karareem,2026-04-20 17:37:33
SR005643,MED0304,Tripoli,Fashloum,2026-06-02 18:24:03
SR005644,MED0023,Tripoli,Gargaresh,2026-04-07 18:31:39
SR005645,MED0221,Sabha,Al-Manshiya,2026-07-11 13:50:21
SR005646,MED0079,Tripoli,Fashloum,2026-05-28 14:28:48
SR005647,MED0016,Tripoli,Ain Zara,2026-07-10 22:26:32
SR005648,MED0286,Tripoli,Janzour,2026-07-06 03:57:59
SR005649,MED0040,Tripoli,Gargaresh,2026-07-12 17:05:01
SR005650,MED0297,Sabha,Al-Manshiya,2026-06-28 01:58:09
SR005651,MED0061,Misrata,Zawiyat Al-Mahjoub,2026-02-11 14:42:38
SR005652,MED0134,Misrata,Al-Karareem,2026-06-06 21:56:38
SR005653,MED0056,Tripoli,Souq Al Juma'a,2026-08-18 10:12:14
SR005654,MED0197,Benghazi,Al-Berka,2026-08-02 01:59:02
SR005655,MED0350,Misrata,Qasr Ahmad,2026-03-28 11:27:51
SR005656,MED0386,Tripoli,Ain Zara,2026-08-03 20:19:59
SR005657,MED0194,Tripoli,Abu Salim,2026-06-29 22:57:33
SR005658,MED0378,Tripoli,Fashloum,2026-06-04 09:09:52
SR005659,MED0030,Tripoli,Gargaresh,2026-07-24 08:17:54
SR005660,MED0380,Misrata,Qasr Ahmad,2026-04-05 03:44:37
SR005661,MED0416,Tripoli,Ain Zara,2026-03-28 05:54:34
SR005662,MED0299,Benghazi,Al-Berka,2026-05-18 06:39:29
SR005663,MED0405,Tripoli,Souq Al Juma'a,2026-08-16 04:45:51
SR005664,MED0079,Tripoli,Souq Al Juma'a,2026-08-02 18:42:35
SR005665,MED0017,Tripoli,Tajoura,2026-02-20 20:19:18
SR005666,MED0468,Tripoli,Tajoura,2026-08-11 10:09:09
SR005667,MED0016,Benghazi,Al-Sabri,2026-04-22 02:28:05
SR005668,MED0490,Tripoli,Fashloum,2026-05-26 12:43:56
SR005669,MED0100,Tripoli,Abu Salim,2026-08-14 02:57:39
SR005670,MED0133,Tripoli,Fashloum,2026-03-13 10:52:53
SR005671,MED0126,Tripoli,Hay Al-Andalus,2026-07-07 01:09:40
SR005672,MED0452,Tripoli,Hay Al-Andalus,2026-08-18 00:18:03
SR005673,MED0199,Tripoli,Gargaresh,2026-08-02 04:59:32
SR005674,MED0072,Tripoli,Hay Al-Andalus,2026-04-18 16:53:08
SR005675,MED0221,Misrata,Zawiyat Al-Mahjoub,2026-06-13 03:54:55
SR005676,MED0333,Tripoli,Hay Al-Andalus,2026-08-11 01:48:07
SR005677,MED0004,Benghazi,Al-Berka,2026-07-21 12:49:16
SR005678,MED0030,Tripoli,Abu Salim,2026-08-20 01:57:20
SR005679,MED0349,Tripoli,Janzour,2026-07-28 15:16:38
SR005680,MED0202,Tripoli,Abu Salim,2026-08-07 20:28:26
SR005681,MED0460,Tripoli,Abu Salim,2026-07-21 00:44:39
SR005682,MED0239,Zawiya,Al-Harsha,2026-05-23 06:43:28
SR005683,MED0386,Tripoli,Abu Salim,2026-05-09 09:57:01
SR005684,MED0463,Benghazi,Al-Fuwayhat,2026-08-03 17:07:50
SR005685,MED0406,Tripoli,Souq Al Juma'a,2026-06-03 00:24:18
SR005686,MED0263,Tripoli,Fashloum,2026-04-23 03:52:29
SR005687,MED0107,Tripoli,Gargaresh,2026-08-04 20:19:21
SR005688,MED0024,Sabha,Al-Dawwar,2026-07-26 02:31:16
SR005689,MED0507,Tripoli,Souq Al Juma'a,2026-07-01 21:09:35
SR005690,MED0001,Tripoli,Souq Al Juma'a,2026-08-18 08:06:22
SR005691,MED0451,Tripoli,Souq Al Juma'a,2026-08-03 00:31:17
SR005692,MED0291,Misrata,Qasr Ahmad,2026-08-09 00:38:39
SR005693,MED0364,Tripoli,Abu Salim,2026-07-08 09:07:40
SR005694,MED0428,Sabha,Al-Manshiya,2026-04-05 01:45:12
SR005695,MED0039,Tripoli,Janzour,2026-08-06 10:33:19
SR005696,MED0111,Tripoli,Fashloum,2026-07-24 04:46:32
SR005697,MED0252,Sabha,Al-Dawwar,2026-08-07 10:49:34
SR005698,MED0101,Tripoli,Fashloum,2026-03-03 02:40:03
SR005699,MED0029,Tripoli,Janzour,2026-07-28 15:24:18
SR005700,MED0427,Tripoli,Tajoura,2026-08-21 08:58:20
SR005701,MED0431,Zawiya,Al-Mashtal,2026-04-20 16:10:03
SR005702,MED0386,Benghazi,Al-Selmani,2026-06-04 13:21:24
SR005703,MED0271,Tripoli,Gargaresh,2026-05-16 15:30:33
SR005704,MED0506,Tripoli,Gargaresh,2026-08-15 05:40:19
SR005705,MED0127,Benghazi,Al-Hadaeq,2026-04-04 13:19:39
SR005706,MED0513,Tripoli,Gargaresh,2026-07-23 12:59:44
SR005707,MED0317,Misrata,Al-Karareem,2026-06-12 03:06:22
SR005708,MED0198,Zawiya,Al-Harsha,2026-07-24 02:56:21
SR005709,MED0422,Tripoli,Janzour,2026-04-30 11:46:56
SR005710,MED0370,Tripoli,Tajoura,2026-06-12 21:16:01
SR005711,MED0054,Zawiya,Al-Harsha,2026-06-13 11:03:28
SR005712,MED0238,Zliten,Al-Qasabat,2026-07-01 06:47:30
SR005713,MED0015,Benghazi,Al-Fuwayhat,2026-05-28 07:00:40
SR005714,MED0325,Misrata,Zawiyat Al-Mahjoub,2026-06-06 15:28:51
SR005715,MED0348,Tripoli,Souq Al Juma'a,2026-08-20 01:38:52
SR005716,MED0348,Tripoli,Souq Al Juma'a,2026-07-21 22:26:09
SR005717,MED0237,Zliten,Souq Al-Thulatha,2026-07-18 14:24:01
SR005718,MED0123,Tripoli,Hay Al-Andalus,2026-08-06 21:45:41
SR005719,MED0166,Tripoli,Gargaresh,2026-07-29 07:20:30
SR005720,MED0023,Tripoli,Janzour,2026-03-26 04:03:52
SR005721,MED0200,Tripoli,Tajoura,2026-07-10 17:24:01
SR005722,MED0308,Tripoli,Gargaresh,2026-04-15 20:22:34
SR005723,MED0438,Misrata,Zawiyat Al-Mahjoub,2026-03-27 09:24:28
SR005724,MED0199,Tripoli,Ain Zara,2026-03-06 21:58:59
SR005725,MED0463,Misrata,Al-Ghiran,2026-07-17 03:07:41
SR005726,MED0379,Benghazi,Al-Selmani,2026-03-24 20:47:39
SR005727,MED0039,Tripoli,Janzour,2026-07-17 14:11:40
SR005728,MED0185,Tripoli,Fashloum,2026-06-07 13:06:07
SR005729,MED0223,Tripoli,Fashloum,2026-05-18 14:38:48
SR005730,MED0039,Zliten,Al-Qasabat,2026-06-02 13:01:16
SR005731,MED0030,Misrata,Al-Ghiran,2026-05-31 22:39:43
SR005732,MED0117,Tripoli,Abu Salim,2026-08-16 17:39:44
SR005733,MED0411,Benghazi,Al-Selmani,2026-06-24 13:14:39
SR005734,MED0348,Tripoli,Tajoura,2026-07-10 11:20:17
SR005735,MED0206,Benghazi,Al-Berka,2026-06-19 12:55:53
SR005736,MED0126,Tripoli,Tajoura,2026-04-16 20:05:20
SR005737,MED0029,Tripoli,Fashloum,2026-03-11 04:36:22
SR005738,MED0198,Tripoli,Hay Al-Andalus,2026-07-26 11:53:37
SR005739,MED0322,Benghazi,Al-Berka,2026-07-23 17:13:37
SR005740,MED0155,Benghazi,Al-Hadaeq,2026-06-28 05:36:42
SR005741,MED0146,Tripoli,Souq Al Juma'a,2026-07-13 12:13:54
SR005742,MED0439,Tripoli,Janzour,2026-07-23 00:35:05
SR005743,MED0253,Benghazi,Al-Selmani,2026-07-21 20:39:52
SR005744,MED0218,Tripoli,Janzour,2026-05-19 07:31:19
SR005745,MED0409,Tripoli,Fashloum,2026-08-11 21:16:54
SR005746,MED0001,Tripoli,Souq Al Juma'a,2026-07-07 00:44:56
SR005747,MED0158,Zliten,Al-Qasabat,2026-07-03 15:16:26
SR005748,MED0072,Tripoli,Gargaresh,2026-06-04 22:33:55
SR005749,MED0141,Benghazi,Al-Sabri,2026-03-11 13:32:28
SR005750,MED0290,Misrata,Qasr Ahmad,2026-07-28 04:10:50
SR005751,MED0246,Misrata,Al-Karareem,2026-05-29 15:32:10
SR005752,MED0261,Tripoli,Janzour,2026-05-30 22:24:22
SR005753,MED0194,Tripoli,Janzour,2026-07-30 23:19:47
SR005754,MED0084,Tripoli,Tajoura,2026-06-13 01:51:25
SR005755,MED0179,Benghazi,Al-Sabri,2026-08-01 19:20:08
SR005756,MED0496,Tripoli,Janzour,2026-07-30 23:18:14
SR005757,MED0421,Tripoli,Gargaresh,2026-06-20 06:44:30
SR005758,MED0313,Tripoli,Tajoura,2026-06-02 02:35:39
SR005759,MED0463,Tripoli,Tajoura,2026-08-19 21:56:23
SR005760,MED0074,Tripoli,Abu Salim,2026-04-06 17:22:07
SR005761,MED0412,Tripoli,Souq Al Juma'a,2026-07-07 07:28:30
SR005762,MED0201,Tripoli,Tajoura,2026-08-03 16:55:58
SR005763,MED0064,Misrata,Zawiyat Al-Mahjoub,2026-06-13 11:06:23
SR005764,MED0180,Tripoli,Abu Salim,2026-06-04 18:00:03
SR005765,MED0299,Tripoli,Janzour,2026-07-18 19:44:51
SR005766,MED0103,Misrata,Al-Karareem,2026-08-20 06:19:04
SR005767,MED0199,Zawiya,Al-Harsha,2026-06-26 16:22:29
SR005768,MED0089,Tripoli,Ain Zara,2026-08-06 10:08:43
SR005769,MED0237,Sabha,Al-Manshiya,2026-08-05 18:12:07
SR005770,MED0404,Tripoli,Hay Al-Andalus,2026-05-12 12:18:23
SR005771,MED0221,Benghazi,Al-Selmani,2026-06-01 03:54:37
SR005772,MED0105,Tripoli,Janzour,2026-07-13 08:31:48
SR005773,MED0497,Misrata,Al-Karareem,2026-07-10 09:31:26
SR005774,MED0428,Misrata,Qasr Ahmad,2026-06-06 11:08:41
SR005775,MED0095,Tripoli,Gargaresh,2026-08-16 00:52:01
SR005776,MED0347,Tripoli,Fashloum,2026-06-29 14:07:56
SR005777,MED0207,Tripoli,Hay Al-Andalus,2026-07-26 09:06:17
SR005778,MED0456,Tripoli,Janzour,2026-06-07 23:13:56
SR005779,MED0369,Tripoli,Janzour,2026-08-15 04:07:39
SR005780,MED0453,Tripoli,Janzour,2026-08-06 01:00:44
SR005781,MED0333,Misrata,Al-Karareem,2026-05-14 15:25:55
SR005782,MED0404,Tripoli,Gargaresh,2026-04-09 20:40:20
SR005783,MED0449,Tripoli,Souq Al Juma'a,2026-07-08 17:27:09
SR005784,MED0441,Zawiya,Al-Harsha,2026-07-25 03:22:18
SR005785,MED0436,Misrata,Qasr Ahmad,2026-04-22 04:40:16
SR005786,MED0421,Tripoli,Hay Al-Andalus,2026-04-24 23:12:20
SR005787,MED0084,Tripoli,Janzour,2026-07-22 22:08:33
SR005788,MED0513,Tripoli,Souq Al Juma'a,2026-06-15 15:19:18
SR005789,MED0188,Benghazi,Al-Hadaeq,2026-08-10 17:46:53
SR005790,MED0425,Tripoli,Ain Zara,2026-06-23 19:00:44
SR005791,MED0362,Tripoli,Gargaresh,2026-06-19 22:38:57
SR005792,MED0345,Tripoli,Tajoura,2026-08-09 12:42:37
SR005793,MED0368,Tripoli,Gargaresh,2026-07-21 19:07:09
SR005794,MED0425,Tripoli,Tajoura,2026-04-28 12:11:51
SR005795,MED0007,Benghazi,Al-Berka,2026-06-18 16:39:23
SR005796,MED0491,Tripoli,Souq Al Juma'a,2026-03-28 16:27:38
SR005797,MED0064,Misrata,Zawiyat Al-Mahjoub,2026-06-11 23:37:40
SR005798,MED0042,Benghazi,Al-Sabri,2026-07-31 20:51:38
SR005799,MED0124,Tripoli,Gargaresh,2026-04-29 00:27:34
SR005800,MED0196,Tripoli,Tajoura,2026-06-07 17:47:11
SR005801,MED0131,Benghazi,Al-Fuwayhat,2026-06-26 13:45:30
SR005802,MED0120,Benghazi,Al-Hadaeq,2026-06-14 23:26:28
SR005803,MED0166,Tripoli,Hay Al-Andalus,2026-04-23 10:08:47
SR005804,MED0173,Misrata,Qasr Ahmad,2026-08-08 03:27:00
SR005805,MED0042,Tripoli,Tajoura,2026-08-15 16:46:43
SR005806,MED0420,Tripoli,Hay Al-Andalus,2026-06-18 00:21:43
SR005807,MED0176,Benghazi,Al-Berka,2026-05-16 02:18:59
SR005808,MED0173,Zliten,Al-Qasabat,2026-08-02 17:04:43
SR005809,MED0167,Benghazi,Al-Berka,2026-06-18 15:23:10
SR005810,MED0203,Tripoli,Fashloum,2026-08-04 14:35:35
SR005811,MED0113,Tripoli,Hay Al-Andalus,2026-07-12 13:56:47
SR005812,MED0387,Tripoli,Gargaresh,2026-07-03 20:16:26
SR005813,MED0098,Benghazi,Al-Selmani,2026-05-05 02:45:25
SR005814,MED0056,Benghazi,Al-Hadaeq,2026-06-23 18:56:34
SR005815,MED0381,Zawiya,Al-Mashtal,2026-07-17 12:29:57
SR005816,MED0030,Tripoli,Ain Zara,2026-07-26 03:08:20
SR005817,MED0218,Tripoli,Ain Zara,2026-04-09 20:57:52
SR005818,MED0408,Tripoli,Ain Zara,2026-08-01 20:10:43
SR005819,MED0369,Tripoli,Ain Zara,2026-08-12 22:33:22
SR005820,MED0509,Tripoli,Janzour,2026-08-06 23:57:09
SR005821,MED0025,Zawiya,Bir Al-Ghanam,2026-05-14 15:28:21
SR005822,MED0141,Tripoli,Ain Zara,2026-07-30 17:44:36
SR005823,MED0498,Tripoli,Souq Al Juma'a,2026-05-22 15:24:30
SR005824,MED0303,Misrata,Qasr Ahmad,2026-06-16 18:58:45
SR005825,MED0209,Tripoli,Ain Zara,2026-06-18 09:45:40
SR005826,MED0152,Zliten,Souq Al-Thulatha,2026-07-24 23:46:28
SR005827,MED0293,Tripoli,Ain Zara,2026-05-20 12:18:25
SR005828,MED0211,Tripoli,Souq Al Juma'a,2026-07-20 21:17:48
SR005829,MED0298,Tripoli,Tajoura,2026-06-17 16:41:24
SR005830,MED0322,Zawiya,Al-Harsha,2026-08-17 08:16:42
SR005831,MED0345,Benghazi,Al-Selmani,2026-06-07 15:44:44
SR005832,MED0100,Tripoli,Ain Zara,2026-07-07 10:41:04
SR005833,MED0369,Benghazi,Al-Berka,2026-08-20 07:59:10
SR005834,MED0203,Tripoli,Janzour,2026-07-16 18:32:07
SR005835,MED0455,Benghazi,Al-Selmani,2026-07-03 04:46:43
SR005836,MED0332,Misrata,Al-Karareem,2026-05-03 10:09:01
SR005837,MED0219,Benghazi,Al-Berka,2026-05-20 03:09:27
SR005838,MED0255,Benghazi,Al-Berka,2026-08-16 07:26:38
SR005839,MED0087,Tripoli,Gargaresh,2026-06-21 17:33:34
SR005840,MED0230,Zawiya,Al-Mashtal,2026-07-20 10:07:12
SR005841,MED0009,Tripoli,Tajoura,2026-06-16 19:17:26
SR005842,MED0476,Tripoli,Janzour,2026-07-09 02:59:11
SR005843,MED0066,Benghazi,Al-Fuwayhat,2026-08-06 05:31:02
SR005844,MED0026,Tripoli,Abu Salim,2026-07-30 05:01:41
SR005845,MED0384,Tripoli,Ain Zara,2026-07-17 10:53:21
SR005846,MED0074,Benghazi,Al-Fuwayhat,2026-05-31 20:07:59
SR005847,MED0417,Zawiya,Al-Harsha,2026-06-14 06:04:52
SR005848,MED0504,Tripoli,Janzour,2026-04-03 18:00:11
SR005849,MED0214,Tripoli,Janzour,2026-04-21 00:49:51
SR005850,MED0365,Tripoli,Souq Al Juma'a,2026-07-25 04:48:00
SR005851,MED0153,Benghazi,Al-Fuwayhat,2026-06-15 01:36:23
SR005852,MED0112,Misrata,Zawiyat Al-Mahjoub,2026-07-24 17:04:49
SR005853,MED0282,Misrata,Zawiyat Al-Mahjoub,2026-06-10 16:58:59
SR005854,MED0105,Tripoli,Abu Salim,2026-06-06 10:50:22
SR005855,MED0207,Tripoli,Souq Al Juma'a,2026-06-21 07:53:28
SR005856,MED0255,Tripoli,Tajoura,2026-05-15 22:32:29
SR005857,MED0030,Benghazi,Al-Fuwayhat,2026-07-21 12:55:11
SR005858,MED0114,Tripoli,Gargaresh,2026-05-12 15:59:55
SR005859,MED0199,Zawiya,Bir Al-Ghanam,2026-05-08 22:13:01
SR005860,MED0509,Tripoli,Hay Al-Andalus,2026-08-11 14:22:27
SR005861,MED0239,Tripoli,Fashloum,2026-07-26 08:54:43
SR005862,MED0338,Tripoli,Ain Zara,2026-08-03 12:17:43
SR005863,MED0263,Tripoli,Hay Al-Andalus,2026-07-27 21:54:28
SR005864,MED0433,Tripoli,Ain Zara,2026-07-24 04:51:27
SR005865,MED0381,Tripoli,Gargaresh,2026-05-31 10:15:12
SR005866,MED0194,Zliten,Souq Al-Thulatha,2026-07-08 09:38:29
SR005867,MED0416,Zawiya,Bir Al-Ghanam,2026-07-15 04:07:01
SR005868,MED0519,Tripoli,Fashloum,2026-04-04 00:42:43
SR005869,MED0056,Tripoli,Janzour,2026-08-02 03:11:36
SR005870,MED0174,Tripoli,Ain Zara,2026-07-25 19:31:37
SR005871,MED0085,Misrata,Qasr Ahmad,2026-07-20 20:15:49
SR005872,MED0241,Misrata,Qasr Ahmad,2026-08-05 03:11:37
SR005873,MED0501,Benghazi,Al-Sabri,2026-06-30 09:09:32
SR005874,MED0259,Benghazi,Al-Selmani,2026-07-10 13:28:46
SR005875,MED0135,Tripoli,Fashloum,2026-07-29 10:02:20
SR005876,MED0298,Tripoli,Fashloum,2026-07-01 11:05:43
SR005877,MED0017,Tripoli,Hay Al-Andalus,2026-02-08 09:39:57
SR005878,MED0103,Tripoli,Janzour,2026-07-03 19:12:41
SR005879,MED0159,Misrata,Al-Karareem,2026-05-10 23:46:59
SR005880,MED0469,Tripoli,Fashloum,2026-06-11 17:29:04
SR005881,MED0503,Tripoli,Tajoura,2026-07-26 18:38:58
SR005882,MED0219,Tripoli,Ain Zara,2026-08-21 04:51:05
SR005883,MED0178,Tripoli,Gargaresh,2026-04-05 05:11:15
SR005884,MED0272,Benghazi,Al-Fuwayhat,2026-07-24 02:31:54
SR005885,MED0319,Tripoli,Tajoura,2026-08-20 01:24:39
SR005886,MED0147,Tripoli,Gargaresh,2026-08-01 06:58:52
SR005887,MED0411,Tripoli,Ain Zara,2026-07-21 23:45:54
SR005888,MED0306,Tripoli,Janzour,2026-04-27 17:53:37
SR005889,MED0365,Tripoli,Souq Al Juma'a,2026-06-17 04:35:56
SR005890,MED0463,Zawiya,Bir Al-Ghanam,2026-07-10 14:46:47
SR005891,MED0299,Benghazi,Al-Sabri,2026-07-12 12:57:09
SR005892,MED0378,Tripoli,Tajoura,2026-05-12 04:57:32
SR005893,MED0411,Benghazi,Al-Sabri,2026-05-23 06:02:35
SR005894,MED0362,Tripoli,Janzour,2026-06-01 05:33:15
SR005895,MED0459,Misrata,Qasr Ahmad,2026-07-16 22:59:40
SR005896,MED0372,Tripoli,Fashloum,2026-04-02 22:07:27
SR005897,MED0453,Tripoli,Abu Salim,2026-06-16 09:56:08
SR005898,MED0131,Tripoli,Hay Al-Andalus,2026-05-21 16:03:56
SR005899,MED0320,Tripoli,Souq Al Juma'a,2026-08-06 00:15:01
SR005900,MED0093,Benghazi,Al-Hadaeq,2026-06-21 06:44:27
SR005901,MED0043,Benghazi,Al-Fuwayhat,2026-07-06 15:45:33
SR005902,MED0510,Zawiya,Al-Harsha,2026-05-26 02:28:01
SR005903,MED0058,Tripoli,Tajoura,2026-04-29 14:52:18
SR005904,MED0231,Zawiya,Al-Harsha,2026-04-03 04:44:31
SR005905,MED0170,Benghazi,Al-Selmani,2026-02-01 14:33:08
SR005906,MED0294,Tripoli,Hay Al-Andalus,2026-05-08 18:45:52
SR005907,MED0178,Tripoli,Fashloum,2026-05-30 12:34:53
SR005908,MED0478,Tripoli,Ain Zara,2026-07-22 05:45:42
SR005909,MED0324,Misrata,Al-Karareem,2026-07-01 02:35:49
SR005910,MED0236,Tripoli,Souq Al Juma'a,2026-04-08 20:17:43
SR005911,MED0056,Misrata,Qasr Ahmad,2026-07-21 02:01:00
SR005912,MED0439,Tripoli,Souq Al Juma'a,2026-06-20 06:47:23
SR005913,MED0005,Sabha,Al-Dawwar,2026-08-05 14:54:46
SR005914,MED0249,Benghazi,Al-Fuwayhat,2026-04-06 01:08:54
SR005915,MED0205,Tripoli,Abu Salim,2026-06-28 11:07:34
SR005916,MED0177,Tripoli,Gargaresh,2026-07-21 16:30:12
SR005917,MED0270,Benghazi,Al-Selmani,2026-05-22 10:26:05
SR005918,MED0161,Sabha,Tayouri,2026-07-08 11:35:28
SR005919,MED0320,Benghazi,Al-Berka,2026-06-19 15:03:48
SR005920,MED0515,Tripoli,Janzour,2026-06-21 18:26:53
SR005921,MED0074,Benghazi,Al-Berka,2026-07-07 23:25:39
SR005922,MED0155,Misrata,Al-Ghiran,2026-07-29 01:26:18
SR005923,MED0039,Tripoli,Abu Salim,2026-05-31 11:07:33
SR005924,MED0261,Tripoli,Ain Zara,2026-05-08 09:30:33
SR005925,MED0256,Misrata,Zawiyat Al-Mahjoub,2026-08-02 21:17:13
SR005926,MED0106,Tripoli,Tajoura,2026-05-23 09:06:30
SR005927,MED0237,Zawiya,Al-Mashtal,2026-06-23 19:04:15
SR005928,MED0183,Tripoli,Hay Al-Andalus,2026-06-13 11:14:50
SR005929,MED0222,Tripoli,Ain Zara,2026-08-17 20:23:05
SR005930,MED0094,Tripoli,Tajoura,2026-07-18 05:45:57
SR005931,MED0328,Zawiya,Bir Al-Ghanam,2026-07-07 01:41:08
SR005932,MED0477,Zliten,Al-Qasabat,2026-06-23 19:56:17
SR005933,MED0360,Tripoli,Gargaresh,2026-04-21 06:06:41
SR005934,MED0003,Tripoli,Tajoura,2026-08-13 08:11:32
SR005935,MED0392,Tripoli,Gargaresh,2026-06-08 17:44:21
SR005936,MED0209,Tripoli,Gargaresh,2026-06-30 14:19:19
SR005937,MED0394,Tripoli,Gargaresh,2026-07-07 04:23:56
SR005938,MED0446,Tripoli,Gargaresh,2026-06-21 06:45:36
SR005939,MED0235,Tripoli,Janzour,2026-08-06 20:53:58
SR005940,MED0268,Zliten,Al-Qasabat,2026-07-03 09:40:37
SR005941,MED0286,Misrata,Al-Ghiran,2026-08-07 18:42:22
SR005942,MED0158,Zawiya,Bir Al-Ghanam,2026-06-15 20:31:33
SR005943,MED0209,Tripoli,Souq Al Juma'a,2026-07-21 03:11:59
SR005944,MED0410,Benghazi,Al-Berka,2026-04-28 06:27:01
SR005945,MED0456,Benghazi,Al-Fuwayhat,2026-04-16 13:10:52
SR005946,MED0105,Tripoli,Fashloum,2026-05-18 10:35:43
SR005947,MED0395,Benghazi,Al-Fuwayhat,2026-06-21 23:18:31
SR005948,MED0409,Misrata,Zawiyat Al-Mahjoub,2026-07-31 12:52:33
SR005949,MED0047,Tripoli,Janzour,2026-07-17 17:36:02
SR005950,MED0331,Tripoli,Abu Salim,2026-05-13 08:44:34
SR005951,MED0097,Sabha,Tayouri,2026-08-07 18:51:07
SR005952,MED0499,Tripoli,Abu Salim,2026-08-17 15:28:24
SR005953,MED0346,Tripoli,Abu Salim,2026-04-07 23:17:08
SR005954,MED0115,Zliten,Souq Al-Thulatha,2026-04-19 12:56:49
SR005955,MED0428,Benghazi,Al-Fuwayhat,2026-08-17 16:19:13
SR005956,MED0054,Tripoli,Tajoura,2026-04-26 09:31:24
SR005957,MED0320,Benghazi,Al-Hadaeq,2026-07-25 00:31:57
SR005958,MED0174,Tripoli,Hay Al-Andalus,2026-08-13 13:43:11
SR005959,MED0221,Tripoli,Souq Al Juma'a,2026-07-27 15:07:17
SR005960,MED0430,Zawiya,Bir Al-Ghanam,2026-06-08 13:02:32
SR005961,MED0468,Tripoli,Abu Salim,2026-08-09 01:20:47
SR005962,MED0371,Tripoli,Janzour,2026-02-18 06:32:52
SR005963,MED0248,Misrata,Zawiyat Al-Mahjoub,2026-07-04 07:58:27
SR005964,MED0080,Tripoli,Gargaresh,2026-08-08 12:06:30
SR005965,MED0302,Benghazi,Al-Selmani,2026-08-07 20:29:08
SR005966,MED0008,Benghazi,Al-Berka,2026-06-21 19:01:41
SR005967,MED0008,Sabha,Al-Manshiya,2026-05-30 15:06:41
SR005968,MED0183,Zliten,Al-Qasabat,2026-07-24 22:57:13
SR005969,MED0336,Tripoli,Abu Salim,2026-05-08 13:20:26
SR005970,MED0437,Tripoli,Ain Zara,2026-04-09 01:30:46
SR005971,MED0188,Tripoli,Tajoura,2026-07-26 02:41:42
SR005972,MED0019,Tripoli,Souq Al Juma'a,2026-02-09 23:25:05
SR005973,MED0032,Tripoli,Souq Al Juma'a,2026-04-24 19:37:00
SR005974,MED0341,Benghazi,Al-Berka,2026-07-27 01:31:10
SR005975,MED0292,Tripoli,Janzour,2026-07-09 17:27:03
SR005976,MED0378,Benghazi,Al-Selmani,2026-05-30 00:12:29
SR005977,MED0060,Zawiya,Bir Al-Ghanam,2026-04-26 07:39:54
SR005978,MED0257,Benghazi,Al-Selmani,2026-08-18 03:29:44
SR005979,MED0229,Benghazi,Al-Berka,2026-05-29 21:04:38
SR005980,MED0434,Misrata,Al-Karareem,2026-05-24 04:59:23
SR005981,MED0514,Tripoli,Hay Al-Andalus,2026-07-10 06:56:46
SR005982,MED0453,Tripoli,Abu Salim,2026-08-05 22:29:36
SR005983,MED0141,Tripoli,Fashloum,2026-05-30 06:49:14
SR005984,MED0333,Misrata,Zawiyat Al-Mahjoub,2026-04-12 15:34:02
SR005985,MED0075,Tripoli,Abu Salim,2026-04-23 11:02:27
SR005986,MED0389,Tripoli,Fashloum,2026-06-03 19:10:24
SR005987,MED0367,Tripoli,Souq Al Juma'a,2026-05-12 09:15:55
SR005988,MED0159,Benghazi,Al-Hadaeq,2026-04-16 17:42:39
SR005989,MED0150,Misrata,Al-Ghiran,2026-08-06 16:01:47
SR005990,MED0248,Tripoli,Ain Zara,2026-05-14 11:36:24
SR005991,MED0323,Tripoli,Souq Al Juma'a,2026-07-24 23:31:51
SR005992,MED0367,Tripoli,Tajoura,2026-07-19 11:12:26
SR005993,MED0468,Benghazi,Al-Selmani,2026-05-24 03:50:15
SR005994,MED0021,Tripoli,Tajoura,2026-07-23 20:57:59
SR005995,MED0293,Tripoli,Tajoura,2026-07-14 06:15:51
SR005996,MED0099,Sabha,Al-Manshiya,2026-08-15 15:38:53
SR005997,MED0117,Benghazi,Al-Hadaeq,2026-07-30 14:59:17
SR005998,MED0091,Tripoli,Souq Al Juma'a,2026-04-11 23:54:02
SR005999,MED0095,Misrata,Al-Ghiran,2026-03-25 21:28:13
SR006000,MED0079,Sabha,Al-Dawwar,2026-05-01 01:02:29
SR006001,MED0207,Tripoli,Souq Al Juma'a,2026-05-22 18:04:32
SR006002,MED0438,Zawiya,Bir Al-Ghanam,2026-07-08 16:23:23
SR006003,MED0196,Sabha,Tayouri,2026-06-30 18:47:06
SR006004,MED0045,Zawiya,Bir Al-Ghanam,2026-06-12 16:29:24
SR006005,MED0046,Tripoli,Tajoura,2026-07-09 18:20:50
SR006006,MED0368,Tripoli,Tajoura,2026-07-18 10:52:07
SR006007,MED0096,Zawiya,Al-Harsha,2026-08-20 01:34:57
SR006008,MED0202,Benghazi,Al-Sabri,2026-07-12 23:20:08
SR006009,MED0368,Tripoli,Hay Al-Andalus,2026-05-12 08:18:13
SR006010,MED0127,Tripoli,Tajoura,2026-07-13 20:35:23
SR006011,MED0368,Tripoli,Tajoura,2026-08-02 11:22:33
SR006012,MED0380,Tripoli,Gargaresh,2026-06-10 21:17:53
SR006013,MED0270,Tripoli,Fashloum,2026-07-31 19:06:58
SR006014,MED0220,Tripoli,Fashloum,2026-05-20 20:34:33
SR006015,MED0117,Tripoli,Fashloum,2026-06-08 03:23:41
SR006016,MED0366,Zliten,Al-Qasabat,2026-06-27 20:35:44
SR006017,MED0284,Tripoli,Tajoura,2026-07-29 04:19:22
SR006018,MED0482,Tripoli,Fashloum,2026-04-06 21:49:16
SR006019,MED0238,Tripoli,Hay Al-Andalus,2026-07-29 14:29:33
SR006020,MED0423,Benghazi,Al-Sabri,2026-05-22 09:50:51
SR006021,MED0359,Tripoli,Souq Al Juma'a,2026-07-25 01:54:13
SR006022,MED0394,Tripoli,Gargaresh,2026-03-13 18:15:36
SR006023,MED0238,Tripoli,Hay Al-Andalus,2026-08-04 07:30:02
SR006024,MED0292,Benghazi,Al-Selmani,2026-06-12 10:13:35
SR006025,MED0257,Tripoli,Tajoura,2026-07-27 01:29:29
SR006026,MED0095,Misrata,Al-Ghiran,2026-05-23 16:16:41
SR006027,MED0298,Tripoli,Ain Zara,2026-02-16 03:41:34
SR006028,MED0423,Tripoli,Hay Al-Andalus,2026-06-04 02:41:54
SR006029,MED0071,Tripoli,Hay Al-Andalus,2026-03-20 09:33:54
SR006030,MED0365,Benghazi,Al-Sabri,2026-07-01 18:40:01
SR006031,MED0483,Tripoli,Gargaresh,2026-06-29 21:07:53
SR006032,MED0446,Tripoli,Janzour,2026-05-24 03:17:21
SR006033,MED0329,Misrata,Zawiyat Al-Mahjoub,2026-08-20 18:06:09
SR006034,MED0478,Tripoli,Souq Al Juma'a,2026-04-29 15:04:25
SR006035,MED0369,Tripoli,Gargaresh,2026-07-18 03:04:33
SR006036,MED0152,Tripoli,Janzour,2026-06-01 17:37:19
SR006037,MED0195,Tripoli,Hay Al-Andalus,2026-08-08 08:30:08
SR006038,MED0156,Benghazi,Al-Selmani,2026-07-04 22:32:50
SR006039,MED0295,Tripoli,Tajoura,2026-06-09 16:28:25
SR006040,MED0305,Tripoli,Souq Al Juma'a,2026-08-02 22:18:06
SR006041,MED0179,Benghazi,Al-Hadaeq,2026-08-09 05:00:46
SR006042,MED0056,Tripoli,Abu Salim,2026-08-01 12:48:41
SR006043,MED0297,Misrata,Al-Karareem,2026-08-17 20:30:17
SR006044,MED0310,Benghazi,Al-Sabri,2026-06-21 01:29:42
SR006045,MED0213,Tripoli,Gargaresh,2026-07-08 03:19:53
SR006046,MED0020,Tripoli,Gargaresh,2026-08-16 00:38:15
SR006047,MED0015,Zawiya,Al-Mashtal,2026-07-28 13:27:43
SR006048,MED0409,Tripoli,Ain Zara,2026-06-15 10:57:21
SR006049,MED0074,Zawiya,Al-Mashtal,2026-06-05 04:30:54
SR006050,MED0187,Tripoli,Fashloum,2026-08-19 16:14:52
SR006051,MED0172,Misrata,Qasr Ahmad,2026-07-27 09:13:47
SR006052,MED0114,Zliten,Souq Al-Thulatha,2026-06-08 10:55:20
SR006053,MED0483,Zawiya,Bir Al-Ghanam,2026-08-04 09:01:57
SR006054,MED0019,Tripoli,Fashloum,2026-07-18 04:58:18
SR006055,MED0191,Benghazi,Al-Selmani,2026-05-08 15:14:03
SR006056,MED0088,Tripoli,Tajoura,2026-07-13 21:05:36
SR006057,MED0070,Tripoli,Fashloum,2026-07-16 04:06:33
SR006058,MED0429,Tripoli,Fashloum,2026-07-29 12:26:35
SR006059,MED0329,Benghazi,Al-Selmani,2026-05-18 08:07:47
SR006060,MED0398,Tripoli,Hay Al-Andalus,2026-08-08 12:58:27
SR006061,MED0506,Tripoli,Janzour,2026-08-14 08:46:40
SR006062,MED0359,Tripoli,Gargaresh,2026-07-24 21:52:25
SR006063,MED0019,Tripoli,Fashloum,2026-06-28 02:25:44
SR006064,MED0095,Sabha,Al-Manshiya,2026-05-18 19:23:56
SR006065,MED0319,Benghazi,Al-Fuwayhat,2026-08-12 17:40:53
SR006066,MED0477,Tripoli,Souq Al Juma'a,2026-07-21 21:57:34
SR006067,MED0256,Tripoli,Abu Salim,2026-06-09 08:25:13
SR006068,MED0242,Benghazi,Al-Hadaeq,2026-05-23 21:54:57
SR006069,MED0419,Zawiya,Al-Harsha,2026-08-04 21:53:47
SR006070,MED0028,Tripoli,Abu Salim,2026-07-05 00:40:35
SR006071,MED0308,Tripoli,Gargaresh,2026-07-06 10:10:29
SR006072,MED0066,Tripoli,Tajoura,2026-08-01 11:02:37
SR006073,MED0214,Benghazi,Al-Hadaeq,2026-07-09 09:13:14
SR006074,MED0036,Tripoli,Abu Salim,2026-07-25 02:56:16
SR006075,MED0012,Benghazi,Al-Hadaeq,2026-08-02 19:48:10
SR006076,MED0484,Tripoli,Janzour,2026-06-27 03:16:03
SR006077,MED0259,Misrata,Zawiyat Al-Mahjoub,2026-05-23 05:00:40
SR006078,MED0238,Tripoli,Fashloum,2026-01-13 15:59:17
SR006079,MED0308,Zliten,Souq Al-Thulatha,2026-07-01 22:07:05
SR006080,MED0054,Tripoli,Janzour,2026-04-14 14:02:51
SR006081,MED0184,Tripoli,Tajoura,2026-07-27 13:46:35
SR006082,MED0150,Misrata,Al-Karareem,2026-08-17 05:56:01
SR006083,MED0141,Tripoli,Janzour,2026-04-05 12:16:27
SR006084,MED0075,Tripoli,Hay Al-Andalus,2026-05-23 09:24:23
SR006085,MED0263,Benghazi,Al-Sabri,2026-04-25 10:11:17
SR006086,MED0021,Tripoli,Fashloum,2026-05-19 01:40:16
SR006087,MED0215,Tripoli,Fashloum,2026-07-01 17:10:48
SR006088,MED0006,Tripoli,Gargaresh,2026-06-02 11:34:01
SR006089,MED0348,Tripoli,Souq Al Juma'a,2026-07-21 11:11:10
SR006090,MED0146,Tripoli,Souq Al Juma'a,2026-06-25 21:25:26
SR006091,MED0014,Zliten,Al-Qasabat,2026-08-16 03:28:25
SR006092,MED0398,Tripoli,Janzour,2026-06-09 21:09:30
SR006093,MED0202,Zawiya,Al-Mashtal,2026-03-05 23:31:21
SR006094,MED0246,Benghazi,Al-Sabri,2026-06-16 00:26:01
SR006095,MED0186,Tripoli,Ain Zara,2026-06-30 22:02:52
SR006096,MED0199,Zawiya,Al-Harsha,2026-07-01 07:56:12
SR006097,MED0437,Benghazi,Al-Selmani,2026-06-19 02:12:19
SR006098,MED0007,Tripoli,Tajoura,2026-06-22 22:53:51
SR006099,MED0299,Benghazi,Al-Sabri,2026-06-14 07:14:01
SR006100,MED0190,Tripoli,Fashloum,2026-02-07 02:36:53
SR006101,MED0026,Benghazi,Al-Sabri,2026-03-04 16:24:58
SR006102,MED0248,Tripoli,Ain Zara,2026-06-21 14:26:20
SR006103,MED0077,Misrata,Al-Karareem,2026-07-09 08:10:43
SR006104,MED0056,Benghazi,Al-Hadaeq,2026-07-13 19:47:56
SR006105,MED0205,Tripoli,Tajoura,2026-06-05 14:17:02
SR006106,MED0296,Zawiya,Al-Mashtal,2026-08-17 04:45:07
SR006107,MED0413,Benghazi,Al-Hadaeq,2026-06-30 17:46:36
SR006108,MED0185,Tripoli,Abu Salim,2026-05-08 23:31:11
SR006109,MED0331,Benghazi,Al-Berka,2026-06-12 10:07:00
SR006110,MED0319,Tripoli,Janzour,2026-07-19 15:00:56
SR006111,MED0288,Tripoli,Ain Zara,2026-05-27 03:08:09
SR006112,MED0318,Misrata,Al-Karareem,2026-07-27 21:13:01
SR006113,MED0357,Tripoli,Gargaresh,2026-06-15 04:16:23
SR006114,MED0234,Misrata,Al-Karareem,2026-08-14 19:35:17
SR006115,MED0161,Benghazi,Al-Sabri,2026-07-05 21:28:24
SR006116,MED0459,Benghazi,Al-Hadaeq,2026-05-12 06:41:14
SR006117,MED0076,Sabha,Al-Dawwar,2026-06-11 05:45:28
SR006118,MED0198,Tripoli,Janzour,2026-06-22 23:41:02
SR006119,MED0075,Misrata,Al-Ghiran,2026-05-05 11:00:26
SR006120,MED0154,Tripoli,Souq Al Juma'a,2026-08-13 22:29:35
SR006121,MED0286,Benghazi,Al-Hadaeq,2026-05-13 16:31:43
SR006122,MED0020,Tripoli,Abu Salim,2026-06-18 19:28:52
SR006123,MED0229,Tripoli,Gargaresh,2026-07-04 06:22:12
SR006124,MED0021,Sabha,Al-Dawwar,2026-07-17 11:22:24
SR006125,MED0410,Benghazi,Al-Fuwayhat,2026-08-04 23:51:33
SR006126,MED0027,Tripoli,Souq Al Juma'a,2026-07-24 11:16:39
SR006127,MED0149,Benghazi,Al-Selmani,2026-07-13 20:59:44
SR006128,MED0202,Zawiya,Bir Al-Ghanam,2026-06-15 15:25:38
SR006129,MED0049,Tripoli,Tajoura,2026-07-24 08:15:07
SR006130,MED0145,Tripoli,Ain Zara,2026-07-28 02:22:11
SR006131,MED0349,Benghazi,Al-Sabri,2026-04-28 08:28:55
SR006132,MED0047,Tripoli,Gargaresh,2026-07-18 18:35:47
SR006133,MED0475,Tripoli,Abu Salim,2026-06-26 18:46:32
SR006134,MED0486,Misrata,Al-Ghiran,2026-04-03 05:12:19
SR006135,MED0291,Tripoli,Hay Al-Andalus,2026-03-27 15:57:42
SR006136,MED0289,Tripoli,Ain Zara,2026-06-27 09:11:41
SR006137,MED0491,Tripoli,Abu Salim,2026-05-12 00:28:47
SR006138,MED0076,Tripoli,Janzour,2026-08-08 17:00:46
SR006139,MED0180,Misrata,Al-Karareem,2026-07-22 14:46:12
SR006140,MED0196,Benghazi,Al-Fuwayhat,2026-07-27 08:40:35
SR006141,MED0497,Tripoli,Tajoura,2026-08-10 15:38:17
SR006142,MED0434,Zliten,Al-Qasabat,2026-04-02 19:07:15
SR006143,MED0117,Tripoli,Janzour,2026-06-28 18:14:13
SR006144,MED0386,Tripoli,Abu Salim,2026-05-29 15:39:08
SR006145,MED0426,Tripoli,Gargaresh,2026-07-10 11:55:15
SR006146,MED0380,Sabha,Tayouri,2026-08-10 18:09:08
SR006147,MED0174,Tripoli,Janzour,2026-07-20 00:00:07
SR006148,MED0008,Zawiya,Al-Harsha,2026-05-21 21:37:46
SR006149,MED0439,Benghazi,Al-Fuwayhat,2026-06-26 03:39:13
SR006150,MED0115,Benghazi,Al-Berka,2026-08-09 04:58:16
SR006151,MED0239,Benghazi,Al-Sabri,2026-07-17 16:46:11
SR006152,MED0436,Tripoli,Gargaresh,2026-05-29 16:08:32
SR006153,MED0406,Misrata,Qasr Ahmad,2026-08-08 02:28:59
SR006154,MED0451,Tripoli,Fashloum,2026-08-02 18:14:25
SR006155,MED0204,Tripoli,Abu Salim,2026-05-25 18:06:34
SR006156,MED0074,Zawiya,Al-Mashtal,2026-07-13 09:41:39
SR006157,MED0282,Tripoli,Fashloum,2026-05-24 15:59:43
SR006158,MED0368,Tripoli,Hay Al-Andalus,2026-07-06 07:25:11
SR006159,MED0478,Tripoli,Souq Al Juma'a,2026-06-18 12:33:11
SR006160,MED0250,Benghazi,Al-Hadaeq,2026-07-24 08:01:54
SR006161,MED0271,Misrata,Al-Ghiran,2026-06-04 21:13:34
SR006162,MED0498,Benghazi,Al-Selmani,2026-07-19 12:54:26
SR006163,MED0216,Zawiya,Bir Al-Ghanam,2026-06-26 23:26:28
SR006164,MED0498,Tripoli,Abu Salim,2026-08-16 01:23:01
SR006165,MED0201,Benghazi,Al-Sabri,2026-08-01 21:55:36
SR006166,MED0133,Tripoli,Tajoura,2026-05-21 10:12:37
SR006167,MED0438,Tripoli,Abu Salim,2026-06-28 20:08:12
SR006168,MED0259,Benghazi,Al-Berka,2026-08-12 11:50:26
SR006169,MED0192,Tripoli,Hay Al-Andalus,2026-06-08 00:44:53
SR006170,MED0196,Tripoli,Fashloum,2026-08-16 21:27:12
SR006171,MED0417,Benghazi,Al-Fuwayhat,2026-07-07 21:44:01
SR006172,MED0078,Benghazi,Al-Selmani,2026-06-19 16:33:39
SR006173,MED0419,Tripoli,Fashloum,2026-07-27 19:54:14
SR006174,MED0282,Tripoli,Janzour,2026-06-01 02:46:39
SR006175,MED0348,Tripoli,Hay Al-Andalus,2026-07-31 02:26:38
SR006176,MED0506,Tripoli,Gargaresh,2026-06-30 20:22:24
SR006177,MED0254,Tripoli,Hay Al-Andalus,2026-07-13 06:46:56
SR006178,MED0138,Tripoli,Hay Al-Andalus,2026-06-05 13:52:12
SR006179,MED0332,Tripoli,Abu Salim,2026-03-20 03:29:44
SR006180,MED0453,Misrata,Qasr Ahmad,2026-07-15 02:10:20
SR006181,MED0520,Misrata,Zawiyat Al-Mahjoub,2026-05-23 00:47:56
SR006182,MED0276,Misrata,Qasr Ahmad,2026-07-28 13:40:37
SR006183,MED0277,Tripoli,Hay Al-Andalus,2026-07-08 14:42:35
SR006184,MED0248,Misrata,Al-Karareem,2026-05-25 12:08:19
SR006185,MED0305,Misrata,Zawiyat Al-Mahjoub,2026-07-28 10:38:13
SR006186,MED0173,Benghazi,Al-Sabri,2026-06-26 08:28:34
SR006187,MED0323,Benghazi,Al-Fuwayhat,2026-07-09 13:55:20
SR006188,MED0089,Zawiya,Bir Al-Ghanam,2026-05-09 10:08:00
SR006189,MED0319,Tripoli,Abu Salim,2026-07-29 05:35:31
SR006190,MED0149,Misrata,Zawiyat Al-Mahjoub,2026-04-12 05:56:04
SR006191,MED0044,Tripoli,Ain Zara,2026-07-26 09:42:58
SR006192,MED0491,Benghazi,Al-Hadaeq,2026-07-07 09:31:48
SR006193,MED0122,Tripoli,Janzour,2026-08-06 04:30:49
SR006194,MED0265,Misrata,Zawiyat Al-Mahjoub,2026-08-10 06:10:27
SR006195,MED0157,Tripoli,Janzour,2026-05-21 17:09:43
SR006196,MED0201,Tripoli,Ain Zara,2026-08-08 02:09:17
SR006197,MED0325,Benghazi,Al-Fuwayhat,2026-06-17 00:37:20
SR006198,MED0480,Misrata,Zawiyat Al-Mahjoub,2026-05-07 22:19:18
SR006199,MED0295,Tripoli,Janzour,2026-05-29 16:34:17
SR006200,MED0042,Zawiya,Bir Al-Ghanam,2026-04-29 13:49:47
SR006201,MED0238,Benghazi,Al-Hadaeq,2026-05-10 12:18:13
SR006202,MED0337,Sabha,Tayouri,2026-06-27 03:55:46
SR006203,MED0048,Misrata,Al-Ghiran,2026-07-10 05:03:20
SR006204,MED0015,Tripoli,Ain Zara,2026-08-07 23:37:42
SR006205,MED0021,Misrata,Qasr Ahmad,2026-07-11 20:12:03
SR006206,MED0047,Benghazi,Al-Fuwayhat,2026-06-23 19:58:00
SR006207,MED0106,Tripoli,Souq Al Juma'a,2026-07-23 11:06:48
SR006208,MED0240,Misrata,Al-Ghiran,2026-07-08 12:41:36
SR006209,MED0305,Benghazi,Al-Fuwayhat,2026-05-16 08:36:17
SR006210,MED0365,Sabha,Al-Manshiya,2026-05-21 06:07:33
SR006211,MED0349,Tripoli,Janzour,2026-05-23 12:58:48
SR006212,MED0484,Tripoli,Hay Al-Andalus,2026-07-15 19:58:05
SR006213,MED0013,Benghazi,Al-Berka,2026-08-10 08:35:11
SR006214,MED0290,Tripoli,Janzour,2026-07-02 02:20:02
SR006215,MED0049,Tripoli,Abu Salim,2026-02-17 15:56:55
SR006216,MED0358,Tripoli,Gargaresh,2026-08-02 07:09:54
SR006217,MED0345,Benghazi,Al-Selmani,2026-06-12 20:46:25
SR006218,MED0054,Tripoli,Hay Al-Andalus,2026-06-27 18:59:22
SR006219,MED0297,Tripoli,Hay Al-Andalus,2026-06-25 22:53:17
SR006220,MED0373,Tripoli,Gargaresh,2026-05-05 10:25:58
SR006221,MED0369,Benghazi,Al-Berka,2026-05-15 19:37:58
SR006222,MED0221,Tripoli,Ain Zara,2026-03-14 05:33:46
SR006223,MED0284,Zawiya,Al-Harsha,2026-07-09 16:38:41
SR006224,MED0005,Tripoli,Hay Al-Andalus,2026-08-08 19:51:27
SR006225,MED0479,Tripoli,Abu Salim,2026-07-07 18:51:13
SR006226,MED0302,Tripoli,Janzour,2026-07-09 08:18:15
SR006227,MED0364,Tripoli,Fashloum,2026-07-13 06:04:31
SR006228,MED0301,Tripoli,Gargaresh,2026-07-24 00:44:40
SR006229,MED0138,Tripoli,Abu Salim,2026-06-29 22:20:23
SR006230,MED0216,Benghazi,Al-Sabri,2026-08-01 09:46:53
SR006231,MED0060,Benghazi,Al-Hadaeq,2026-06-30 20:58:19
SR006232,MED0084,Benghazi,Al-Selmani,2026-07-17 15:24:38
SR006233,MED0142,Tripoli,Fashloum,2026-03-08 11:10:36
SR006234,MED0310,Misrata,Qasr Ahmad,2026-08-09 14:37:41
SR006235,MED0060,Misrata,Qasr Ahmad,2026-06-19 12:46:40
SR006236,MED0129,Tripoli,Gargaresh,2026-05-30 23:01:53
SR006237,MED0198,Tripoli,Fashloum,2026-07-02 01:33:52
SR006238,MED0064,Benghazi,Al-Fuwayhat,2026-07-19 22:08:28
SR006239,MED0450,Tripoli,Fashloum,2026-06-20 07:40:05
SR006240,MED0079,Tripoli,Hay Al-Andalus,2026-07-24 16:52:25
SR006241,MED0207,Benghazi,Al-Berka,2026-04-21 07:07:38
SR006242,MED0398,Benghazi,Al-Selmani,2026-06-22 16:29:03
SR006243,MED0143,Benghazi,Al-Fuwayhat,2026-06-13 15:27:31
SR006244,MED0147,Tripoli,Tajoura,2026-06-11 01:33:54
SR006245,MED0339,Tripoli,Ain Zara,2026-08-04 04:00:51
SR006246,MED0132,Benghazi,Al-Berka,2026-07-20 19:43:21
SR006247,MED0116,Sabha,Al-Manshiya,2026-07-23 20:55:48
SR006248,MED0397,Benghazi,Al-Berka,2026-06-21 12:26:16
SR006249,MED0044,Tripoli,Janzour,2026-06-06 02:49:57
SR006250,MED0333,Tripoli,Gargaresh,2026-06-11 10:33:29
SR006251,MED0348,Tripoli,Fashloum,2026-05-07 02:29:19
SR006252,MED0516,Tripoli,Hay Al-Andalus,2026-06-22 23:07:55
SR006253,MED0168,Misrata,Zawiyat Al-Mahjoub,2026-05-20 12:21:24
SR006254,MED0451,Tripoli,Souq Al Juma'a,2026-05-05 22:19:42
SR006255,MED0333,Tripoli,Abu Salim,2026-06-12 01:47:00
SR006256,MED0230,Tripoli,Tajoura,2026-08-13 19:29:22
SR006257,MED0450,Tripoli,Souq Al Juma'a,2026-03-21 14:11:27
SR006258,MED0398,Benghazi,Al-Sabri,2026-04-04 14:26:11
SR006259,MED0023,Misrata,Qasr Ahmad,2026-05-19 03:18:01
SR006260,MED0352,Tripoli,Hay Al-Andalus,2026-07-07 02:04:45
SR006261,MED0074,Zawiya,Al-Harsha,2026-08-04 17:51:03
SR006262,MED0297,Tripoli,Abu Salim,2026-05-30 16:02:52
SR006263,MED0104,Benghazi,Al-Hadaeq,2026-05-10 22:30:34
SR006264,MED0013,Benghazi,Al-Fuwayhat,2026-06-30 13:44:18
SR006265,MED0340,Tripoli,Fashloum,2026-07-07 20:38:45
SR006266,MED0442,Misrata,Zawiyat Al-Mahjoub,2026-08-08 02:07:25
SR006267,MED0291,Misrata,Zawiyat Al-Mahjoub,2026-08-08 06:56:45
SR006268,MED0215,Benghazi,Al-Fuwayhat,2026-06-25 08:13:10
SR006269,MED0431,Tripoli,Hay Al-Andalus,2026-08-16 09:57:34
SR006270,MED0152,Tripoli,Fashloum,2026-04-11 08:24:10
SR006271,MED0276,Tripoli,Hay Al-Andalus,2026-07-06 17:44:54
SR006272,MED0187,Zawiya,Bir Al-Ghanam,2026-08-12 06:45:48
SR006273,MED0309,Benghazi,Al-Selmani,2026-06-18 17:19:38
SR006274,MED0131,Misrata,Al-Karareem,2026-03-07 09:32:13
SR006275,MED0450,Misrata,Al-Karareem,2026-06-24 08:53:49
SR006276,MED0318,Benghazi,Al-Hadaeq,2026-07-26 02:14:20
SR006277,MED0053,Tripoli,Hay Al-Andalus,2026-06-28 15:17:31
SR006278,MED0107,Tripoli,Abu Salim,2026-07-26 03:49:12
SR006279,MED0437,Benghazi,Al-Sabri,2026-08-16 17:42:08
SR006280,MED0123,Tripoli,Janzour,2026-07-07 08:49:02
SR006281,MED0357,Tripoli,Ain Zara,2026-02-28 21:03:09
SR006282,MED0161,Tripoli,Hay Al-Andalus,2026-04-30 20:10:59
SR006283,MED0103,Tripoli,Ain Zara,2026-08-19 05:58:40
SR006284,MED0104,Tripoli,Tajoura,2026-08-06 21:06:17
SR006285,MED0290,Tripoli,Hay Al-Andalus,2026-02-09 16:18:29
SR006286,MED0041,Tripoli,Ain Zara,2026-06-06 01:27:54
SR006287,MED0465,Benghazi,Al-Selmani,2026-06-07 07:40:10
SR006288,MED0045,Tripoli,Fashloum,2026-08-13 08:31:13
SR006289,MED0409,Tripoli,Gargaresh,2026-06-10 06:52:06
SR006290,MED0028,Misrata,Qasr Ahmad,2026-08-09 07:25:19
SR006291,MED0402,Benghazi,Al-Sabri,2026-07-06 17:25:55
SR006292,MED0070,Tripoli,Janzour,2026-07-18 11:27:34
SR006293,MED0475,Tripoli,Janzour,2026-06-08 16:21:34
SR006294,MED0033,Misrata,Al-Ghiran,2026-07-12 16:20:59
SR006295,MED0144,Sabha,Al-Manshiya,2026-07-28 22:38:43
SR006296,MED0419,Tripoli,Souq Al Juma'a,2026-08-07 06:27:16
SR006297,MED0187,Tripoli,Hay Al-Andalus,2026-07-22 06:06:00
SR006298,MED0252,Misrata,Al-Ghiran,2026-07-31 12:56:57
SR006299,MED0297,Tripoli,Souq Al Juma'a,2026-05-30 06:56:19
SR006300,MED0105,Misrata,Zawiyat Al-Mahjoub,2026-06-12 17:30:12
SR006301,MED0246,Benghazi,Al-Fuwayhat,2026-08-03 16:26:34
SR006302,MED0230,Tripoli,Gargaresh,2026-07-02 23:17:43
SR006303,MED0514,Tripoli,Tajoura,2026-06-12 18:20:58
SR006304,MED0468,Tripoli,Abu Salim,2026-06-06 12:40:13
SR006305,MED0430,Misrata,Al-Ghiran,2026-07-20 15:50:42
SR006306,MED0116,Tripoli,Hay Al-Andalus,2026-06-30 22:19:26
SR006307,MED0348,Tripoli,Janzour,2026-07-14 11:32:14
SR006308,MED0428,Misrata,Al-Ghiran,2026-08-14 09:58:51
SR006309,MED0209,Benghazi,Al-Sabri,2026-07-03 23:36:29
SR006310,MED0234,Misrata,Al-Ghiran,2026-08-15 15:51:31
SR006311,MED0149,Misrata,Zawiyat Al-Mahjoub,2026-07-14 13:41:30
SR006312,MED0454,Tripoli,Fashloum,2026-06-30 05:53:01
SR006313,MED0252,Zawiya,Bir Al-Ghanam,2026-05-31 12:23:31
SR006314,MED0363,Tripoli,Fashloum,2026-06-25 17:12:20
SR006315,MED0417,Tripoli,Gargaresh,2026-08-01 04:00:33
SR006316,MED0352,Zliten,Souq Al-Thulatha,2026-07-10 14:12:45
SR006317,MED0459,Tripoli,Abu Salim,2026-06-19 18:13:25
SR006318,MED0462,Zliten,Al-Qasabat,2026-08-20 15:28:57
SR006319,MED0306,Tripoli,Souq Al Juma'a,2026-06-18 05:11:42
SR006320,MED0472,Zliten,Souq Al-Thulatha,2026-07-05 06:58:50
SR006321,MED0019,Benghazi,Al-Berka,2026-07-23 19:12:04
SR006322,MED0402,Tripoli,Abu Salim,2026-07-05 15:33:59
SR006323,MED0179,Tripoli,Gargaresh,2026-08-06 13:51:08
SR006324,MED0432,Zawiya,Al-Harsha,2026-08-12 20:49:54
SR006325,MED0016,Benghazi,Al-Sabri,2026-05-28 13:01:19
SR006326,MED0071,Tripoli,Souq Al Juma'a,2026-07-19 19:32:39
SR006327,MED0074,Benghazi,Al-Selmani,2026-07-28 10:46:25
SR006328,MED0460,Misrata,Al-Ghiran,2026-04-24 10:57:49
SR006329,MED0268,Benghazi,Al-Sabri,2026-03-03 01:38:00
SR006330,MED0248,Benghazi,Al-Selmani,2026-06-02 00:52:05
SR006331,MED0337,Zliten,Souq Al-Thulatha,2026-07-06 04:15:35
SR006332,MED0319,Tripoli,Abu Salim,2026-04-17 22:24:41
SR006333,MED0431,Misrata,Al-Karareem,2026-05-25 20:54:50
SR006334,MED0309,Misrata,Zawiyat Al-Mahjoub,2026-08-18 09:10:09
SR006335,MED0130,Misrata,Zawiyat Al-Mahjoub,2026-07-26 20:18:01
SR006336,MED0323,Tripoli,Tajoura,2026-07-04 04:11:51
SR006337,MED0116,Benghazi,Al-Fuwayhat,2026-05-08 06:03:22
SR006338,MED0003,Tripoli,Fashloum,2026-07-31 00:20:54
SR006339,MED0183,Tripoli,Gargaresh,2026-04-26 21:23:01
SR006340,MED0116,Benghazi,Al-Fuwayhat,2026-07-01 18:11:04
SR006341,MED0172,Benghazi,Al-Sabri,2026-08-20 13:35:40
SR006342,MED0147,Tripoli,Gargaresh,2026-07-15 16:32:41
SR006343,MED0483,Tripoli,Hay Al-Andalus,2026-05-22 11:03:27
SR006344,MED0238,Tripoli,Tajoura,2026-07-10 06:18:43
SR006345,MED0212,Tripoli,Fashloum,2026-07-24 09:03:59
SR006346,MED0448,Tripoli,Janzour,2026-04-06 11:54:36
SR006347,MED0428,Zawiya,Bir Al-Ghanam,2026-07-04 06:10:14
SR006348,MED0273,Tripoli,Gargaresh,2026-07-16 09:40:23
SR006349,MED0019,Tripoli,Janzour,2026-04-02 21:47:30
SR006350,MED0003,Misrata,Al-Ghiran,2026-06-04 01:58:02
SR006351,MED0227,Tripoli,Gargaresh,2026-06-02 16:57:51
SR006352,MED0369,Tripoli,Gargaresh,2026-06-29 16:37:32
SR006353,MED0009,Misrata,Zawiyat Al-Mahjoub,2026-08-17 10:34:33
SR006354,MED0246,Misrata,Al-Ghiran,2026-06-05 06:46:20
SR006355,MED0184,Tripoli,Souq Al Juma'a,2026-06-13 04:51:29
SR006356,MED0072,Tripoli,Abu Salim,2026-07-29 23:21:26
SR006357,MED0028,Tripoli,Souq Al Juma'a,2026-06-07 17:51:34
SR006358,MED0379,Tripoli,Abu Salim,2026-05-22 13:54:52
SR006359,MED0362,Benghazi,Al-Selmani,2026-05-23 17:28:45
SR006360,MED0512,Tripoli,Abu Salim,2026-08-01 22:41:54
SR006361,MED0369,Tripoli,Hay Al-Andalus,2026-06-29 21:38:01
SR006362,MED0108,Benghazi,Al-Selmani,2026-06-23 03:07:08
SR006363,MED0420,Benghazi,Al-Fuwayhat,2026-07-31 12:08:46
SR006364,MED0119,Benghazi,Al-Selmani,2026-07-05 14:33:40
SR006365,MED0447,Benghazi,Al-Berka,2026-08-01 21:13:52
SR006366,MED0194,Misrata,Zawiyat Al-Mahjoub,2026-05-26 19:58:35
SR006367,MED0169,Tripoli,Hay Al-Andalus,2026-07-30 02:14:02
SR006368,MED0303,Tripoli,Fashloum,2026-08-12 09:10:37
SR006369,MED0304,Tripoli,Hay Al-Andalus,2026-08-04 21:32:33
SR006370,MED0258,Tripoli,Ain Zara,2026-06-10 06:30:02
SR006371,MED0021,Tripoli,Tajoura,2026-08-07 11:17:12
SR006372,MED0084,Zawiya,Al-Harsha,2026-07-06 18:17:18
SR006373,MED0458,Tripoli,Janzour,2026-07-24 10:19:21
SR006374,MED0420,Tripoli,Fashloum,2026-03-23 11:05:19
SR006375,MED0095,Tripoli,Fashloum,2026-06-28 15:38:22
SR006376,MED0405,Tripoli,Janzour,2026-06-30 05:04:17
SR006377,MED0096,Tripoli,Abu Salim,2026-04-14 07:33:02
SR006378,MED0054,Benghazi,Al-Hadaeq,2026-03-13 17:49:36
SR006379,MED0349,Tripoli,Ain Zara,2026-06-14 07:38:27
SR006380,MED0333,Tripoli,Souq Al Juma'a,2026-06-26 00:52:06
SR006381,MED0471,Tripoli,Abu Salim,2026-08-13 14:03:10
SR006382,MED0426,Tripoli,Hay Al-Andalus,2026-07-12 07:03:17
SR006383,MED0385,Tripoli,Janzour,2026-06-09 00:57:01
SR006384,MED0182,Benghazi,Al-Fuwayhat,2026-06-30 21:57:28
SR006385,MED0327,Benghazi,Al-Hadaeq,2026-06-04 19:06:42
SR006386,MED0346,Zawiya,Al-Harsha,2026-05-01 22:30:28
SR006387,MED0358,Tripoli,Fashloum,2026-06-17 03:32:12
SR006388,MED0232,Tripoli,Souq Al Juma'a,2026-07-26 14:35:08
SR006389,MED0246,Misrata,Al-Ghiran,2026-07-04 12:58:05
SR006390,MED0236,Tripoli,Fashloum,2026-06-25 03:01:18
SR006391,MED0483,Tripoli,Souq Al Juma'a,2026-08-10 09:56:08
SR006392,MED0001,Tripoli,Abu Salim,2026-07-12 05:04:21
SR006393,MED0441,Tripoli,Fashloum,2026-07-03 19:08:54
SR006394,MED0349,Tripoli,Souq Al Juma'a,2026-06-04 09:32:15
SR006395,MED0354,Tripoli,Tajoura,2026-07-21 00:33:07
SR006396,MED0458,Tripoli,Janzour,2026-07-14 17:21:17
SR006397,MED0486,Tripoli,Abu Salim,2026-04-09 13:26:04
SR006398,MED0203,Tripoli,Abu Salim,2026-08-15 19:39:51
SR006399,MED0023,Tripoli,Gargaresh,2026-08-13 17:08:25
SR006400,MED0237,Tripoli,Abu Salim,2026-07-10 23:59:39
SR006401,MED0183,Zawiya,Bir Al-Ghanam,2026-04-27 00:48:44
SR006402,MED0128,Zawiya,Al-Harsha,2026-07-23 05:49:47
SR006403,MED0367,Benghazi,Al-Sabri,2026-08-05 22:03:50
SR006404,MED0289,Misrata,Qasr Ahmad,2026-07-12 11:20:40
SR006405,MED0167,Tripoli,Gargaresh,2026-08-05 16:31:41
SR006406,MED0308,Tripoli,Ain Zara,2026-07-13 11:10:16
SR006407,MED0141,Tripoli,Gargaresh,2026-05-29 10:57:29
SR006408,MED0234,Misrata,Zawiyat Al-Mahjoub,2026-02-17 14:24:15
SR006409,MED0302,Tripoli,Abu Salim,2026-05-20 15:42:43
SR006410,MED0277,Tripoli,Fashloum,2026-06-07 13:50:31
SR006411,MED0261,Tripoli,Hay Al-Andalus,2026-06-26 17:17:20
SR006412,MED0404,Tripoli,Gargaresh,2026-08-01 02:56:13
SR006413,MED0100,Benghazi,Al-Berka,2026-04-09 17:10:28
SR006414,MED0068,Tripoli,Abu Salim,2026-08-07 21:24:02
SR006415,MED0077,Tripoli,Souq Al Juma'a,2026-06-28 02:21:08
SR006416,MED0234,Tripoli,Fashloum,2026-06-28 09:00:53
SR006417,MED0173,Sabha,Tayouri,2026-07-17 00:31:51
SR006418,MED0060,Benghazi,Al-Selmani,2026-04-17 16:37:52
SR006419,MED0316,Tripoli,Gargaresh,2026-05-29 08:52:18
SR006420,MED0231,Sabha,Al-Manshiya,2026-07-31 06:28:18
SR006421,MED0289,Tripoli,Abu Salim,2026-07-10 14:16:17
SR006422,MED0382,Tripoli,Gargaresh,2026-07-16 21:57:35
SR006423,MED0291,Tripoli,Ain Zara,2026-06-22 15:23:58
SR006424,MED0046,Tripoli,Janzour,2026-03-27 18:13:39
SR006425,MED0253,Zliten,Al-Qasabat,2026-05-01 23:53:06
SR006426,MED0113,Benghazi,Al-Selmani,2026-04-14 15:14:17
SR006427,MED0033,Benghazi,Al-Berka,2026-08-13 23:19:50
SR006428,MED0472,Tripoli,Abu Salim,2026-08-11 09:53:43
SR006429,MED0029,Benghazi,Al-Hadaeq,2026-04-20 07:30:28
SR006430,MED0144,Tripoli,Abu Salim,2026-06-25 01:00:17
SR006431,MED0053,Benghazi,Al-Hadaeq,2026-07-31 02:04:00
SR006432,MED0313,Benghazi,Al-Hadaeq,2026-05-06 18:54:36
SR006433,MED0056,Tripoli,Fashloum,2026-05-27 10:13:47
SR006434,MED0397,Tripoli,Hay Al-Andalus,2026-05-20 16:06:49
SR006435,MED0193,Tripoli,Souq Al Juma'a,2026-07-15 00:16:27
SR006436,MED0007,Zawiya,Al-Mashtal,2026-04-10 06:04:38
SR006437,MED0372,Tripoli,Gargaresh,2026-06-21 14:01:10
SR006438,MED0208,Tripoli,Gargaresh,2026-08-09 16:26:38
SR006439,MED0289,Tripoli,Janzour,2026-08-01 01:08:41
SR006440,MED0185,Tripoli,Tajoura,2026-04-08 20:07:57
SR006441,MED0057,Misrata,Al-Ghiran,2026-07-30 20:51:47
SR006442,MED0434,Sabha,Tayouri,2026-08-17 15:26:26
SR006443,MED0437,Tripoli,Abu Salim,2026-07-10 05:14:52
SR006444,MED0273,Tripoli,Tajoura,2026-05-07 06:41:34
SR006445,MED0098,Tripoli,Souq Al Juma'a,2026-03-04 04:53:53
SR006446,MED0486,Tripoli,Fashloum,2026-07-31 10:57:12
SR006447,MED0410,Tripoli,Souq Al Juma'a,2026-06-12 19:17:04
SR006448,MED0419,Tripoli,Abu Salim,2026-04-13 20:35:46
SR006449,MED0423,Benghazi,Al-Hadaeq,2026-07-02 05:27:46
SR006450,MED0015,Tripoli,Souq Al Juma'a,2026-03-17 00:06:56
SR006451,MED0101,Tripoli,Janzour,2026-08-04 01:34:58
SR006452,MED0027,Sabha,Tayouri,2026-05-23 17:00:21
SR006453,MED0367,Tripoli,Fashloum,2026-05-15 11:56:36
SR006454,MED0052,Tripoli,Souq Al Juma'a,2026-03-29 16:13:49
SR006455,MED0238,Tripoli,Abu Salim,2026-06-20 06:25:49
SR006456,MED0145,Benghazi,Al-Fuwayhat,2026-06-29 15:07:19
SR006457,MED0026,Tripoli,Fashloum,2026-06-22 07:49:07
SR006458,MED0131,Misrata,Al-Ghiran,2026-04-16 08:56:16
SR006459,MED0040,Zawiya,Al-Harsha,2026-03-09 10:54:09
SR006460,MED0353,Misrata,Qasr Ahmad,2026-06-15 20:04:45
SR006461,MED0021,Misrata,Zawiyat Al-Mahjoub,2026-08-17 08:52:41
SR006462,MED0446,Benghazi,Al-Sabri,2026-06-06 14:05:49
SR006463,MED0029,Zawiya,Al-Mashtal,2026-06-07 01:34:26
SR006464,MED0353,Tripoli,Hay Al-Andalus,2026-04-17 19:53:27
SR006465,MED0308,Tripoli,Souq Al Juma'a,2026-08-12 21:42:54
SR006466,MED0264,Tripoli,Ain Zara,2026-07-15 07:06:41
SR006467,MED0519,Tripoli,Ain Zara,2026-08-19 09:55:58
SR006468,MED0192,Tripoli,Tajoura,2026-06-12 10:48:31
SR006469,MED0104,Benghazi,Al-Selmani,2026-06-01 01:25:21
SR006470,MED0211,Tripoli,Ain Zara,2026-07-18 18:54:00
SR006471,MED0014,Tripoli,Janzour,2026-05-09 14:05:00
SR006472,MED0467,Tripoli,Tajoura,2026-08-03 18:36:35
SR006473,MED0016,Benghazi,Al-Sabri,2026-06-09 01:19:55
SR006474,MED0026,Misrata,Al-Karareem,2026-07-21 17:40:14
SR006475,MED0049,Zliten,Al-Qasabat,2026-07-24 03:05:05
SR006476,MED0417,Misrata,Al-Ghiran,2026-06-02 17:35:03
SR006477,MED0060,Misrata,Qasr Ahmad,2026-07-09 11:08:35
SR006478,MED0053,Tripoli,Abu Salim,2026-06-30 23:13:27
SR006479,MED0439,Tripoli,Hay Al-Andalus,2026-07-20 10:25:24
SR006480,MED0258,Tripoli,Abu Salim,2026-08-18 17:41:06
SR006481,MED0469,Tripoli,Abu Salim,2026-08-01 04:02:57
SR006482,MED0292,Tripoli,Abu Salim,2026-08-09 06:09:28
SR006483,MED0143,Tripoli,Abu Salim,2026-07-08 16:01:40
SR006484,MED0374,Misrata,Al-Ghiran,2026-06-16 09:41:41
SR006485,MED0412,Tripoli,Ain Zara,2026-07-25 02:40:41
SR006486,MED0028,Zliten,Al-Qasabat,2026-05-18 05:09:29
SR006487,MED0173,Tripoli,Souq Al Juma'a,2026-04-09 21:04:49
SR006488,MED0256,Tripoli,Gargaresh,2026-07-10 21:11:30
SR006489,MED0037,Tripoli,Janzour,2026-08-02 07:10:40
SR006490,MED0502,Tripoli,Tajoura,2026-06-17 09:06:57
SR006491,MED0303,Tripoli,Hay Al-Andalus,2026-03-29 10:22:52
SR006492,MED0248,Tripoli,Fashloum,2026-06-16 15:20:05
SR006493,MED0158,Tripoli,Fashloum,2026-08-13 18:20:36
SR006494,MED0287,Benghazi,Al-Selmani,2026-07-09 21:32:59
SR006495,MED0388,Tripoli,Gargaresh,2026-05-31 18:56:58
SR006496,MED0383,Misrata,Al-Karareem,2026-08-19 12:29:57
SR006497,MED0327,Sabha,Tayouri,2026-08-12 00:20:26
SR006498,MED0345,Misrata,Zawiyat Al-Mahjoub,2026-08-12 15:56:00
SR006499,MED0238,Zliten,Souq Al-Thulatha,2026-05-10 04:12:24
SR006500,MED0058,Sabha,Al-Dawwar,2026-07-04 19:04:54
SR006501,MED0173,Zliten,Souq Al-Thulatha,2026-08-12 17:38:43
SR006502,MED0387,Misrata,Zawiyat Al-Mahjoub,2026-06-07 12:29:29
SR006503,MED0174,Benghazi,Al-Sabri,2026-08-16 07:01:13
SR006504,MED0464,Tripoli,Ain Zara,2026-08-11 06:14:20
SR006505,MED0282,Tripoli,Ain Zara,2026-06-20 14:19:55
SR006506,MED0471,Tripoli,Janzour,2026-08-09 16:02:00
SR006507,MED0408,Tripoli,Abu Salim,2026-06-15 04:09:41
SR006508,MED0213,Tripoli,Ain Zara,2026-05-29 17:34:21
SR006509,MED0434,Benghazi,Al-Sabri,2026-02-17 00:24:44
SR006510,MED0233,Misrata,Zawiyat Al-Mahjoub,2026-08-14 12:57:35
SR006511,MED0131,Tripoli,Gargaresh,2026-06-15 14:39:24
SR006512,MED0375,Benghazi,Al-Selmani,2026-08-17 00:59:30
SR006513,MED0019,Tripoli,Tajoura,2026-08-02 03:12:31
SR006514,MED0106,Tripoli,Abu Salim,2026-07-29 06:38:58
SR006515,MED0333,Misrata,Qasr Ahmad,2026-07-26 16:01:14
SR006516,MED0065,Misrata,Zawiyat Al-Mahjoub,2026-06-12 01:53:52
SR006517,MED0255,Tripoli,Hay Al-Andalus,2026-02-26 18:15:21
SR006518,MED0075,Tripoli,Fashloum,2026-08-02 23:51:13
SR006519,MED0423,Sabha,Tayouri,2026-07-08 17:48:34
SR006520,MED0435,Tripoli,Ain Zara,2026-05-22 08:59:52
SR006521,MED0242,Tripoli,Abu Salim,2026-07-09 13:50:39
SR006522,MED0031,Zawiya,Bir Al-Ghanam,2026-08-19 05:26:18
SR006523,MED0449,Tripoli,Janzour,2026-06-04 20:02:04
SR006524,MED0461,Benghazi,Al-Sabri,2026-08-18 04:20:22
SR006525,MED0206,Tripoli,Gargaresh,2026-05-17 02:30:12
SR006526,MED0369,Tripoli,Fashloum,2026-07-27 05:59:13
SR006527,MED0128,Tripoli,Abu Salim,2026-06-09 10:26:00
SR006528,MED0237,Tripoli,Souq Al Juma'a,2026-07-23 17:03:51
SR006529,MED0176,Tripoli,Abu Salim,2026-07-03 22:02:58
SR006530,MED0279,Tripoli,Fashloum,2026-07-23 13:04:22
SR006531,MED0390,Tripoli,Tajoura,2026-07-22 19:31:14
SR006532,MED0116,Benghazi,Al-Selmani,2026-05-29 13:10:08
SR006533,MED0435,Tripoli,Tajoura,2026-03-26 09:38:38
SR006534,MED0191,Zliten,Al-Qasabat,2026-07-29 09:25:30
SR006535,MED0182,Tripoli,Gargaresh,2026-03-14 14:04:31
SR006536,MED0028,Tripoli,Fashloum,2026-08-06 23:29:45
SR006537,MED0075,Tripoli,Hay Al-Andalus,2026-04-17 15:35:39
SR006538,MED0222,Benghazi,Al-Hadaeq,2026-07-18 10:17:50
SR006539,MED0078,Tripoli,Tajoura,2026-06-17 18:24:38
SR006540,MED0084,Tripoli,Janzour,2026-04-06 11:11:47
SR006541,MED0174,Tripoli,Souq Al Juma'a,2026-06-26 16:39:50
SR006542,MED0235,Tripoli,Souq Al Juma'a,2026-06-02 12:07:19
SR006543,MED0133,Tripoli,Ain Zara,2026-04-23 21:30:28
SR006544,MED0395,Zawiya,Bir Al-Ghanam,2026-08-05 20:17:52
SR006545,MED0218,Tripoli,Janzour,2026-04-27 09:47:55
SR006546,MED0292,Tripoli,Hay Al-Andalus,2026-06-18 10:08:31
SR006547,MED0158,Tripoli,Gargaresh,2026-06-12 18:15:58
SR006548,MED0059,Tripoli,Souq Al Juma'a,2026-08-04 02:51:39
SR006549,MED0221,Tripoli,Souq Al Juma'a,2026-08-09 11:06:36
SR006550,MED0056,Tripoli,Gargaresh,2026-03-07 08:35:30
SR006551,MED0288,Tripoli,Ain Zara,2026-08-06 17:27:52
SR006552,MED0359,Tripoli,Ain Zara,2026-04-30 19:47:57
SR006553,MED0091,Zawiya,Bir Al-Ghanam,2026-07-24 06:38:41
SR006554,MED0283,Benghazi,Al-Selmani,2026-06-25 13:40:20
SR006555,MED0038,Tripoli,Janzour,2026-06-28 20:59:59
SR006556,MED0420,Misrata,Zawiyat Al-Mahjoub,2026-06-03 06:38:41
SR006557,MED0441,Zawiya,Bir Al-Ghanam,2026-05-28 10:43:41
SR006558,MED0041,Tripoli,Gargaresh,2026-06-08 02:27:19
SR006559,MED0449,Tripoli,Abu Salim,2026-07-05 21:05:14
SR006560,MED0108,Tripoli,Tajoura,2026-08-06 19:56:27
SR006561,MED0109,Tripoli,Fashloum,2026-06-24 20:30:09
SR006562,MED0134,Tripoli,Fashloum,2026-08-02 18:23:59
SR006563,MED0020,Tripoli,Janzour,2026-04-20 07:53:21
SR006564,MED0399,Misrata,Zawiyat Al-Mahjoub,2026-07-22 18:55:51
SR006565,MED0449,Tripoli,Gargaresh,2026-05-10 05:48:55
SR006566,MED0285,Tripoli,Ain Zara,2026-07-18 16:03:25
SR006567,MED0137,Tripoli,Fashloum,2026-05-10 10:04:22
SR006568,MED0116,Tripoli,Abu Salim,2026-08-13 09:17:19
SR006569,MED0183,Misrata,Al-Ghiran,2026-05-24 16:02:40
SR006570,MED0294,Benghazi,Al-Hadaeq,2026-05-20 05:22:17
SR006571,MED0031,Tripoli,Ain Zara,2026-05-20 10:07:35
SR006572,MED0051,Benghazi,Al-Berka,2026-07-06 21:44:25
SR006573,MED0042,Tripoli,Abu Salim,2026-08-15 05:26:50
SR006574,MED0014,Zliten,Al-Qasabat,2026-07-23 00:05:12
SR006575,MED0370,Benghazi,Al-Berka,2026-04-10 18:00:03
SR006576,MED0433,Tripoli,Tajoura,2026-06-26 18:32:21
SR006577,MED0372,Benghazi,Al-Selmani,2026-06-05 16:52:54
SR006578,MED0440,Tripoli,Hay Al-Andalus,2026-03-11 01:42:15
SR006579,MED0021,Tripoli,Hay Al-Andalus,2026-06-23 01:52:08
SR006580,MED0221,Benghazi,Al-Selmani,2026-05-15 04:48:41
SR006581,MED0234,Benghazi,Al-Berka,2026-07-10 13:34:34
SR006582,MED0023,Tripoli,Tajoura,2026-04-19 10:20:32
SR006583,MED0108,Misrata,Qasr Ahmad,2026-07-06 23:34:28
SR006584,MED0226,Zawiya,Bir Al-Ghanam,2026-06-20 23:47:52
SR006585,MED0178,Benghazi,Al-Sabri,2026-08-20 13:49:47
SR006586,MED0264,Tripoli,Fashloum,2026-08-09 08:05:51
SR006587,MED0261,Benghazi,Al-Hadaeq,2026-08-05 21:59:37
SR006588,MED0336,Zawiya,Al-Harsha,2026-07-28 22:05:56
SR006589,MED0387,Benghazi,Al-Selmani,2026-06-06 09:55:24
SR006590,MED0065,Tripoli,Hay Al-Andalus,2026-05-04 13:36:42
SR006591,MED0195,Tripoli,Souq Al Juma'a,2026-07-23 00:31:48
SR006592,MED0489,Benghazi,Al-Hadaeq,2026-06-14 15:29:02
SR006593,MED0088,Tripoli,Gargaresh,2026-06-11 05:50:56
SR006594,MED0372,Tripoli,Souq Al Juma'a,2026-06-19 21:51:31
SR006595,MED0428,Tripoli,Souq Al Juma'a,2026-05-08 17:32:33
SR006596,MED0470,Tripoli,Hay Al-Andalus,2026-05-31 13:37:14
SR006597,MED0519,Tripoli,Gargaresh,2026-08-03 16:55:07
SR006598,MED0302,Tripoli,Hay Al-Andalus,2026-04-28 02:07:41
SR006599,MED0296,Benghazi,Al-Selmani,2026-07-02 18:44:48
SR006600,MED0194,Tripoli,Souq Al Juma'a,2026-03-26 13:24:56
SR006601,MED0199,Tripoli,Souq Al Juma'a,2026-07-09 18:37:34
SR006602,MED0004,Tripoli,Fashloum,2026-06-13 07:03:57
SR006603,MED0070,Tripoli,Fashloum,2026-06-04 17:59:36
SR006604,MED0089,Tripoli,Janzour,2026-05-24 09:55:48
SR006605,MED0161,Benghazi,Al-Hadaeq,2026-03-25 10:39:32
SR006606,MED0214,Tripoli,Janzour,2026-06-05 01:32:11
SR006607,MED0472,Misrata,Qasr Ahmad,2026-05-26 20:39:10
SR006608,MED0358,Tripoli,Tajoura,2026-05-24 21:48:57
SR006609,MED0506,Tripoli,Gargaresh,2026-07-11 12:45:58
SR006610,MED0019,Tripoli,Gargaresh,2026-08-04 15:20:54
SR006611,MED0410,Tripoli,Ain Zara,2026-05-12 12:12:58
SR006612,MED0195,Misrata,Al-Ghiran,2026-06-17 12:57:04
SR006613,MED0100,Misrata,Qasr Ahmad,2026-07-02 03:16:35
SR006614,MED0201,Tripoli,Hay Al-Andalus,2026-08-01 12:40:27
SR006615,MED0078,Misrata,Qasr Ahmad,2026-08-09 00:12:58
SR006616,MED0413,Benghazi,Al-Selmani,2026-08-10 05:45:10
SR006617,MED0304,Tripoli,Ain Zara,2026-07-02 18:26:29
SR006618,MED0503,Benghazi,Al-Selmani,2026-06-11 11:01:09
SR006619,MED0164,Zliten,Al-Qasabat,2026-08-20 01:48:45
SR006620,MED0177,Benghazi,Al-Fuwayhat,2026-06-08 19:33:03
SR006621,MED0365,Tripoli,Tajoura,2026-05-24 01:35:16
SR006622,MED0124,Tripoli,Souq Al Juma'a,2026-06-19 06:27:37
SR006623,MED0021,Tripoli,Abu Salim,2026-05-10 11:11:03
SR006624,MED0313,Tripoli,Janzour,2026-06-20 08:57:13
SR006625,MED0042,Misrata,Zawiyat Al-Mahjoub,2026-07-11 20:21:22
SR006626,MED0164,Benghazi,Al-Sabri,2026-06-28 12:36:30
SR006627,MED0373,Misrata,Al-Karareem,2026-04-22 11:39:57
SR006628,MED0016,Tripoli,Souq Al Juma'a,2026-03-14 18:59:55
SR006629,MED0198,Misrata,Qasr Ahmad,2026-06-06 03:41:07
SR006630,MED0236,Tripoli,Abu Salim,2026-06-02 13:05:41
SR006631,MED0270,Zliten,Al-Qasabat,2026-06-02 00:54:35
SR006632,MED0046,Benghazi,Al-Fuwayhat,2026-05-26 15:40:34
SR006633,MED0357,Misrata,Al-Karareem,2026-08-17 00:59:29
SR006634,MED0104,Zawiya,Bir Al-Ghanam,2026-06-25 14:29:09
SR006635,MED0020,Tripoli,Ain Zara,2026-05-20 05:55:26
SR006636,MED0374,Zawiya,Al-Harsha,2026-03-29 08:18:56
SR006637,MED0190,Tripoli,Ain Zara,2026-08-19 13:43:32
SR006638,MED0241,Misrata,Al-Ghiran,2026-06-24 19:05:13
SR006639,MED0024,Tripoli,Gargaresh,2026-03-06 02:13:05
SR006640,MED0449,Tripoli,Gargaresh,2026-06-23 22:48:19
SR006641,MED0120,Benghazi,Al-Selmani,2026-07-03 12:08:40
SR006642,MED0236,Tripoli,Tajoura,2026-08-06 02:10:27
SR006643,MED0017,Tripoli,Ain Zara,2026-06-06 16:27:32
SR006644,MED0279,Tripoli,Ain Zara,2026-06-03 07:10:05
SR006645,MED0222,Misrata,Qasr Ahmad,2026-08-05 00:22:34
SR006646,MED0181,Benghazi,Al-Sabri,2026-07-19 02:18:51
SR006647,MED0281,Tripoli,Fashloum,2026-08-05 20:34:17
SR006648,MED0126,Tripoli,Ain Zara,2026-06-23 00:52:01
SR006649,MED0254,Sabha,Al-Manshiya,2026-02-18 15:04:25
SR006650,MED0191,Zliten,Al-Qasabat,2026-07-13 15:20:54
SR006651,MED0516,Tripoli,Fashloum,2026-07-01 05:00:33
SR006652,MED0416,Tripoli,Janzour,2026-04-20 04:55:21
SR006653,MED0353,Misrata,Al-Ghiran,2026-08-10 17:12:19
SR006654,MED0072,Tripoli,Fashloum,2026-06-29 06:50:27
SR006655,MED0197,Tripoli,Ain Zara,2026-08-06 08:15:31
SR006656,MED0027,Misrata,Zawiyat Al-Mahjoub,2026-02-22 23:36:06
SR006657,MED0160,Tripoli,Souq Al Juma'a,2026-08-13 22:14:23
SR006658,MED0027,Tripoli,Ain Zara,2026-03-11 07:59:53
SR006659,MED0365,Benghazi,Al-Sabri,2026-05-21 21:46:58
SR006660,MED0081,Zawiya,Al-Mashtal,2026-07-30 16:50:59
SR006661,MED0462,Misrata,Al-Ghiran,2026-05-06 21:53:19
SR006662,MED0318,Tripoli,Abu Salim,2026-02-23 20:07:59
SR006663,MED0297,Tripoli,Souq Al Juma'a,2026-03-27 09:51:01
SR006664,MED0469,Benghazi,Al-Berka,2026-08-08 21:38:27
SR006665,MED0198,Zawiya,Bir Al-Ghanam,2026-07-17 20:41:16
SR006666,MED0452,Tripoli,Janzour,2026-07-22 12:11:20
SR006667,MED0203,Tripoli,Abu Salim,2026-06-17 12:34:56
SR006668,MED0042,Tripoli,Fashloum,2026-08-04 14:14:03
SR006669,MED0178,Tripoli,Fashloum,2026-03-20 09:58:08
SR006670,MED0301,Tripoli,Janzour,2026-07-24 08:25:41
SR006671,MED0005,Tripoli,Gargaresh,2026-08-09 04:41:33
SR006672,MED0362,Tripoli,Souq Al Juma'a,2026-05-28 00:34:24
SR006673,MED0038,Tripoli,Souq Al Juma'a,2026-07-25 06:48:27
SR006674,MED0180,Benghazi,Al-Selmani,2026-04-11 01:19:06
SR006675,MED0065,Tripoli,Tajoura,2026-03-29 09:02:47
SR006676,MED0467,Tripoli,Gargaresh,2026-06-19 03:50:04
SR006677,MED0438,Tripoli,Janzour,2026-08-01 02:14:47
SR006678,MED0248,Tripoli,Janzour,2026-06-18 03:04:02
SR006679,MED0046,Benghazi,Al-Selmani,2026-08-06 19:59:52
SR006680,MED0019,Tripoli,Gargaresh,2026-05-25 10:17:01
SR006681,MED0378,Benghazi,Al-Selmani,2026-07-23 22:50:37
SR006682,MED0029,Tripoli,Ain Zara,2026-08-17 04:51:24
SR006683,MED0441,Sabha,Tayouri,2026-08-02 23:02:00
SR006684,MED0243,Tripoli,Souq Al Juma'a,2026-07-16 18:34:13
SR006685,MED0335,Tripoli,Tajoura,2026-07-23 18:29:45
SR006686,MED0147,Misrata,Zawiyat Al-Mahjoub,2026-06-30 12:03:02
SR006687,MED0284,Misrata,Qasr Ahmad,2026-06-17 00:08:04
SR006688,MED0156,Misrata,Al-Karareem,2026-07-18 08:30:43
SR006689,MED0129,Tripoli,Gargaresh,2026-03-31 17:48:46
SR006690,MED0021,Zliten,Souq Al-Thulatha,2026-08-14 11:18:13
SR006691,MED0478,Tripoli,Souq Al Juma'a,2026-05-19 23:54:40
SR006692,MED0437,Benghazi,Al-Berka,2026-05-10 17:31:31
SR006693,MED0019,Tripoli,Hay Al-Andalus,2026-07-12 00:33:06
SR006694,MED0485,Tripoli,Janzour,2026-07-22 20:29:29
SR006695,MED0007,Tripoli,Abu Salim,2026-07-24 04:19:07
SR006696,MED0258,Tripoli,Souq Al Juma'a,2026-08-06 08:07:19
SR006697,MED0282,Tripoli,Souq Al Juma'a,2026-03-30 03:14:45
SR006698,MED0234,Zawiya,Al-Mashtal,2026-08-20 13:39:34
SR006699,MED0122,Benghazi,Al-Hadaeq,2026-06-13 23:27:40
SR006700,MED0176,Tripoli,Gargaresh,2026-05-11 16:34:24
SR006701,MED0124,Sabha,Al-Manshiya,2026-05-07 13:17:31
SR006702,MED0122,Tripoli,Janzour,2026-05-24 05:31:59
SR006703,MED0040,Tripoli,Fashloum,2026-07-03 00:00:17
SR006704,MED0404,Tripoli,Gargaresh,2026-07-17 05:00:07
SR006705,MED0221,Benghazi,Al-Selmani,2026-08-12 12:05:46
SR006706,MED0438,Tripoli,Hay Al-Andalus,2026-06-01 12:57:52
SR006707,MED0134,Misrata,Zawiyat Al-Mahjoub,2026-08-07 22:11:07
SR006708,MED0117,Tripoli,Gargaresh,2026-05-27 03:20:42
SR006709,MED0334,Misrata,Al-Ghiran,2026-08-03 14:23:35
SR006710,MED0166,Tripoli,Hay Al-Andalus,2026-08-20 01:53:02
SR006711,MED0123,Zawiya,Al-Mashtal,2026-07-14 14:42:16
SR006712,MED0290,Tripoli,Souq Al Juma'a,2026-06-22 19:42:56
SR006713,MED0408,Benghazi,Al-Selmani,2026-07-05 15:19:31
SR006714,MED0303,Tripoli,Fashloum,2026-07-24 07:42:41
SR006715,MED0258,Tripoli,Ain Zara,2026-08-11 19:27:42
SR006716,MED0099,Misrata,Al-Ghiran,2026-06-13 19:05:22
SR006717,MED0344,Benghazi,Al-Hadaeq,2026-06-16 08:07:30
SR006718,MED0347,Benghazi,Al-Fuwayhat,2026-06-26 12:41:55
SR006719,MED0362,Zawiya,Bir Al-Ghanam,2026-04-29 10:11:28
SR006720,MED0167,Tripoli,Hay Al-Andalus,2026-06-25 12:52:08
SR006721,MED0478,Tripoli,Fashloum,2026-07-16 00:14:39
SR006722,MED0141,Misrata,Qasr Ahmad,2026-07-14 04:57:05
SR006723,MED0178,Tripoli,Tajoura,2026-07-10 05:19:54
SR006724,MED0019,Tripoli,Tajoura,2026-06-28 04:40:10
SR006725,MED0029,Tripoli,Fashloum,2026-08-10 00:47:52
SR006726,MED0295,Zawiya,Al-Mashtal,2026-05-29 15:35:41
SR006727,MED0098,Tripoli,Ain Zara,2026-07-19 05:42:47
SR006728,MED0253,Benghazi,Al-Hadaeq,2026-08-06 23:34:07
SR006729,MED0286,Tripoli,Abu Salim,2026-08-12 15:34:28
SR006730,MED0373,Benghazi,Al-Hadaeq,2026-08-14 15:47:49
SR006731,MED0105,Benghazi,Al-Hadaeq,2026-07-29 17:35:06
SR006732,MED0042,Tripoli,Souq Al Juma'a,2026-05-09 11:17:08
SR006733,MED0095,Tripoli,Gargaresh,2026-07-23 01:55:28
SR006734,MED0470,Zawiya,Bir Al-Ghanam,2026-05-09 21:04:58
SR006735,MED0117,Tripoli,Gargaresh,2026-03-13 04:08:50
SR006736,MED0261,Zliten,Al-Qasabat,2026-04-14 00:37:51
SR006737,MED0013,Benghazi,Al-Fuwayhat,2026-08-12 03:14:34
SR006738,MED0241,Misrata,Qasr Ahmad,2026-07-02 21:42:56
SR006739,MED0056,Benghazi,Al-Sabri,2026-06-09 07:29:42
SR006740,MED0394,Tripoli,Ain Zara,2026-07-09 09:07:21
SR006741,MED0417,Zliten,Al-Qasabat,2026-08-06 22:57:03
SR006742,MED0059,Tripoli,Gargaresh,2026-08-05 13:22:31
SR006743,MED0425,Tripoli,Hay Al-Andalus,2026-08-14 03:03:05
SR006744,MED0226,Tripoli,Hay Al-Andalus,2026-03-09 18:08:02
SR006745,MED0405,Misrata,Qasr Ahmad,2026-06-23 21:21:19
SR006746,MED0108,Tripoli,Souq Al Juma'a,2026-04-22 14:41:04
SR006747,MED0511,Tripoli,Souq Al Juma'a,2026-07-27 14:45:11
SR006748,MED0290,Tripoli,Janzour,2026-08-03 14:44:53
SR006749,MED0091,Sabha,Al-Dawwar,2026-06-17 23:09:00
SR006750,MED0132,Tripoli,Ain Zara,2026-04-16 00:22:14
SR006751,MED0221,Misrata,Al-Karareem,2026-06-20 15:03:17
SR006752,MED0308,Misrata,Qasr Ahmad,2026-05-27 23:52:38
SR006753,MED0276,Tripoli,Ain Zara,2026-05-04 18:23:29
SR006754,MED0438,Tripoli,Janzour,2026-04-10 00:55:34
SR006755,MED0288,Misrata,Zawiyat Al-Mahjoub,2026-06-24 15:45:43
SR006756,MED0020,Benghazi,Al-Selmani,2026-06-14 18:36:42
SR006757,MED0371,Tripoli,Gargaresh,2026-03-02 15:47:26
SR006758,MED0051,Benghazi,Al-Fuwayhat,2026-08-20 21:54:23
SR006759,MED0425,Tripoli,Abu Salim,2026-04-19 10:41:26
SR006760,MED0131,Tripoli,Tajoura,2026-07-23 11:41:08
SR006761,MED0509,Tripoli,Hay Al-Andalus,2026-07-19 06:57:43
SR006762,MED0429,Benghazi,Al-Hadaeq,2026-06-22 19:33:11
SR006763,MED0282,Tripoli,Fashloum,2026-05-09 19:28:17
SR006764,MED0409,Tripoli,Janzour,2026-07-22 11:31:10
SR006765,MED0490,Tripoli,Ain Zara,2026-06-19 19:00:27
SR006766,MED0197,Tripoli,Tajoura,2026-05-19 09:45:07
SR006767,MED0051,Misrata,Al-Karareem,2026-07-29 18:55:48
SR006768,MED0134,Sabha,Tayouri,2026-05-03 05:04:20
SR006769,MED0209,Tripoli,Janzour,2026-05-06 21:30:42
SR006770,MED0508,Tripoli,Gargaresh,2026-04-03 03:56:42
SR006771,MED0385,Benghazi,Al-Selmani,2026-08-12 18:57:04
SR006772,MED0250,Tripoli,Fashloum,2026-06-16 00:16:46
SR006773,MED0136,Tripoli,Souq Al Juma'a,2026-07-09 03:51:07
SR006774,MED0064,Tripoli,Gargaresh,2026-08-09 13:09:12
SR006775,MED0094,Tripoli,Janzour,2026-06-23 00:09:03
SR006776,MED0225,Tripoli,Souq Al Juma'a,2026-07-08 16:06:55
SR006777,MED0136,Misrata,Zawiyat Al-Mahjoub,2026-08-04 04:41:13
SR006778,MED0454,Tripoli,Tajoura,2026-07-05 13:12:10
SR006779,MED0469,Tripoli,Gargaresh,2026-05-10 04:09:39
SR006780,MED0122,Benghazi,Al-Fuwayhat,2026-06-17 13:00:01
SR006781,MED0188,Benghazi,Al-Fuwayhat,2026-07-28 13:56:11
SR006782,MED0513,Tripoli,Janzour,2026-06-03 12:11:37
SR006783,MED0041,Benghazi,Al-Fuwayhat,2026-05-10 00:28:00
SR006784,MED0282,Tripoli,Ain Zara,2026-07-31 11:13:08
SR006785,MED0027,Misrata,Al-Ghiran,2026-08-19 06:06:57
SR006786,MED0410,Sabha,Al-Manshiya,2026-05-04 21:45:07
SR006787,MED0038,Tripoli,Hay Al-Andalus,2026-05-22 02:33:14
SR006788,MED0263,Zawiya,Bir Al-Ghanam,2026-07-19 19:55:43
SR006789,MED0221,Tripoli,Hay Al-Andalus,2026-07-16 11:27:38
SR006790,MED0191,Tripoli,Ain Zara,2026-04-16 01:25:59
SR006791,MED0334,Benghazi,Al-Fuwayhat,2026-05-22 07:30:31
SR006792,MED0401,Tripoli,Gargaresh,2026-07-04 10:05:04
SR006793,MED0185,Benghazi,Al-Sabri,2026-08-08 17:42:09
SR006794,MED0474,Tripoli,Abu Salim,2026-03-09 04:53:02
SR006795,MED0431,Tripoli,Fashloum,2026-05-31 05:02:36
SR006796,MED0248,Tripoli,Abu Salim,2026-07-02 00:10:38
SR006797,MED0015,Sabha,Tayouri,2026-07-19 09:43:20
SR006798,MED0227,Tripoli,Gargaresh,2026-07-22 07:58:20
SR006799,MED0498,Tripoli,Gargaresh,2026-04-24 06:54:15
SR006800,MED0047,Benghazi,Al-Berka,2026-07-30 01:42:31
SR006801,MED0212,Benghazi,Al-Selmani,2026-07-21 16:20:24
SR006802,MED0020,Tripoli,Janzour,2026-08-14 09:48:19
SR006803,MED0006,Tripoli,Gargaresh,2026-08-15 18:51:30
SR006804,MED0033,Tripoli,Ain Zara,2026-08-17 13:31:18
SR006805,MED0067,Tripoli,Ain Zara,2026-06-08 03:08:02
SR006806,MED0453,Zawiya,Al-Mashtal,2026-06-03 07:35:35
SR006807,MED0104,Tripoli,Gargaresh,2026-07-17 06:45:54
SR006808,MED0466,Tripoli,Tajoura,2026-08-16 17:32:22
SR006809,MED0290,Tripoli,Abu Salim,2026-07-07 15:28:17
SR006810,MED0116,Tripoli,Ain Zara,2026-06-07 10:50:04
SR006811,MED0034,Tripoli,Souq Al Juma'a,2026-05-28 02:08:42
SR006812,MED0349,Benghazi,Al-Sabri,2026-04-23 21:05:30
SR006813,MED0376,Tripoli,Abu Salim,2026-07-04 11:09:17
SR006814,MED0281,Tripoli,Abu Salim,2026-08-13 13:01:24
SR006815,MED0030,Tripoli,Tajoura,2026-07-20 09:18:49
SR006816,MED0042,Misrata,Zawiyat Al-Mahjoub,2026-07-24 00:11:55
SR006817,MED0286,Misrata,Al-Karareem,2026-08-09 07:24:15
SR006818,MED0434,Benghazi,Al-Sabri,2026-07-30 08:30:36
SR006819,MED0044,Tripoli,Souq Al Juma'a,2026-08-16 18:37:57
SR006820,MED0393,Benghazi,Al-Berka,2026-07-16 10:52:14
SR006821,MED0104,Misrata,Zawiyat Al-Mahjoub,2026-07-27 18:49:09
SR006822,MED0024,Benghazi,Al-Sabri,2026-05-10 23:01:47
SR006823,MED0111,Misrata,Zawiyat Al-Mahjoub,2026-07-20 06:43:23
SR006824,MED0173,Tripoli,Ain Zara,2026-06-09 01:13:55
SR006825,MED0377,Tripoli,Hay Al-Andalus,2026-08-13 20:52:44
SR006826,MED0041,Sabha,Al-Dawwar,2026-07-21 08:12:49
SR006827,MED0468,Tripoli,Gargaresh,2026-07-11 16:39:37
SR006828,MED0088,Benghazi,Al-Berka,2026-04-14 09:12:27
SR006829,MED0016,Misrata,Zawiyat Al-Mahjoub,2026-02-07 08:18:44
SR006830,MED0411,Benghazi,Al-Berka,2026-08-16 23:24:17
SR006831,MED0368,Tripoli,Souq Al Juma'a,2026-08-08 05:57:20
SR006832,MED0449,Benghazi,Al-Berka,2026-05-27 14:14:57
SR006833,MED0082,Tripoli,Souq Al Juma'a,2026-05-07 10:47:19
SR006834,MED0218,Misrata,Qasr Ahmad,2026-08-10 21:50:04
SR006835,MED0274,Benghazi,Al-Selmani,2026-08-16 08:59:48
SR006836,MED0015,Tripoli,Gargaresh,2026-06-09 13:23:40
SR006837,MED0196,Tripoli,Tajoura,2026-02-26 07:12:14
SR006838,MED0014,Benghazi,Al-Selmani,2026-06-18 23:16:35
SR006839,MED0152,Tripoli,Fashloum,2026-05-17 23:10:56
SR006840,MED0229,Tripoli,Tajoura,2026-07-22 23:36:58
SR006841,MED0304,Misrata,Qasr Ahmad,2026-07-12 23:03:32
SR006842,MED0156,Tripoli,Fashloum,2026-06-24 01:50:39
SR006843,MED0488,Misrata,Zawiyat Al-Mahjoub,2026-05-30 16:05:33
SR006844,MED0329,Benghazi,Al-Berka,2026-07-29 21:12:13
SR006845,MED0372,Benghazi,Al-Selmani,2026-05-04 10:10:41
SR006846,MED0231,Zawiya,Bir Al-Ghanam,2026-08-06 20:42:08
SR006847,MED0079,Tripoli,Ain Zara,2026-07-18 04:58:18
SR006848,MED0183,Tripoli,Hay Al-Andalus,2026-05-27 16:11:20
SR006849,MED0146,Benghazi,Al-Selmani,2026-06-13 04:53:21
SR006850,MED0220,Zliten,Al-Qasabat,2026-08-02 02:51:47
SR006851,MED0283,Tripoli,Souq Al Juma'a,2026-07-22 00:54:27
SR006852,MED0447,Misrata,Al-Ghiran,2026-07-09 09:39:13
SR006853,MED0449,Tripoli,Abu Salim,2026-04-12 05:10:13
SR006854,MED0254,Benghazi,Al-Sabri,2026-03-25 03:31:58
SR006855,MED0431,Sabha,Al-Manshiya,2026-07-31 18:38:42
SR006856,MED0234,Tripoli,Abu Salim,2026-08-13 03:05:10
SR006857,MED0321,Misrata,Qasr Ahmad,2026-05-08 08:39:55
SR006858,MED0167,Misrata,Al-Karareem,2026-08-05 04:41:09
SR006859,MED0510,Tripoli,Hay Al-Andalus,2026-04-21 14:34:02
SR006860,MED0349,Tripoli,Ain Zara,2026-07-20 00:54:27
SR006861,MED0125,Tripoli,Gargaresh,2026-07-12 18:26:59
SR006862,MED0045,Tripoli,Souq Al Juma'a,2026-07-21 23:09:11
SR006863,MED0138,Tripoli,Ain Zara,2026-07-29 03:20:04
SR006864,MED0023,Tripoli,Hay Al-Andalus,2026-07-11 09:26:26
SR006865,MED0449,Sabha,Al-Manshiya,2026-05-22 19:29:35
SR006866,MED0312,Tripoli,Abu Salim,2026-06-02 01:47:31
SR006867,MED0488,Tripoli,Janzour,2026-07-11 01:18:26
SR006868,MED0381,Misrata,Al-Karareem,2026-05-28 00:57:08
SR006869,MED0173,Benghazi,Al-Fuwayhat,2026-07-26 03:05:29
SR006870,MED0115,Tripoli,Ain Zara,2026-06-25 15:17:10
SR006871,MED0016,Tripoli,Hay Al-Andalus,2026-04-23 05:12:10
SR006872,MED0208,Benghazi,Al-Hadaeq,2026-08-13 00:30:43
SR006873,MED0445,Benghazi,Al-Fuwayhat,2026-08-01 02:04:38
SR006874,MED0006,Misrata,Zawiyat Al-Mahjoub,2026-06-23 16:24:18
SR006875,MED0063,Tripoli,Ain Zara,2026-04-22 11:08:28
SR006876,MED0224,Tripoli,Ain Zara,2026-07-16 08:32:38
SR006877,MED0029,Tripoli,Janzour,2026-05-02 10:09:57
SR006878,MED0423,Benghazi,Al-Selmani,2026-05-18 05:32:02
SR006879,MED0237,Tripoli,Ain Zara,2026-05-16 17:36:05
SR006880,MED0212,Tripoli,Tajoura,2026-08-15 09:22:43
SR006881,MED0190,Benghazi,Al-Berka,2026-06-21 13:15:31
SR006882,MED0105,Tripoli,Hay Al-Andalus,2026-07-20 17:15:08
SR006883,MED0079,Tripoli,Souq Al Juma'a,2026-08-16 00:22:17
SR006884,MED0511,Tripoli,Fashloum,2026-05-04 02:37:10
SR006885,MED0428,Tripoli,Souq Al Juma'a,2026-05-28 01:03:57
SR006886,MED0246,Zliten,Al-Qasabat,2026-06-09 14:06:29
SR006887,MED0212,Tripoli,Gargaresh,2026-08-20 05:47:53
SR006888,MED0102,Tripoli,Abu Salim,2026-05-23 14:48:53
SR006889,MED0476,Benghazi,Al-Fuwayhat,2026-07-06 08:54:17
SR006890,MED0191,Tripoli,Fashloum,2026-03-19 04:08:55
SR006891,MED0221,Tripoli,Janzour,2026-08-17 14:39:57
SR006892,MED0197,Tripoli,Ain Zara,2026-06-11 00:29:53
SR006893,MED0143,Tripoli,Ain Zara,2026-08-09 19:36:46
SR006894,MED0222,Tripoli,Gargaresh,2026-07-09 15:37:47
SR006895,MED0397,Tripoli,Ain Zara,2026-07-28 12:19:42
SR006896,MED0248,Tripoli,Fashloum,2026-06-20 07:09:24
SR006897,MED0520,Benghazi,Al-Hadaeq,2026-06-18 13:53:49
SR006898,MED0014,Tripoli,Tajoura,2026-05-18 21:05:15
SR006899,MED0017,Benghazi,Al-Selmani,2026-05-30 09:56:19
SR006900,MED0006,Benghazi,Al-Berka,2026-07-17 04:13:55
SR006901,MED0442,Tripoli,Souq Al Juma'a,2026-04-19 13:01:47
SR006902,MED0411,Misrata,Al-Ghiran,2026-05-21 09:36:12
SR006903,MED0258,Tripoli,Janzour,2026-05-10 11:31:08
SR006904,MED0114,Tripoli,Souq Al Juma'a,2026-05-07 14:48:38
SR006905,MED0128,Zawiya,Bir Al-Ghanam,2026-07-30 03:55:36
SR006906,MED0123,Tripoli,Abu Salim,2026-07-10 13:54:45
SR006907,MED0467,Tripoli,Hay Al-Andalus,2026-06-09 01:31:59
SR006908,MED0128,Zawiya,Al-Harsha,2026-08-07 14:07:32
SR006909,MED0138,Zliten,Al-Qasabat,2026-06-11 21:04:07
SR006910,MED0373,Benghazi,Al-Hadaeq,2026-07-30 02:23:37
SR006911,MED0449,Tripoli,Abu Salim,2026-05-30 11:53:05
SR006912,MED0352,Sabha,Al-Dawwar,2026-07-12 19:15:11
SR006913,MED0231,Tripoli,Fashloum,2026-07-30 03:33:47
SR006914,MED0360,Misrata,Al-Ghiran,2026-06-08 02:55:29
SR006915,MED0270,Misrata,Al-Karareem,2026-04-22 09:56:26
SR006916,MED0019,Sabha,Al-Manshiya,2026-05-04 14:05:20
SR006917,MED0277,Tripoli,Souq Al Juma'a,2026-03-09 01:14:40
SR006918,MED0234,Benghazi,Al-Berka,2026-08-15 05:46:21
SR006919,MED0295,Tripoli,Abu Salim,2026-03-29 10:41:13
SR006920,MED0456,Tripoli,Abu Salim,2026-06-17 11:08:55
SR006921,MED0121,Benghazi,Al-Selmani,2026-03-14 09:54:53
SR006922,MED0252,Tripoli,Tajoura,2026-04-25 18:51:38
SR006923,MED0292,Benghazi,Al-Selmani,2026-07-24 14:47:16
SR006924,MED0312,Benghazi,Al-Hadaeq,2026-07-28 17:16:10
SR006925,MED0444,Misrata,Al-Ghiran,2026-05-02 10:52:24
SR006926,MED0081,Benghazi,Al-Sabri,2026-07-15 22:23:12
SR006927,MED0445,Tripoli,Fashloum,2026-06-03 00:09:41
SR006928,MED0360,Benghazi,Al-Sabri,2026-05-06 22:23:49
SR006929,MED0292,Tripoli,Fashloum,2026-07-02 01:47:46
SR006930,MED0068,Tripoli,Abu Salim,2026-06-24 07:58:07
SR006931,MED0161,Tripoli,Abu Salim,2026-04-10 01:07:17
SR006932,MED0478,Tripoli,Abu Salim,2026-06-23 07:44:45
SR006933,MED0439,Tripoli,Tajoura,2026-07-30 23:28:33
SR006934,MED0252,Tripoli,Souq Al Juma'a,2026-08-02 06:28:07
SR006935,MED0105,Tripoli,Gargaresh,2026-06-30 05:42:57
SR006936,MED0301,Benghazi,Al-Hadaeq,2026-07-09 05:35:02
SR006937,MED0233,Tripoli,Souq Al Juma'a,2026-08-14 03:18:21
SR006938,MED0097,Tripoli,Gargaresh,2026-07-19 10:41:44
SR006939,MED0209,Tripoli,Ain Zara,2026-07-20 06:25:26
SR006940,MED0246,Tripoli,Gargaresh,2026-08-02 11:13:11
SR006941,MED0160,Misrata,Al-Ghiran,2026-06-30 03:37:06
SR006942,MED0329,Zawiya,Bir Al-Ghanam,2026-08-09 00:22:30
SR006943,MED0317,Benghazi,Al-Selmani,2026-07-16 01:35:22
SR006944,MED0103,Tripoli,Hay Al-Andalus,2026-06-28 14:15:11
SR006945,MED0158,Tripoli,Janzour,2026-08-06 22:59:57
SR006946,MED0056,Benghazi,Al-Hadaeq,2026-04-16 00:36:32
SR006947,MED0372,Tripoli,Souq Al Juma'a,2026-07-26 10:30:59
SR006948,MED0284,Tripoli,Ain Zara,2026-06-26 01:36:09
SR006949,MED0309,Tripoli,Abu Salim,2026-07-30 11:10:38
SR006950,MED0227,Zliten,Souq Al-Thulatha,2026-07-22 18:30:30
SR006951,MED0364,Zawiya,Al-Mashtal,2026-07-25 10:54:18
SR006952,MED0381,Tripoli,Fashloum,2026-06-03 13:36:45
SR006953,MED0363,Tripoli,Gargaresh,2026-08-08 18:15:54
SR006954,MED0441,Benghazi,Al-Berka,2026-08-06 19:26:50
SR006955,MED0007,Tripoli,Souq Al Juma'a,2026-08-14 21:22:13
SR006956,MED0438,Misrata,Zawiyat Al-Mahjoub,2026-04-10 01:12:01
SR006957,MED0383,Tripoli,Janzour,2026-03-20 00:58:34
SR006958,MED0096,Tripoli,Janzour,2026-05-24 17:40:13
SR006959,MED0107,Misrata,Zawiyat Al-Mahjoub,2026-07-02 22:04:57
SR006960,MED0214,Tripoli,Tajoura,2026-07-22 03:47:50
SR006961,MED0003,Tripoli,Souq Al Juma'a,2026-08-11 07:23:27
SR006962,MED0264,Tripoli,Tajoura,2026-07-10 18:03:19
SR006963,MED0084,Tripoli,Fashloum,2026-05-13 13:13:21
SR006964,MED0333,Benghazi,Al-Fuwayhat,2026-04-25 15:07:46
SR006965,MED0504,Tripoli,Hay Al-Andalus,2026-07-01 03:08:01
SR006966,MED0309,Tripoli,Abu Salim,2026-07-13 02:42:09
SR006967,MED0391,Tripoli,Janzour,2026-05-24 00:16:41
SR006968,MED0428,Tripoli,Fashloum,2026-03-31 11:04:12
SR006969,MED0030,Tripoli,Hay Al-Andalus,2026-04-17 05:30:39
SR006970,MED0224,Misrata,Qasr Ahmad,2026-04-14 08:19:58
SR006971,MED0010,Tripoli,Souq Al Juma'a,2026-08-14 09:22:46
SR006972,MED0162,Tripoli,Janzour,2026-08-20 00:09:59
SR006973,MED0368,Tripoli,Fashloum,2026-04-09 08:04:59
SR006974,MED0264,Benghazi,Al-Fuwayhat,2026-08-11 00:22:20
SR006975,MED0367,Zawiya,Al-Harsha,2026-05-31 00:20:05
SR006976,MED0190,Tripoli,Janzour,2026-08-05 14:28:13
SR006977,MED0329,Misrata,Al-Karareem,2026-05-01 12:02:59
SR006978,MED0193,Tripoli,Fashloum,2026-07-18 21:54:27
SR006979,MED0190,Tripoli,Ain Zara,2026-05-25 16:27:41
SR006980,MED0504,Tripoli,Souq Al Juma'a,2026-06-10 15:04:51
SR006981,MED0456,Tripoli,Fashloum,2026-05-15 03:39:40
SR006982,MED0368,Zliten,Al-Qasabat,2026-07-19 09:44:35
SR006983,MED0512,Benghazi,Al-Hadaeq,2026-05-10 15:44:52
SR006984,MED0190,Tripoli,Janzour,2026-06-30 17:59:50
SR006985,MED0061,Tripoli,Ain Zara,2026-05-26 07:08:30
SR006986,MED0075,Tripoli,Hay Al-Andalus,2026-03-13 23:38:35
SR006987,MED0253,Tripoli,Gargaresh,2026-05-21 07:01:54
SR006988,MED0166,Tripoli,Hay Al-Andalus,2026-08-17 23:12:40
SR006989,MED0160,Benghazi,Al-Sabri,2026-06-16 15:29:29
SR006990,MED0238,Benghazi,Al-Hadaeq,2026-08-16 03:25:40
SR006991,MED0469,Tripoli,Abu Salim,2026-04-07 18:20:18
SR006992,MED0233,Tripoli,Souq Al Juma'a,2026-06-29 10:26:07
SR006993,MED0236,Zawiya,Al-Harsha,2026-04-27 22:32:40
SR006994,MED0110,Zawiya,Bir Al-Ghanam,2026-04-18 23:26:00
SR006995,MED0132,Tripoli,Ain Zara,2026-06-05 05:21:00
SR006996,MED0203,Benghazi,Al-Selmani,2026-06-10 15:05:51
SR006997,MED0425,Tripoli,Janzour,2026-08-12 13:17:16
SR006998,MED0318,Benghazi,Al-Hadaeq,2026-04-19 10:45:51
SR006999,MED0439,Tripoli,Gargaresh,2026-08-06 21:36:24
SR007000,MED0179,Tripoli,Ain Zara,2026-06-30 04:20:55
SR007001,MED0183,Benghazi,Al-Berka,2026-07-16 12:27:20
SR007002,MED0384,Benghazi,Al-Berka,2026-04-23 23:46:23
SR007003,MED0127,Tripoli,Gargaresh,2026-07-23 09:28:38
SR007004,MED0055,Tripoli,Souq Al Juma'a,2026-07-14 15:41:38
SR007005,MED0339,Misrata,Qasr Ahmad,2026-06-02 04:10:55
SR007006,MED0243,Tripoli,Gargaresh,2026-07-10 20:52:11
SR007007,MED0241,Tripoli,Ain Zara,2026-07-25 04:40:19
SR007008,MED0143,Tripoli,Gargaresh,2026-06-20 05:55:56
SR007009,MED0206,Tripoli,Janzour,2026-06-04 23:29:28
SR007010,MED0027,Benghazi,Al-Hadaeq,2026-07-29 00:45:41
SR007011,MED0094,Tripoli,Janzour,2026-07-27 19:34:44
SR007012,MED0253,Tripoli,Gargaresh,2026-06-18 17:23:58
SR007013,MED0148,Benghazi,Al-Fuwayhat,2026-05-31 03:41:27
SR007014,MED0160,Tripoli,Hay Al-Andalus,2026-08-19 23:57:35
SR007015,MED0170,Tripoli,Tajoura,2026-07-22 20:26:17
SR007016,MED0006,Tripoli,Tajoura,2026-04-27 17:07:59
SR007017,MED0113,Tripoli,Janzour,2026-06-29 15:47:18
SR007018,MED0116,Misrata,Zawiyat Al-Mahjoub,2026-06-30 14:27:23
SR007019,MED0030,Benghazi,Al-Hadaeq,2026-07-02 23:22:38
SR007020,MED0518,Tripoli,Hay Al-Andalus,2026-08-03 16:42:09
SR007021,MED0438,Misrata,Zawiyat Al-Mahjoub,2026-06-21 05:29:04
SR007022,MED0104,Misrata,Al-Ghiran,2026-07-18 19:55:30
SR007023,MED0153,Tripoli,Tajoura,2026-08-05 16:15:08
SR007024,MED0173,Tripoli,Ain Zara,2026-05-20 00:01:00
SR007025,MED0256,Tripoli,Hay Al-Andalus,2026-08-08 04:17:49
SR007026,MED0447,Tripoli,Souq Al Juma'a,2026-08-07 20:36:36
SR007027,MED0173,Tripoli,Souq Al Juma'a,2026-08-17 17:23:44
SR007028,MED0342,Tripoli,Ain Zara,2026-07-01 12:16:16
SR007029,MED0056,Tripoli,Abu Salim,2026-07-15 01:36:20
SR007030,MED0156,Tripoli,Abu Salim,2026-06-20 20:17:10
SR007031,MED0394,Tripoli,Hay Al-Andalus,2026-07-12 19:27:16
SR007032,MED0455,Tripoli,Ain Zara,2026-07-14 21:22:14
SR007033,MED0390,Zawiya,Al-Mashtal,2026-08-09 23:57:56
SR007034,MED0282,Tripoli,Souq Al Juma'a,2026-06-24 11:51:30
SR007035,MED0104,Tripoli,Hay Al-Andalus,2026-07-18 00:07:15
SR007036,MED0120,Zliten,Al-Qasabat,2026-07-29 13:04:54
SR007037,MED0097,Tripoli,Tajoura,2026-02-25 05:31:48
SR007038,MED0151,Tripoli,Janzour,2026-07-12 18:09:33
SR007039,MED0363,Benghazi,Al-Sabri,2026-07-18 13:23:52
SR007040,MED0171,Benghazi,Al-Fuwayhat,2026-06-20 16:48:37
SR007041,MED0386,Tripoli,Tajoura,2026-08-11 09:49:21
SR007042,MED0464,Benghazi,Al-Berka,2026-05-30 07:52:36
SR007043,MED0158,Tripoli,Abu Salim,2026-07-01 19:36:37
SR007044,MED0510,Zliten,Souq Al-Thulatha,2026-07-29 09:34:36
SR007045,MED0192,Tripoli,Gargaresh,2026-06-10 14:43:16
SR007046,MED0165,Tripoli,Fashloum,2026-04-28 19:53:56
SR007047,MED0215,Zawiya,Al-Mashtal,2026-08-16 00:55:06
SR007048,MED0417,Tripoli,Ain Zara,2026-05-11 23:22:53
SR007049,MED0101,Tripoli,Ain Zara,2026-07-12 22:31:02
SR007050,MED0054,Benghazi,Al-Selmani,2026-02-05 14:01:04
SR007051,MED0455,Tripoli,Souq Al Juma'a,2026-06-15 04:14:47
SR007052,MED0033,Tripoli,Janzour,2026-03-02 23:59:33
SR007053,MED0308,Tripoli,Ain Zara,2026-07-22 21:44:27
SR007054,MED0041,Benghazi,Al-Hadaeq,2026-08-20 22:44:07
SR007055,MED0066,Benghazi,Al-Berka,2026-06-13 01:19:01
SR007056,MED0139,Tripoli,Fashloum,2026-08-18 12:27:55
SR007057,MED0092,Tripoli,Hay Al-Andalus,2026-06-04 07:26:41
SR007058,MED0203,Tripoli,Abu Salim,2026-06-20 04:11:23
SR007059,MED0127,Tripoli,Abu Salim,2026-05-09 15:41:15
SR007060,MED0237,Tripoli,Ain Zara,2026-07-17 06:13:42
SR007061,MED0248,Misrata,Zawiyat Al-Mahjoub,2026-08-15 03:59:29
SR007062,MED0016,Tripoli,Souq Al Juma'a,2026-06-27 12:03:00
SR007063,MED0485,Tripoli,Ain Zara,2026-08-13 12:43:04
SR007064,MED0083,Tripoli,Souq Al Juma'a,2026-07-10 06:02:36
SR007065,MED0272,Benghazi,Al-Sabri,2026-08-14 22:39:24
SR007066,MED0333,Tripoli,Abu Salim,2026-08-13 08:27:50
SR007067,MED0474,Tripoli,Janzour,2026-07-18 00:37:31
SR007068,MED0102,Tripoli,Gargaresh,2026-04-15 11:39:01
SR007069,MED0181,Tripoli,Souq Al Juma'a,2026-07-06 19:18:31
SR007070,MED0022,Misrata,Al-Ghiran,2026-07-14 17:24:35
SR007071,MED0014,Sabha,Tayouri,2026-05-31 13:18:39
SR007072,MED0421,Tripoli,Abu Salim,2026-07-14 22:49:49
SR007073,MED0438,Tripoli,Hay Al-Andalus,2026-04-27 14:58:49
SR007074,MED0215,Misrata,Zawiyat Al-Mahjoub,2026-08-05 08:12:57
SR007075,MED0367,Benghazi,Al-Berka,2026-07-12 11:39:14
SR007076,MED0236,Benghazi,Al-Fuwayhat,2026-06-05 23:29:09
SR007077,MED0172,Tripoli,Janzour,2026-06-30 14:58:16
SR007078,MED0122,Tripoli,Abu Salim,2026-06-17 09:21:22
SR007079,MED0272,Tripoli,Tajoura,2026-07-15 08:30:19
SR007080,MED0438,Misrata,Al-Karareem,2026-07-03 23:13:16
SR007081,MED0381,Tripoli,Gargaresh,2026-06-26 04:36:31
SR007082,MED0172,Tripoli,Abu Salim,2026-06-30 00:33:57
SR007083,MED0349,Tripoli,Hay Al-Andalus,2026-06-29 02:00:02
SR007084,MED0500,Tripoli,Abu Salim,2026-08-16 21:57:15
SR007085,MED0464,Tripoli,Abu Salim,2026-08-07 22:07:29
SR007086,MED0030,Tripoli,Abu Salim,2026-06-20 04:48:40
SR007087,MED0045,Benghazi,Al-Selmani,2026-05-17 00:12:12
SR007088,MED0114,Tripoli,Abu Salim,2026-06-09 01:34:41
SR007089,MED0177,Misrata,Al-Karareem,2026-08-08 14:47:54
SR007090,MED0030,Tripoli,Fashloum,2026-05-21 14:18:48
SR007091,MED0411,Tripoli,Gargaresh,2026-06-28 20:37:10
SR007092,MED0474,Misrata,Al-Ghiran,2026-05-06 12:16:20
SR007093,MED0234,Benghazi,Al-Sabri,2026-03-02 01:48:28
SR007094,MED0157,Tripoli,Souq Al Juma'a,2026-07-11 05:42:52
SR007095,MED0181,Tripoli,Fashloum,2026-08-02 01:43:24
SR007096,MED0369,Tripoli,Fashloum,2026-03-04 12:09:01
SR007097,MED0434,Tripoli,Souq Al Juma'a,2026-07-18 20:31:56
SR007098,MED0347,Benghazi,Al-Berka,2026-08-05 18:10:08
SR007099,MED0205,Misrata,Zawiyat Al-Mahjoub,2026-07-19 16:14:31
SR007100,MED0020,Tripoli,Ain Zara,2026-06-15 18:14:45
SR007101,MED0024,Tripoli,Souq Al Juma'a,2026-07-07 09:24:21
SR007102,MED0318,Tripoli,Gargaresh,2026-05-27 01:05:32
SR007103,MED0332,Tripoli,Tajoura,2026-07-05 19:04:59
SR007104,MED0294,Tripoli,Souq Al Juma'a,2026-05-05 14:41:22
SR007105,MED0490,Tripoli,Tajoura,2026-03-26 19:15:30
SR007106,MED0104,Tripoli,Ain Zara,2026-08-11 14:44:02
SR007107,MED0367,Tripoli,Hay Al-Andalus,2026-05-18 12:19:41
SR007108,MED0020,Benghazi,Al-Hadaeq,2026-07-18 15:20:17
SR007109,MED0334,Tripoli,Janzour,2026-07-06 20:16:58
SR007110,MED0206,Benghazi,Al-Fuwayhat,2026-06-21 13:02:54
SR007111,MED0049,Tripoli,Souq Al Juma'a,2026-08-02 00:23:59
SR007112,MED0457,Tripoli,Janzour,2026-04-06 07:13:57
SR007113,MED0042,Tripoli,Gargaresh,2026-05-05 20:42:22
SR007114,MED0117,Tripoli,Tajoura,2026-04-29 05:19:37
SR007115,MED0147,Tripoli,Souq Al Juma'a,2026-07-31 21:02:51
SR007116,MED0498,Zawiya,Al-Mashtal,2026-07-23 17:28:09
SR007117,MED0242,Tripoli,Gargaresh,2026-07-07 12:56:20
SR007118,MED0101,Tripoli,Fashloum,2026-06-30 20:15:36
SR007119,MED0219,Tripoli,Ain Zara,2026-06-15 14:29:24
SR007120,MED0459,Tripoli,Souq Al Juma'a,2026-07-21 07:35:55
SR007121,MED0058,Tripoli,Tajoura,2026-07-25 06:14:13
SR007122,MED0441,Tripoli,Souq Al Juma'a,2026-06-24 04:35:45
SR007123,MED0150,Tripoli,Souq Al Juma'a,2026-07-12 03:57:22
SR007124,MED0027,Misrata,Al-Karareem,2026-06-07 01:30:28
SR007125,MED0014,Tripoli,Fashloum,2026-07-02 15:59:44
SR007126,MED0249,Misrata,Al-Karareem,2026-07-22 22:33:08
SR007127,MED0074,Tripoli,Gargaresh,2026-06-28 15:15:50
SR007128,MED0302,Tripoli,Ain Zara,2026-08-11 20:15:04
SR007129,MED0332,Tripoli,Gargaresh,2026-03-14 21:37:24
SR007130,MED0006,Tripoli,Janzour,2026-07-25 12:51:05
SR007131,MED0514,Tripoli,Hay Al-Andalus,2026-07-03 07:52:28
SR007132,MED0005,Tripoli,Tajoura,2026-07-15 13:19:08
SR007133,MED0303,Tripoli,Souq Al Juma'a,2026-04-28 10:08:06
SR007134,MED0495,Tripoli,Gargaresh,2026-07-28 13:59:36
SR007135,MED0377,Tripoli,Souq Al Juma'a,2026-07-01 16:49:46
SR007136,MED0227,Benghazi,Al-Fuwayhat,2026-05-02 07:06:40
SR007137,MED0248,Tripoli,Ain Zara,2026-06-05 01:26:10
SR007138,MED0232,Sabha,Al-Manshiya,2026-07-14 10:25:04
SR007139,MED0404,Sabha,Tayouri,2026-08-02 00:13:01
SR007140,MED0445,Benghazi,Al-Selmani,2026-07-19 22:58:20
SR007141,MED0018,Benghazi,Al-Hadaeq,2026-08-10 07:17:57
SR007142,MED0201,Tripoli,Gargaresh,2026-06-22 08:52:46
SR007143,MED0099,Tripoli,Janzour,2026-07-16 02:09:44
SR007144,MED0399,Benghazi,Al-Berka,2026-07-27 16:08:07
SR007145,MED0482,Benghazi,Al-Hadaeq,2026-05-07 12:16:20
SR007146,MED0169,Tripoli,Abu Salim,2026-06-15 14:29:52
SR007147,MED0378,Zawiya,Al-Mashtal,2026-07-20 11:48:30
SR007148,MED0173,Tripoli,Tajoura,2026-07-19 19:53:56
SR007149,MED0259,Tripoli,Gargaresh,2026-07-13 11:08:10
SR007150,MED0151,Tripoli,Souq Al Juma'a,2026-07-17 22:28:11
SR007151,MED0453,Tripoli,Souq Al Juma'a,2026-04-04 20:54:17
SR007152,MED0282,Tripoli,Fashloum,2026-08-19 15:20:15
SR007153,MED0413,Tripoli,Souq Al Juma'a,2026-04-24 02:56:04
SR007154,MED0106,Misrata,Zawiyat Al-Mahjoub,2026-07-10 18:20:47
SR007155,MED0037,Misrata,Al-Ghiran,2026-04-27 15:04:25
SR007156,MED0083,Tripoli,Tajoura,2026-05-21 17:27:49
SR007157,MED0064,Misrata,Al-Karareem,2026-05-27 17:08:35
SR007158,MED0518,Benghazi,Al-Fuwayhat,2026-06-22 13:52:51
SR007159,MED0376,Tripoli,Tajoura,2026-07-18 01:20:32
SR007160,MED0317,Tripoli,Hay Al-Andalus,2026-06-04 05:14:14
SR007161,MED0233,Tripoli,Souq Al Juma'a,2026-07-04 18:31:28
SR007162,MED0448,Tripoli,Hay Al-Andalus,2026-07-28 18:50:28
SR007163,MED0229,Tripoli,Janzour,2026-06-17 02:02:00
SR007164,MED0417,Misrata,Al-Karareem,2026-08-12 07:10:18
SR007165,MED0017,Tripoli,Gargaresh,2026-04-22 03:32:23
SR007166,MED0253,Benghazi,Al-Berka,2026-04-18 05:04:24
SR007167,MED0114,Misrata,Al-Ghiran,2026-05-24 11:37:50
SR007168,MED0221,Tripoli,Ain Zara,2026-07-30 19:33:51
SR007169,MED0014,Tripoli,Souq Al Juma'a,2026-08-18 01:44:47
SR007170,MED0199,Tripoli,Tajoura,2026-07-26 15:56:19
SR007171,MED0468,Benghazi,Al-Fuwayhat,2026-04-16 16:37:08
SR007172,MED0507,Zawiya,Bir Al-Ghanam,2026-07-29 23:47:32
SR007173,MED0517,Misrata,Zawiyat Al-Mahjoub,2026-04-06 20:49:33
SR007174,MED0145,Benghazi,Al-Hadaeq,2026-07-26 08:00:17
SR007175,MED0029,Benghazi,Al-Sabri,2026-08-04 04:25:24
SR007176,MED0429,Tripoli,Abu Salim,2026-08-11 11:16:29
SR007177,MED0016,Tripoli,Hay Al-Andalus,2026-05-20 19:12:20
SR007178,MED0041,Benghazi,Al-Berka,2026-08-05 16:32:15
SR007179,MED0357,Tripoli,Hay Al-Andalus,2026-05-21 03:31:12
SR007180,MED0498,Tripoli,Tajoura,2026-06-05 06:47:16
SR007181,MED0183,Tripoli,Souq Al Juma'a,2026-07-09 08:04:18
SR007182,MED0247,Sabha,Al-Dawwar,2026-07-11 08:43:01
SR007183,MED0367,Tripoli,Tajoura,2026-06-30 21:07:34
SR007184,MED0206,Tripoli,Fashloum,2026-07-30 11:00:39
SR007185,MED0117,Tripoli,Hay Al-Andalus,2026-05-08 13:35:18
SR007186,MED0303,Tripoli,Abu Salim,2026-06-19 18:57:39
SR007187,MED0225,Tripoli,Ain Zara,2026-04-22 08:45:00
SR007188,MED0297,Misrata,Zawiyat Al-Mahjoub,2026-05-20 10:14:53
SR007189,MED0396,Tripoli,Fashloum,2026-04-25 17:23:12
SR007190,MED0333,Tripoli,Hay Al-Andalus,2026-07-19 07:33:22
SR007191,MED0108,Sabha,Tayouri,2026-07-17 01:32:19
SR007192,MED0385,Tripoli,Hay Al-Andalus,2026-07-05 23:11:56
SR007193,MED0015,Tripoli,Hay Al-Andalus,2026-07-07 17:10:01
SR007194,MED0134,Tripoli,Abu Salim,2026-03-16 23:23:03
SR007195,MED0441,Tripoli,Tajoura,2026-06-30 13:30:12
SR007196,MED0157,Sabha,Al-Dawwar,2026-05-29 12:11:33
SR007197,MED0006,Zawiya,Al-Mashtal,2026-07-11 17:36:43
SR007198,MED0348,Tripoli,Janzour,2026-08-01 20:22:46
SR007199,MED0336,Benghazi,Al-Selmani,2026-05-16 03:50:03
SR007200,MED0159,Tripoli,Fashloum,2026-06-18 19:32:56
SR007201,MED0253,Benghazi,Al-Selmani,2026-06-24 05:44:19
SR007202,MED0176,Tripoli,Fashloum,2026-04-23 09:20:22
SR007203,MED0117,Tripoli,Souq Al Juma'a,2026-07-17 13:35:15
SR007204,MED0112,Tripoli,Fashloum,2026-06-26 16:52:58
SR007205,MED0115,Benghazi,Al-Berka,2026-07-23 08:30:34
SR007206,MED0451,Tripoli,Gargaresh,2026-07-15 01:13:29
SR007207,MED0354,Tripoli,Tajoura,2026-05-15 10:59:11
SR007208,MED0297,Tripoli,Ain Zara,2026-04-28 04:31:00
SR007209,MED0113,Tripoli,Janzour,2026-01-08 19:47:18
SR007210,MED0108,Benghazi,Al-Selmani,2026-06-24 03:22:11
SR007211,MED0012,Benghazi,Al-Hadaeq,2026-06-12 11:42:42
SR007212,MED0042,Tripoli,Fashloum,2026-08-09 16:04:23
SR007213,MED0017,Misrata,Qasr Ahmad,2026-08-14 11:20:59
SR007214,MED0468,Tripoli,Janzour,2026-07-15 12:37:50
SR007215,MED0379,Benghazi,Al-Berka,2026-07-29 23:42:57
SR007216,MED0449,Tripoli,Gargaresh,2026-07-31 17:00:54
SR007217,MED0448,Zawiya,Al-Harsha,2026-05-23 08:31:20
SR007218,MED0056,Benghazi,Al-Selmani,2026-06-17 13:19:49
SR007219,MED0442,Misrata,Zawiyat Al-Mahjoub,2026-05-02 12:24:25
SR007220,MED0104,Tripoli,Fashloum,2026-07-09 01:51:49
SR007221,MED0455,Tripoli,Ain Zara,2026-05-04 04:02:14
SR007222,MED0238,Tripoli,Janzour,2026-06-24 14:25:43
SR007223,MED0468,Tripoli,Gargaresh,2026-06-29 17:26:59
SR007224,MED0236,Tripoli,Ain Zara,2026-06-27 15:39:40
SR007225,MED0372,Tripoli,Souq Al Juma'a,2026-04-15 20:21:26
SR007226,MED0500,Benghazi,Al-Sabri,2026-07-17 03:15:23
SR007227,MED0265,Benghazi,Al-Fuwayhat,2026-03-07 15:43:31
SR007228,MED0474,Zawiya,Al-Mashtal,2026-07-16 02:33:05
SR007229,MED0252,Misrata,Zawiyat Al-Mahjoub,2026-06-15 12:22:42
SR007230,MED0014,Benghazi,Al-Fuwayhat,2026-06-07 13:25:05
SR007231,MED0174,Tripoli,Tajoura,2026-07-25 20:07:47
SR007232,MED0128,Misrata,Zawiyat Al-Mahjoub,2026-07-15 22:28:10
SR007233,MED0084,Tripoli,Souq Al Juma'a,2026-07-22 03:19:13
SR007234,MED0044,Benghazi,Al-Hadaeq,2026-07-14 12:39:43
SR007235,MED0141,Tripoli,Souq Al Juma'a,2026-06-07 22:41:23
SR007236,MED0054,Misrata,Al-Karareem,2026-07-04 00:58:50
SR007237,MED0499,Tripoli,Tajoura,2026-07-09 13:47:48
SR007238,MED0074,Tripoli,Gargaresh,2026-07-01 09:47:02
SR007239,MED0126,Zawiya,Al-Harsha,2026-06-28 08:17:34
SR007240,MED0190,Zliten,Al-Qasabat,2026-06-02 06:12:02
SR007241,MED0030,Tripoli,Hay Al-Andalus,2026-05-22 10:11:39
SR007242,MED0022,Benghazi,Al-Selmani,2026-08-07 09:41:21
SR007243,MED0018,Tripoli,Gargaresh,2026-06-05 17:43:50
SR007244,MED0434,Sabha,Al-Dawwar,2026-07-04 03:37:25
SR007245,MED0405,Benghazi,Al-Fuwayhat,2026-07-21 23:31:59
SR007246,MED0478,Tripoli,Tajoura,2026-05-26 10:05:28
SR007247,MED0117,Benghazi,Al-Fuwayhat,2026-08-16 21:06:02
SR007248,MED0442,Benghazi,Al-Sabri,2026-08-06 04:52:54
SR007249,MED0369,Tripoli,Janzour,2026-06-22 19:48:52
SR007250,MED0518,Benghazi,Al-Fuwayhat,2026-07-31 16:33:41
SR007251,MED0477,Tripoli,Hay Al-Andalus,2026-04-22 16:27:31
SR007252,MED0092,Benghazi,Al-Selmani,2026-05-06 14:15:06
SR007253,MED0044,Misrata,Al-Ghiran,2026-04-04 20:07:19
SR007254,MED0101,Benghazi,Al-Fuwayhat,2026-05-07 13:46:59
SR007255,MED0227,Benghazi,Al-Selmani,2026-07-22 12:11:24
SR007256,MED0302,Tripoli,Ain Zara,2026-08-06 22:58:50
SR007257,MED0290,Tripoli,Ain Zara,2026-06-26 02:32:19
SR007258,MED0394,Tripoli,Fashloum,2026-07-03 03:33:50
SR007259,MED0221,Benghazi,Al-Selmani,2026-06-19 07:02:42
SR007260,MED0332,Benghazi,Al-Berka,2026-07-19 05:32:02
SR007261,MED0025,Zawiya,Al-Mashtal,2026-07-05 20:22:54
SR007262,MED0167,Tripoli,Ain Zara,2026-06-17 23:22:47
SR007263,MED0061,Tripoli,Souq Al Juma'a,2026-06-22 18:38:17
SR007264,MED0390,Tripoli,Gargaresh,2026-07-03 09:57:33
SR007265,MED0156,Misrata,Qasr Ahmad,2026-07-28 05:55:36
SR007266,MED0349,Tripoli,Tajoura,2026-07-18 23:17:56
SR007267,MED0076,Tripoli,Ain Zara,2026-07-23 07:18:11
SR007268,MED0037,Tripoli,Souq Al Juma'a,2026-08-18 09:03:13
SR007269,MED0196,Tripoli,Janzour,2026-06-29 03:29:27
SR007270,MED0062,Tripoli,Janzour,2026-06-12 19:57:28
SR007271,MED0155,Tripoli,Gargaresh,2026-08-02 08:46:44
SR007272,MED0057,Tripoli,Souq Al Juma'a,2026-05-19 19:27:32
SR007273,MED0138,Benghazi,Al-Fuwayhat,2026-04-17 08:46:57
SR007274,MED0302,Tripoli,Hay Al-Andalus,2026-04-13 15:12:49
SR007275,MED0008,Benghazi,Al-Berka,2026-03-24 18:57:06
SR007276,MED0441,Misrata,Zawiyat Al-Mahjoub,2026-04-27 17:37:22
SR007277,MED0337,Tripoli,Souq Al Juma'a,2026-08-01 00:51:02
SR007278,MED0499,Misrata,Zawiyat Al-Mahjoub,2026-06-20 08:14:15
SR007279,MED0304,Tripoli,Tajoura,2026-07-24 17:24:59
SR007280,MED0182,Tripoli,Fashloum,2026-05-03 11:24:07
SR007281,MED0195,Tripoli,Ain Zara,2026-05-19 16:01:35
SR007282,MED0139,Tripoli,Ain Zara,2026-08-09 21:51:01
SR007283,MED0261,Zawiya,Al-Harsha,2026-06-11 19:41:13
SR007284,MED0467,Zliten,Al-Qasabat,2026-07-30 06:05:15
SR007285,MED0439,Tripoli,Souq Al Juma'a,2026-07-14 10:13:15
SR007286,MED0353,Benghazi,Al-Fuwayhat,2026-07-03 17:11:49
SR007287,MED0466,Tripoli,Fashloum,2026-03-29 18:32:12
SR007288,MED0373,Tripoli,Gargaresh,2026-05-26 08:03:00
SR007289,MED0290,Tripoli,Ain Zara,2026-07-10 06:38:42
SR007290,MED0273,Misrata,Qasr Ahmad,2026-06-24 14:27:30
SR007291,MED0041,Zawiya,Bir Al-Ghanam,2026-05-02 16:33:37
SR007292,MED0237,Tripoli,Ain Zara,2026-07-23 22:47:49
SR007293,MED0156,Misrata,Al-Ghiran,2026-04-04 22:58:27
SR007294,MED0213,Benghazi,Al-Selmani,2026-07-27 09:57:50
SR007295,MED0432,Tripoli,Souq Al Juma'a,2026-04-30 23:06:51
SR007296,MED0448,Benghazi,Al-Sabri,2026-08-16 18:28:15
SR007297,MED0105,Tripoli,Hay Al-Andalus,2026-05-11 21:03:19
SR007298,MED0020,Tripoli,Fashloum,2026-02-20 15:51:59
SR007299,MED0349,Zawiya,Al-Harsha,2026-07-31 16:17:55
SR007300,MED0505,Misrata,Zawiyat Al-Mahjoub,2026-08-13 02:34:43
SR007301,MED0004,Tripoli,Souq Al Juma'a,2026-05-08 10:48:43
SR007302,MED0099,Benghazi,Al-Hadaeq,2026-04-06 19:53:46
SR007303,MED0203,Sabha,Al-Dawwar,2026-08-06 18:23:25
SR007304,MED0409,Tripoli,Hay Al-Andalus,2026-07-12 08:46:16
SR007305,MED0207,Benghazi,Al-Sabri,2026-07-27 15:58:08
SR007306,MED0237,Tripoli,Souq Al Juma'a,2026-08-15 07:08:18
SR007307,MED0221,Misrata,Al-Ghiran,2026-07-01 00:00:07
SR007308,MED0386,Tripoli,Abu Salim,2026-07-14 17:54:51
SR007309,MED0039,Tripoli,Fashloum,2026-07-10 22:54:12
SR007310,MED0201,Tripoli,Fashloum,2026-08-15 00:19:37
SR007311,MED0186,Tripoli,Souq Al Juma'a,2026-04-08 04:31:49
SR007312,MED0173,Tripoli,Fashloum,2026-08-05 10:00:24
SR007313,MED0005,Tripoli,Ain Zara,2026-05-29 04:38:58
SR007314,MED0381,Tripoli,Janzour,2026-08-16 08:44:00
SR007315,MED0190,Zawiya,Bir Al-Ghanam,2026-06-29 21:03:38
SR007316,MED0225,Tripoli,Hay Al-Andalus,2026-07-29 17:38:08
SR007317,MED0297,Zawiya,Al-Harsha,2026-02-27 11:50:57
SR007318,MED0033,Tripoli,Janzour,2026-06-12 11:36:54
SR007319,MED0317,Tripoli,Janzour,2026-07-30 03:56:38
SR007320,MED0318,Tripoli,Abu Salim,2026-07-24 11:30:48
SR007321,MED0101,Tripoli,Souq Al Juma'a,2026-06-14 12:08:11
SR007322,MED0449,Misrata,Al-Ghiran,2026-04-09 20:31:09
SR007323,MED0369,Tripoli,Hay Al-Andalus,2026-04-26 03:18:36
SR007324,MED0039,Zawiya,Al-Harsha,2026-05-25 21:48:17
SR007325,MED0411,Tripoli,Gargaresh,2026-03-11 00:54:31
SR007326,MED0213,Zliten,Al-Qasabat,2026-08-02 16:29:05
SR007327,MED0263,Tripoli,Abu Salim,2026-08-04 10:50:20
SR007328,MED0313,Tripoli,Souq Al Juma'a,2026-08-03 20:33:55
SR007329,MED0339,Tripoli,Abu Salim,2026-06-10 04:00:45
SR007330,MED0332,Tripoli,Ain Zara,2026-07-10 05:13:20
SR007331,MED0438,Tripoli,Ain Zara,2026-07-02 09:36:31
SR007332,MED0284,Misrata,Al-Ghiran,2026-08-02 21:27:26
SR007333,MED0376,Sabha,Al-Dawwar,2026-05-05 15:01:23
SR007334,MED0054,Tripoli,Abu Salim,2026-03-15 22:22:46
SR007335,MED0442,Tripoli,Fashloum,2026-08-15 21:33:13
SR007336,MED0176,Benghazi,Al-Sabri,2026-08-06 08:35:42
SR007337,MED0317,Tripoli,Tajoura,2026-07-19 12:30:29
SR007338,MED0039,Misrata,Al-Karareem,2026-04-05 07:14:51
SR007339,MED0114,Tripoli,Janzour,2026-07-18 16:20:23
SR007340,MED0115,Tripoli,Hay Al-Andalus,2026-04-29 19:19:09
SR007341,MED0029,Tripoli,Hay Al-Andalus,2026-07-04 13:45:39
SR007342,MED0021,Benghazi,Al-Selmani,2026-03-07 08:58:35
SR007343,MED0192,Benghazi,Al-Selmani,2026-06-04 13:46:31
SR007344,MED0068,Tripoli,Souq Al Juma'a,2026-07-31 16:00:58
SR007345,MED0495,Tripoli,Fashloum,2026-03-09 02:00:09
SR007346,MED0211,Benghazi,Al-Sabri,2026-04-14 17:24:40
SR007347,MED0390,Tripoli,Gargaresh,2026-07-16 08:57:05
SR007348,MED0173,Tripoli,Janzour,2026-06-14 07:01:19
SR007349,MED0083,Tripoli,Janzour,2026-04-13 09:29:10
SR007350,MED0157,Tripoli,Souq Al Juma'a,2026-08-03 18:05:49
SR007351,MED0145,Tripoli,Hay Al-Andalus,2026-07-24 06:47:23
SR007352,MED0417,Tripoli,Janzour,2026-05-16 19:32:51
SR007353,MED0183,Misrata,Al-Ghiran,2026-07-14 07:05:40
SR007354,MED0226,Tripoli,Janzour,2026-07-12 06:12:56
SR007355,MED0152,Benghazi,Al-Fuwayhat,2026-04-10 05:37:17
SR007356,MED0021,Tripoli,Gargaresh,2026-07-28 04:44:32
SR007357,MED0212,Misrata,Al-Ghiran,2026-04-21 06:05:49
SR007358,MED0093,Tripoli,Fashloum,2026-05-03 19:22:19
SR007359,MED0230,Benghazi,Al-Selmani,2026-07-17 21:07:24
SR007360,MED0409,Tripoli,Hay Al-Andalus,2026-07-18 00:58:33
SR007361,MED0469,Misrata,Al-Ghiran,2026-07-17 23:44:06
SR007362,MED0002,Tripoli,Abu Salim,2026-04-08 17:25:34
SR007363,MED0475,Tripoli,Ain Zara,2026-07-01 06:38:12
SR007364,MED0349,Zawiya,Bir Al-Ghanam,2026-06-03 11:47:40
SR007365,MED0407,Benghazi,Al-Fuwayhat,2026-08-18 23:55:26
SR007366,MED0190,Tripoli,Hay Al-Andalus,2026-04-28 01:09:24
SR007367,MED0058,Tripoli,Janzour,2026-05-07 19:04:01
SR007368,MED0004,Misrata,Al-Ghiran,2026-07-11 14:48:18
SR007369,MED0209,Tripoli,Fashloum,2026-04-10 01:56:28
SR007370,MED0150,Zawiya,Bir Al-Ghanam,2026-06-11 18:25:44
SR007371,MED0333,Tripoli,Gargaresh,2026-07-13 17:47:36
SR007372,MED0435,Tripoli,Abu Salim,2026-06-26 18:41:56
SR007373,MED0309,Misrata,Qasr Ahmad,2026-07-23 05:37:12
SR007374,MED0237,Tripoli,Tajoura,2026-07-18 15:18:31
SR007375,MED0386,Tripoli,Ain Zara,2026-04-22 19:53:58
SR007376,MED0317,Tripoli,Hay Al-Andalus,2026-05-31 13:30:07
SR007377,MED0369,Tripoli,Souq Al Juma'a,2026-06-30 11:11:31
SR007378,MED0449,Misrata,Zawiyat Al-Mahjoub,2026-07-16 13:48:46
SR007379,MED0389,Misrata,Zawiyat Al-Mahjoub,2026-06-14 04:25:00
SR007380,MED0362,Benghazi,Al-Sabri,2026-05-06 21:19:35
SR007381,MED0244,Tripoli,Souq Al Juma'a,2026-07-13 05:08:36
SR007382,MED0167,Benghazi,Al-Fuwayhat,2026-02-19 07:27:05
SR007383,MED0229,Benghazi,Al-Sabri,2026-06-19 09:03:28
SR007384,MED0517,Benghazi,Al-Fuwayhat,2026-07-21 04:56:46
SR007385,MED0013,Tripoli,Tajoura,2026-08-01 13:25:42
SR007386,MED0454,Tripoli,Gargaresh,2026-05-18 02:16:59
SR007387,MED0429,Tripoli,Abu Salim,2026-04-09 18:46:07
SR007388,MED0116,Benghazi,Al-Hadaeq,2026-05-15 12:41:22
SR007389,MED0329,Benghazi,Al-Hadaeq,2026-07-10 09:12:13
SR007390,MED0459,Sabha,Al-Manshiya,2026-06-20 19:16:40
SR007391,MED0278,Tripoli,Souq Al Juma'a,2026-07-01 12:00:08
SR007392,MED0410,Misrata,Qasr Ahmad,2026-08-01 02:10:46
SR007393,MED0490,Tripoli,Hay Al-Andalus,2026-08-14 23:55:41
SR007394,MED0364,Tripoli,Ain Zara,2026-03-21 16:13:13
SR007395,MED0505,Tripoli,Souq Al Juma'a,2026-04-20 12:39:48
SR007396,MED0126,Benghazi,Al-Selmani,2026-04-23 18:33:19
SR007397,MED0119,Tripoli,Fashloum,2026-07-16 01:28:00
SR007398,MED0106,Misrata,Al-Ghiran,2026-07-06 01:20:44
SR007399,MED0453,Tripoli,Fashloum,2026-05-21 05:20:05
SR007400,MED0131,Tripoli,Tajoura,2026-08-14 09:31:50
SR007401,MED0056,Misrata,Al-Karareem,2026-05-01 00:25:45
SR007402,MED0176,Misrata,Al-Ghiran,2026-06-15 03:39:17
SR007403,MED0405,Zawiya,Bir Al-Ghanam,2026-06-24 20:47:36
SR007404,MED0224,Zawiya,Al-Harsha,2026-07-23 02:07:49
SR007405,MED0029,Tripoli,Tajoura,2026-07-02 23:11:59
SR007406,MED0019,Benghazi,Al-Selmani,2026-07-16 12:53:43
SR007407,MED0258,Tripoli,Janzour,2026-08-16 22:58:02
SR007408,MED0202,Zawiya,Al-Harsha,2026-07-20 19:33:25
SR007409,MED0015,Benghazi,Al-Fuwayhat,2026-08-18 21:53:49
SR007410,MED0257,Misrata,Al-Ghiran,2026-08-11 15:18:11
SR007411,MED0277,Zawiya,Bir Al-Ghanam,2026-06-26 22:03:54
SR007412,MED0297,Tripoli,Tajoura,2026-06-21 17:19:04
SR007413,MED0064,Misrata,Qasr Ahmad,2026-07-14 23:06:17
SR007414,MED0282,Tripoli,Hay Al-Andalus,2026-08-12 04:49:06
SR007415,MED0006,Tripoli,Tajoura,2026-06-03 00:19:46
SR007416,MED0249,Tripoli,Souq Al Juma'a,2026-08-20 04:46:23
SR007417,MED0434,Tripoli,Janzour,2026-07-15 10:50:29
SR007418,MED0214,Tripoli,Janzour,2026-07-23 07:27:32
SR007419,MED0197,Tripoli,Ain Zara,2026-07-26 11:01:02
SR007420,MED0126,Benghazi,Al-Hadaeq,2026-03-31 00:10:58
SR007421,MED0202,Tripoli,Abu Salim,2026-08-08 16:01:12
SR007422,MED0155,Misrata,Qasr Ahmad,2026-07-29 13:09:40
SR007423,MED0238,Tripoli,Fashloum,2026-05-25 05:46:58
SR007424,MED0097,Benghazi,Al-Sabri,2026-04-28 15:15:01
SR007425,MED0446,Tripoli,Janzour,2026-07-16 16:24:18
SR007426,MED0008,Tripoli,Ain Zara,2026-05-08 21:19:35
SR007427,MED0466,Benghazi,Al-Selmani,2026-05-16 22:30:36
SR007428,MED0227,Tripoli,Ain Zara,2026-06-16 01:09:14
SR007429,MED0459,Misrata,Zawiyat Al-Mahjoub,2026-01-13 08:13:06
SR007430,MED0505,Tripoli,Ain Zara,2026-05-05 09:37:10
SR007431,MED0271,Tripoli,Souq Al Juma'a,2026-07-28 08:53:30
SR007432,MED0041,Tripoli,Souq Al Juma'a,2026-06-19 04:23:56
SR007433,MED0328,Tripoli,Ain Zara,2026-07-01 21:01:17
SR007434,MED0238,Sabha,Tayouri,2026-05-29 01:23:51
SR007435,MED0162,Tripoli,Abu Salim,2026-06-27 01:16:58
SR007436,MED0031,Tripoli,Tajoura,2026-07-27 20:37:42
SR007437,MED0442,Benghazi,Al-Fuwayhat,2026-06-14 03:01:23
SR007438,MED0475,Tripoli,Fashloum,2026-07-18 16:04:16
SR007439,MED0290,Tripoli,Janzour,2026-05-17 19:43:19
SR007440,MED0405,Benghazi,Al-Sabri,2026-05-10 17:59:01
SR007441,MED0053,Tripoli,Hay Al-Andalus,2026-07-28 13:46:39
SR007442,MED0046,Tripoli,Abu Salim,2026-08-01 21:43:00
SR007443,MED0177,Zawiya,Bir Al-Ghanam,2026-06-30 05:44:47
SR007444,MED0243,Tripoli,Tajoura,2026-08-10 17:24:16
SR007445,MED0191,Benghazi,Al-Hadaeq,2026-07-05 13:04:05
SR007446,MED0044,Zawiya,Bir Al-Ghanam,2026-06-11 18:20:57
SR007447,MED0171,Tripoli,Janzour,2026-07-13 04:35:17
SR007448,MED0316,Misrata,Al-Ghiran,2026-07-25 04:43:36
SR007449,MED0476,Misrata,Al-Karareem,2026-01-21 15:59:54
SR007450,MED0211,Tripoli,Abu Salim,2026-05-18 00:59:05
SR007451,MED0435,Tripoli,Janzour,2026-06-09 15:54:51
SR007452,MED0005,Tripoli,Abu Salim,2026-06-24 13:40:08
SR007453,MED0201,Tripoli,Gargaresh,2026-05-29 01:05:55
SR007454,MED0290,Benghazi,Al-Selmani,2026-07-04 18:31:19
SR007455,MED0124,Tripoli,Tajoura,2026-08-14 19:48:58
SR007456,MED0352,Tripoli,Abu Salim,2026-07-27 11:42:31
SR007457,MED0049,Benghazi,Al-Selmani,2026-05-16 11:21:52
SR007458,MED0006,Tripoli,Gargaresh,2026-07-27 12:51:34
SR007459,MED0038,Zawiya,Bir Al-Ghanam,2026-07-06 17:22:55
SR007460,MED0308,Tripoli,Souq Al Juma'a,2026-08-02 22:49:28
SR007461,MED0520,Benghazi,Al-Sabri,2026-08-14 15:52:29
SR007462,MED0510,Zawiya,Bir Al-Ghanam,2026-07-12 12:49:36
SR007463,MED0230,Misrata,Al-Ghiran,2026-08-13 01:18:51
SR007464,MED0257,Misrata,Qasr Ahmad,2026-06-06 02:52:07
SR007465,MED0023,Tripoli,Souq Al Juma'a,2026-04-03 07:32:33
SR007466,MED0285,Zawiya,Bir Al-Ghanam,2026-05-23 16:52:15
SR007467,MED0042,Tripoli,Hay Al-Andalus,2026-08-10 13:16:37
SR007468,MED0478,Tripoli,Gargaresh,2026-06-23 16:16:11
SR007469,MED0238,Tripoli,Abu Salim,2026-08-15 01:30:05
SR007470,MED0491,Tripoli,Fashloum,2026-04-14 15:12:38
SR007471,MED0242,Tripoli,Souq Al Juma'a,2026-05-28 10:33:11
SR007472,MED0207,Tripoli,Gargaresh,2026-06-25 22:02:31
SR007473,MED0232,Sabha,Al-Dawwar,2026-07-15 06:34:32
SR007474,MED0019,Tripoli,Souq Al Juma'a,2026-07-29 05:43:34
SR007475,MED0028,Tripoli,Tajoura,2026-07-08 17:22:25
SR007476,MED0359,Tripoli,Ain Zara,2026-05-13 15:10:14
SR007477,MED0406,Benghazi,Al-Sabri,2026-07-30 06:55:55
SR007478,MED0430,Tripoli,Abu Salim,2026-07-23 07:18:03
SR007479,MED0438,Tripoli,Janzour,2026-07-30 14:00:11
SR007480,MED0085,Benghazi,Al-Hadaeq,2026-08-01 18:41:18
SR007481,MED0459,Tripoli,Tajoura,2026-06-30 21:17:20
SR007482,MED0328,Benghazi,Al-Fuwayhat,2026-07-29 18:08:33
SR007483,MED0225,Tripoli,Tajoura,2026-04-23 17:52:30
SR007484,MED0202,Tripoli,Gargaresh,2026-05-26 13:49:28
SR007485,MED0113,Tripoli,Abu Salim,2026-08-17 22:19:37
SR007486,MED0333,Misrata,Zawiyat Al-Mahjoub,2026-08-08 10:40:15
SR007487,MED0517,Tripoli,Hay Al-Andalus,2026-08-13 21:57:43
SR007488,MED0319,Benghazi,Al-Berka,2026-06-19 17:41:52
SR007489,MED0491,Benghazi,Al-Sabri,2026-06-15 15:49:00
SR007490,MED0187,Tripoli,Abu Salim,2026-03-02 02:56:11
SR007491,MED0113,Tripoli,Janzour,2026-05-30 05:36:32
SR007492,MED0434,Zawiya,Bir Al-Ghanam,2026-06-05 12:46:47
SR007493,MED0434,Tripoli,Janzour,2026-05-12 04:18:07
SR007494,MED0116,Tripoli,Janzour,2026-08-08 22:03:38
SR007495,MED0114,Benghazi,Al-Sabri,2026-08-19 15:23:43
SR007496,MED0188,Tripoli,Fashloum,2026-08-12 11:14:01
SR007497,MED0466,Tripoli,Souq Al Juma'a,2026-07-01 08:01:38
SR007498,MED0081,Tripoli,Gargaresh,2026-05-05 03:12:47
SR007499,MED0325,Benghazi,Al-Sabri,2026-08-12 22:04:44
SR007500,MED0173,Tripoli,Fashloum,2026-08-16 06:39:46
SR007501,MED0223,Tripoli,Fashloum,2026-07-15 19:27:20
SR007502,MED0162,Tripoli,Tajoura,2026-04-19 00:52:55
SR007503,MED0223,Tripoli,Gargaresh,2026-06-02 20:39:30
SR007504,MED0179,Tripoli,Ain Zara,2026-06-11 01:14:48
SR007505,MED0194,Misrata,Al-Karareem,2026-07-06 10:19:46
SR007506,MED0373,Tripoli,Tajoura,2026-04-22 09:12:17
SR007507,MED0104,Sabha,Tayouri,2026-07-28 20:34:34
SR007508,MED0185,Misrata,Qasr Ahmad,2026-03-20 09:55:58
SR007509,MED0175,Tripoli,Tajoura,2026-08-05 14:41:50
SR007510,MED0207,Tripoli,Tajoura,2026-05-05 21:55:52
SR007511,MED0020,Tripoli,Tajoura,2026-06-19 21:14:36
SR007512,MED0186,Benghazi,Al-Sabri,2026-08-02 16:59:08
SR007513,MED0190,Tripoli,Abu Salim,2026-07-22 22:04:26
SR007514,MED0045,Misrata,Al-Ghiran,2026-06-23 14:05:31
SR007515,MED0380,Tripoli,Abu Salim,2026-05-24 13:50:32
SR007516,MED0075,Tripoli,Abu Salim,2026-08-19 02:00:09
SR007517,MED0510,Tripoli,Hay Al-Andalus,2026-07-14 15:48:33
SR007518,MED0008,Tripoli,Fashloum,2026-06-25 02:07:55
SR007519,MED0025,Tripoli,Abu Salim,2026-08-15 22:17:42
SR007520,MED0175,Tripoli,Fashloum,2026-08-02 19:54:09
SR007521,MED0104,Tripoli,Ain Zara,2026-08-04 11:21:54
SR007522,MED0271,Tripoli,Fashloum,2026-08-16 19:21:29
SR007523,MED0281,Tripoli,Gargaresh,2026-06-26 21:11:37
SR007524,MED0422,Tripoli,Janzour,2026-08-19 18:18:30
SR007525,MED0221,Zawiya,Al-Harsha,2026-07-30 10:28:26
SR007526,MED0061,Tripoli,Souq Al Juma'a,2026-05-31 12:40:55
SR007527,MED0422,Tripoli,Tajoura,2026-07-01 15:28:09
SR007528,MED0025,Tripoli,Souq Al Juma'a,2026-05-23 03:37:11
SR007529,MED0504,Benghazi,Al-Berka,2026-08-08 19:04:42
SR007530,MED0211,Benghazi,Al-Selmani,2026-06-28 08:39:34
SR007531,MED0041,Benghazi,Al-Berka,2026-05-30 21:28:56
SR007532,MED0218,Tripoli,Hay Al-Andalus,2026-06-29 03:47:00
SR007533,MED0070,Tripoli,Janzour,2026-07-01 18:20:18
SR007534,MED0078,Tripoli,Janzour,2026-06-07 04:36:54
SR007535,MED0514,Tripoli,Hay Al-Andalus,2026-08-12 21:33:06
SR007536,MED0094,Tripoli,Ain Zara,2026-08-12 03:42:01
SR007537,MED0262,Tripoli,Ain Zara,2026-05-10 00:22:03
SR007538,MED0463,Tripoli,Fashloum,2026-07-26 13:00:28
SR007539,MED0105,Tripoli,Gargaresh,2026-05-03 16:46:20
SR007540,MED0248,Benghazi,Al-Selmani,2026-07-06 10:14:51
SR007541,MED0083,Zawiya,Al-Harsha,2026-07-05 08:52:25
SR007542,MED0429,Tripoli,Fashloum,2026-07-19 04:17:31
SR007543,MED0520,Tripoli,Gargaresh,2026-06-13 13:07:09
SR007544,MED0478,Tripoli,Souq Al Juma'a,2026-07-08 13:28:22
SR007545,MED0453,Tripoli,Abu Salim,2026-07-21 15:12:30
SR007546,MED0037,Tripoli,Ain Zara,2026-08-01 21:07:40
SR007547,MED0285,Zawiya,Bir Al-Ghanam,2026-06-02 21:12:51
SR007548,MED0258,Tripoli,Fashloum,2026-06-10 14:55:41
SR007549,MED0330,Misrata,Al-Ghiran,2026-08-03 10:49:33
SR007550,MED0080,Tripoli,Souq Al Juma'a,2026-06-15 20:28:29
SR007551,MED0131,Benghazi,Al-Selmani,2026-06-03 08:40:51
SR007552,MED0116,Tripoli,Fashloum,2026-06-12 21:25:49
SR007553,MED0459,Tripoli,Fashloum,2026-05-19 15:12:52
SR007554,MED0417,Zawiya,Al-Harsha,2026-08-06 16:09:15
SR007555,MED0010,Tripoli,Hay Al-Andalus,2026-08-14 01:44:28
SR007556,MED0214,Benghazi,Al-Fuwayhat,2026-07-01 16:23:52
SR007557,MED0145,Tripoli,Tajoura,2026-05-12 22:18:17
SR007558,MED0469,Benghazi,Al-Hadaeq,2026-06-21 10:19:10
SR007559,MED0411,Misrata,Al-Karareem,2026-08-06 22:26:51
SR007560,MED0318,Tripoli,Hay Al-Andalus,2026-01-18 23:55:35
SR007561,MED0006,Sabha,Tayouri,2026-05-29 23:42:46
SR007562,MED0064,Tripoli,Ain Zara,2026-05-04 16:52:24
SR007563,MED0042,Zawiya,Al-Mashtal,2026-07-28 06:41:31
SR007564,MED0183,Misrata,Al-Karareem,2026-06-02 09:27:38
SR007565,MED0025,Benghazi,Al-Sabri,2026-02-24 13:34:58
SR007566,MED0305,Tripoli,Abu Salim,2026-03-04 15:12:17
SR007567,MED0369,Zawiya,Al-Harsha,2026-06-02 15:40:22
SR007568,MED0138,Tripoli,Gargaresh,2026-03-31 01:44:46
SR007569,MED0172,Tripoli,Tajoura,2026-08-02 23:27:22
SR007570,MED0063,Tripoli,Janzour,2026-06-12 23:49:43
SR007571,MED0015,Tripoli,Janzour,2026-07-10 00:17:41
SR007572,MED0183,Tripoli,Tajoura,2026-08-15 06:22:23
SR007573,MED0004,Misrata,Qasr Ahmad,2026-08-03 23:10:17
SR007574,MED0219,Tripoli,Janzour,2026-06-09 11:57:31
SR007575,MED0303,Zawiya,Al-Harsha,2026-08-04 02:07:04
SR007576,MED0234,Misrata,Qasr Ahmad,2026-06-18 21:25:25
SR007577,MED0468,Tripoli,Abu Salim,2026-07-14 05:02:40
SR007578,MED0414,Tripoli,Gargaresh,2026-08-09 20:02:02
SR007579,MED0318,Misrata,Qasr Ahmad,2026-06-04 16:26:54
SR007580,MED0039,Zawiya,Bir Al-Ghanam,2026-07-20 20:05:04
SR007581,MED0500,Misrata,Qasr Ahmad,2026-06-06 09:19:44
SR007582,MED0006,Tripoli,Tajoura,2026-08-03 14:41:50
SR007583,MED0480,Tripoli,Gargaresh,2026-03-25 02:31:19
SR007584,MED0440,Tripoli,Abu Salim,2026-06-28 01:48:42
SR007585,MED0162,Tripoli,Fashloum,2026-07-08 05:17:28
SR007586,MED0410,Tripoli,Hay Al-Andalus,2026-06-07 05:49:12
SR007587,MED0409,Tripoli,Gargaresh,2026-08-14 02:17:22
SR007588,MED0469,Misrata,Qasr Ahmad,2026-08-14 13:37:40
SR007589,MED0041,Tripoli,Abu Salim,2026-07-29 03:13:05
SR007590,MED0420,Tripoli,Gargaresh,2026-08-19 18:34:10
SR007591,MED0132,Tripoli,Ain Zara,2026-07-14 08:49:54
SR007592,MED0174,Tripoli,Ain Zara,2026-05-06 16:05:04
SR007593,MED0326,Benghazi,Al-Selmani,2026-07-05 08:40:19
SR007594,MED0080,Tripoli,Hay Al-Andalus,2026-07-28 07:41:06
SR007595,MED0115,Tripoli,Fashloum,2026-08-01 01:08:22
SR007596,MED0018,Tripoli,Gargaresh,2026-06-26 15:33:14
SR007597,MED0177,Benghazi,Al-Sabri,2026-07-26 01:27:05
SR007598,MED0285,Tripoli,Hay Al-Andalus,2026-06-27 12:44:25
SR007599,MED0333,Tripoli,Hay Al-Andalus,2026-07-16 15:33:45
SR007600,MED0458,Tripoli,Gargaresh,2026-06-05 14:38:21
SR007601,MED0201,Tripoli,Fashloum,2026-06-30 12:24:16
SR007602,MED0500,Tripoli,Gargaresh,2026-06-27 04:09:01
SR007603,MED0438,Tripoli,Abu Salim,2026-05-24 18:00:17
SR007604,MED0394,Tripoli,Souq Al Juma'a,2026-06-17 07:12:10
SR007605,MED0272,Misrata,Al-Ghiran,2026-06-11 13:20:03
SR007606,MED0083,Tripoli,Tajoura,2026-06-13 19:18:10
SR007607,MED0149,Tripoli,Ain Zara,2026-06-24 18:45:52
SR007608,MED0103,Benghazi,Al-Berka,2026-07-24 23:04:42
SR007609,MED0405,Tripoli,Tajoura,2026-04-28 20:44:49
SR007610,MED0095,Benghazi,Al-Berka,2026-06-27 09:53:27
SR007611,MED0105,Misrata,Qasr Ahmad,2026-06-15 20:15:56
SR007612,MED0054,Tripoli,Fashloum,2026-05-28 16:12:20
SR007613,MED0192,Zliten,Souq Al-Thulatha,2026-07-10 06:57:58
SR007614,MED0063,Benghazi,Al-Sabri,2026-08-13 05:31:26
SR007615,MED0183,Tripoli,Abu Salim,2026-05-02 10:11:58
SR007616,MED0505,Zawiya,Bir Al-Ghanam,2026-07-01 23:51:30
SR007617,MED0128,Misrata,Zawiyat Al-Mahjoub,2026-06-16 02:43:01
SR007618,MED0056,Tripoli,Abu Salim,2026-06-03 00:23:21
SR007619,MED0065,Tripoli,Hay Al-Andalus,2026-05-06 18:59:10
SR007620,MED0125,Tripoli,Ain Zara,2026-07-14 21:30:47
SR007621,MED0254,Benghazi,Al-Sabri,2026-05-14 22:47:11
SR007622,MED0381,Tripoli,Gargaresh,2026-08-07 10:53:57
SR007623,MED0495,Misrata,Zawiyat Al-Mahjoub,2026-04-20 23:35:31
SR007624,MED0123,Zawiya,Al-Mashtal,2026-06-08 00:44:42
SR007625,MED0044,Benghazi,Al-Selmani,2026-06-21 01:11:03
SR007626,MED0164,Misrata,Al-Ghiran,2026-08-11 18:13:51
SR007627,MED0335,Tripoli,Ain Zara,2026-07-19 04:27:27
SR007628,MED0325,Tripoli,Abu Salim,2026-07-03 04:36:32
SR007629,MED0150,Tripoli,Gargaresh,2026-05-26 12:48:05
SR007630,MED0042,Benghazi,Al-Hadaeq,2026-05-25 07:51:39
SR007631,MED0213,Tripoli,Souq Al Juma'a,2026-06-30 03:34:17
SR007632,MED0135,Tripoli,Hay Al-Andalus,2026-06-30 10:29:31
SR007633,MED0046,Sabha,Tayouri,2026-07-30 06:57:54
SR007634,MED0332,Tripoli,Gargaresh,2026-07-03 02:31:43
SR007635,MED0188,Tripoli,Abu Salim,2026-07-22 03:25:14
SR007636,MED0358,Tripoli,Abu Salim,2026-07-07 18:22:52
SR007637,MED0012,Tripoli,Hay Al-Andalus,2026-07-05 13:19:19
SR007638,MED0478,Tripoli,Hay Al-Andalus,2026-08-15 03:06:31
SR007639,MED0261,Zawiya,Bir Al-Ghanam,2026-05-23 21:11:44
SR007640,MED0057,Benghazi,Al-Sabri,2026-03-20 09:25:11
SR007641,MED0363,Tripoli,Souq Al Juma'a,2026-05-09 17:34:17
SR007642,MED0270,Tripoli,Ain Zara,2026-06-07 04:45:47
SR007643,MED0157,Misrata,Qasr Ahmad,2026-05-25 07:39:58
SR007644,MED0258,Tripoli,Janzour,2026-07-17 02:10:45
SR007645,MED0382,Sabha,Al-Dawwar,2026-07-29 21:49:58
SR007646,MED0450,Tripoli,Janzour,2026-07-21 12:18:52
SR007647,MED0261,Benghazi,Al-Sabri,2026-07-30 17:12:07
SR007648,MED0255,Tripoli,Janzour,2026-06-13 14:28:29
SR007649,MED0455,Tripoli,Janzour,2026-07-20 04:20:37
SR007650,MED0041,Tripoli,Hay Al-Andalus,2026-06-16 04:07:36
SR007651,MED0466,Benghazi,Al-Sabri,2026-05-11 10:05:14
SR007652,MED0400,Tripoli,Gargaresh,2026-07-07 11:51:37
SR007653,MED0194,Tripoli,Abu Salim,2026-07-22 10:29:52
SR007654,MED0099,Tripoli,Gargaresh,2026-04-30 15:55:23
SR007655,MED0308,Benghazi,Al-Berka,2026-07-11 16:39:20
SR007656,MED0190,Benghazi,Al-Fuwayhat,2026-06-28 23:02:57
SR007657,MED0218,Tripoli,Janzour,2026-03-25 22:04:08
SR007658,MED0360,Tripoli,Souq Al Juma'a,2026-05-14 08:58:23
SR007659,MED0248,Tripoli,Fashloum,2026-08-16 04:28:26
SR007660,MED0158,Tripoli,Janzour,2026-07-16 14:08:59
SR007661,MED0401,Tripoli,Fashloum,2026-07-03 20:40:49
SR007662,MED0292,Tripoli,Fashloum,2026-07-04 02:21:21
SR007663,MED0119,Tripoli,Janzour,2026-05-03 12:57:39
SR007664,MED0416,Tripoli,Souq Al Juma'a,2026-07-08 10:20:37
SR007665,MED0057,Misrata,Al-Karareem,2026-06-09 21:54:35
SR007666,MED0462,Tripoli,Ain Zara,2026-06-21 02:36:15
SR007667,MED0138,Tripoli,Souq Al Juma'a,2026-02-21 14:27:05
SR007668,MED0057,Benghazi,Al-Hadaeq,2026-07-06 22:50:12
SR007669,MED0390,Tripoli,Hay Al-Andalus,2026-07-07 10:35:19
SR007670,MED0138,Tripoli,Gargaresh,2026-05-01 23:46:55
SR007671,MED0141,Tripoli,Fashloum,2026-08-12 16:14:54
SR007672,MED0313,Tripoli,Abu Salim,2026-06-23 17:07:28
SR007673,MED0285,Benghazi,Al-Fuwayhat,2026-05-26 19:26:00
SR007674,MED0150,Tripoli,Ain Zara,2026-06-10 05:22:59
SR007675,MED0415,Misrata,Zawiyat Al-Mahjoub,2026-08-14 14:43:11
SR007676,MED0019,Zawiya,Al-Harsha,2026-05-04 15:13:06
SR007677,MED0309,Tripoli,Ain Zara,2026-05-30 12:30:05
SR007678,MED0428,Tripoli,Janzour,2026-04-25 12:27:28
SR007679,MED0350,Benghazi,Al-Selmani,2026-07-19 18:43:20
SR007680,MED0429,Tripoli,Fashloum,2026-06-20 21:18:12
SR007681,MED0164,Zliten,Al-Qasabat,2026-07-09 04:42:59
SR007682,MED0087,Tripoli,Gargaresh,2026-06-24 09:14:31
SR007683,MED0509,Tripoli,Tajoura,2026-04-19 22:12:27
SR007684,MED0453,Tripoli,Hay Al-Andalus,2026-04-05 11:59:21
SR007685,MED0175,Tripoli,Fashloum,2026-02-19 01:36:26
SR007686,MED0251,Misrata,Zawiyat Al-Mahjoub,2026-06-05 04:19:52
SR007687,MED0314,Tripoli,Abu Salim,2026-04-09 09:28:50
SR007688,MED0042,Tripoli,Fashloum,2026-06-24 13:27:07
SR007689,MED0106,Benghazi,Al-Sabri,2026-08-20 19:03:13
SR007690,MED0449,Tripoli,Gargaresh,2026-06-13 17:47:33
SR007691,MED0252,Tripoli,Fashloum,2026-04-09 07:05:43
SR007692,MED0098,Tripoli,Janzour,2026-07-01 15:50:11
SR007693,MED0237,Tripoli,Fashloum,2026-07-31 15:05:19
SR007694,MED0223,Benghazi,Al-Sabri,2026-05-21 18:21:45
SR007695,MED0028,Tripoli,Gargaresh,2026-07-13 14:09:53
SR007696,MED0439,Sabha,Al-Dawwar,2026-06-13 00:41:39
SR007697,MED0323,Tripoli,Tajoura,2026-05-03 19:28:28
SR007698,MED0145,Benghazi,Al-Selmani,2026-08-11 03:43:22
SR007699,MED0032,Tripoli,Abu Salim,2026-04-30 01:13:50
SR007700,MED0290,Tripoli,Gargaresh,2026-08-01 21:43:55
SR007701,MED0404,Tripoli,Souq Al Juma'a,2026-04-23 19:13:31
SR007702,MED0293,Zawiya,Al-Mashtal,2026-06-01 06:24:35
SR007703,MED0510,Tripoli,Abu Salim,2026-07-28 16:21:51
SR007704,MED0218,Tripoli,Souq Al Juma'a,2026-07-04 08:48:43
SR007705,MED0234,Zliten,Al-Qasabat,2026-07-27 10:32:03
SR007706,MED0256,Tripoli,Tajoura,2026-07-13 08:09:43
SR007707,MED0398,Benghazi,Al-Berka,2026-05-13 17:42:13
SR007708,MED0263,Sabha,Tayouri,2026-08-17 21:52:37
SR007709,MED0347,Benghazi,Al-Hadaeq,2026-06-17 09:25:04
SR007710,MED0147,Misrata,Zawiyat Al-Mahjoub,2026-05-23 21:10:45
SR007711,MED0062,Tripoli,Abu Salim,2026-07-06 11:20:36
SR007712,MED0491,Zliten,Souq Al-Thulatha,2026-06-08 17:27:53
SR007713,MED0019,Tripoli,Souq Al Juma'a,2026-08-04 11:29:29
SR007714,MED0368,Misrata,Al-Karareem,2026-04-13 18:27:53
SR007715,MED0309,Zliten,Souq Al-Thulatha,2026-05-07 09:54:41
SR007716,MED0390,Tripoli,Ain Zara,2026-08-09 17:13:48
SR007717,MED0504,Tripoli,Souq Al Juma'a,2026-07-18 23:53:53
SR007718,MED0383,Benghazi,Al-Sabri,2026-07-30 01:10:06
SR007719,MED0373,Tripoli,Hay Al-Andalus,2026-07-16 18:48:08
SR007720,MED0273,Tripoli,Janzour,2026-05-13 18:15:08
SR007721,MED0369,Tripoli,Tajoura,2026-06-04 04:44:08
SR007722,MED0006,Zawiya,Al-Harsha,2026-08-12 12:39:00
SR007723,MED0229,Tripoli,Hay Al-Andalus,2026-03-04 15:03:43
SR007724,MED0498,Zawiya,Bir Al-Ghanam,2026-07-05 22:04:36
SR007725,MED0414,Benghazi,Al-Fuwayhat,2026-08-06 03:45:24
SR007726,MED0409,Tripoli,Souq Al Juma'a,2026-04-20 02:15:33
SR007727,MED0202,Sabha,Al-Dawwar,2026-08-06 07:22:18
SR007728,MED0409,Tripoli,Fashloum,2026-06-24 04:58:57
SR007729,MED0308,Tripoli,Souq Al Juma'a,2026-07-08 01:20:24
SR007730,MED0358,Benghazi,Al-Sabri,2026-06-28 12:53:45
SR007731,MED0159,Tripoli,Abu Salim,2026-07-17 14:37:35
SR007732,MED0257,Tripoli,Ain Zara,2026-06-26 10:49:08
SR007733,MED0258,Sabha,Tayouri,2026-06-30 15:38:04
SR007734,MED0221,Benghazi,Al-Hadaeq,2026-04-08 18:22:13
SR007735,MED0447,Zawiya,Al-Harsha,2026-08-04 00:30:36
SR007736,MED0446,Tripoli,Janzour,2026-07-30 06:23:18
SR007737,MED0404,Benghazi,Al-Hadaeq,2026-07-04 01:41:47
SR007738,MED0180,Tripoli,Fashloum,2026-06-01 13:16:12
SR007739,MED0024,Tripoli,Abu Salim,2026-06-27 07:21:10
SR007740,MED0397,Tripoli,Ain Zara,2026-03-21 19:32:16
SR007741,MED0362,Tripoli,Fashloum,2026-06-14 23:10:57
SR007742,MED0238,Tripoli,Hay Al-Andalus,2026-08-11 05:26:37
SR007743,MED0468,Tripoli,Abu Salim,2026-08-05 16:58:30
SR007744,MED0064,Tripoli,Abu Salim,2026-08-15 01:47:28
SR007745,MED0281,Tripoli,Hay Al-Andalus,2026-07-13 16:29:24
SR007746,MED0354,Benghazi,Al-Hadaeq,2026-08-15 18:24:29
SR007747,MED0053,Tripoli,Hay Al-Andalus,2026-06-19 14:57:20
SR007748,MED0497,Tripoli,Souq Al Juma'a,2026-06-16 06:49:52
SR007749,MED0025,Tripoli,Ain Zara,2026-04-16 20:19:25
SR007750,MED0091,Tripoli,Fashloum,2026-07-29 12:19:45
SR007751,MED0043,Tripoli,Fashloum,2026-07-05 12:39:10
SR007752,MED0124,Tripoli,Janzour,2026-07-31 04:16:46
SR007753,MED0132,Misrata,Zawiyat Al-Mahjoub,2026-05-10 16:09:45
SR007754,MED0181,Misrata,Al-Karareem,2026-08-05 18:39:03
SR007755,MED0428,Tripoli,Tajoura,2026-08-16 21:37:19
SR007756,MED0478,Tripoli,Fashloum,2026-07-02 07:27:01
SR007757,MED0437,Misrata,Al-Karareem,2026-06-12 10:41:15
SR007758,MED0438,Tripoli,Abu Salim,2026-05-25 03:05:00
SR007759,MED0259,Tripoli,Fashloum,2026-07-08 14:16:25
SR007760,MED0410,Tripoli,Gargaresh,2026-06-26 01:48:12
SR007761,MED0031,Tripoli,Tajoura,2026-07-24 02:10:41
SR007762,MED0196,Tripoli,Souq Al Juma'a,2026-08-15 16:32:48
SR007763,MED0491,Tripoli,Hay Al-Andalus,2026-08-08 08:39:01
SR007764,MED0409,Sabha,Al-Dawwar,2026-08-18 18:21:49
SR007765,MED0213,Tripoli,Hay Al-Andalus,2026-07-16 17:53:19
SR007766,MED0442,Tripoli,Abu Salim,2026-03-07 23:18:06
SR007767,MED0397,Benghazi,Al-Fuwayhat,2026-05-06 08:53:14
SR007768,MED0409,Misrata,Al-Karareem,2026-07-19 20:17:57
SR007769,MED0107,Tripoli,Ain Zara,2026-05-01 01:34:19
SR007770,MED0390,Misrata,Al-Ghiran,2026-08-17 16:49:32
SR007771,MED0038,Tripoli,Janzour,2026-07-04 14:32:03
SR007772,MED0382,Tripoli,Ain Zara,2026-05-29 19:06:33
SR007773,MED0387,Tripoli,Janzour,2026-06-17 05:53:07
SR007774,MED0284,Tripoli,Hay Al-Andalus,2026-03-21 00:39:44
SR007775,MED0126,Tripoli,Ain Zara,2026-05-04 03:01:33
SR007776,MED0234,Zliten,Al-Qasabat,2026-05-20 13:04:35
SR007777,MED0233,Benghazi,Al-Selmani,2026-07-24 01:02:37
SR007778,MED0349,Tripoli,Abu Salim,2026-07-28 21:19:16
SR007779,MED0520,Tripoli,Souq Al Juma'a,2026-06-17 02:11:42
SR007780,MED0248,Tripoli,Hay Al-Andalus,2026-05-06 14:11:50
SR007781,MED0355,Tripoli,Abu Salim,2026-05-13 11:24:31
SR007782,MED0248,Tripoli,Fashloum,2026-08-06 13:33:01
SR007783,MED0016,Misrata,Zawiyat Al-Mahjoub,2026-05-30 06:58:34
SR007784,MED0413,Benghazi,Al-Sabri,2026-07-24 15:42:38
SR007785,MED0028,Tripoli,Abu Salim,2026-05-03 10:15:05
SR007786,MED0122,Tripoli,Ain Zara,2026-08-10 20:29:17
SR007787,MED0344,Misrata,Al-Karareem,2026-07-21 13:26:23
SR007788,MED0233,Misrata,Al-Ghiran,2026-08-15 04:48:46
SR007789,MED0049,Zawiya,Al-Mashtal,2026-04-24 05:53:37
SR007790,MED0273,Tripoli,Hay Al-Andalus,2026-08-15 18:59:56
SR007791,MED0207,Tripoli,Janzour,2026-05-20 01:40:00
SR007792,MED0493,Tripoli,Fashloum,2026-06-14 23:07:41
SR007793,MED0354,Tripoli,Tajoura,2026-06-10 16:09:20
SR007794,MED0350,Tripoli,Ain Zara,2026-08-12 08:06:06
SR007795,MED0122,Tripoli,Fashloum,2026-07-01 16:54:04
SR007796,MED0414,Benghazi,Al-Berka,2026-06-25 23:01:21
SR007797,MED0023,Tripoli,Gargaresh,2026-06-27 04:50:30
SR007798,MED0404,Tripoli,Gargaresh,2026-07-28 06:25:17
SR007799,MED0284,Tripoli,Hay Al-Andalus,2026-06-01 03:45:27
SR007800,MED0233,Tripoli,Abu Salim,2026-06-01 11:43:43
SR007801,MED0158,Tripoli,Tajoura,2026-07-01 20:58:46
SR007802,MED0299,Tripoli,Janzour,2026-07-03 11:06:12
SR007803,MED0278,Tripoli,Souq Al Juma'a,2026-07-08 17:58:47
SR007804,MED0026,Tripoli,Tajoura,2026-08-13 00:15:12
SR007805,MED0113,Tripoli,Hay Al-Andalus,2026-08-02 01:58:57
SR007806,MED0309,Tripoli,Souq Al Juma'a,2026-06-22 11:19:27
SR007807,MED0129,Tripoli,Fashloum,2026-08-10 09:44:23
SR007808,MED0420,Benghazi,Al-Hadaeq,2026-07-27 03:48:39
SR007809,MED0295,Tripoli,Gargaresh,2026-01-21 22:14:19
SR007810,MED0080,Benghazi,Al-Fuwayhat,2026-06-09 12:26:36
SR007811,MED0248,Benghazi,Al-Selmani,2026-08-15 22:03:48
SR007812,MED0158,Benghazi,Al-Hadaeq,2026-08-03 07:49:48
SR007813,MED0146,Misrata,Qasr Ahmad,2026-07-13 10:44:43
SR007814,MED0131,Benghazi,Al-Sabri,2026-08-15 01:17:33
SR007815,MED0027,Tripoli,Souq Al Juma'a,2026-07-08 11:30:32
SR007816,MED0004,Benghazi,Al-Berka,2026-08-07 05:25:01
SR007817,MED0288,Benghazi,Al-Berka,2026-07-29 12:31:32
SR007818,MED0169,Tripoli,Souq Al Juma'a,2026-07-14 01:35:49
SR007819,MED0026,Misrata,Qasr Ahmad,2026-04-12 10:55:13
SR007820,MED0457,Tripoli,Abu Salim,2026-05-12 14:32:00
SR007821,MED0430,Tripoli,Tajoura,2026-04-28 11:54:14
SR007822,MED0007,Tripoli,Abu Salim,2026-08-02 21:32:13
SR007823,MED0021,Misrata,Zawiyat Al-Mahjoub,2026-04-29 11:16:32
SR007824,MED0194,Benghazi,Al-Hadaeq,2026-08-15 01:48:23
SR007825,MED0119,Tripoli,Fashloum,2026-07-28 12:30:09
SR007826,MED0367,Tripoli,Souq Al Juma'a,2026-07-01 00:17:31
SR007827,MED0460,Tripoli,Tajoura,2026-07-01 07:20:44
SR007828,MED0063,Benghazi,Al-Hadaeq,2026-04-05 22:21:19
SR007829,MED0064,Tripoli,Ain Zara,2026-06-05 01:26:09
SR007830,MED0431,Tripoli,Fashloum,2026-07-10 10:49:46
SR007831,MED0500,Misrata,Al-Ghiran,2026-07-30 22:24:31
SR007832,MED0352,Tripoli,Hay Al-Andalus,2026-08-03 21:05:21
SR007833,MED0291,Tripoli,Gargaresh,2026-07-27 03:42:27
SR007834,MED0011,Benghazi,Al-Hadaeq,2026-07-20 07:58:40
SR007835,MED0179,Benghazi,Al-Berka,2026-07-01 02:12:19
SR007836,MED0192,Misrata,Al-Karareem,2026-07-19 12:28:05
SR007837,MED0288,Zliten,Al-Qasabat,2026-08-09 08:35:27
SR007838,MED0438,Benghazi,Al-Hadaeq,2026-08-01 22:26:53
SR007839,MED0457,Tripoli,Tajoura,2026-05-12 07:40:10
SR007840,MED0100,Zliten,Al-Qasabat,2026-07-08 15:41:41
SR007841,MED0236,Tripoli,Abu Salim,2026-06-16 17:58:37
SR007842,MED0402,Tripoli,Tajoura,2026-07-16 04:40:31
SR007843,MED0510,Benghazi,Al-Hadaeq,2026-08-06 01:45:54
SR007844,MED0404,Tripoli,Fashloum,2026-05-04 18:33:16
SR007845,MED0406,Sabha,Al-Manshiya,2026-07-12 12:08:05
SR007846,MED0104,Misrata,Zawiyat Al-Mahjoub,2026-08-07 22:08:13
SR007847,MED0453,Benghazi,Al-Selmani,2026-04-26 07:39:54
SR007848,MED0247,Benghazi,Al-Sabri,2026-07-02 06:37:54
SR007849,MED0478,Tripoli,Ain Zara,2026-05-25 15:14:49
SR007850,MED0290,Tripoli,Gargaresh,2026-06-24 00:34:15
SR007851,MED0285,Tripoli,Ain Zara,2026-08-04 23:18:19
SR007852,MED0394,Misrata,Al-Karareem,2026-07-30 05:28:38
SR007853,MED0118,Benghazi,Al-Fuwayhat,2026-08-14 17:43:30
SR007854,MED0192,Tripoli,Ain Zara,2026-08-02 22:52:41
SR007855,MED0237,Benghazi,Al-Hadaeq,2026-06-01 13:18:10
SR007856,MED0117,Tripoli,Gargaresh,2026-07-11 01:43:35
SR007857,MED0404,Benghazi,Al-Selmani,2026-07-21 01:04:45
SR007858,MED0448,Tripoli,Tajoura,2026-07-18 23:53:13
SR007859,MED0063,Tripoli,Abu Salim,2026-06-04 04:39:35
SR007860,MED0030,Zliten,Al-Qasabat,2026-07-14 22:38:47
SR007861,MED0504,Misrata,Al-Karareem,2026-08-10 02:48:45
SR007862,MED0410,Sabha,Al-Manshiya,2026-07-31 19:27:45
SR007863,MED0196,Tripoli,Tajoura,2026-03-05 09:57:08
SR007864,MED0508,Tripoli,Hay Al-Andalus,2026-08-03 08:04:12
SR007865,MED0165,Tripoli,Gargaresh,2026-05-23 00:54:12
SR007866,MED0293,Tripoli,Janzour,2026-08-15 13:29:31
SR007867,MED0086,Tripoli,Tajoura,2026-03-29 14:28:04
SR007868,MED0011,Tripoli,Abu Salim,2026-08-03 23:32:30
SR007869,MED0145,Misrata,Al-Ghiran,2026-06-23 00:58:53
SR007870,MED0192,Tripoli,Gargaresh,2026-07-22 16:31:21
SR007871,MED0377,Tripoli,Souq Al Juma'a,2026-07-05 04:07:45
SR007872,MED0134,Zliten,Al-Qasabat,2026-05-02 18:29:55
SR007873,MED0439,Tripoli,Ain Zara,2026-05-15 18:22:35
SR007874,MED0387,Tripoli,Hay Al-Andalus,2026-06-03 14:06:24
SR007875,MED0029,Misrata,Zawiyat Al-Mahjoub,2026-03-13 01:54:41
SR007876,MED0444,Sabha,Al-Manshiya,2026-05-28 16:22:10
SR007877,MED0481,Tripoli,Hay Al-Andalus,2026-07-02 19:55:52
SR007878,MED0234,Tripoli,Abu Salim,2026-08-04 12:38:59
SR007879,MED0125,Benghazi,Al-Sabri,2026-05-21 13:57:54
SR007880,MED0504,Benghazi,Al-Fuwayhat,2026-06-25 08:48:22
SR007881,MED0299,Tripoli,Janzour,2026-05-11 23:08:34
SR007882,MED0191,Tripoli,Janzour,2026-08-14 14:38:11
SR007883,MED0072,Tripoli,Gargaresh,2026-04-30 17:58:49
SR007884,MED0486,Tripoli,Janzour,2026-07-01 20:25:05
SR007885,MED0005,Sabha,Al-Manshiya,2026-06-18 20:28:14
SR007886,MED0213,Tripoli,Fashloum,2026-07-12 06:48:38
SR007887,MED0179,Tripoli,Gargaresh,2026-06-07 16:34:33
SR007888,MED0323,Tripoli,Fashloum,2026-05-31 15:47:18
SR007889,MED0271,Benghazi,Al-Fuwayhat,2026-06-24 14:37:00
SR007890,MED0452,Tripoli,Fashloum,2026-07-23 11:22:16
SR007891,MED0446,Benghazi,Al-Selmani,2026-07-04 12:35:25
SR007892,MED0489,Sabha,Al-Manshiya,2026-07-25 19:19:15
SR007893,MED0457,Tripoli,Janzour,2026-07-18 09:16:10
SR007894,MED0402,Tripoli,Fashloum,2026-06-19 01:30:47
SR007895,MED0191,Benghazi,Al-Selmani,2026-05-03 04:50:19
SR007896,MED0194,Tripoli,Ain Zara,2026-07-01 15:25:51
SR007897,MED0066,Tripoli,Gargaresh,2026-05-18 07:27:58
SR007898,MED0054,Zawiya,Bir Al-Ghanam,2026-03-15 00:34:34
SR007899,MED0131,Benghazi,Al-Berka,2026-05-17 06:13:48
SR007900,MED0481,Tripoli,Hay Al-Andalus,2026-05-29 17:30:14
SR007901,MED0260,Zliten,Souq Al-Thulatha,2026-08-09 15:11:17
SR007902,MED0207,Tripoli,Janzour,2026-07-27 04:31:37
SR007903,MED0406,Tripoli,Tajoura,2026-07-04 06:33:00
SR007904,MED0149,Tripoli,Ain Zara,2026-04-23 17:32:58
SR007905,MED0150,Benghazi,Al-Selmani,2026-06-07 02:21:24
SR007906,MED0117,Sabha,Al-Manshiya,2026-05-18 20:05:10
SR007907,MED0334,Misrata,Qasr Ahmad,2026-05-26 11:30:15
SR007908,MED0149,Tripoli,Hay Al-Andalus,2026-08-15 07:33:41
SR007909,MED0205,Zliten,Souq Al-Thulatha,2026-06-11 19:55:47
SR007910,MED0157,Benghazi,Al-Hadaeq,2026-05-14 05:24:07
SR007911,MED0381,Benghazi,Al-Selmani,2026-06-16 13:18:40
SR007912,MED0272,Tripoli,Tajoura,2026-06-11 23:11:41
SR007913,MED0014,Tripoli,Tajoura,2026-07-26 22:04:28
SR007914,MED0131,Zawiya,Al-Mashtal,2026-03-22 23:52:53
SR007915,MED0455,Tripoli,Janzour,2026-08-09 01:54:30
SR007916,MED0285,Benghazi,Al-Fuwayhat,2026-04-29 23:47:48
SR007917,MED0447,Misrata,Al-Ghiran,2026-04-16 12:25:21
SR007918,MED0133,Tripoli,Tajoura,2026-07-01 03:58:59
SR007919,MED0323,Zawiya,Al-Mashtal,2026-06-01 06:43:27
SR007920,MED0205,Tripoli,Tajoura,2026-05-12 11:19:01
SR007921,MED0301,Tripoli,Gargaresh,2026-07-25 03:37:38
SR007922,MED0285,Misrata,Al-Ghiran,2026-07-04 18:28:49
SR007923,MED0143,Tripoli,Tajoura,2026-05-24 02:05:40
SR007924,MED0097,Tripoli,Janzour,2026-06-23 21:12:33
SR007925,MED0014,Tripoli,Souq Al Juma'a,2026-07-20 05:10:50
SR007926,MED0114,Tripoli,Gargaresh,2026-04-16 12:28:06
SR007927,MED0080,Zawiya,Al-Mashtal,2026-06-22 01:05:02
SR007928,MED0358,Tripoli,Gargaresh,2026-08-17 17:01:31
SR007929,MED0044,Tripoli,Janzour,2026-08-10 13:49:52
SR007930,MED0449,Zawiya,Al-Mashtal,2026-05-01 21:24:13
SR007931,MED0402,Benghazi,Al-Selmani,2026-06-22 12:38:25
SR007932,MED0081,Tripoli,Ain Zara,2026-07-18 10:03:18
SR007933,MED0003,Tripoli,Janzour,2026-03-16 06:36:23
SR007934,MED0292,Tripoli,Fashloum,2026-07-02 04:29:15
SR007935,MED0373,Tripoli,Fashloum,2026-07-04 09:02:54
SR007936,MED0105,Tripoli,Fashloum,2026-06-01 01:14:31
SR007937,MED0047,Benghazi,Al-Berka,2026-08-19 00:33:41
SR007938,MED0248,Tripoli,Souq Al Juma'a,2026-08-19 14:32:44
SR007939,MED0269,Tripoli,Gargaresh,2026-07-02 22:42:58
SR007940,MED0023,Tripoli,Gargaresh,2026-05-13 17:43:08
SR007941,MED0186,Tripoli,Ain Zara,2026-06-21 17:02:41
SR007942,MED0133,Tripoli,Ain Zara,2026-05-28 04:00:05
SR007943,MED0245,Benghazi,Al-Selmani,2026-05-12 16:33:58
SR007944,MED0115,Tripoli,Tajoura,2026-07-05 10:47:02
SR007945,MED0336,Misrata,Qasr Ahmad,2026-08-03 22:57:44
SR007946,MED0075,Tripoli,Fashloum,2026-07-02 15:06:44
SR007947,MED0021,Tripoli,Abu Salim,2026-07-25 20:14:10
SR007948,MED0020,Tripoli,Hay Al-Andalus,2026-07-03 19:26:44
SR007949,MED0334,Tripoli,Fashloum,2026-06-20 16:11:18
SR007950,MED0234,Tripoli,Ain Zara,2026-04-26 00:48:58
SR007951,MED0157,Misrata,Al-Karareem,2026-07-06 04:23:47
SR007952,MED0469,Tripoli,Gargaresh,2026-08-13 08:42:24
SR007953,MED0464,Benghazi,Al-Fuwayhat,2026-07-06 14:00:46
SR007954,MED0284,Tripoli,Fashloum,2026-06-03 10:59:48
SR007955,MED0145,Misrata,Qasr Ahmad,2026-06-09 17:56:43
SR007956,MED0236,Misrata,Al-Ghiran,2026-07-29 15:11:10
SR007957,MED0373,Benghazi,Al-Fuwayhat,2026-08-18 11:45:54
SR007958,MED0350,Tripoli,Fashloum,2026-06-25 23:17:42
SR007959,MED0035,Benghazi,Al-Selmani,2026-06-02 12:54:11
SR007960,MED0243,Tripoli,Ain Zara,2026-08-06 18:19:32
SR007961,MED0174,Tripoli,Janzour,2026-05-10 06:29:13
SR007962,MED0113,Tripoli,Souq Al Juma'a,2026-08-10 03:09:33
SR007963,MED0382,Misrata,Qasr Ahmad,2026-05-24 09:17:35
SR007964,MED0389,Tripoli,Janzour,2026-07-23 19:48:15
SR007965,MED0178,Benghazi,Al-Hadaeq,2026-08-02 07:06:32
SR007966,MED0056,Tripoli,Fashloum,2026-08-10 05:34:49
SR007967,MED0104,Tripoli,Tajoura,2026-04-01 13:11:12
SR007968,MED0041,Benghazi,Al-Fuwayhat,2026-05-04 10:39:15
SR007969,MED0480,Sabha,Tayouri,2026-05-17 07:08:37
SR007970,MED0056,Benghazi,Al-Berka,2026-06-25 17:01:19
SR007971,MED0421,Misrata,Qasr Ahmad,2026-06-23 14:51:37
SR007972,MED0115,Tripoli,Ain Zara,2026-08-09 16:58:13
SR007973,MED0265,Benghazi,Al-Selmani,2026-07-04 02:46:52
SR007974,MED0220,Tripoli,Hay Al-Andalus,2026-07-07 20:24:17
SR007975,MED0394,Tripoli,Janzour,2026-05-05 18:40:30
SR007976,MED0056,Tripoli,Hay Al-Andalus,2026-06-19 02:00:16
SR007977,MED0447,Tripoli,Tajoura,2026-06-03 05:10:15
SR007978,MED0323,Misrata,Qasr Ahmad,2026-05-28 09:45:17
SR007979,MED0158,Tripoli,Gargaresh,2026-07-07 06:55:37
SR007980,MED0191,Tripoli,Ain Zara,2026-06-01 01:50:45
SR007981,MED0378,Tripoli,Gargaresh,2026-05-03 14:55:46
SR007982,MED0205,Misrata,Al-Ghiran,2026-08-05 18:36:00
SR007983,MED0031,Tripoli,Souq Al Juma'a,2026-07-30 11:32:39
SR007984,MED0064,Tripoli,Hay Al-Andalus,2026-07-21 16:07:17
SR007985,MED0212,Benghazi,Al-Berka,2026-06-08 08:48:57
SR007986,MED0438,Benghazi,Al-Sabri,2026-05-04 10:56:46
SR007987,MED0370,Tripoli,Gargaresh,2026-03-10 21:41:09
SR007988,MED0080,Tripoli,Tajoura,2026-06-30 22:45:45
SR007989,MED0074,Benghazi,Al-Hadaeq,2026-06-01 20:21:35
SR007990,MED0482,Tripoli,Abu Salim,2026-07-26 04:04:16
SR007991,MED0193,Tripoli,Tajoura,2026-07-01 22:09:59
SR007992,MED0019,Tripoli,Hay Al-Andalus,2026-07-29 01:33:36
SR007993,MED0016,Misrata,Qasr Ahmad,2026-04-29 03:53:22
SR007994,MED0498,Tripoli,Tajoura,2026-06-04 15:28:47
SR007995,MED0259,Tripoli,Ain Zara,2026-02-15 01:23:44
SR007996,MED0510,Benghazi,Al-Selmani,2026-07-15 03:21:32
SR007997,MED0104,Benghazi,Al-Selmani,2026-08-16 09:25:49
SR007998,MED0310,Tripoli,Fashloum,2026-06-04 21:54:04
SR007999,MED0262,Tripoli,Hay Al-Andalus,2026-07-03 02:08:42
SR008000,MED0436,Tripoli,Janzour,2026-06-22 07:46:24
SR008001,MED0124,Tripoli,Ain Zara,2026-07-11 17:09:22
SR008002,MED0242,Zliten,Al-Qasabat,2026-05-15 03:50:49
SR008003,MED0270,Tripoli,Souq Al Juma'a,2026-07-18 21:01:44
SR008004,MED0214,Tripoli,Fashloum,2026-05-13 09:16:40
SR008005,MED0196,Tripoli,Abu Salim,2026-06-17 21:26:31
SR008006,MED0119,Benghazi,Al-Selmani,2026-06-08 13:00:52
SR008007,MED0147,Tripoli,Janzour,2026-07-17 23:16:04
SR008008,MED0115,Tripoli,Fashloum,2026-03-16 05:13:15
SR008009,MED0092,Tripoli,Fashloum,2026-07-02 09:17:01
SR008010,MED0087,Misrata,Qasr Ahmad,2026-06-06 07:16:31
SR008011,MED0469,Tripoli,Souq Al Juma'a,2026-07-16 08:34:11
SR008012,MED0349,Tripoli,Gargaresh,2026-04-07 18:34:39
SR008013,MED0179,Tripoli,Gargaresh,2026-07-15 11:16:24
SR008014,MED0125,Sabha,Al-Dawwar,2026-07-10 07:20:26
SR008015,MED0407,Misrata,Al-Karareem,2026-07-20 10:29:02
SR008016,MED0320,Benghazi,Al-Hadaeq,2026-05-19 14:04:41
SR008017,MED0508,Zawiya,Al-Mashtal,2026-04-25 07:44:47
SR008018,MED0222,Tripoli,Fashloum,2026-06-25 00:53:25
SR008019,MED0282,Tripoli,Gargaresh,2026-06-13 09:55:13
SR008020,MED0453,Tripoli,Tajoura,2026-04-14 23:37:27
SR008021,MED0390,Tripoli,Gargaresh,2026-07-07 08:56:35
SR008022,MED0199,Tripoli,Tajoura,2026-04-25 11:46:22
SR008023,MED0458,Zawiya,Bir Al-Ghanam,2026-06-22 13:27:12
SR008024,MED0156,Tripoli,Fashloum,2026-01-07 03:57:28
SR008025,MED0478,Tripoli,Janzour,2026-05-09 02:02:19
SR008026,MED0056,Zawiya,Al-Harsha,2026-06-21 09:27:45
SR008027,MED0289,Tripoli,Janzour,2026-07-15 17:35:11
SR008028,MED0428,Tripoli,Tajoura,2026-04-26 12:46:39
SR008029,MED0457,Tripoli,Ain Zara,2026-06-30 10:18:15
SR008030,MED0405,Tripoli,Hay Al-Andalus,2026-08-14 17:01:40
SR008031,MED0504,Sabha,Al-Dawwar,2026-07-15 11:54:09
SR008032,MED0201,Tripoli,Gargaresh,2026-05-31 12:08:09
SR008033,MED0357,Tripoli,Souq Al Juma'a,2026-08-02 19:46:23
SR008034,MED0139,Sabha,Al-Manshiya,2026-04-12 12:55:02
SR008035,MED0319,Tripoli,Fashloum,2026-08-07 14:09:02
SR008036,MED0497,Tripoli,Fashloum,2026-07-18 08:32:32
SR008037,MED0364,Benghazi,Al-Sabri,2026-08-01 07:11:48
SR008038,MED0454,Tripoli,Souq Al Juma'a,2026-05-01 10:25:33
SR008039,MED0273,Tripoli,Ain Zara,2026-07-30 12:40:48
SR008040,MED0333,Tripoli,Souq Al Juma'a,2026-07-19 22:02:52
SR008041,MED0309,Tripoli,Souq Al Juma'a,2026-08-01 11:37:04
SR008042,MED0161,Tripoli,Fashloum,2026-07-25 11:19:52
SR008043,MED0084,Tripoli,Tajoura,2026-06-28 11:05:31
SR008044,MED0330,Misrata,Al-Ghiran,2026-03-28 00:35:11
SR008045,MED0472,Tripoli,Tajoura,2026-06-03 08:19:39
SR008046,MED0444,Zawiya,Bir Al-Ghanam,2026-06-26 22:12:29
SR008047,MED0194,Benghazi,Al-Berka,2026-06-20 13:04:11
SR008048,MED0229,Zawiya,Al-Mashtal,2026-06-20 09:41:04
SR008049,MED0023,Benghazi,Al-Berka,2026-08-07 16:47:56
SR008050,MED0316,Tripoli,Souq Al Juma'a,2026-08-08 20:33:39
SR008051,MED0412,Tripoli,Souq Al Juma'a,2026-07-21 23:50:58
SR008052,MED0291,Benghazi,Al-Sabri,2026-08-12 04:29:23
SR008053,MED0252,Tripoli,Abu Salim,2026-06-12 23:26:33
SR008054,MED0467,Zawiya,Al-Mashtal,2026-06-03 21:51:35
SR008055,MED0347,Zawiya,Al-Harsha,2026-07-12 05:35:55
SR008056,MED0490,Benghazi,Al-Berka,2026-03-29 21:43:20
SR008057,MED0392,Tripoli,Ain Zara,2026-07-15 12:12:40
SR008058,MED0134,Tripoli,Fashloum,2026-08-09 13:18:07
SR008059,MED0259,Tripoli,Abu Salim,2026-07-07 16:14:41
SR008060,MED0061,Benghazi,Al-Sabri,2026-08-05 01:58:25
SR008061,MED0290,Tripoli,Ain Zara,2026-03-26 02:11:35
SR008062,MED0041,Tripoli,Gargaresh,2026-08-19 01:32:07
SR008063,MED0100,Benghazi,Al-Fuwayhat,2026-05-07 00:45:57
SR008064,MED0158,Tripoli,Fashloum,2026-06-18 09:46:59
SR008065,MED0008,Misrata,Zawiyat Al-Mahjoub,2026-06-30 19:05:12
SR008066,MED0116,Misrata,Qasr Ahmad,2026-05-16 16:19:43
SR008067,MED0121,Tripoli,Janzour,2026-08-04 03:27:08
SR008068,MED0038,Tripoli,Janzour,2026-05-28 00:07:26
SR008069,MED0063,Benghazi,Al-Sabri,2026-08-16 03:45:33
SR008070,MED0278,Misrata,Al-Ghiran,2026-08-06 09:15:45
SR008071,MED0106,Tripoli,Tajoura,2026-05-01 20:33:06
SR008072,MED0498,Tripoli,Abu Salim,2026-06-04 13:57:22
SR008073,MED0275,Tripoli,Fashloum,2026-06-08 15:45:54
SR008074,MED0042,Benghazi,Al-Selmani,2026-07-24 23:44:01
SR008075,MED0294,Zawiya,Al-Mashtal,2026-08-11 13:25:48
SR008076,MED0106,Tripoli,Souq Al Juma'a,2026-06-14 06:38:14
SR008077,MED0472,Tripoli,Janzour,2026-06-20 05:56:23
SR008078,MED0122,Tripoli,Abu Salim,2026-05-19 09:07:03
SR008079,MED0456,Tripoli,Abu Salim,2026-07-25 19:10:51
SR008080,MED0409,Tripoli,Ain Zara,2026-05-19 05:08:16
SR008081,MED0215,Misrata,Al-Ghiran,2026-06-16 07:48:08
SR008082,MED0157,Tripoli,Abu Salim,2026-07-13 00:06:07
SR008083,MED0096,Sabha,Tayouri,2026-05-24 17:31:19
SR008084,MED0122,Tripoli,Tajoura,2026-05-16 02:15:25
SR008085,MED0491,Zawiya,Bir Al-Ghanam,2026-04-28 00:33:28
SR008086,MED0001,Tripoli,Hay Al-Andalus,2026-08-09 23:46:35
SR008087,MED0057,Tripoli,Ain Zara,2026-04-23 02:36:39
SR008088,MED0475,Tripoli,Fashloum,2026-05-07 19:07:54
SR008089,MED0212,Benghazi,Al-Hadaeq,2026-06-07 15:53:47
SR008090,MED0236,Tripoli,Ain Zara,2026-07-09 09:51:30
SR008091,MED0291,Tripoli,Janzour,2026-08-20 23:39:25
SR008092,MED0212,Tripoli,Ain Zara,2026-05-10 16:38:50
SR008093,MED0056,Benghazi,Al-Sabri,2026-06-30 17:13:05
SR008094,MED0071,Tripoli,Hay Al-Andalus,2026-07-31 23:21:38
SR008095,MED0168,Tripoli,Ain Zara,2026-05-24 05:29:41
SR008096,MED0434,Tripoli,Fashloum,2026-05-25 23:02:10
SR008097,MED0454,Tripoli,Fashloum,2026-06-26 08:40:56
SR008098,MED0134,Tripoli,Abu Salim,2026-03-11 22:49:35
SR008099,MED0046,Misrata,Al-Ghiran,2026-05-25 16:46:00
SR008100,MED0037,Tripoli,Tajoura,2026-02-26 02:21:14
SR008101,MED0397,Misrata,Al-Ghiran,2026-07-27 11:21:35
SR008102,MED0183,Tripoli,Tajoura,2026-07-10 04:44:13
SR008103,MED0194,Tripoli,Janzour,2026-08-07 14:33:15
SR008104,MED0412,Tripoli,Hay Al-Andalus,2026-01-22 10:47:50
SR008105,MED0397,Zawiya,Al-Mashtal,2026-07-10 16:57:52
SR008106,MED0488,Tripoli,Fashloum,2026-08-04 17:57:24
SR008107,MED0198,Benghazi,Al-Sabri,2026-07-17 21:30:46
SR008108,MED0411,Tripoli,Tajoura,2026-08-09 17:49:48
SR008109,MED0240,Tripoli,Janzour,2026-07-09 10:42:35
SR008110,MED0170,Zawiya,Al-Mashtal,2026-07-14 15:39:25
SR008111,MED0197,Tripoli,Ain Zara,2026-05-26 15:15:37
SR008112,MED0125,Tripoli,Gargaresh,2026-07-19 02:37:31
SR008113,MED0457,Tripoli,Hay Al-Andalus,2026-04-24 20:10:15
SR008114,MED0333,Tripoli,Janzour,2026-06-12 09:45:20
SR008115,MED0043,Tripoli,Ain Zara,2026-06-23 12:44:57
SR008116,MED0357,Sabha,Al-Dawwar,2026-05-25 02:22:46
SR008117,MED0072,Zliten,Al-Qasabat,2026-06-13 08:55:07
SR008118,MED0221,Sabha,Al-Manshiya,2026-07-31 07:31:40
SR008119,MED0005,Tripoli,Gargaresh,2026-08-02 09:19:25
SR008120,MED0416,Tripoli,Abu Salim,2026-06-21 14:40:51
SR008121,MED0322,Tripoli,Tajoura,2026-06-23 03:19:15
SR008122,MED0231,Tripoli,Abu Salim,2026-07-25 17:23:50
SR008123,MED0045,Benghazi,Al-Hadaeq,2026-06-02 12:32:10
SR008124,MED0469,Tripoli,Gargaresh,2026-06-11 14:37:51
SR008125,MED0397,Tripoli,Tajoura,2026-07-28 15:28:20
SR008126,MED0365,Tripoli,Gargaresh,2026-07-18 16:01:48
SR008127,MED0157,Tripoli,Fashloum,2026-05-15 18:57:35
SR008128,MED0245,Tripoli,Gargaresh,2026-08-02 00:21:45
SR008129,MED0510,Benghazi,Al-Berka,2026-07-14 13:34:57
SR008130,MED0430,Benghazi,Al-Berka,2026-07-29 05:01:59
SR008131,MED0179,Zliten,Souq Al-Thulatha,2026-07-05 16:37:19
SR008132,MED0180,Tripoli,Ain Zara,2026-07-03 13:02:47
SR008133,MED0273,Tripoli,Janzour,2026-08-14 21:04:25
SR008134,MED0367,Benghazi,Al-Fuwayhat,2026-04-23 07:28:15
SR008135,MED0106,Tripoli,Janzour,2026-05-26 15:04:04
SR008136,MED0230,Tripoli,Souq Al Juma'a,2026-05-16 01:21:44
SR008137,MED0309,Benghazi,Al-Fuwayhat,2026-08-10 04:07:04
SR008138,MED0377,Tripoli,Fashloum,2026-08-16 16:26:00
SR008139,MED0012,Tripoli,Gargaresh,2026-03-07 01:47:45
SR008140,MED0180,Tripoli,Fashloum,2026-07-29 03:44:01
SR008141,MED0058,Tripoli,Fashloum,2026-07-24 16:18:41
SR008142,MED0212,Sabha,Tayouri,2026-06-07 00:13:34
SR008143,MED0226,Tripoli,Ain Zara,2026-06-15 21:23:45
SR008144,MED0418,Tripoli,Souq Al Juma'a,2026-07-14 21:24:02
SR008145,MED0383,Tripoli,Ain Zara,2026-07-14 01:06:48
SR008146,MED0158,Benghazi,Al-Fuwayhat,2026-08-12 03:33:03
SR008147,MED0082,Tripoli,Ain Zara,2026-07-11 00:43:59
SR008148,MED0021,Benghazi,Al-Selmani,2026-05-11 00:11:57
SR008149,MED0490,Zawiya,Al-Mashtal,2026-06-21 12:25:20
SR008150,MED0253,Tripoli,Hay Al-Andalus,2026-05-30 15:13:27
SR008151,MED0152,Misrata,Al-Ghiran,2026-04-24 23:14:47
SR008152,MED0381,Tripoli,Ain Zara,2026-05-13 21:53:01
SR008153,MED0049,Tripoli,Fashloum,2026-07-19 10:00:18
SR008154,MED0051,Tripoli,Tajoura,2026-07-06 15:38:29
SR008155,MED0075,Tripoli,Tajoura,2026-05-27 23:01:23
SR008156,MED0411,Misrata,Qasr Ahmad,2026-08-11 20:48:13
SR008157,MED0168,Tripoli,Abu Salim,2026-05-09 03:52:47
SR008158,MED0232,Benghazi,Al-Berka,2026-07-02 12:42:12
SR008159,MED0480,Tripoli,Abu Salim,2026-07-10 14:31:34
SR008160,MED0290,Tripoli,Janzour,2026-07-30 08:21:15
SR008161,MED0282,Tripoli,Gargaresh,2026-08-16 22:35:08
SR008162,MED0350,Tripoli,Janzour,2026-06-04 18:12:17
SR008163,MED0405,Tripoli,Souq Al Juma'a,2026-06-24 12:57:58
SR008164,MED0064,Misrata,Al-Karareem,2026-06-02 14:09:42
SR008165,MED0231,Benghazi,Al-Sabri,2026-05-07 20:21:07
SR008166,MED0117,Tripoli,Ain Zara,2026-05-11 10:58:55
SR008167,MED0292,Tripoli,Souq Al Juma'a,2026-07-25 02:58:20
SR008168,MED0256,Zliten,Souq Al-Thulatha,2026-05-06 13:12:50
SR008169,MED0388,Tripoli,Ain Zara,2026-08-05 13:43:58
SR008170,MED0499,Tripoli,Hay Al-Andalus,2026-08-18 08:08:38
SR008171,MED0034,Benghazi,Al-Hadaeq,2026-08-12 08:51:37
SR008172,MED0490,Tripoli,Souq Al Juma'a,2026-05-18 04:24:57
SR008173,MED0504,Tripoli,Janzour,2026-08-13 10:04:55
SR008174,MED0143,Tripoli,Souq Al Juma'a,2026-07-10 14:59:45
SR008175,MED0297,Tripoli,Gargaresh,2026-05-30 14:56:01
SR008176,MED0047,Benghazi,Al-Hadaeq,2026-04-20 21:02:38
SR008177,MED0384,Tripoli,Abu Salim,2026-08-10 06:21:00
SR008178,MED0390,Tripoli,Abu Salim,2026-06-23 02:51:37
SR008179,MED0131,Benghazi,Al-Berka,2026-04-23 08:00:54
SR008180,MED0030,Tripoli,Tajoura,2026-06-22 17:01:02
SR008181,MED0129,Misrata,Al-Ghiran,2026-08-17 01:46:11
SR008182,MED0491,Tripoli,Souq Al Juma'a,2026-06-05 14:34:49
SR008183,MED0013,Tripoli,Tajoura,2026-02-12 00:48:06
SR008184,MED0285,Tripoli,Tajoura,2026-05-23 00:50:09
SR008185,MED0030,Misrata,Zawiyat Al-Mahjoub,2026-06-11 08:44:10
SR008186,MED0381,Tripoli,Ain Zara,2026-08-07 07:26:25
SR008187,MED0502,Tripoli,Souq Al Juma'a,2026-07-20 19:35:00
SR008188,MED0012,Tripoli,Janzour,2026-03-25 02:51:10
SR008189,MED0082,Tripoli,Gargaresh,2026-08-20 12:33:35
SR008190,MED0018,Zawiya,Al-Mashtal,2026-01-28 10:15:21
SR008191,MED0056,Benghazi,Al-Berka,2026-08-07 23:32:34
SR008192,MED0028,Misrata,Zawiyat Al-Mahjoub,2026-06-14 10:34:21
SR008193,MED0104,Tripoli,Ain Zara,2026-03-16 11:55:29
SR008194,MED0356,Tripoli,Abu Salim,2026-06-21 11:49:57
SR008195,MED0248,Tripoli,Hay Al-Andalus,2026-07-06 02:54:18
SR008196,MED0206,Tripoli,Ain Zara,2026-04-14 18:49:56
SR008197,MED0033,Zliten,Al-Qasabat,2026-05-13 07:07:46
SR008198,MED0494,Zawiya,Al-Mashtal,2026-08-19 02:56:32
SR008199,MED0144,Benghazi,Al-Sabri,2026-06-16 07:09:34
SR008200,MED0063,Benghazi,Al-Hadaeq,2026-06-01 21:47:19
SR008201,MED0263,Tripoli,Souq Al Juma'a,2026-04-03 13:55:16
SR008202,MED0132,Tripoli,Janzour,2026-07-28 10:23:20
SR008203,MED0212,Misrata,Zawiyat Al-Mahjoub,2026-06-07 22:45:52
SR008204,MED0057,Tripoli,Souq Al Juma'a,2026-08-08 10:43:18
SR008205,MED0188,Tripoli,Janzour,2026-02-20 22:04:47
SR008206,MED0028,Tripoli,Gargaresh,2026-06-23 22:38:15
SR008207,MED0119,Tripoli,Ain Zara,2026-05-11 12:24:56
SR008208,MED0083,Misrata,Zawiyat Al-Mahjoub,2026-08-02 11:29:58
SR008209,MED0237,Benghazi,Al-Berka,2026-04-18 08:33:32
SR008210,MED0316,Misrata,Al-Karareem,2026-07-18 06:49:15
SR008211,MED0041,Tripoli,Tajoura,2026-07-07 15:59:23
SR008212,MED0494,Tripoli,Ain Zara,2026-07-23 02:07:18
SR008213,MED0160,Tripoli,Souq Al Juma'a,2026-08-12 22:44:10
SR008214,MED0029,Sabha,Al-Dawwar,2026-07-25 22:48:03
SR008215,MED0158,Tripoli,Ain Zara,2026-05-30 20:12:16
SR008216,MED0409,Sabha,Tayouri,2026-04-29 05:34:38
SR008217,MED0029,Tripoli,Janzour,2026-08-19 12:41:01
SR008218,MED0218,Tripoli,Souq Al Juma'a,2026-06-05 07:18:06
SR008219,MED0080,Misrata,Qasr Ahmad,2026-07-07 00:40:03
SR008220,MED0083,Benghazi,Al-Hadaeq,2026-07-11 17:16:25
SR008221,MED0309,Tripoli,Janzour,2026-08-15 01:37:41
SR008222,MED0063,Tripoli,Tajoura,2026-06-21 20:34:36
SR008223,MED0150,Tripoli,Janzour,2026-06-17 03:31:30
SR008224,MED0003,Sabha,Al-Dawwar,2026-05-07 16:34:45
SR008225,MED0020,Tripoli,Ain Zara,2026-04-05 12:25:38
SR008226,MED0333,Tripoli,Hay Al-Andalus,2026-06-27 15:07:02
SR008227,MED0491,Tripoli,Souq Al Juma'a,2026-08-05 21:26:41
SR008228,MED0190,Tripoli,Abu Salim,2026-06-29 03:22:32
SR008229,MED0388,Tripoli,Tajoura,2026-07-16 17:32:48
SR008230,MED0236,Tripoli,Tajoura,2026-05-26 23:45:35
SR008231,MED0047,Zawiya,Bir Al-Ghanam,2026-07-24 07:27:49
SR008232,MED0223,Tripoli,Tajoura,2026-07-08 15:05:40
SR008233,MED0015,Tripoli,Abu Salim,2026-06-09 11:25:42
SR008234,MED0116,Misrata,Zawiyat Al-Mahjoub,2026-07-26 15:53:19
SR008235,MED0042,Benghazi,Al-Selmani,2026-07-30 22:40:41
SR008236,MED0033,Tripoli,Souq Al Juma'a,2026-07-03 03:27:49
SR008237,MED0105,Benghazi,Al-Hadaeq,2026-06-28 05:24:00
SR008238,MED0107,Tripoli,Fashloum,2026-06-18 13:57:01
SR008239,MED0320,Misrata,Zawiyat Al-Mahjoub,2026-08-05 13:25:04
SR008240,MED0498,Sabha,Al-Manshiya,2026-08-19 05:58:58
SR008241,MED0059,Tripoli,Ain Zara,2026-07-04 02:53:24
SR008242,MED0092,Misrata,Qasr Ahmad,2026-08-15 15:40:44
SR008243,MED0016,Benghazi,Al-Sabri,2026-06-17 22:03:06
SR008244,MED0498,Tripoli,Hay Al-Andalus,2026-04-08 12:50:51
SR008245,MED0191,Tripoli,Fashloum,2026-08-15 14:19:29
SR008246,MED0406,Misrata,Al-Karareem,2026-07-31 12:09:25
SR008247,MED0435,Tripoli,Tajoura,2026-06-27 20:35:15
SR008248,MED0347,Tripoli,Abu Salim,2026-08-06 12:09:04
SR008249,MED0133,Misrata,Zawiyat Al-Mahjoub,2026-01-19 01:45:47
SR008250,MED0420,Benghazi,Al-Selmani,2026-06-13 14:25:27
SR008251,MED0105,Tripoli,Hay Al-Andalus,2026-06-19 23:34:04
SR008252,MED0155,Misrata,Al-Karareem,2026-05-24 09:04:13
SR008253,MED0202,Tripoli,Tajoura,2026-05-30 22:05:30
SR008254,MED0152,Benghazi,Al-Selmani,2026-08-04 23:44:18
SR008255,MED0397,Misrata,Zawiyat Al-Mahjoub,2026-05-24 06:36:29
SR008256,MED0198,Tripoli,Ain Zara,2026-06-17 06:08:29
SR008257,MED0447,Tripoli,Fashloum,2026-07-20 11:40:17
SR008258,MED0211,Zawiya,Al-Mashtal,2026-06-26 23:56:08
SR008259,MED0130,Tripoli,Fashloum,2026-05-05 20:04:54
SR008260,MED0451,Tripoli,Abu Salim,2026-07-19 05:51:16
SR008261,MED0042,Tripoli,Gargaresh,2026-08-01 16:19:29
SR008262,MED0478,Benghazi,Al-Selmani,2026-07-30 21:01:34
SR008263,MED0366,Benghazi,Al-Sabri,2026-07-29 22:14:37
SR008264,MED0157,Tripoli,Souq Al Juma'a,2026-07-15 08:55:57
SR008265,MED0229,Zliten,Souq Al-Thulatha,2026-04-01 08:43:20
SR008266,MED0156,Tripoli,Abu Salim,2026-06-18 12:07:46
SR008267,MED0104,Tripoli,Abu Salim,2026-07-21 03:17:01
SR008268,MED0139,Tripoli,Janzour,2026-06-15 22:00:24
SR008269,MED0114,Zawiya,Al-Mashtal,2026-07-28 22:51:47
SR008270,MED0490,Tripoli,Gargaresh,2026-05-25 02:07:45
SR008271,MED0468,Tripoli,Gargaresh,2026-02-20 19:20:33
SR008272,MED0325,Misrata,Zawiyat Al-Mahjoub,2026-07-26 07:18:56
SR008273,MED0302,Tripoli,Abu Salim,2026-04-28 21:33:59
SR008274,MED0074,Misrata,Al-Karareem,2026-07-13 11:53:52
SR008275,MED0434,Tripoli,Abu Salim,2026-05-21 05:09:33
SR008276,MED0242,Misrata,Zawiyat Al-Mahjoub,2026-08-06 05:54:54
SR008277,MED0366,Tripoli,Gargaresh,2026-08-03 00:37:54
SR008278,MED0201,Tripoli,Tajoura,2026-07-23 09:40:43
SR008279,MED0386,Tripoli,Gargaresh,2026-08-01 16:47:43
SR008280,MED0457,Benghazi,Al-Fuwayhat,2026-04-22 05:31:03
SR008281,MED0122,Tripoli,Janzour,2026-05-29 10:27:22
SR008282,MED0231,Tripoli,Hay Al-Andalus,2026-05-12 11:32:52
SR008283,MED0459,Sabha,Al-Manshiya,2026-06-20 01:10:05
SR008284,MED0418,Tripoli,Souq Al Juma'a,2026-07-22 17:46:25
SR008285,MED0175,Benghazi,Al-Hadaeq,2026-07-15 22:03:29
SR008286,MED0365,Sabha,Al-Dawwar,2026-05-08 17:59:48
SR008287,MED0066,Tripoli,Hay Al-Andalus,2026-03-05 22:12:24
SR008288,MED0514,Benghazi,Al-Fuwayhat,2026-06-15 01:15:47
SR008289,MED0133,Tripoli,Souq Al Juma'a,2026-06-27 23:42:43
SR008290,MED0130,Benghazi,Al-Sabri,2026-05-28 12:20:20
SR008291,MED0281,Tripoli,Ain Zara,2026-05-05 23:18:52
SR008292,MED0406,Tripoli,Janzour,2026-06-16 23:03:30
SR008293,MED0297,Tripoli,Tajoura,2026-08-09 14:29:41
SR008294,MED0105,Benghazi,Al-Sabri,2026-06-21 21:37:48
SR008295,MED0285,Benghazi,Al-Hadaeq,2026-06-17 07:09:24
SR008296,MED0202,Tripoli,Fashloum,2026-06-23 08:20:34
SR008297,MED0356,Zawiya,Al-Harsha,2026-08-05 11:45:08
SR008298,MED0499,Benghazi,Al-Hadaeq,2026-04-22 23:50:20
SR008299,MED0241,Tripoli,Tajoura,2026-05-30 18:01:59
SR008300,MED0193,Tripoli,Janzour,2026-05-27 18:06:24
SR008301,MED0513,Zawiya,Bir Al-Ghanam,2026-03-14 05:46:17
SR008302,MED0095,Tripoli,Gargaresh,2026-07-03 00:55:16
SR008303,MED0363,Benghazi,Al-Selmani,2026-07-23 17:56:15
SR008304,MED0256,Tripoli,Hay Al-Andalus,2026-07-27 14:18:36
SR008305,MED0255,Tripoli,Fashloum,2026-07-09 15:10:35
SR008306,MED0056,Tripoli,Abu Salim,2026-08-17 17:31:04
SR008307,MED0006,Misrata,Qasr Ahmad,2026-03-15 12:51:55
SR008308,MED0021,Tripoli,Abu Salim,2026-07-02 07:45:07
SR008309,MED0018,Misrata,Al-Ghiran,2026-08-09 14:55:38
SR008310,MED0441,Benghazi,Al-Sabri,2026-07-08 21:45:15
SR008311,MED0131,Benghazi,Al-Hadaeq,2026-07-12 08:29:52
SR008312,MED0080,Tripoli,Gargaresh,2026-07-16 02:21:13
SR008313,MED0049,Benghazi,Al-Sabri,2026-06-29 16:22:24
SR008314,MED0170,Tripoli,Tajoura,2026-07-25 05:12:21
SR008315,MED0472,Tripoli,Abu Salim,2026-07-01 05:39:14
SR008316,MED0116,Tripoli,Fashloum,2026-07-03 08:18:00
SR008317,MED0188,Tripoli,Hay Al-Andalus,2026-07-23 13:22:38
SR008318,MED0070,Tripoli,Gargaresh,2026-06-02 14:57:59
SR008319,MED0015,Tripoli,Fashloum,2026-08-05 16:48:42
SR008320,MED0054,Tripoli,Tajoura,2026-08-11 20:12:30
SR008321,MED0212,Misrata,Qasr Ahmad,2026-07-20 06:12:17
SR008322,MED0233,Zliten,Souq Al-Thulatha,2026-06-15 07:36:00
SR008323,MED0258,Tripoli,Tajoura,2026-06-30 00:22:26
SR008324,MED0491,Benghazi,Al-Sabri,2026-07-31 04:14:30
SR008325,MED0448,Tripoli,Tajoura,2026-04-15 21:24:12
SR008326,MED0054,Tripoli,Fashloum,2026-07-18 10:26:12
SR008327,MED0056,Tripoli,Gargaresh,2026-03-14 11:25:38
SR008328,MED0426,Sabha,Al-Dawwar,2026-08-10 23:26:06
SR008329,MED0140,Tripoli,Hay Al-Andalus,2026-07-02 01:35:07
SR008330,MED0233,Tripoli,Souq Al Juma'a,2026-06-11 19:10:22
SR008331,MED0477,Tripoli,Ain Zara,2026-04-25 19:13:36
SR008332,MED0309,Tripoli,Gargaresh,2026-02-07 23:38:02
SR008333,MED0033,Tripoli,Ain Zara,2026-08-10 04:51:37
SR008334,MED0214,Tripoli,Fashloum,2026-05-04 17:57:09
SR008335,MED0309,Zawiya,Bir Al-Ghanam,2026-03-12 06:11:48
SR008336,MED0055,Benghazi,Al-Hadaeq,2026-07-17 08:01:58
SR008337,MED0281,Tripoli,Abu Salim,2026-05-15 07:17:43
SR008338,MED0467,Tripoli,Hay Al-Andalus,2026-05-05 06:37:37
SR008339,MED0019,Tripoli,Fashloum,2026-02-19 23:03:46
SR008340,MED0150,Tripoli,Ain Zara,2026-05-05 13:51:01
SR008341,MED0368,Tripoli,Fashloum,2026-06-30 20:07:11
SR008342,MED0183,Zawiya,Bir Al-Ghanam,2026-08-09 21:43:22
SR008343,MED0007,Tripoli,Fashloum,2026-05-04 06:08:58
SR008344,MED0485,Tripoli,Gargaresh,2026-07-17 21:10:32
SR008345,MED0285,Zliten,Souq Al-Thulatha,2026-06-29 00:59:41
SR008346,MED0353,Benghazi,Al-Hadaeq,2026-07-01 17:32:12
SR008347,MED0099,Tripoli,Fashloum,2026-05-29 11:33:16
SR008348,MED0362,Benghazi,Al-Hadaeq,2026-08-12 19:37:19
SR008349,MED0411,Tripoli,Abu Salim,2026-06-04 10:50:07
SR008350,MED0316,Tripoli,Gargaresh,2026-06-25 13:26:13
SR008351,MED0353,Tripoli,Tajoura,2026-08-19 10:15:50
SR008352,MED0457,Tripoli,Souq Al Juma'a,2026-07-07 06:09:02
SR008353,MED0057,Zawiya,Al-Harsha,2026-05-16 03:55:58
SR008354,MED0297,Tripoli,Janzour,2026-06-01 19:04:57
SR008355,MED0450,Tripoli,Janzour,2026-04-11 02:55:02
SR008356,MED0299,Benghazi,Al-Fuwayhat,2026-08-06 19:59:14
SR008357,MED0248,Tripoli,Abu Salim,2026-05-21 15:10:09
SR008358,MED0216,Tripoli,Tajoura,2026-06-14 02:15:12
SR008359,MED0467,Tripoli,Hay Al-Andalus,2026-06-05 22:22:59
SR008360,MED0349,Tripoli,Gargaresh,2026-07-07 03:06:00
SR008361,MED0139,Tripoli,Hay Al-Andalus,2026-07-19 20:14:42
SR008362,MED0227,Benghazi,Al-Hadaeq,2026-08-19 09:58:13
SR008363,MED0451,Zliten,Al-Qasabat,2026-05-05 20:06:25
SR008364,MED0018,Tripoli,Ain Zara,2026-06-17 11:16:49
SR008365,MED0363,Tripoli,Janzour,2026-08-11 09:33:40
SR008366,MED0190,Tripoli,Ain Zara,2026-07-27 07:11:58
SR008367,MED0482,Tripoli,Abu Salim,2026-07-25 18:35:45
SR008368,MED0381,Misrata,Al-Karareem,2026-07-19 18:00:40
SR008369,MED0367,Benghazi,Al-Berka,2026-04-13 17:18:33
SR008370,MED0038,Zliten,Al-Qasabat,2026-06-01 21:36:48
SR008371,MED0340,Tripoli,Ain Zara,2026-07-31 11:23:04
SR008372,MED0202,Zawiya,Al-Harsha,2026-06-04 18:32:08
SR008373,MED0284,Tripoli,Ain Zara,2026-08-18 16:14:22
SR008374,MED0146,Zawiya,Al-Harsha,2026-07-22 20:20:25
SR008375,MED0253,Benghazi,Al-Selmani,2026-05-26 09:10:56
SR008376,MED0030,Misrata,Zawiyat Al-Mahjoub,2026-07-21 06:51:24
SR008377,MED0409,Misrata,Al-Ghiran,2026-04-30 19:05:17
SR008378,MED0382,Tripoli,Tajoura,2026-07-12 18:25:53
SR008379,MED0414,Tripoli,Gargaresh,2026-08-06 08:12:10
SR008380,MED0253,Tripoli,Hay Al-Andalus,2026-08-04 05:57:06
SR008381,MED0157,Tripoli,Ain Zara,2026-08-05 22:24:10
SR008382,MED0405,Benghazi,Al-Berka,2026-07-05 21:14:35
SR008383,MED0238,Misrata,Al-Ghiran,2026-06-17 16:20:38
SR008384,MED0258,Tripoli,Tajoura,2026-08-16 17:22:28
SR008385,MED0019,Zawiya,Al-Harsha,2026-02-18 08:54:46
SR008386,MED0363,Tripoli,Fashloum,2026-08-03 11:40:46
SR008387,MED0353,Tripoli,Janzour,2026-07-28 00:24:10
SR008388,MED0454,Benghazi,Al-Hadaeq,2026-07-12 07:48:05
SR008389,MED0469,Tripoli,Janzour,2026-08-13 19:45:54
SR008390,MED0213,Tripoli,Tajoura,2026-07-11 11:29:22
SR008391,MED0248,Tripoli,Gargaresh,2026-08-20 01:58:29
SR008392,MED0392,Tripoli,Fashloum,2026-05-14 18:49:56
SR008393,MED0095,Benghazi,Al-Hadaeq,2026-03-22 23:18:43
SR008394,MED0045,Tripoli,Tajoura,2026-08-19 00:13:14
SR008395,MED0115,Tripoli,Fashloum,2026-08-10 19:35:31
SR008396,MED0234,Tripoli,Hay Al-Andalus,2026-06-30 20:59:23
SR008397,MED0084,Tripoli,Gargaresh,2026-08-01 04:34:35
SR008398,MED0238,Benghazi,Al-Fuwayhat,2026-03-12 11:54:21
SR008399,MED0100,Tripoli,Janzour,2026-07-31 11:10:07
SR008400,MED0199,Misrata,Qasr Ahmad,2026-07-19 22:20:35
SR008401,MED0449,Tripoli,Souq Al Juma'a,2026-06-26 06:24:42
SR008402,MED0055,Tripoli,Fashloum,2026-08-15 02:33:16
SR008403,MED0437,Tripoli,Abu Salim,2026-07-26 05:31:44
SR008404,MED0003,Misrata,Al-Karareem,2026-06-28 05:13:33
SR008405,MED0292,Tripoli,Abu Salim,2026-05-31 14:42:45
SR008406,MED0439,Tripoli,Souq Al Juma'a,2026-06-07 06:57:16
SR008407,MED0432,Tripoli,Janzour,2026-07-07 04:17:12
SR008408,MED0500,Tripoli,Fashloum,2026-06-19 19:26:35
SR008409,MED0243,Benghazi,Al-Sabri,2026-06-26 01:29:35
SR008410,MED0477,Tripoli,Souq Al Juma'a,2026-06-12 00:00:44
SR008411,MED0407,Benghazi,Al-Hadaeq,2026-07-08 04:01:21
SR008412,MED0153,Tripoli,Hay Al-Andalus,2026-07-28 01:56:17
SR008413,MED0225,Tripoli,Tajoura,2026-07-22 02:50:47
SR008414,MED0038,Tripoli,Fashloum,2026-04-07 18:21:47
SR008415,MED0113,Tripoli,Tajoura,2026-05-04 22:44:11
SR008416,MED0212,Tripoli,Ain Zara,2026-05-15 11:34:16
SR008417,MED0273,Benghazi,Al-Selmani,2026-05-21 04:55:44
SR008418,MED0490,Tripoli,Abu Salim,2026-05-02 18:42:14
SR008419,MED0202,Benghazi,Al-Selmani,2026-06-02 16:53:15
SR008420,MED0115,Misrata,Qasr Ahmad,2026-07-22 15:26:10
SR008421,MED0214,Tripoli,Ain Zara,2026-07-25 16:21:19
SR008422,MED0077,Tripoli,Fashloum,2026-05-13 13:25:10
SR008423,MED0438,Tripoli,Ain Zara,2026-06-25 12:30:39
SR008424,MED0273,Tripoli,Souq Al Juma'a,2026-08-03 04:36:37
SR008425,MED0311,Tripoli,Ain Zara,2026-06-21 03:32:23
SR008426,MED0354,Tripoli,Janzour,2026-05-23 11:00:32
SR008427,MED0049,Tripoli,Abu Salim,2026-06-04 17:48:36
SR008428,MED0105,Zawiya,Al-Harsha,2026-08-08 14:42:00
SR008429,MED0085,Tripoli,Souq Al Juma'a,2026-07-04 03:00:59
SR008430,MED0238,Tripoli,Ain Zara,2026-05-27 16:12:56
SR008431,MED0139,Zawiya,Al-Mashtal,2026-05-25 16:11:42
SR008432,MED0445,Misrata,Qasr Ahmad,2026-06-09 00:08:35
SR008433,MED0358,Tripoli,Gargaresh,2026-06-21 23:09:01
SR008434,MED0008,Tripoli,Hay Al-Andalus,2026-06-09 03:45:48
SR008435,MED0413,Tripoli,Souq Al Juma'a,2026-08-16 18:51:15
SR008436,MED0179,Tripoli,Fashloum,2026-07-21 04:57:14
SR008437,MED0340,Misrata,Al-Ghiran,2026-08-02 06:10:34
SR008438,MED0310,Tripoli,Gargaresh,2026-07-27 20:09:18
SR008439,MED0442,Tripoli,Fashloum,2026-05-26 07:52:15
SR008440,MED0037,Tripoli,Gargaresh,2026-05-17 07:49:28
SR008441,MED0294,Benghazi,Al-Selmani,2026-07-04 12:29:46
SR008442,MED0418,Zawiya,Bir Al-Ghanam,2026-05-21 19:24:47
SR008443,MED0475,Benghazi,Al-Selmani,2026-05-18 07:34:23
SR008444,MED0216,Zliten,Souq Al-Thulatha,2026-02-02 15:30:33
SR008445,MED0348,Benghazi,Al-Berka,2026-08-17 05:06:55
SR008446,MED0156,Zawiya,Al-Harsha,2026-06-18 18:53:54
SR008447,MED0046,Tripoli,Gargaresh,2026-07-18 11:52:27
SR008448,MED0041,Tripoli,Hay Al-Andalus,2026-07-18 10:53:00
SR008449,MED0428,Tripoli,Souq Al Juma'a,2026-04-22 09:49:38
SR008450,MED0302,Tripoli,Ain Zara,2026-05-29 23:36:05
SR008451,MED0467,Tripoli,Tajoura,2026-05-18 01:25:14
SR008452,MED0161,Tripoli,Hay Al-Andalus,2026-08-03 04:34:33
SR008453,MED0157,Tripoli,Abu Salim,2026-08-12 22:14:37
SR008454,MED0328,Benghazi,Al-Sabri,2026-04-22 12:20:21
SR008455,MED0393,Tripoli,Ain Zara,2026-08-09 22:24:15
SR008456,MED0030,Misrata,Qasr Ahmad,2026-07-14 11:43:57
SR008457,MED0431,Tripoli,Ain Zara,2026-08-05 11:54:33
SR008458,MED0285,Tripoli,Hay Al-Andalus,2026-06-06 05:24:34
SR008459,MED0117,Tripoli,Abu Salim,2026-07-15 20:30:36
SR008460,MED0367,Tripoli,Tajoura,2026-04-21 06:38:18
SR008461,MED0350,Tripoli,Gargaresh,2026-07-26 17:01:52
SR008462,MED0436,Tripoli,Tajoura,2026-05-10 23:50:34
SR008463,MED0489,Tripoli,Hay Al-Andalus,2026-08-14 07:21:56
SR008464,MED0071,Zawiya,Bir Al-Ghanam,2026-06-26 06:22:55
SR008465,MED0496,Zawiya,Bir Al-Ghanam,2026-05-15 02:08:43
SR008466,MED0106,Tripoli,Janzour,2026-07-21 00:44:59
SR008467,MED0466,Tripoli,Gargaresh,2026-07-05 16:47:25
SR008468,MED0207,Tripoli,Ain Zara,2026-05-17 00:57:11
SR008469,MED0245,Tripoli,Souq Al Juma'a,2026-06-04 11:11:40
SR008470,MED0046,Tripoli,Tajoura,2026-06-19 13:15:06
SR008471,MED0303,Tripoli,Janzour,2026-08-11 14:56:45
SR008472,MED0267,Tripoli,Ain Zara,2026-06-04 19:22:42
SR008473,MED0035,Tripoli,Tajoura,2026-05-08 06:36:24
SR008474,MED0386,Benghazi,Al-Sabri,2026-05-12 09:32:58
SR008475,MED0222,Tripoli,Fashloum,2026-07-04 20:31:20
SR008476,MED0018,Tripoli,Tajoura,2026-03-11 10:31:28
SR008477,MED0052,Sabha,Tayouri,2026-07-17 10:41:46
SR008478,MED0046,Tripoli,Gargaresh,2026-03-11 00:56:04
SR008479,MED0042,Zliten,Souq Al-Thulatha,2026-08-08 15:42:07
SR008480,MED0261,Tripoli,Ain Zara,2026-08-17 05:26:08
SR008481,MED0168,Tripoli,Hay Al-Andalus,2026-06-14 16:20:30
SR008482,MED0199,Tripoli,Tajoura,2026-08-19 15:07:45
SR008483,MED0049,Benghazi,Al-Selmani,2026-08-07 16:51:20
SR008484,MED0042,Benghazi,Al-Selmani,2026-06-28 14:11:26
SR008485,MED0104,Sabha,Al-Manshiya,2026-04-30 17:15:24
SR008486,MED0344,Tripoli,Souq Al Juma'a,2026-06-26 09:03:06
SR008487,MED0041,Tripoli,Fashloum,2026-06-14 07:21:07
SR008488,MED0250,Misrata,Qasr Ahmad,2026-05-05 23:35:55
SR008489,MED0179,Tripoli,Gargaresh,2026-05-10 06:54:12
SR008490,MED0358,Benghazi,Al-Berka,2026-08-11 07:15:10
SR008491,MED0216,Misrata,Al-Karareem,2026-07-24 06:45:54
SR008492,MED0182,Tripoli,Tajoura,2026-05-24 05:39:40
SR008493,MED0433,Benghazi,Al-Fuwayhat,2026-07-20 15:42:39
SR008494,MED0164,Tripoli,Janzour,2026-07-05 17:17:35
SR008495,MED0369,Misrata,Al-Karareem,2026-07-16 09:19:13
SR008496,MED0397,Tripoli,Hay Al-Andalus,2026-01-13 22:01:22
SR008497,MED0284,Misrata,Qasr Ahmad,2026-08-04 13:16:00
SR008498,MED0074,Tripoli,Abu Salim,2026-05-22 20:53:25
SR008499,MED0026,Tripoli,Hay Al-Andalus,2026-08-19 16:12:56
SR008500,MED0003,Benghazi,Al-Sabri,2026-07-08 07:25:14
SR008501,MED0054,Tripoli,Tajoura,2026-07-03 07:22:39
SR008502,MED0297,Tripoli,Ain Zara,2026-07-13 05:51:10
SR008503,MED0014,Tripoli,Tajoura,2026-06-19 21:02:14
SR008504,MED0011,Tripoli,Ain Zara,2026-05-15 06:21:59
SR008505,MED0008,Benghazi,Al-Hadaeq,2026-06-13 15:07:23
SR008506,MED0033,Misrata,Qasr Ahmad,2026-06-17 17:21:29
SR008507,MED0063,Zawiya,Al-Mashtal,2026-07-07 19:51:38
SR008508,MED0125,Tripoli,Ain Zara,2026-07-01 06:09:03
SR008509,MED0486,Tripoli,Abu Salim,2026-07-13 22:34:31
SR008510,MED0005,Benghazi,Al-Fuwayhat,2026-07-15 08:20:53
SR008511,MED0149,Zawiya,Al-Harsha,2026-03-14 00:19:56
SR008512,MED0367,Misrata,Al-Ghiran,2026-07-03 17:03:53
SR008513,MED0453,Sabha,Tayouri,2026-06-05 16:54:42
SR008514,MED0321,Tripoli,Souq Al Juma'a,2026-08-08 23:50:34
SR008515,MED0489,Tripoli,Tajoura,2026-02-28 06:35:38
SR008516,MED0193,Misrata,Qasr Ahmad,2026-08-14 23:32:14
SR008517,MED0021,Tripoli,Tajoura,2026-06-28 22:12:57
SR008518,MED0253,Tripoli,Souq Al Juma'a,2026-04-29 00:10:34
SR008519,MED0154,Tripoli,Janzour,2026-05-18 17:35:34
SR008520,MED0173,Tripoli,Janzour,2026-04-11 12:09:14
SR008521,MED0075,Misrata,Al-Karareem,2026-05-20 21:09:32
SR008522,MED0365,Misrata,Qasr Ahmad,2026-04-17 00:50:00
SR008523,MED0241,Tripoli,Ain Zara,2026-07-11 03:58:29
SR008524,MED0426,Misrata,Qasr Ahmad,2026-07-07 14:47:21
SR008525,MED0179,Sabha,Al-Dawwar,2026-06-22 00:35:09
SR008526,MED0435,Tripoli,Tajoura,2026-06-19 08:12:46
SR008527,MED0349,Tripoli,Gargaresh,2026-04-22 05:14:56
SR008528,MED0126,Benghazi,Al-Selmani,2026-07-15 07:12:40
SR008529,MED0125,Zawiya,Al-Mashtal,2026-05-02 13:57:22
SR008530,MED0449,Benghazi,Al-Fuwayhat,2026-02-02 09:05:09
SR008531,MED0093,Benghazi,Al-Hadaeq,2026-08-14 21:07:21
SR008532,MED0369,Benghazi,Al-Fuwayhat,2026-07-30 17:18:35
SR008533,MED0343,Tripoli,Ain Zara,2026-07-18 22:36:17
SR008534,MED0226,Tripoli,Hay Al-Andalus,2026-06-12 21:04:54
SR008535,MED0399,Misrata,Al-Ghiran,2026-03-24 07:31:11
SR008536,MED0198,Benghazi,Al-Berka,2026-07-08 15:12:36
SR008537,MED0108,Tripoli,Abu Salim,2026-04-13 11:05:31
SR008538,MED0029,Misrata,Al-Ghiran,2026-04-19 17:14:54
SR008539,MED0078,Benghazi,Al-Sabri,2026-05-13 18:41:11
SR008540,MED0069,Benghazi,Al-Berka,2026-06-24 03:32:18
SR008541,MED0454,Benghazi,Al-Fuwayhat,2026-08-19 15:10:26
SR008542,MED0425,Zawiya,Al-Harsha,2026-07-14 07:36:12
SR008543,MED0362,Tripoli,Abu Salim,2026-08-15 21:09:21
SR008544,MED0227,Tripoli,Hay Al-Andalus,2026-07-07 10:33:33
SR008545,MED0144,Tripoli,Tajoura,2026-07-12 07:35:36
SR008546,MED0512,Tripoli,Abu Salim,2026-07-08 03:29:57
SR008547,MED0057,Tripoli,Janzour,2026-03-12 05:53:26
SR008548,MED0089,Zawiya,Al-Harsha,2026-08-02 17:59:25
SR008549,MED0282,Zawiya,Al-Harsha,2026-05-21 06:55:42
SR008550,MED0168,Zliten,Al-Qasabat,2026-06-24 09:23:12
SR008551,MED0238,Tripoli,Tajoura,2026-03-11 20:45:26
SR008552,MED0399,Tripoli,Fashloum,2026-05-08 16:20:10
SR008553,MED0289,Misrata,Al-Karareem,2026-05-19 14:41:07
SR008554,MED0303,Tripoli,Fashloum,2026-07-09 01:54:13
SR008555,MED0099,Benghazi,Al-Sabri,2026-07-31 22:25:09
SR008556,MED0141,Tripoli,Gargaresh,2026-06-16 13:27:01
SR008557,MED0281,Tripoli,Fashloum,2026-07-01 16:07:10
SR008558,MED0290,Misrata,Al-Ghiran,2026-08-02 23:00:30
SR008559,MED0059,Tripoli,Souq Al Juma'a,2026-07-31 10:10:24
SR008560,MED0147,Tripoli,Janzour,2026-08-04 04:19:46
SR008561,MED0480,Misrata,Al-Ghiran,2026-05-14 16:15:58
SR008562,MED0160,Misrata,Al-Karareem,2026-08-05 18:36:26
SR008563,MED0468,Tripoli,Ain Zara,2026-05-08 04:43:39
SR008564,MED0259,Tripoli,Hay Al-Andalus,2026-04-29 21:46:32
SR008565,MED0142,Zawiya,Al-Harsha,2026-06-16 15:04:07
SR008566,MED0322,Tripoli,Janzour,2026-05-19 23:03:16
SR008567,MED0068,Tripoli,Gargaresh,2026-06-10 19:26:27
SR008568,MED0460,Benghazi,Al-Fuwayhat,2026-08-07 15:50:09
SR008569,MED0395,Benghazi,Al-Hadaeq,2026-08-09 08:00:21
SR008570,MED0149,Tripoli,Fashloum,2026-06-30 23:07:30
SR008571,MED0511,Tripoli,Ain Zara,2026-06-14 14:17:52
SR008572,MED0404,Tripoli,Fashloum,2026-04-15 00:58:45
SR008573,MED0392,Misrata,Al-Ghiran,2026-04-22 09:19:59
SR008574,MED0346,Misrata,Zawiyat Al-Mahjoub,2026-04-18 03:40:39
SR008575,MED0129,Tripoli,Ain Zara,2026-08-17 04:28:21
SR008576,MED0238,Tripoli,Janzour,2026-07-13 10:49:46
SR008577,MED0449,Tripoli,Fashloum,2026-04-20 17:22:24
SR008578,MED0384,Tripoli,Hay Al-Andalus,2026-05-16 20:02:59
SR008579,MED0173,Tripoli,Souq Al Juma'a,2026-07-22 01:24:44
SR008580,MED0147,Tripoli,Fashloum,2026-08-08 20:02:31
SR008581,MED0466,Zawiya,Al-Harsha,2026-05-30 06:36:00
SR008582,MED0129,Tripoli,Fashloum,2026-05-10 15:29:39
SR008583,MED0435,Zawiya,Al-Mashtal,2026-07-03 06:43:32
SR008584,MED0485,Tripoli,Hay Al-Andalus,2026-06-18 08:42:49
SR008585,MED0493,Tripoli,Tajoura,2026-07-15 14:00:08
SR008586,MED0002,Tripoli,Gargaresh,2026-07-08 00:43:36
SR008587,MED0170,Sabha,Tayouri,2026-06-04 12:00:14
SR008588,MED0303,Tripoli,Abu Salim,2026-07-17 01:43:56
SR008589,MED0021,Benghazi,Al-Berka,2026-06-24 21:02:12
SR008590,MED0493,Misrata,Al-Karareem,2026-05-06 00:25:10
SR008591,MED0213,Tripoli,Ain Zara,2026-08-07 02:26:17
SR008592,MED0442,Sabha,Al-Dawwar,2026-07-20 02:22:14
SR008593,MED0272,Tripoli,Hay Al-Andalus,2026-06-23 15:24:41
SR008594,MED0013,Tripoli,Ain Zara,2026-07-18 00:03:37
SR008595,MED0275,Misrata,Zawiyat Al-Mahjoub,2026-07-24 22:03:33
SR008596,MED0234,Benghazi,Al-Berka,2026-07-05 23:09:35
SR008597,MED0221,Tripoli,Souq Al Juma'a,2026-06-17 04:35:57
SR008598,MED0431,Benghazi,Al-Hadaeq,2026-06-20 13:09:50
SR008599,MED0418,Misrata,Al-Ghiran,2026-06-05 03:46:47
SR008600,MED0083,Tripoli,Abu Salim,2026-08-19 22:33:12
SR008601,MED0005,Benghazi,Al-Berka,2026-08-16 09:35:01
SR008602,MED0064,Tripoli,Souq Al Juma'a,2026-06-23 03:48:31
SR008603,MED0116,Tripoli,Fashloum,2026-07-07 08:18:00
SR008604,MED0319,Sabha,Al-Dawwar,2026-03-14 17:50:40
SR008605,MED0349,Tripoli,Tajoura,2026-07-30 08:12:10
SR008606,MED0008,Tripoli,Gargaresh,2026-08-17 20:22:16
SR008607,MED0505,Sabha,Al-Dawwar,2026-06-14 02:42:26
SR008608,MED0329,Zawiya,Al-Mashtal,2026-07-29 13:12:57
SR008609,MED0114,Tripoli,Janzour,2026-07-12 14:31:04
SR008610,MED0008,Tripoli,Gargaresh,2026-07-18 12:58:23
SR008611,MED0399,Tripoli,Fashloum,2026-05-29 01:21:21
SR008612,MED0042,Tripoli,Souq Al Juma'a,2026-08-15 12:40:00
SR008613,MED0157,Tripoli,Tajoura,2026-01-30 05:42:39
SR008614,MED0311,Tripoli,Hay Al-Andalus,2026-08-05 21:34:13
SR008615,MED0141,Tripoli,Hay Al-Andalus,2026-08-01 22:06:58
SR008616,MED0411,Tripoli,Souq Al Juma'a,2026-04-15 09:43:38
SR008617,MED0470,Tripoli,Fashloum,2026-07-04 09:52:49
SR008618,MED0006,Zliten,Al-Qasabat,2026-07-18 23:46:23
SR008619,MED0376,Misrata,Al-Karareem,2026-07-13 16:59:20
SR008620,MED0297,Tripoli,Gargaresh,2026-04-16 20:49:43
SR008621,MED0362,Misrata,Qasr Ahmad,2026-06-22 15:16:37
SR008622,MED0029,Tripoli,Janzour,2026-08-18 03:33:55
SR008623,MED0116,Tripoli,Abu Salim,2026-06-16 17:29:55
SR008624,MED0501,Tripoli,Hay Al-Andalus,2026-06-25 22:27:02
SR008625,MED0160,Zliten,Al-Qasabat,2026-05-21 15:20:15
SR008626,MED0399,Tripoli,Fashloum,2026-08-05 15:00:42
SR008627,MED0011,Misrata,Al-Karareem,2026-08-14 15:46:45
SR008628,MED0242,Tripoli,Gargaresh,2026-07-28 12:06:39
SR008629,MED0367,Benghazi,Al-Hadaeq,2026-05-03 02:32:56
SR008630,MED0147,Tripoli,Souq Al Juma'a,2026-06-01 21:34:36
SR008631,MED0026,Tripoli,Ain Zara,2026-06-19 05:50:17
SR008632,MED0253,Misrata,Al-Karareem,2026-06-01 21:10:43
SR008633,MED0009,Tripoli,Abu Salim,2026-04-21 23:38:43
SR008634,MED0401,Tripoli,Hay Al-Andalus,2026-06-25 08:09:10
SR008635,MED0080,Tripoli,Hay Al-Andalus,2026-08-04 15:06:24
SR008636,MED0453,Benghazi,Al-Fuwayhat,2026-08-07 13:02:17
SR008637,MED0061,Benghazi,Al-Selmani,2026-07-16 00:03:23
SR008638,MED0500,Tripoli,Tajoura,2026-05-11 05:46:26
SR008639,MED0405,Benghazi,Al-Hadaeq,2026-05-19 22:44:27
SR008640,MED0450,Zawiya,Al-Harsha,2026-07-22 10:05:15
SR008641,MED0225,Zawiya,Al-Mashtal,2026-08-11 09:14:09
SR008642,MED0053,Tripoli,Fashloum,2026-08-01 15:34:58
SR008643,MED0101,Tripoli,Souq Al Juma'a,2026-04-11 07:39:15
SR008644,MED0330,Tripoli,Hay Al-Andalus,2026-04-30 10:09:14
SR008645,MED0506,Tripoli,Gargaresh,2026-07-18 05:18:41
SR008646,MED0057,Tripoli,Fashloum,2026-07-01 11:36:15
SR008647,MED0237,Tripoli,Souq Al Juma'a,2026-07-22 03:41:49
SR008648,MED0303,Tripoli,Tajoura,2026-07-09 23:52:44
SR008649,MED0115,Benghazi,Al-Hadaeq,2026-06-16 03:33:21
SR008650,MED0076,Benghazi,Al-Fuwayhat,2026-05-20 22:01:00
SR008651,MED0314,Benghazi,Al-Fuwayhat,2026-06-24 19:05:34
SR008652,MED0377,Sabha,Al-Manshiya,2026-05-19 10:14:00
SR008653,MED0221,Tripoli,Abu Salim,2026-05-24 14:12:41
SR008654,MED0282,Tripoli,Gargaresh,2026-06-21 17:12:46
SR008655,MED0488,Benghazi,Al-Sabri,2026-05-05 17:14:03
SR008656,MED0187,Tripoli,Fashloum,2026-08-03 18:59:19
SR008657,MED0144,Tripoli,Abu Salim,2026-07-31 07:57:59
SR008658,MED0007,Tripoli,Hay Al-Andalus,2026-07-21 00:36:27
SR008659,MED0046,Tripoli,Gargaresh,2026-08-15 10:22:21
SR008660,MED0339,Benghazi,Al-Fuwayhat,2026-06-17 15:48:16
SR008661,MED0113,Benghazi,Al-Berka,2026-05-15 22:16:54
SR008662,MED0172,Tripoli,Ain Zara,2026-08-11 07:49:33
SR008663,MED0248,Tripoli,Janzour,2026-07-01 10:05:45
SR008664,MED0175,Benghazi,Al-Berka,2026-07-21 01:22:07
SR008665,MED0161,Tripoli,Fashloum,2026-04-07 09:54:37
SR008666,MED0187,Benghazi,Al-Fuwayhat,2026-05-03 15:04:24
SR008667,MED0329,Tripoli,Fashloum,2026-07-09 16:18:30
SR008668,MED0028,Tripoli,Fashloum,2026-06-21 00:25:47
SR008669,MED0413,Tripoli,Gargaresh,2026-07-30 19:59:03
SR008670,MED0234,Misrata,Al-Ghiran,2026-06-20 09:53:20
SR008671,MED0047,Tripoli,Janzour,2026-04-01 15:58:11
SR008672,MED0512,Misrata,Al-Ghiran,2026-06-29 06:09:43
SR008673,MED0293,Tripoli,Tajoura,2026-06-22 12:31:47
SR008674,MED0478,Benghazi,Al-Berka,2026-04-23 01:31:58
SR008675,MED0047,Tripoli,Abu Salim,2026-07-30 23:46:21
SR008676,MED0372,Benghazi,Al-Berka,2026-06-05 01:44:04
SR008677,MED0092,Benghazi,Al-Sabri,2026-03-04 09:42:00
SR008678,MED0402,Tripoli,Gargaresh,2026-06-22 21:03:14
SR008679,MED0352,Tripoli,Fashloum,2026-06-09 11:04:06
SR008680,MED0201,Tripoli,Souq Al Juma'a,2026-04-04 00:21:43
SR008681,MED0475,Benghazi,Al-Sabri,2026-04-30 21:41:17
SR008682,MED0446,Benghazi,Al-Fuwayhat,2026-06-25 05:06:01
SR008683,MED0392,Tripoli,Ain Zara,2026-07-09 20:23:07
SR008684,MED0016,Sabha,Tayouri,2026-03-07 07:14:32
SR008685,MED0503,Tripoli,Abu Salim,2026-08-04 11:53:08
SR008686,MED0284,Tripoli,Gargaresh,2026-04-28 09:42:33
SR008687,MED0309,Tripoli,Ain Zara,2026-07-29 23:18:14
SR008688,MED0388,Benghazi,Al-Sabri,2026-05-28 15:10:59
SR008689,MED0063,Zawiya,Al-Harsha,2026-06-10 06:19:11
SR008690,MED0214,Benghazi,Al-Fuwayhat,2026-07-22 11:05:03
SR008691,MED0057,Benghazi,Al-Berka,2026-06-05 15:36:07
SR008692,MED0314,Tripoli,Ain Zara,2026-06-20 00:13:39
SR008693,MED0389,Tripoli,Ain Zara,2026-02-17 09:24:59
SR008694,MED0042,Tripoli,Ain Zara,2026-06-01 23:11:36
SR008695,MED0238,Tripoli,Janzour,2026-07-25 00:00:19
SR008696,MED0139,Tripoli,Tajoura,2026-08-12 23:44:45
SR008697,MED0025,Benghazi,Al-Selmani,2026-06-26 14:02:39
SR008698,MED0452,Tripoli,Janzour,2026-08-20 11:48:03
SR008699,MED0405,Tripoli,Abu Salim,2026-07-27 11:52:04
SR008700,MED0243,Benghazi,Al-Selmani,2026-06-23 01:57:55
SR008701,MED0024,Tripoli,Janzour,2026-07-16 17:12:41
SR008702,MED0350,Tripoli,Ain Zara,2026-04-18 03:25:00
SR008703,MED0351,Benghazi,Al-Fuwayhat,2026-04-16 17:29:39
SR008704,MED0001,Tripoli,Souq Al Juma'a,2026-07-29 20:13:20
SR008705,MED0059,Zawiya,Al-Mashtal,2026-07-04 13:22:45
SR008706,MED0016,Tripoli,Ain Zara,2026-05-02 10:28:45
SR008707,MED0437,Tripoli,Fashloum,2026-08-09 09:58:31
SR008708,MED0042,Benghazi,Al-Selmani,2026-08-19 17:59:07
SR008709,MED0367,Tripoli,Abu Salim,2026-07-18 11:47:14
SR008710,MED0464,Tripoli,Abu Salim,2026-07-29 03:23:45
SR008711,MED0243,Misrata,Al-Ghiran,2026-07-20 07:58:34
SR008712,MED0409,Tripoli,Abu Salim,2026-03-01 23:10:33
SR008713,MED0045,Benghazi,Al-Selmani,2026-03-14 22:36:56
SR008714,MED0225,Tripoli,Fashloum,2026-07-24 01:45:18
SR008715,MED0192,Tripoli,Fashloum,2026-08-09 22:14:29
SR008716,MED0265,Benghazi,Al-Hadaeq,2026-06-30 19:26:25
SR008717,MED0238,Misrata,Zawiyat Al-Mahjoub,2026-08-03 08:31:11
SR008718,MED0466,Tripoli,Abu Salim,2026-06-17 11:38:56
SR008719,MED0475,Tripoli,Ain Zara,2026-07-24 05:09:11
SR008720,MED0437,Misrata,Al-Karareem,2026-04-07 04:16:45
SR008721,MED0115,Tripoli,Tajoura,2026-03-14 19:35:00
SR008722,MED0477,Benghazi,Al-Fuwayhat,2026-05-30 16:01:24
SR008723,MED0061,Tripoli,Gargaresh,2026-07-17 03:16:22
SR008724,MED0160,Tripoli,Hay Al-Andalus,2026-06-11 18:49:33
SR008725,MED0162,Zawiya,Bir Al-Ghanam,2026-06-22 09:43:40
SR008726,MED0453,Tripoli,Souq Al Juma'a,2026-03-19 10:46:15
SR008727,MED0187,Tripoli,Tajoura,2026-06-22 02:49:54
SR008728,MED0125,Tripoli,Abu Salim,2026-08-02 21:08:56
SR008729,MED0202,Tripoli,Janzour,2026-07-14 20:53:52
SR008730,MED0116,Tripoli,Gargaresh,2026-07-15 13:06:50
SR008731,MED0308,Benghazi,Al-Berka,2026-07-24 00:47:44
SR008732,MED0102,Tripoli,Abu Salim,2026-06-22 02:58:26
SR008733,MED0247,Tripoli,Janzour,2026-05-10 09:43:43
SR008734,MED0030,Misrata,Zawiyat Al-Mahjoub,2026-04-17 14:14:29
SR008735,MED0433,Sabha,Al-Manshiya,2026-05-07 11:43:53
SR008736,MED0212,Tripoli,Abu Salim,2026-06-10 23:56:10
SR008737,MED0060,Misrata,Zawiyat Al-Mahjoub,2026-05-18 13:13:29
SR008738,MED0020,Zliten,Al-Qasabat,2026-07-18 20:04:56
SR008739,MED0510,Tripoli,Souq Al Juma'a,2026-05-22 18:49:47
SR008740,MED0405,Sabha,Al-Dawwar,2026-07-16 06:13:52
SR008741,MED0018,Benghazi,Al-Hadaeq,2026-04-15 18:14:34
SR008742,MED0285,Zliten,Al-Qasabat,2026-07-18 13:45:07
SR008743,MED0452,Benghazi,Al-Selmani,2026-07-27 22:47:21
SR008744,MED0478,Zawiya,Al-Mashtal,2026-07-23 12:29:02
SR008745,MED0237,Misrata,Al-Karareem,2026-04-01 04:45:15
SR008746,MED0270,Tripoli,Tajoura,2026-06-05 15:09:39
SR008747,MED0030,Benghazi,Al-Hadaeq,2026-07-05 15:10:02
SR008748,MED0320,Tripoli,Souq Al Juma'a,2026-06-17 20:17:44
SR008749,MED0056,Tripoli,Fashloum,2026-07-24 01:40:17
SR008750,MED0127,Tripoli,Ain Zara,2026-07-17 03:20:54
SR008751,MED0292,Tripoli,Tajoura,2026-06-25 11:54:19
SR008752,MED0206,Misrata,Zawiyat Al-Mahjoub,2026-05-30 03:21:04
SR008753,MED0122,Tripoli,Abu Salim,2026-04-01 05:27:55
SR008754,MED0500,Zawiya,Al-Mashtal,2026-07-26 14:57:35
SR008755,MED0507,Tripoli,Souq Al Juma'a,2026-08-04 18:46:27
SR008756,MED0073,Tripoli,Gargaresh,2026-08-16 22:29:34
SR008757,MED0499,Misrata,Qasr Ahmad,2026-04-12 00:53:02
SR008758,MED0226,Tripoli,Janzour,2026-08-15 14:53:36
SR008759,MED0065,Tripoli,Ain Zara,2026-07-31 07:32:08
SR008760,MED0019,Tripoli,Tajoura,2026-07-17 19:44:31
SR008761,MED0518,Tripoli,Gargaresh,2026-06-19 06:48:52
SR008762,MED0449,Zawiya,Bir Al-Ghanam,2026-07-27 20:57:32
SR008763,MED0020,Tripoli,Janzour,2026-05-12 23:54:56
SR008764,MED0323,Tripoli,Gargaresh,2026-03-23 22:55:38
SR008765,MED0421,Benghazi,Al-Hadaeq,2026-06-14 02:49:11
SR008766,MED0041,Misrata,Qasr Ahmad,2026-08-08 04:27:14
SR008767,MED0013,Zawiya,Bir Al-Ghanam,2026-08-10 01:39:30
SR008768,MED0192,Tripoli,Fashloum,2026-06-10 14:57:03
SR008769,MED0329,Misrata,Qasr Ahmad,2026-08-07 15:59:39
SR008770,MED0234,Tripoli,Ain Zara,2026-07-25 01:03:36
SR008771,MED0257,Zawiya,Bir Al-Ghanam,2026-05-30 22:19:17
SR008772,MED0177,Tripoli,Janzour,2026-05-26 20:31:36
SR008773,MED0284,Zliten,Souq Al-Thulatha,2026-07-11 11:32:59
SR008774,MED0100,Benghazi,Al-Berka,2026-08-17 15:36:45
SR008775,MED0202,Tripoli,Tajoura,2026-07-08 19:02:28
SR008776,MED0347,Misrata,Zawiyat Al-Mahjoub,2026-08-01 10:48:29
SR008777,MED0232,Benghazi,Al-Hadaeq,2026-05-28 19:17:18
SR008778,MED0230,Tripoli,Ain Zara,2026-07-18 01:33:27
SR008779,MED0201,Tripoli,Gargaresh,2026-08-10 20:39:48
SR008780,MED0331,Misrata,Al-Karareem,2026-07-04 04:23:08
SR008781,MED0213,Tripoli,Abu Salim,2026-05-25 07:50:13
SR008782,MED0239,Tripoli,Ain Zara,2026-06-10 02:11:42
SR008783,MED0284,Tripoli,Abu Salim,2026-08-02 23:43:24
SR008784,MED0029,Tripoli,Souq Al Juma'a,2026-08-15 14:03:27
SR008785,MED0156,Benghazi,Al-Hadaeq,2026-07-06 22:40:24
SR008786,MED0253,Tripoli,Hay Al-Andalus,2026-07-26 08:39:08
SR008787,MED0054,Tripoli,Gargaresh,2026-07-14 07:47:53
SR008788,MED0369,Tripoli,Souq Al Juma'a,2026-05-27 13:09:46
SR008789,MED0056,Tripoli,Tajoura,2026-08-09 21:47:53
SR008790,MED0104,Zawiya,Al-Mashtal,2026-06-10 12:41:52
SR008791,MED0420,Tripoli,Tajoura,2026-05-27 09:32:13
SR008792,MED0207,Tripoli,Tajoura,2026-07-16 10:35:43
SR008793,MED0351,Tripoli,Ain Zara,2026-05-14 13:05:11
SR008794,MED0438,Tripoli,Hay Al-Andalus,2026-08-20 23:25:43
SR008795,MED0016,Sabha,Al-Manshiya,2026-04-09 07:47:47
SR008796,MED0117,Tripoli,Janzour,2026-05-10 20:03:08
SR008797,MED0415,Benghazi,Al-Selmani,2026-07-30 20:11:22
SR008798,MED0202,Benghazi,Al-Sabri,2026-06-24 14:29:05
SR008799,MED0464,Zawiya,Bir Al-Ghanam,2026-05-22 10:34:17
SR008800,MED0202,Tripoli,Abu Salim,2026-07-06 03:59:08
SR008801,MED0292,Zawiya,Bir Al-Ghanam,2026-05-03 10:10:12
SR008802,MED0126,Tripoli,Fashloum,2026-08-14 06:59:32
SR008803,MED0420,Tripoli,Abu Salim,2026-08-11 16:50:58
SR008804,MED0498,Zawiya,Bir Al-Ghanam,2026-07-09 19:29:22
SR008805,MED0399,Misrata,Al-Ghiran,2026-07-08 02:25:22
SR008806,MED0229,Tripoli,Tajoura,2026-08-02 16:22:14
SR008807,MED0480,Tripoli,Ain Zara,2026-05-17 12:13:50
SR008808,MED0241,Tripoli,Abu Salim,2026-07-16 19:48:10
SR008809,MED0252,Tripoli,Souq Al Juma'a,2026-06-28 04:22:06
SR008810,MED0131,Benghazi,Al-Hadaeq,2026-06-06 02:23:53
SR008811,MED0368,Misrata,Zawiyat Al-Mahjoub,2026-06-08 10:07:24
SR008812,MED0348,Misrata,Zawiyat Al-Mahjoub,2026-04-17 16:31:08
SR008813,MED0390,Misrata,Zawiyat Al-Mahjoub,2026-07-22 23:31:27
SR008814,MED0150,Tripoli,Tajoura,2026-05-16 08:06:09
SR008815,MED0442,Benghazi,Al-Hadaeq,2026-07-12 20:28:48
SR008816,MED0227,Sabha,Al-Manshiya,2026-08-19 16:02:36
SR008817,MED0138,Zawiya,Al-Harsha,2026-07-13 23:21:03
SR008818,MED0467,Tripoli,Tajoura,2026-07-29 08:07:56
SR008819,MED0028,Tripoli,Gargaresh,2026-06-27 01:50:31
SR008820,MED0475,Tripoli,Fashloum,2026-05-03 15:14:38
SR008821,MED0124,Misrata,Al-Ghiran,2026-07-01 21:46:41
SR008822,MED0188,Tripoli,Tajoura,2026-06-20 15:56:53
SR008823,MED0057,Zliten,Souq Al-Thulatha,2026-05-30 02:29:43
SR008824,MED0222,Tripoli,Ain Zara,2026-07-07 13:56:46
SR008825,MED0202,Sabha,Al-Manshiya,2026-06-22 02:23:03
SR008826,MED0472,Tripoli,Abu Salim,2026-07-09 02:51:57
SR008827,MED0297,Tripoli,Souq Al Juma'a,2026-05-14 00:05:02
SR008828,MED0033,Benghazi,Al-Sabri,2026-08-18 09:24:16
SR008829,MED0110,Misrata,Al-Karareem,2026-08-11 02:54:04
SR008830,MED0206,Tripoli,Tajoura,2026-07-16 00:49:08
SR008831,MED0039,Sabha,Al-Dawwar,2026-07-26 18:09:38
SR008832,MED0221,Tripoli,Fashloum,2026-08-11 23:20:09
SR008833,MED0488,Tripoli,Souq Al Juma'a,2026-05-27 01:33:16
SR008834,MED0284,Benghazi,Al-Hadaeq,2026-08-05 10:35:42
SR008835,MED0422,Benghazi,Al-Fuwayhat,2026-08-11 05:57:40
SR008836,MED0368,Tripoli,Abu Salim,2026-08-08 19:12:52
SR008837,MED0130,Tripoli,Souq Al Juma'a,2026-04-29 04:49:01
SR008838,MED0451,Tripoli,Souq Al Juma'a,2026-06-23 06:04:18
SR008839,MED0437,Tripoli,Fashloum,2026-07-17 13:54:14
SR008840,MED0233,Misrata,Al-Karareem,2026-07-02 00:04:36
SR008841,MED0021,Tripoli,Gargaresh,2026-05-12 16:54:06
SR008842,MED0046,Tripoli,Hay Al-Andalus,2026-07-29 06:39:46
SR008843,MED0003,Tripoli,Hay Al-Andalus,2026-07-04 17:01:36
SR008844,MED0291,Tripoli,Gargaresh,2026-05-06 23:08:19
SR008845,MED0158,Tripoli,Tajoura,2026-05-14 23:58:16
SR008846,MED0202,Misrata,Zawiyat Al-Mahjoub,2026-05-28 11:10:54
SR008847,MED0083,Tripoli,Fashloum,2026-06-12 12:53:35
SR008848,MED0165,Tripoli,Abu Salim,2026-07-09 10:50:09
SR008849,MED0214,Tripoli,Janzour,2026-07-28 22:35:43
SR008850,MED0147,Tripoli,Ain Zara,2026-07-11 03:10:46
SR008851,MED0033,Benghazi,Al-Berka,2026-08-10 01:00:00
SR008852,MED0238,Tripoli,Tajoura,2026-07-04 16:52:57
SR008853,MED0126,Tripoli,Ain Zara,2026-05-12 12:06:10
SR008854,MED0273,Tripoli,Janzour,2026-07-30 16:16:27
SR008855,MED0423,Tripoli,Tajoura,2026-07-08 19:00:48
SR008856,MED0426,Tripoli,Abu Salim,2026-06-17 11:02:28
SR008857,MED0016,Zawiya,Al-Harsha,2026-05-31 09:07:20
SR008858,MED0333,Misrata,Zawiyat Al-Mahjoub,2026-07-06 13:52:45
SR008859,MED0134,Zawiya,Bir Al-Ghanam,2026-07-19 05:24:47
SR008860,MED0390,Benghazi,Al-Hadaeq,2026-08-07 06:51:53
SR008861,MED0463,Benghazi,Al-Sabri,2026-08-07 06:51:58
SR008862,MED0165,Tripoli,Fashloum,2026-06-15 09:23:47
SR008863,MED0437,Tripoli,Gargaresh,2026-08-15 05:07:43
SR008864,MED0213,Misrata,Qasr Ahmad,2026-06-22 14:01:21
SR008865,MED0241,Benghazi,Al-Fuwayhat,2026-08-03 21:26:25
SR008866,MED0469,Tripoli,Abu Salim,2026-06-29 02:48:20
SR008867,MED0359,Benghazi,Al-Berka,2026-08-19 11:05:11
SR008868,MED0068,Benghazi,Al-Fuwayhat,2026-06-16 19:06:11
SR008869,MED0083,Tripoli,Gargaresh,2026-02-25 20:37:11
SR008870,MED0158,Tripoli,Janzour,2026-07-03 12:26:17
SR008871,MED0333,Tripoli,Tajoura,2026-07-04 16:09:22
SR008872,MED0061,Misrata,Al-Ghiran,2026-06-25 18:53:47
SR008873,MED0434,Misrata,Al-Karareem,2026-04-21 16:59:23
SR008874,MED0075,Tripoli,Gargaresh,2026-08-17 15:57:34
SR008875,MED0410,Tripoli,Ain Zara,2026-07-05 14:52:07
SR008876,MED0432,Benghazi,Al-Berka,2026-07-03 17:16:18
SR008877,MED0247,Tripoli,Fashloum,2026-08-05 23:35:04
SR008878,MED0172,Zliten,Souq Al-Thulatha,2026-08-02 23:12:23
SR008879,MED0252,Misrata,Qasr Ahmad,2026-07-09 11:23:49
SR008880,MED0110,Tripoli,Ain Zara,2026-08-09 02:54:20
SR008881,MED0412,Zliten,Al-Qasabat,2026-08-01 08:31:28
SR008882,MED0264,Benghazi,Al-Fuwayhat,2026-07-19 07:46:34
SR008883,MED0370,Tripoli,Abu Salim,2026-06-05 18:41:45
SR008884,MED0509,Tripoli,Tajoura,2026-07-21 11:02:46
SR008885,MED0168,Benghazi,Al-Fuwayhat,2026-02-18 01:57:59
SR008886,MED0344,Tripoli,Gargaresh,2026-06-09 00:53:27
SR008887,MED0413,Tripoli,Tajoura,2026-04-14 18:20:48
SR008888,MED0495,Tripoli,Janzour,2026-06-22 15:01:56
SR008889,MED0432,Tripoli,Abu Salim,2026-04-12 06:29:56
SR008890,MED0394,Zawiya,Bir Al-Ghanam,2026-05-06 01:08:50
SR008891,MED0075,Tripoli,Janzour,2026-05-07 23:57:53
SR008892,MED0500,Tripoli,Abu Salim,2026-06-23 13:52:58
SR008893,MED0229,Tripoli,Gargaresh,2026-06-16 17:14:26
SR008894,MED0216,Zawiya,Al-Harsha,2026-07-28 14:41:53
SR008895,MED0245,Tripoli,Janzour,2026-06-22 10:13:14
SR008896,MED0431,Benghazi,Al-Berka,2026-08-04 16:48:02
SR008897,MED0466,Misrata,Qasr Ahmad,2026-08-04 08:31:59
SR008898,MED0254,Benghazi,Al-Hadaeq,2026-04-22 05:40:44
SR008899,MED0029,Sabha,Tayouri,2026-07-25 06:37:46
SR008900,MED0029,Tripoli,Souq Al Juma'a,2026-08-01 22:33:18
SR008901,MED0332,Tripoli,Tajoura,2026-04-10 23:11:25
SR008902,MED0404,Tripoli,Souq Al Juma'a,2026-08-20 04:16:01
SR008903,MED0106,Misrata,Zawiyat Al-Mahjoub,2026-04-14 12:43:00
SR008904,MED0063,Tripoli,Tajoura,2026-06-27 19:10:12
SR008905,MED0203,Misrata,Zawiyat Al-Mahjoub,2026-07-09 18:45:56
SR008906,MED0439,Tripoli,Souq Al Juma'a,2026-04-05 04:53:11
SR008907,MED0449,Tripoli,Tajoura,2026-06-30 22:14:36
SR008908,MED0028,Tripoli,Fashloum,2026-05-01 05:13:20
SR008909,MED0051,Tripoli,Fashloum,2026-04-23 07:30:13
SR008910,MED0221,Tripoli,Hay Al-Andalus,2026-02-26 07:14:10
SR008911,MED0287,Tripoli,Fashloum,2026-07-12 04:58:58
SR008912,MED0480,Tripoli,Souq Al Juma'a,2026-07-21 21:51:24
SR008913,MED0450,Zawiya,Al-Mashtal,2026-08-08 18:03:35
SR008914,MED0214,Tripoli,Hay Al-Andalus,2026-05-11 09:37:12
SR008915,MED0492,Tripoli,Tajoura,2026-07-28 10:37:31
SR008916,MED0049,Tripoli,Abu Salim,2026-06-06 21:17:16
SR008917,MED0310,Tripoli,Abu Salim,2026-07-31 21:23:16
SR008918,MED0070,Tripoli,Tajoura,2026-05-23 15:26:38
SR008919,MED0493,Tripoli,Abu Salim,2026-06-27 19:01:42
SR008920,MED0018,Benghazi,Al-Selmani,2026-01-04 08:59:54
SR008921,MED0279,Zawiya,Al-Harsha,2026-05-01 19:37:02
SR008922,MED0271,Tripoli,Souq Al Juma'a,2026-08-16 08:16:49
SR008923,MED0066,Tripoli,Abu Salim,2026-08-20 02:45:15
SR008924,MED0060,Sabha,Al-Manshiya,2026-07-18 23:49:39
SR008925,MED0308,Misrata,Qasr Ahmad,2026-05-29 05:11:48
SR008926,MED0349,Tripoli,Tajoura,2026-08-15 07:02:36
SR008927,MED0376,Tripoli,Ain Zara,2026-06-24 14:27:46
SR008928,MED0498,Misrata,Qasr Ahmad,2026-06-06 00:47:51
SR008929,MED0320,Tripoli,Hay Al-Andalus,2026-06-03 13:59:25
SR008930,MED0168,Misrata,Zawiyat Al-Mahjoub,2026-05-07 12:10:50
SR008931,MED0016,Sabha,Tayouri,2026-06-18 17:48:51
SR008932,MED0146,Misrata,Zawiyat Al-Mahjoub,2026-04-26 19:47:22
SR008933,MED0124,Tripoli,Ain Zara,2026-02-24 21:15:25
SR008934,MED0174,Misrata,Al-Karareem,2026-07-04 00:39:19
SR008935,MED0405,Tripoli,Abu Salim,2026-05-01 03:31:29
SR008936,MED0160,Benghazi,Al-Sabri,2026-05-08 13:45:19
SR008937,MED0266,Tripoli,Tajoura,2026-07-28 04:03:22
SR008938,MED0041,Tripoli,Gargaresh,2026-08-04 04:28:50
SR008939,MED0064,Tripoli,Souq Al Juma'a,2026-07-26 23:06:23
SR008940,MED0326,Tripoli,Abu Salim,2026-06-07 11:43:24
SR008941,MED0229,Tripoli,Abu Salim,2026-07-23 15:16:20
SR008942,MED0104,Tripoli,Janzour,2026-05-14 17:37:10
SR008943,MED0115,Tripoli,Fashloum,2026-06-02 10:02:25
SR008944,MED0393,Tripoli,Abu Salim,2026-08-16 11:44:30
SR008945,MED0411,Benghazi,Al-Sabri,2026-07-25 23:52:18
SR008946,MED0026,Tripoli,Gargaresh,2026-08-13 16:28:59
SR008947,MED0258,Zawiya,Al-Harsha,2026-06-08 20:31:07
SR008948,MED0232,Misrata,Al-Ghiran,2026-07-17 15:38:08
SR008949,MED0241,Zliten,Al-Qasabat,2026-08-10 14:48:31
SR008950,MED0175,Misrata,Zawiyat Al-Mahjoub,2026-07-23 15:42:30
SR008951,MED0039,Misrata,Al-Karareem,2026-06-13 09:18:52
SR008952,MED0497,Tripoli,Abu Salim,2026-03-19 18:19:33
SR008953,MED0258,Benghazi,Al-Fuwayhat,2026-06-26 02:02:27
SR008954,MED0123,Zliten,Al-Qasabat,2026-05-11 16:42:43
SR008955,MED0427,Misrata,Qasr Ahmad,2026-07-26 01:30:22
SR008956,MED0214,Benghazi,Al-Hadaeq,2026-05-26 11:27:32
SR008957,MED0112,Tripoli,Gargaresh,2026-07-22 20:29:10
SR008958,MED0011,Zliten,Al-Qasabat,2026-07-25 00:38:37
SR008959,MED0052,Tripoli,Ain Zara,2026-06-18 06:16:42
SR008960,MED0020,Benghazi,Al-Fuwayhat,2026-06-14 09:31:27
SR008961,MED0448,Zliten,Al-Qasabat,2026-06-29 19:42:26
SR008962,MED0517,Zliten,Souq Al-Thulatha,2026-07-02 00:33:58
SR008963,MED0049,Tripoli,Tajoura,2026-06-03 01:46:44
SR008964,MED0409,Tripoli,Fashloum,2026-06-07 01:49:17
SR008965,MED0062,Misrata,Al-Karareem,2026-06-15 13:23:43
SR008966,MED0262,Benghazi,Al-Berka,2026-07-30 04:32:07
SR008967,MED0181,Tripoli,Souq Al Juma'a,2026-04-22 07:46:04
SR008968,MED0062,Tripoli,Janzour,2026-05-28 22:28:01
SR008969,MED0518,Tripoli,Gargaresh,2026-05-20 10:39:32
SR008970,MED0505,Benghazi,Al-Sabri,2026-08-16 00:37:06
SR008971,MED0437,Tripoli,Janzour,2026-06-25 03:14:04
SR008972,MED0155,Tripoli,Gargaresh,2026-04-08 09:27:12
SR008973,MED0188,Tripoli,Hay Al-Andalus,2026-07-29 02:16:57
SR008974,MED0007,Tripoli,Hay Al-Andalus,2026-06-15 00:04:08
SR008975,MED0063,Tripoli,Abu Salim,2026-04-19 16:40:45
SR008976,MED0373,Benghazi,Al-Hadaeq,2026-05-29 23:14:18
SR008977,MED0161,Tripoli,Gargaresh,2026-06-24 19:40:59
SR008978,MED0242,Tripoli,Ain Zara,2026-05-05 20:43:58
SR008979,MED0366,Tripoli,Abu Salim,2026-07-01 14:42:31
SR008980,MED0449,Zawiya,Bir Al-Ghanam,2026-07-30 00:47:45
SR008981,MED0212,Tripoli,Hay Al-Andalus,2026-05-16 14:25:57
SR008982,MED0261,Zliten,Souq Al-Thulatha,2026-06-15 16:44:52
SR008983,MED0394,Tripoli,Gargaresh,2026-05-04 21:37:48
SR008984,MED0378,Benghazi,Al-Fuwayhat,2026-06-21 03:46:33
SR008985,MED0222,Zawiya,Al-Mashtal,2026-06-16 04:19:56
SR008986,MED0497,Benghazi,Al-Hadaeq,2026-05-06 10:12:17
SR008987,MED0047,Tripoli,Hay Al-Andalus,2026-08-17 07:44:30
SR008988,MED0190,Tripoli,Hay Al-Andalus,2026-07-14 17:31:03
SR008989,MED0474,Misrata,Qasr Ahmad,2026-08-16 03:02:12
SR008990,MED0411,Tripoli,Gargaresh,2026-06-30 13:21:52
SR008991,MED0038,Tripoli,Tajoura,2026-05-23 03:45:48
SR008992,MED0138,Benghazi,Al-Berka,2026-07-27 01:05:13
SR008993,MED0448,Tripoli,Ain Zara,2026-07-15 05:54:28
SR008994,MED0308,Tripoli,Hay Al-Andalus,2026-07-24 14:55:36
SR008995,MED0213,Benghazi,Al-Fuwayhat,2026-05-13 03:19:47
SR008996,MED0179,Tripoli,Hay Al-Andalus,2026-06-28 20:58:38
SR008997,MED0338,Tripoli,Fashloum,2026-08-15 22:12:01
SR008998,MED0461,Tripoli,Hay Al-Andalus,2026-05-06 18:42:59
SR008999,MED0008,Tripoli,Hay Al-Andalus,2026-06-05 17:00:47
SR009000,MED0432,Misrata,Al-Karareem,2026-07-12 04:16:41
SR009001,MED0405,Tripoli,Souq Al Juma'a,2026-06-26 12:42:32
SR009002,MED0164,Tripoli,Abu Salim,2026-08-15 11:22:48
SR009003,MED0099,Misrata,Al-Ghiran,2026-05-22 08:06:29
SR009004,MED0157,Benghazi,Al-Fuwayhat,2026-07-07 04:26:57
SR009005,MED0014,Tripoli,Gargaresh,2026-03-22 12:40:56
SR009006,MED0357,Tripoli,Tajoura,2026-07-01 10:50:39
SR009007,MED0259,Tripoli,Hay Al-Andalus,2026-06-13 10:34:39
SR009008,MED0272,Benghazi,Al-Sabri,2026-06-06 00:53:16
SR009009,MED0366,Tripoli,Abu Salim,2026-03-12 17:06:57
SR009010,MED0250,Tripoli,Tajoura,2026-08-02 06:43:53
SR009011,MED0392,Tripoli,Gargaresh,2026-07-21 08:23:19
SR009012,MED0369,Tripoli,Ain Zara,2026-06-03 14:44:00
SR009013,MED0051,Tripoli,Fashloum,2026-06-05 16:09:08
SR009014,MED0475,Tripoli,Janzour,2026-08-10 23:31:07
SR009015,MED0429,Tripoli,Janzour,2026-08-16 08:15:21
SR009016,MED0087,Tripoli,Tajoura,2026-06-12 22:14:36
SR009017,MED0434,Tripoli,Fashloum,2026-07-28 18:50:28
SR009018,MED0250,Tripoli,Ain Zara,2026-07-11 09:50:40
SR009019,MED0049,Misrata,Qasr Ahmad,2026-08-19 07:01:30
SR009020,MED0233,Zawiya,Al-Harsha,2026-08-18 19:01:10
SR009021,MED0242,Tripoli,Fashloum,2026-02-09 03:51:40
SR009022,MED0305,Tripoli,Ain Zara,2026-08-16 06:51:44
SR009023,MED0304,Misrata,Al-Ghiran,2026-08-01 13:11:26
SR009024,MED0455,Tripoli,Tajoura,2026-06-19 21:30:53
SR009025,MED0247,Benghazi,Al-Berka,2026-05-06 04:48:53
SR009026,MED0298,Tripoli,Ain Zara,2026-04-26 18:01:12
SR009027,MED0491,Tripoli,Abu Salim,2026-06-30 15:56:24
SR009028,MED0150,Benghazi,Al-Selmani,2026-06-10 12:17:28
SR009029,MED0234,Benghazi,Al-Hadaeq,2026-08-10 22:27:39
SR009030,MED0453,Tripoli,Tajoura,2026-06-23 23:10:24
SR009031,MED0152,Tripoli,Abu Salim,2026-07-26 23:27:23
SR009032,MED0490,Tripoli,Abu Salim,2026-07-10 09:21:31
SR009033,MED0113,Tripoli,Fashloum,2026-07-05 04:37:25
SR009034,MED0449,Tripoli,Hay Al-Andalus,2026-06-09 15:57:55
SR009035,MED0154,Tripoli,Abu Salim,2026-07-19 20:01:43
SR009036,MED0083,Tripoli,Tajoura,2026-04-01 04:02:44
SR009037,MED0018,Misrata,Qasr Ahmad,2026-07-17 14:24:10
SR009038,MED0519,Tripoli,Fashloum,2026-06-21 10:23:12
SR009039,MED0299,Benghazi,Al-Sabri,2026-08-11 01:54:24
SR009040,MED0316,Misrata,Zawiyat Al-Mahjoub,2026-06-16 21:44:09
SR009041,MED0495,Tripoli,Gargaresh,2026-06-19 13:14:42
SR009042,MED0131,Tripoli,Souq Al Juma'a,2026-06-13 10:39:31
SR009043,MED0385,Benghazi,Al-Selmani,2026-07-03 04:34:14
SR009044,MED0150,Misrata,Zawiyat Al-Mahjoub,2026-07-17 17:34:57
SR009045,MED0492,Tripoli,Abu Salim,2026-06-04 16:05:45
SR009046,MED0122,Misrata,Zawiyat Al-Mahjoub,2026-07-11 20:03:16
SR009047,MED0401,Tripoli,Tajoura,2026-08-04 16:06:49
SR009048,MED0144,Benghazi,Al-Selmani,2026-05-04 08:05:08
SR009049,MED0284,Tripoli,Fashloum,2026-06-28 21:05:49
SR009050,MED0437,Tripoli,Abu Salim,2026-08-13 11:52:41
SR009051,MED0074,Zawiya,Al-Mashtal,2026-03-04 22:36:22
SR009052,MED0437,Benghazi,Al-Berka,2026-07-19 05:58:18
SR009053,MED0255,Tripoli,Gargaresh,2026-05-15 21:42:36
SR009054,MED0096,Zawiya,Al-Mashtal,2026-05-18 20:29:48
SR009055,MED0249,Zawiya,Bir Al-Ghanam,2026-07-22 12:49:20
SR009056,MED0144,Tripoli,Fashloum,2026-01-12 08:35:06
SR009057,MED0074,Misrata,Al-Karareem,2026-07-17 07:19:44
SR009058,MED0089,Tripoli,Abu Salim,2026-07-11 23:58:50
SR009059,MED0326,Zawiya,Bir Al-Ghanam,2026-07-08 11:04:10
SR009060,MED0091,Misrata,Qasr Ahmad,2026-06-11 10:03:55
SR009061,MED0158,Benghazi,Al-Hadaeq,2026-07-17 00:44:44
SR009062,MED0025,Tripoli,Hay Al-Andalus,2026-05-03 11:12:28
SR009063,MED0442,Zawiya,Al-Harsha,2026-07-11 15:01:26
SR009064,MED0411,Tripoli,Janzour,2026-06-22 17:19:01
SR009065,MED0213,Tripoli,Souq Al Juma'a,2026-08-16 13:37:35
SR009066,MED0198,Misrata,Al-Ghiran,2026-02-10 22:54:12
SR009067,MED0449,Tripoli,Fashloum,2026-07-05 00:20:30
SR009068,MED0063,Misrata,Al-Karareem,2026-03-12 05:50:30
SR009069,MED0369,Benghazi,Al-Sabri,2026-06-26 00:34:57
SR009070,MED0490,Benghazi,Al-Fuwayhat,2026-08-13 05:52:10
SR009071,MED0440,Tripoli,Gargaresh,2026-06-12 18:19:54
SR009072,MED0162,Tripoli,Ain Zara,2026-07-04 07:30:53
SR009073,MED0373,Benghazi,Al-Berka,2026-05-06 03:40:19
SR009074,MED0339,Benghazi,Al-Sabri,2026-07-25 14:13:20
SR009075,MED0491,Tripoli,Gargaresh,2026-08-09 16:37:03
SR009076,MED0176,Tripoli,Fashloum,2026-06-12 19:07:19
SR009077,MED0430,Tripoli,Janzour,2026-05-21 05:36:44
SR009078,MED0434,Tripoli,Gargaresh,2026-05-22 09:49:40
SR009079,MED0233,Tripoli,Janzour,2026-07-27 18:54:22
SR009080,MED0212,Benghazi,Al-Sabri,2026-06-21 00:27:26
SR009081,MED0095,Benghazi,Al-Selmani,2026-06-23 13:42:32
SR009082,MED0449,Tripoli,Abu Salim,2026-06-22 03:29:44
SR009083,MED0449,Tripoli,Hay Al-Andalus,2026-04-15 13:26:25
SR009084,MED0212,Tripoli,Hay Al-Andalus,2026-05-26 11:51:12
SR009085,MED0372,Misrata,Zawiyat Al-Mahjoub,2026-08-14 22:55:28
SR009086,MED0305,Tripoli,Ain Zara,2026-08-08 14:52:04
SR009087,MED0430,Benghazi,Al-Sabri,2026-07-23 05:03:33
SR009088,MED0011,Misrata,Zawiyat Al-Mahjoub,2026-07-26 05:49:20
SR009089,MED0196,Benghazi,Al-Sabri,2026-08-02 20:13:21
SR009090,MED0365,Tripoli,Tajoura,2026-06-23 02:27:04
SR009091,MED0420,Tripoli,Gargaresh,2026-04-12 01:10:13
SR009092,MED0451,Tripoli,Hay Al-Andalus,2026-02-05 04:30:55
SR009093,MED0238,Misrata,Qasr Ahmad,2026-07-17 02:11:51
SR009094,MED0339,Benghazi,Al-Fuwayhat,2026-07-20 11:11:23
SR009095,MED0173,Tripoli,Janzour,2026-07-25 19:45:32
SR009096,MED0196,Zawiya,Al-Mashtal,2026-07-14 13:40:00
SR009097,MED0295,Tripoli,Fashloum,2026-07-16 05:04:32
SR009098,MED0142,Tripoli,Janzour,2026-05-31 19:12:04
SR009099,MED0019,Benghazi,Al-Hadaeq,2026-06-19 15:21:15
SR009100,MED0440,Zawiya,Al-Harsha,2026-05-10 20:47:20
SR009101,MED0038,Tripoli,Janzour,2026-08-13 12:13:01
SR009102,MED0434,Benghazi,Al-Hadaeq,2026-06-09 06:18:05
SR009103,MED0259,Tripoli,Abu Salim,2026-08-06 10:58:47
SR009104,MED0150,Tripoli,Ain Zara,2026-06-17 07:10:22
SR009105,MED0475,Benghazi,Al-Selmani,2026-08-11 17:22:07
SR009106,MED0216,Zliten,Souq Al-Thulatha,2026-07-07 15:29:02
SR009107,MED0512,Tripoli,Ain Zara,2026-05-12 05:31:44
SR009108,MED0406,Tripoli,Abu Salim,2026-08-15 02:45:48
SR009109,MED0119,Tripoli,Fashloum,2026-07-04 13:18:26
SR009110,MED0003,Misrata,Zawiyat Al-Mahjoub,2026-06-07 03:45:37
SR009111,MED0369,Misrata,Zawiyat Al-Mahjoub,2026-08-02 21:49:33
SR009112,MED0348,Misrata,Al-Karareem,2026-04-30 12:53:08
SR009113,MED0128,Tripoli,Abu Salim,2026-07-15 08:30:22
SR009114,MED0218,Tripoli,Gargaresh,2026-07-25 23:20:08
SR009115,MED0241,Tripoli,Tajoura,2026-06-25 01:17:31
SR009116,MED0453,Tripoli,Gargaresh,2026-06-10 21:12:20
SR009117,MED0264,Tripoli,Tajoura,2026-04-25 14:33:23
SR009118,MED0327,Zawiya,Al-Mashtal,2026-06-06 20:28:15
SR009119,MED0259,Benghazi,Al-Selmani,2026-06-13 16:52:20
SR009120,MED0425,Misrata,Al-Ghiran,2026-07-26 17:30:33
SR009121,MED0469,Tripoli,Hay Al-Andalus,2026-07-24 00:14:02
SR009122,MED0158,Tripoli,Ain Zara,2026-07-22 13:29:39
SR009123,MED0368,Tripoli,Souq Al Juma'a,2026-05-16 14:30:17
SR009124,MED0054,Tripoli,Abu Salim,2026-06-19 19:52:07
SR009125,MED0020,Tripoli,Fashloum,2026-07-06 05:00:25
SR009126,MED0074,Tripoli,Gargaresh,2026-06-06 13:44:45
SR009127,MED0506,Tripoli,Fashloum,2026-08-15 19:13:58
SR009128,MED0138,Benghazi,Al-Selmani,2026-07-11 06:03:48
SR009129,MED0201,Benghazi,Al-Sabri,2026-08-01 08:01:05
SR009130,MED0486,Benghazi,Al-Hadaeq,2026-05-12 20:31:11
SR009131,MED0426,Tripoli,Souq Al Juma'a,2026-06-17 14:50:06
SR009132,MED0164,Benghazi,Al-Fuwayhat,2026-06-30 19:47:40
SR009133,MED0474,Tripoli,Abu Salim,2026-05-20 00:38:42
SR009134,MED0198,Zawiya,Al-Mashtal,2026-03-18 05:06:56
SR009135,MED0512,Benghazi,Al-Berka,2026-08-12 21:28:15
SR009136,MED0179,Tripoli,Abu Salim,2026-06-14 15:51:25
SR009137,MED0051,Tripoli,Fashloum,2026-07-04 01:40:46
SR009138,MED0105,Tripoli,Hay Al-Andalus,2026-07-01 05:15:06
SR009139,MED0480,Tripoli,Abu Salim,2026-07-02 21:04:54
SR009140,MED0227,Benghazi,Al-Hadaeq,2026-08-08 18:30:42
SR009141,MED0103,Tripoli,Abu Salim,2026-07-22 02:11:31
SR009142,MED0229,Benghazi,Al-Hadaeq,2026-06-10 21:25:45
SR009143,MED0164,Tripoli,Gargaresh,2026-06-30 03:19:42
SR009144,MED0434,Tripoli,Gargaresh,2026-06-06 02:54:51
SR009145,MED0282,Misrata,Qasr Ahmad,2026-04-01 00:37:26
SR009146,MED0453,Benghazi,Al-Fuwayhat,2026-07-28 10:25:34
SR009147,MED0415,Tripoli,Abu Salim,2026-07-03 14:04:20
SR009148,MED0125,Tripoli,Souq Al Juma'a,2026-06-08 12:34:50
SR009149,MED0285,Benghazi,Al-Selmani,2026-07-23 14:27:28
SR009150,MED0311,Misrata,Qasr Ahmad,2026-08-16 17:35:00
SR009151,MED0117,Tripoli,Ain Zara,2026-03-07 07:04:38
SR009152,MED0252,Zawiya,Al-Mashtal,2026-06-28 11:44:14
SR009153,MED0363,Zliten,Souq Al-Thulatha,2026-06-29 23:35:19
SR009154,MED0327,Benghazi,Al-Fuwayhat,2026-07-05 20:18:11
SR009155,MED0224,Tripoli,Abu Salim,2026-07-01 14:46:19
SR009156,MED0445,Tripoli,Janzour,2026-06-19 22:02:43
SR009157,MED0195,Tripoli,Gargaresh,2026-08-18 08:13:38
SR009158,MED0016,Tripoli,Gargaresh,2026-05-08 11:19:40
SR009159,MED0442,Tripoli,Janzour,2026-04-24 01:08:30
SR009160,MED0295,Tripoli,Janzour,2026-06-28 09:40:29
SR009161,MED0357,Tripoli,Tajoura,2026-08-19 01:33:25
SR009162,MED0202,Tripoli,Abu Salim,2026-05-15 09:36:18
SR009163,MED0454,Tripoli,Abu Salim,2026-07-21 13:46:22
SR009164,MED0061,Zawiya,Bir Al-Ghanam,2026-06-28 09:12:18
SR009165,MED0254,Benghazi,Al-Fuwayhat,2026-08-15 21:25:45
SR009166,MED0469,Tripoli,Abu Salim,2026-08-06 21:21:41
SR009167,MED0336,Tripoli,Gargaresh,2026-08-01 02:41:56
SR009168,MED0274,Tripoli,Janzour,2026-07-29 17:18:54
SR009169,MED0439,Tripoli,Tajoura,2026-08-16 18:32:32
SR009170,MED0208,Tripoli,Fashloum,2026-05-01 21:45:04
SR009171,MED0333,Tripoli,Hay Al-Andalus,2026-08-17 02:55:22
SR009172,MED0257,Misrata,Al-Karareem,2026-06-24 10:18:12
SR009173,MED0206,Tripoli,Gargaresh,2026-08-13 03:10:17
SR009174,MED0301,Tripoli,Abu Salim,2026-05-13 07:11:33
SR009175,MED0397,Tripoli,Hay Al-Andalus,2026-07-05 21:18:31
SR009176,MED0308,Tripoli,Fashloum,2026-06-28 11:22:17
SR009177,MED0317,Tripoli,Hay Al-Andalus,2026-04-28 15:48:48
SR009178,MED0271,Tripoli,Souq Al Juma'a,2026-07-24 15:42:21
SR009179,MED0105,Benghazi,Al-Fuwayhat,2026-04-22 15:46:35
SR009180,MED0207,Zawiya,Al-Harsha,2026-06-14 04:06:30
SR009181,MED0015,Tripoli,Fashloum,2026-08-17 18:06:50
SR009182,MED0337,Tripoli,Abu Salim,2026-07-28 13:12:02
SR009183,MED0033,Zliten,Al-Qasabat,2026-07-11 17:23:52
SR009184,MED0142,Tripoli,Souq Al Juma'a,2026-05-22 11:58:50
SR009185,MED0497,Tripoli,Ain Zara,2026-08-06 17:48:50
SR009186,MED0015,Tripoli,Gargaresh,2026-05-29 04:58:17
SR009187,MED0320,Benghazi,Al-Sabri,2026-07-24 00:08:49
SR009188,MED0450,Tripoli,Souq Al Juma'a,2026-08-04 17:22:16
SR009189,MED0261,Misrata,Al-Ghiran,2026-06-16 04:35:50
SR009190,MED0120,Tripoli,Fashloum,2026-08-18 09:02:46
SR009191,MED0112,Benghazi,Al-Hadaeq,2026-04-17 03:03:32
SR009192,MED0486,Tripoli,Abu Salim,2026-07-30 11:48:57
SR009193,MED0156,Tripoli,Janzour,2026-05-26 05:00:28
SR009194,MED0464,Tripoli,Janzour,2026-06-11 00:08:40
SR009195,MED0300,Misrata,Al-Ghiran,2026-03-23 16:21:57
SR009196,MED0046,Misrata,Qasr Ahmad,2026-08-12 23:07:52
SR009197,MED0158,Tripoli,Janzour,2026-07-31 20:48:32
SR009198,MED0477,Tripoli,Ain Zara,2026-05-23 06:10:05
SR009199,MED0497,Tripoli,Janzour,2026-04-24 06:52:49
SR009200,MED0171,Tripoli,Souq Al Juma'a,2026-05-17 22:10:55
SR009201,MED0113,Tripoli,Abu Salim,2026-06-28 13:51:35
SR009202,MED0025,Tripoli,Abu Salim,2026-07-17 07:19:23
SR009203,MED0197,Tripoli,Tajoura,2026-07-07 17:14:02
SR009204,MED0476,Benghazi,Al-Berka,2026-04-07 10:12:16
SR009205,MED0204,Benghazi,Al-Hadaeq,2026-08-05 05:26:55
SR009206,MED0475,Tripoli,Janzour,2026-08-06 04:11:18
SR009207,MED0134,Tripoli,Tajoura,2026-07-26 10:24:24
SR009208,MED0018,Benghazi,Al-Selmani,2026-08-02 20:08:28
SR009209,MED0039,Tripoli,Abu Salim,2026-05-21 12:41:24
SR009210,MED0520,Tripoli,Fashloum,2026-03-18 01:56:20
SR009211,MED0495,Tripoli,Tajoura,2026-05-29 08:05:53
SR009212,MED0022,Tripoli,Hay Al-Andalus,2026-04-17 16:01:13
SR009213,MED0449,Zliten,Al-Qasabat,2026-07-08 00:37:21
SR009214,MED0099,Tripoli,Janzour,2026-06-09 20:40:19
SR009215,MED0445,Tripoli,Hay Al-Andalus,2026-08-01 19:57:48
SR009216,MED0212,Tripoli,Souq Al Juma'a,2026-07-26 16:54:43
SR009217,MED0365,Tripoli,Hay Al-Andalus,2026-04-27 10:56:40
SR009218,MED0060,Benghazi,Al-Fuwayhat,2026-05-01 10:07:46
SR009219,MED0054,Tripoli,Ain Zara,2026-04-23 09:56:24
SR009220,MED0061,Benghazi,Al-Selmani,2026-07-19 19:38:31
SR009221,MED0054,Tripoli,Gargaresh,2026-05-20 06:03:23
SR009222,MED0228,Misrata,Al-Ghiran,2026-04-13 00:42:47
SR009223,MED0449,Sabha,Al-Manshiya,2026-07-30 03:59:35
SR009224,MED0161,Tripoli,Fashloum,2026-06-15 20:07:24
SR009225,MED0162,Benghazi,Al-Berka,2026-06-13 16:19:53
SR009226,MED0486,Misrata,Qasr Ahmad,2026-07-24 19:27:20
SR009227,MED0136,Tripoli,Fashloum,2026-07-09 11:47:38
SR009228,MED0227,Sabha,Tayouri,2026-06-02 07:55:35
SR009229,MED0038,Sabha,Tayouri,2026-03-05 00:25:56
SR009230,MED0215,Tripoli,Abu Salim,2026-08-06 21:49:18
SR009231,MED0037,Benghazi,Al-Berka,2026-07-28 07:42:47
SR009232,MED0124,Misrata,Al-Ghiran,2026-06-14 01:42:33
SR009233,MED0513,Misrata,Qasr Ahmad,2026-06-03 22:31:49
SR009234,MED0116,Tripoli,Ain Zara,2026-06-06 22:46:58
SR009235,MED0226,Zliten,Souq Al-Thulatha,2026-05-14 07:37:09
SR009236,MED0042,Misrata,Al-Karareem,2026-04-04 16:24:51
SR009237,MED0095,Benghazi,Al-Fuwayhat,2026-07-24 15:17:43
SR009238,MED0160,Tripoli,Hay Al-Andalus,2026-06-22 21:31:31
SR009239,MED0272,Tripoli,Abu Salim,2026-08-08 03:07:41
SR009240,MED0074,Misrata,Qasr Ahmad,2026-03-02 14:28:35
SR009241,MED0256,Tripoli,Fashloum,2026-03-29 10:14:24
SR009242,MED0372,Misrata,Qasr Ahmad,2026-07-02 08:51:08
SR009243,MED0049,Tripoli,Abu Salim,2026-07-09 11:59:34
SR009244,MED0353,Tripoli,Gargaresh,2026-06-27 09:12:28
SR009245,MED0385,Tripoli,Janzour,2026-05-24 07:04:54
SR009246,MED0083,Tripoli,Gargaresh,2026-08-10 03:26:40
SR009247,MED0253,Misrata,Al-Ghiran,2026-05-24 09:36:33
SR009248,MED0302,Tripoli,Tajoura,2026-07-01 13:11:19
SR009249,MED0034,Tripoli,Souq Al Juma'a,2026-05-09 03:04:05
SR009250,MED0492,Tripoli,Janzour,2026-07-03 02:31:49
SR009251,MED0016,Tripoli,Hay Al-Andalus,2026-07-05 21:01:23
SR009252,MED0439,Benghazi,Al-Berka,2026-08-07 10:14:14
SR009253,MED0468,Benghazi,Al-Sabri,2026-04-22 03:48:49
SR009254,MED0055,Benghazi,Al-Selmani,2026-08-11 14:22:12
SR009255,MED0077,Misrata,Qasr Ahmad,2026-07-16 05:45:04
SR009256,MED0015,Benghazi,Al-Sabri,2026-06-22 14:02:07
SR009257,MED0308,Benghazi,Al-Berka,2026-06-04 05:11:41
SR009258,MED0286,Misrata,Al-Ghiran,2026-06-08 09:53:03
SR009259,MED0058,Sabha,Al-Dawwar,2026-06-27 16:01:07
SR009260,MED0286,Tripoli,Ain Zara,2026-03-11 16:18:34
SR009261,MED0064,Benghazi,Al-Sabri,2026-08-10 12:43:32
SR009262,MED0459,Tripoli,Tajoura,2026-04-21 23:02:51
SR009263,MED0230,Tripoli,Ain Zara,2026-06-25 20:29:58
SR009264,MED0298,Tripoli,Fashloum,2026-08-04 16:08:13
SR009265,MED0434,Tripoli,Janzour,2026-08-15 05:58:09
SR009266,MED0096,Tripoli,Fashloum,2026-08-01 20:43:37
SR009267,MED0293,Tripoli,Tajoura,2026-06-28 10:27:54
SR009268,MED0256,Tripoli,Fashloum,2026-06-24 10:36:30
SR009269,MED0358,Benghazi,Al-Sabri,2026-03-28 09:24:55
SR009270,MED0042,Zawiya,Al-Harsha,2026-06-10 07:02:50
SR009271,MED0008,Tripoli,Janzour,2026-08-08 13:32:53
SR009272,MED0263,Tripoli,Hay Al-Andalus,2026-05-04 22:10:23
SR009273,MED0297,Tripoli,Ain Zara,2026-07-04 00:03:00
SR009274,MED0064,Tripoli,Souq Al Juma'a,2026-05-28 10:36:48
SR009275,MED0054,Tripoli,Hay Al-Andalus,2026-06-08 05:49:47
SR009276,MED0180,Tripoli,Souq Al Juma'a,2026-05-01 18:33:44
SR009277,MED0397,Tripoli,Janzour,2026-06-02 20:20:31
SR009278,MED0409,Tripoli,Souq Al Juma'a,2026-01-20 16:55:03
SR009279,MED0445,Tripoli,Ain Zara,2026-04-25 03:07:24
SR009280,MED0434,Benghazi,Al-Fuwayhat,2026-06-22 20:07:21
SR009281,MED0453,Tripoli,Abu Salim,2026-08-05 16:29:50
SR009282,MED0369,Tripoli,Ain Zara,2026-08-02 22:44:06
SR009283,MED0219,Benghazi,Al-Sabri,2026-05-21 00:31:08
SR009284,MED0020,Benghazi,Al-Selmani,2026-02-23 19:28:37
SR009285,MED0297,Tripoli,Hay Al-Andalus,2026-08-06 19:38:50
SR009286,MED0373,Benghazi,Al-Hadaeq,2026-08-04 21:26:08
SR009287,MED0209,Zawiya,Al-Harsha,2026-06-22 23:09:44
SR009288,MED0333,Tripoli,Fashloum,2026-08-06 21:49:06
SR009289,MED0460,Zawiya,Al-Harsha,2026-06-10 07:18:45
SR009290,MED0057,Tripoli,Souq Al Juma'a,2026-06-18 07:28:33
SR009291,MED0273,Benghazi,Al-Selmani,2026-07-13 03:40:43
SR009292,MED0304,Tripoli,Hay Al-Andalus,2026-08-03 22:05:31
SR009293,MED0438,Benghazi,Al-Sabri,2026-08-11 01:09:01
SR009294,MED0227,Misrata,Al-Karareem,2026-08-09 15:01:04
SR009295,MED0323,Zawiya,Bir Al-Ghanam,2026-07-09 02:49:49
SR009296,MED0031,Sabha,Al-Manshiya,2026-07-06 09:48:32
SR009297,MED0214,Zliten,Al-Qasabat,2026-04-05 21:36:23
SR009298,MED0299,Tripoli,Tajoura,2026-05-04 16:36:43
SR009299,MED0154,Misrata,Zawiyat Al-Mahjoub,2026-05-20 09:31:19
SR009300,MED0202,Tripoli,Ain Zara,2026-06-17 20:12:34
SR009301,MED0384,Tripoli,Abu Salim,2026-04-22 12:01:37
SR009302,MED0258,Tripoli,Tajoura,2026-03-22 23:44:23
SR009303,MED0258,Misrata,Zawiyat Al-Mahjoub,2026-04-23 01:23:22
SR009304,MED0178,Tripoli,Tajoura,2026-07-12 02:58:46
SR009305,MED0299,Benghazi,Al-Berka,2026-08-16 02:02:00
SR009306,MED0223,Sabha,Al-Dawwar,2026-07-20 22:13:57
SR009307,MED0438,Tripoli,Tajoura,2026-03-19 18:27:00
SR009308,MED0230,Benghazi,Al-Fuwayhat,2026-08-06 21:11:45
SR009309,MED0433,Tripoli,Janzour,2026-05-02 18:35:46
SR009310,MED0278,Benghazi,Al-Hadaeq,2026-07-08 01:49:44
SR009311,MED0005,Zliten,Al-Qasabat,2026-08-18 00:20:13
SR009312,MED0035,Zliten,Souq Al-Thulatha,2026-07-19 08:56:57
SR009313,MED0057,Tripoli,Fashloum,2026-06-08 03:09:31
SR009314,MED0369,Tripoli,Souq Al Juma'a,2026-08-14 00:10:40
SR009315,MED0198,Tripoli,Ain Zara,2026-08-15 06:19:33
SR009316,MED0485,Tripoli,Abu Salim,2026-08-09 10:10:42
SR009317,MED0474,Tripoli,Ain Zara,2026-03-26 07:27:22
SR009318,MED0248,Tripoli,Abu Salim,2026-06-23 08:32:29
SR009319,MED0517,Benghazi,Al-Hadaeq,2026-05-19 13:15:24
SR009320,MED0495,Tripoli,Hay Al-Andalus,2026-04-26 13:08:14
SR009321,MED0054,Tripoli,Tajoura,2026-06-23 06:19:41
SR009322,MED0230,Tripoli,Ain Zara,2026-05-14 09:18:26
SR009323,MED0025,Sabha,Al-Dawwar,2026-06-21 05:54:38
SR009324,MED0306,Tripoli,Ain Zara,2026-06-22 08:44:54
SR009325,MED0437,Tripoli,Fashloum,2026-07-17 13:12:04
SR009326,MED0086,Tripoli,Tajoura,2026-05-14 12:43:55
SR009327,MED0271,Tripoli,Souq Al Juma'a,2026-07-30 02:56:02
SR009328,MED0084,Misrata,Al-Karareem,2026-06-22 21:33:04
SR009329,MED0430,Tripoli,Janzour,2026-07-21 13:28:15
SR009330,MED0238,Zawiya,Al-Harsha,2026-07-06 01:49:21
SR009331,MED0117,Benghazi,Al-Sabri,2026-08-11 09:14:53
SR009332,MED0063,Benghazi,Al-Selmani,2026-08-17 11:47:12
SR009333,MED0190,Tripoli,Souq Al Juma'a,2026-06-16 06:41:05
SR009334,MED0051,Tripoli,Ain Zara,2026-05-24 09:05:59
SR009335,MED0060,Tripoli,Ain Zara,2026-05-08 04:24:13
SR009336,MED0364,Tripoli,Ain Zara,2026-08-12 10:26:18
SR009337,MED0233,Tripoli,Fashloum,2026-05-19 00:24:13
SR009338,MED0482,Benghazi,Al-Selmani,2026-07-28 01:17:01
SR009339,MED0495,Zawiya,Al-Mashtal,2026-08-08 07:46:51
SR009340,MED0020,Tripoli,Tajoura,2026-03-30 00:06:10
SR009341,MED0125,Tripoli,Abu Salim,2026-03-22 21:03:22
SR009342,MED0414,Tripoli,Ain Zara,2026-04-30 10:03:56
SR009343,MED0031,Tripoli,Tajoura,2026-07-19 23:53:14
SR009344,MED0275,Tripoli,Ain Zara,2026-08-03 16:12:50
SR009345,MED0042,Tripoli,Gargaresh,2026-06-06 04:32:18
SR009346,MED0006,Benghazi,Al-Berka,2026-07-03 13:45:30
SR009347,MED0369,Tripoli,Souq Al Juma'a,2026-07-12 16:49:54
SR009348,MED0404,Sabha,Tayouri,2026-06-20 18:14:39
SR009349,MED0362,Tripoli,Janzour,2026-08-08 23:15:30
SR009350,MED0235,Tripoli,Hay Al-Andalus,2026-07-18 07:39:59
SR009351,MED0097,Tripoli,Abu Salim,2026-06-15 22:48:25
SR009352,MED0475,Tripoli,Ain Zara,2026-05-29 21:41:22
SR009353,MED0332,Tripoli,Gargaresh,2026-05-18 19:08:34
SR009354,MED0444,Benghazi,Al-Hadaeq,2026-03-19 07:40:09
SR009355,MED0323,Misrata,Al-Karareem,2026-06-29 15:15:42
SR009356,MED0248,Zawiya,Al-Harsha,2026-07-20 19:03:55
SR009357,MED0398,Misrata,Qasr Ahmad,2026-03-11 14:48:06
SR009358,MED0457,Zawiya,Al-Harsha,2026-06-10 21:01:04
SR009359,MED0237,Tripoli,Fashloum,2026-06-24 01:20:20
SR009360,MED0410,Tripoli,Hay Al-Andalus,2026-08-15 23:43:42
SR009361,MED0157,Misrata,Al-Ghiran,2026-04-22 10:16:47
SR009362,MED0455,Tripoli,Ain Zara,2026-07-11 10:52:00
SR009363,MED0225,Tripoli,Souq Al Juma'a,2026-08-12 09:13:15
SR009364,MED0486,Tripoli,Abu Salim,2026-04-13 20:39:21
SR009365,MED0233,Benghazi,Al-Selmani,2026-05-28 10:28:21
SR009366,MED0360,Tripoli,Ain Zara,2026-05-30 16:01:11
SR009367,MED0271,Tripoli,Gargaresh,2026-07-27 04:41:39
SR009368,MED0177,Benghazi,Al-Fuwayhat,2026-08-08 19:25:30
SR009369,MED0020,Tripoli,Gargaresh,2026-04-07 03:01:24
SR009370,MED0449,Tripoli,Janzour,2026-05-30 22:59:52
SR009371,MED0056,Misrata,Qasr Ahmad,2026-04-03 13:26:31
SR009372,MED0222,Tripoli,Tajoura,2026-04-13 14:26:22
SR009373,MED0489,Tripoli,Hay Al-Andalus,2026-06-14 02:47:26
SR009374,MED0207,Benghazi,Al-Hadaeq,2026-07-13 22:02:41
SR009375,MED0116,Misrata,Qasr Ahmad,2026-03-25 11:07:54
SR009376,MED0236,Zawiya,Al-Mashtal,2026-04-27 19:57:22
SR009377,MED0174,Tripoli,Souq Al Juma'a,2026-06-11 01:27:04
SR009378,MED0047,Misrata,Al-Ghiran,2026-04-21 10:27:44
SR009379,MED0138,Tripoli,Ain Zara,2026-05-19 11:47:16
SR009380,MED0470,Tripoli,Fashloum,2026-07-09 19:35:57
SR009381,MED0380,Tripoli,Janzour,2026-06-17 02:34:45
SR009382,MED0155,Tripoli,Souq Al Juma'a,2026-05-25 12:08:24
SR009383,MED0352,Tripoli,Ain Zara,2026-07-21 20:50:09
SR009384,MED0074,Misrata,Zawiyat Al-Mahjoub,2026-06-20 07:06:15
SR009385,MED0186,Tripoli,Ain Zara,2026-06-21 15:23:36
SR009386,MED0472,Benghazi,Al-Selmani,2026-05-22 10:54:18
SR009387,MED0173,Tripoli,Gargaresh,2026-07-19 22:49:09
SR009388,MED0493,Benghazi,Al-Berka,2026-05-25 14:13:49
SR009389,MED0043,Tripoli,Abu Salim,2026-06-05 13:59:41
SR009390,MED0388,Tripoli,Janzour,2026-06-19 04:04:51
SR009391,MED0020,Zliten,Al-Qasabat,2026-07-28 09:03:24
SR009392,MED0149,Tripoli,Abu Salim,2026-05-27 19:38:23
SR009393,MED0270,Tripoli,Souq Al Juma'a,2026-07-14 02:55:53
SR009394,MED0284,Misrata,Qasr Ahmad,2026-06-13 09:25:01
SR009395,MED0500,Zawiya,Bir Al-Ghanam,2026-06-09 14:33:09
SR009396,MED0378,Tripoli,Fashloum,2026-05-16 01:41:45
SR009397,MED0466,Tripoli,Gargaresh,2026-07-29 02:16:18
SR009398,MED0105,Tripoli,Abu Salim,2026-05-24 13:16:21
SR009399,MED0356,Benghazi,Al-Hadaeq,2026-07-19 15:30:21
SR009400,MED0397,Tripoli,Abu Salim,2026-08-06 21:02:39
SR009401,MED0248,Benghazi,Al-Hadaeq,2026-04-27 02:41:01
SR009402,MED0258,Zawiya,Al-Harsha,2026-07-19 20:02:30
SR009403,MED0416,Tripoli,Ain Zara,2026-07-17 19:04:29
SR009404,MED0131,Tripoli,Janzour,2026-07-24 05:39:28
SR009405,MED0104,Benghazi,Al-Fuwayhat,2026-08-15 16:48:47
SR009406,MED0194,Zliten,Souq Al-Thulatha,2026-08-13 17:56:14
SR009407,MED0484,Misrata,Qasr Ahmad,2026-08-04 18:25:06
SR009408,MED0237,Tripoli,Gargaresh,2026-07-07 18:38:43
SR009409,MED0246,Tripoli,Fashloum,2026-07-18 05:01:32
SR009410,MED0291,Misrata,Al-Karareem,2026-05-14 11:26:30
SR009411,MED0187,Tripoli,Souq Al Juma'a,2026-06-28 15:55:19
SR009412,MED0064,Benghazi,Al-Berka,2026-08-07 11:29:35
SR009413,MED0032,Tripoli,Souq Al Juma'a,2026-05-17 11:39:42
SR009414,MED0256,Tripoli,Janzour,2026-05-25 20:28:47
SR009415,MED0442,Tripoli,Fashloum,2026-06-13 00:34:47
SR009416,MED0285,Tripoli,Souq Al Juma'a,2026-04-14 02:47:17
SR009417,MED0186,Misrata,Al-Karareem,2026-08-02 05:16:59
SR009418,MED0049,Tripoli,Hay Al-Andalus,2026-07-15 03:26:30
SR009419,MED0162,Sabha,Tayouri,2026-07-11 23:18:11
SR009420,MED0170,Tripoli,Souq Al Juma'a,2026-07-31 13:36:55
SR009421,MED0050,Zliten,Al-Qasabat,2026-08-02 23:24:23
SR009422,MED0142,Tripoli,Hay Al-Andalus,2026-06-28 14:28:48
SR009423,MED0284,Tripoli,Janzour,2026-06-21 00:48:42
SR009424,MED0017,Misrata,Zawiyat Al-Mahjoub,2026-05-12 00:15:43
SR009425,MED0381,Zawiya,Al-Harsha,2026-06-21 00:58:45
SR009426,MED0201,Benghazi,Al-Berka,2026-05-21 04:41:12
SR009427,MED0130,Tripoli,Hay Al-Andalus,2026-06-23 11:43:20
SR009428,MED0405,Tripoli,Abu Salim,2026-08-02 16:50:15
SR009429,MED0388,Sabha,Al-Dawwar,2026-07-07 14:14:24
SR009430,MED0500,Tripoli,Souq Al Juma'a,2026-04-30 20:20:31
SR009431,MED0237,Tripoli,Souq Al Juma'a,2026-04-13 21:37:19
SR009432,MED0365,Tripoli,Janzour,2026-04-18 01:05:58
SR009433,MED0237,Misrata,Al-Karareem,2026-08-01 06:16:30
SR009434,MED0030,Tripoli,Janzour,2026-06-25 22:47:58
SR009435,MED0158,Benghazi,Al-Hadaeq,2026-03-29 00:00:03
SR009436,MED0116,Benghazi,Al-Sabri,2026-02-13 21:48:58
SR009437,MED0198,Zawiya,Al-Mashtal,2026-06-28 03:05:58
SR009438,MED0005,Tripoli,Abu Salim,2026-06-12 11:48:25
SR009439,MED0143,Zawiya,Al-Harsha,2026-04-29 17:21:17
SR009440,MED0227,Benghazi,Al-Berka,2026-07-18 20:26:26
SR009441,MED0233,Tripoli,Janzour,2026-07-17 19:27:24
SR009442,MED0194,Benghazi,Al-Selmani,2026-08-03 08:52:00
SR009443,MED0211,Tripoli,Ain Zara,2026-06-05 09:24:37
SR009444,MED0366,Tripoli,Ain Zara,2026-05-14 03:49:12
SR009445,MED0347,Tripoli,Gargaresh,2026-06-16 23:11:05
SR009446,MED0318,Tripoli,Tajoura,2026-05-01 17:02:46
SR009447,MED0232,Benghazi,Al-Sabri,2026-07-31 21:13:08
SR009448,MED0297,Misrata,Qasr Ahmad,2026-06-02 14:46:52
SR009449,MED0489,Benghazi,Al-Berka,2026-04-19 08:13:44
SR009450,MED0394,Benghazi,Al-Selmani,2026-08-18 02:22:19
SR009451,MED0289,Tripoli,Fashloum,2026-07-09 23:32:13
SR009452,MED0438,Tripoli,Gargaresh,2026-07-05 17:27:48
SR009453,MED0358,Tripoli,Hay Al-Andalus,2026-05-28 17:36:22
SR009454,MED0413,Benghazi,Al-Sabri,2026-07-05 22:16:56
SR009455,MED0194,Tripoli,Abu Salim,2026-06-02 18:11:19
SR009456,MED0006,Tripoli,Gargaresh,2026-06-27 13:24:26
SR009457,MED0156,Tripoli,Ain Zara,2026-05-07 04:47:13
SR009458,MED0370,Tripoli,Hay Al-Andalus,2026-06-21 05:29:28
SR009459,MED0363,Tripoli,Gargaresh,2026-08-15 01:18:59
SR009460,MED0300,Benghazi,Al-Fuwayhat,2026-07-02 18:09:07
SR009461,MED0010,Tripoli,Hay Al-Andalus,2026-05-16 17:04:15
SR009462,MED0430,Tripoli,Ain Zara,2026-04-28 09:13:03
SR009463,MED0263,Tripoli,Tajoura,2026-05-06 01:35:29
SR009464,MED0468,Tripoli,Hay Al-Andalus,2026-07-19 23:34:11
SR009465,MED0161,Tripoli,Janzour,2026-07-04 01:21:33
SR009466,MED0472,Benghazi,Al-Berka,2026-06-21 13:18:32
SR009467,MED0235,Tripoli,Gargaresh,2026-05-22 02:04:09
SR009468,MED0498,Benghazi,Al-Sabri,2026-07-07 13:43:33
SR009469,MED0124,Tripoli,Ain Zara,2026-05-07 21:11:11
SR009470,MED0282,Misrata,Al-Karareem,2026-07-24 16:10:33
SR009471,MED0158,Tripoli,Fashloum,2026-07-31 03:43:57
SR009472,MED0369,Tripoli,Ain Zara,2026-07-01 16:05:22
SR009473,MED0281,Misrata,Qasr Ahmad,2026-05-12 19:39:34
SR009474,MED0173,Tripoli,Abu Salim,2026-07-06 14:17:10
SR009475,MED0422,Tripoli,Gargaresh,2026-08-10 16:19:19
SR009476,MED0402,Benghazi,Al-Hadaeq,2026-07-17 16:07:25
SR009477,MED0229,Tripoli,Tajoura,2026-03-05 22:03:38
SR009478,MED0427,Zliten,Al-Qasabat,2026-05-09 06:34:02
SR009479,MED0382,Tripoli,Tajoura,2026-08-06 02:55:44
SR009480,MED0464,Tripoli,Hay Al-Andalus,2026-07-08 03:18:45
SR009481,MED0416,Misrata,Al-Karareem,2026-07-29 18:33:14
SR009482,MED0115,Tripoli,Fashloum,2026-06-01 02:33:34
SR009483,MED0094,Misrata,Al-Ghiran,2026-08-10 01:03:01
SR009484,MED0495,Benghazi,Al-Hadaeq,2026-05-05 06:16:35
SR009485,MED0049,Benghazi,Al-Hadaeq,2026-03-15 13:33:14
SR009486,MED0016,Benghazi,Al-Sabri,2026-06-01 10:13:48
SR009487,MED0151,Tripoli,Hay Al-Andalus,2026-07-09 10:52:59
SR009488,MED0188,Zliten,Souq Al-Thulatha,2026-08-04 11:55:01
SR009489,MED0356,Misrata,Al-Ghiran,2026-08-07 11:37:57
SR009490,MED0302,Benghazi,Al-Hadaeq,2026-06-17 07:44:33
SR009491,MED0095,Tripoli,Gargaresh,2026-06-28 21:57:38
SR009492,MED0409,Misrata,Al-Ghiran,2026-06-18 16:48:49
SR009493,MED0381,Tripoli,Gargaresh,2026-06-22 15:16:30
SR009494,MED0235,Tripoli,Souq Al Juma'a,2026-06-27 23:44:13
SR009495,MED0161,Tripoli,Fashloum,2026-06-27 05:48:11
SR009496,MED0213,Tripoli,Ain Zara,2026-05-10 14:36:41
SR009497,MED0517,Tripoli,Souq Al Juma'a,2026-07-16 00:50:41
SR009498,MED0483,Tripoli,Gargaresh,2026-07-02 10:58:37
SR009499,MED0357,Tripoli,Abu Salim,2026-04-11 22:53:01
SR009500,MED0196,Tripoli,Fashloum,2026-05-31 21:39:19
SR009501,MED0513,Tripoli,Hay Al-Andalus,2026-07-18 01:10:39
SR009502,MED0144,Tripoli,Gargaresh,2026-04-10 23:12:14
SR009503,MED0301,Zawiya,Bir Al-Ghanam,2026-07-14 05:34:17
SR009504,MED0313,Benghazi,Al-Sabri,2026-05-04 22:59:16
SR009505,MED0499,Zliten,Souq Al-Thulatha,2026-04-19 11:16:47
SR009506,MED0154,Tripoli,Fashloum,2026-04-21 17:29:05
SR009507,MED0456,Zawiya,Al-Mashtal,2026-06-02 16:34:30
SR009508,MED0399,Benghazi,Al-Hadaeq,2026-07-17 05:24:16
SR009509,MED0072,Tripoli,Fashloum,2026-05-28 06:58:31
SR009510,MED0018,Misrata,Al-Karareem,2026-06-22 23:20:56
SR009511,MED0141,Tripoli,Fashloum,2026-07-27 01:09:39
SR009512,MED0122,Tripoli,Gargaresh,2026-06-30 02:06:42
SR009513,MED0329,Tripoli,Abu Salim,2026-07-23 14:38:31
SR009514,MED0320,Misrata,Al-Ghiran,2026-06-25 22:51:37
SR009515,MED0147,Tripoli,Hay Al-Andalus,2026-05-30 22:31:46
SR009516,MED0131,Tripoli,Tajoura,2026-04-16 00:06:25
SR009517,MED0030,Misrata,Al-Ghiran,2026-04-01 21:13:33
SR009518,MED0018,Tripoli,Hay Al-Andalus,2026-07-04 05:32:17
SR009519,MED0435,Tripoli,Tajoura,2026-03-10 19:53:34
SR009520,MED0015,Tripoli,Gargaresh,2026-05-23 11:52:41
SR009521,MED0110,Tripoli,Hay Al-Andalus,2026-07-09 23:17:15
SR009522,MED0429,Tripoli,Ain Zara,2026-08-06 05:17:51
SR009523,MED0003,Tripoli,Tajoura,2026-08-02 01:28:41
SR009524,MED0333,Tripoli,Gargaresh,2026-08-05 01:57:40
SR009525,MED0513,Tripoli,Tajoura,2026-08-05 21:02:48
SR009526,MED0255,Misrata,Al-Karareem,2026-05-24 14:20:28
SR009527,MED0030,Tripoli,Fashloum,2026-08-19 12:54:10
SR009528,MED0087,Tripoli,Ain Zara,2026-05-10 23:56:45
SR009529,MED0059,Tripoli,Souq Al Juma'a,2026-05-19 20:33:39
SR009530,MED0356,Benghazi,Al-Sabri,2026-04-30 08:50:49
SR009531,MED0128,Tripoli,Tajoura,2026-08-01 10:47:15
SR009532,MED0291,Misrata,Al-Karareem,2026-06-05 14:30:42
SR009533,MED0054,Tripoli,Souq Al Juma'a,2026-06-16 18:51:58
SR009534,MED0429,Zawiya,Al-Mashtal,2026-07-25 19:14:45
SR009535,MED0063,Benghazi,Al-Sabri,2026-02-22 14:34:34
SR009536,MED0368,Tripoli,Abu Salim,2026-07-06 20:03:37
SR009537,MED0488,Tripoli,Janzour,2026-07-27 19:58:58
SR009538,MED0434,Tripoli,Abu Salim,2026-07-26 09:32:42
SR009539,MED0237,Tripoli,Abu Salim,2026-04-18 21:46:46
SR009540,MED0331,Benghazi,Al-Sabri,2026-06-08 20:13:25
SR009541,MED0431,Zliten,Al-Qasabat,2026-07-21 08:54:29
SR009542,MED0282,Benghazi,Al-Berka,2026-08-17 11:13:59
SR009543,MED0517,Benghazi,Al-Berka,2026-07-30 12:17:07
SR009544,MED0373,Tripoli,Tajoura,2026-06-25 22:11:34
SR009545,MED0190,Tripoli,Tajoura,2026-04-12 11:58:33
SR009546,MED0008,Tripoli,Souq Al Juma'a,2026-02-28 11:12:25
SR009547,MED0439,Benghazi,Al-Selmani,2026-08-11 20:39:51
SR009548,MED0227,Misrata,Al-Ghiran,2026-05-10 08:47:08
SR009549,MED0257,Sabha,Al-Manshiya,2026-07-11 03:11:28
SR009550,MED0196,Tripoli,Janzour,2026-02-27 01:34:53
SR009551,MED0164,Tripoli,Tajoura,2026-08-19 01:32:09
SR009552,MED0477,Misrata,Al-Karareem,2026-08-12 11:19:32
SR009553,MED0495,Tripoli,Hay Al-Andalus,2026-06-28 07:32:01
SR009554,MED0463,Tripoli,Janzour,2026-04-28 14:10:49
SR009555,MED0007,Tripoli,Souq Al Juma'a,2026-07-03 05:04:04
SR009556,MED0019,Tripoli,Ain Zara,2026-08-17 05:57:39
SR009557,MED0127,Zawiya,Bir Al-Ghanam,2026-06-22 03:10:33
SR009558,MED0438,Tripoli,Tajoura,2026-07-22 10:41:31
SR009559,MED0151,Tripoli,Gargaresh,2026-05-03 03:31:44
SR009560,MED0459,Tripoli,Gargaresh,2026-07-01 11:28:47
SR009561,MED0365,Tripoli,Ain Zara,2026-08-10 01:54:14
SR009562,MED0320,Zliten,Souq Al-Thulatha,2026-08-15 03:21:11
SR009563,MED0302,Sabha,Al-Manshiya,2026-08-01 14:21:25
SR009564,MED0373,Zawiya,Al-Harsha,2026-07-17 20:29:22
SR009565,MED0437,Tripoli,Fashloum,2026-07-25 09:32:45
SR009566,MED0365,Tripoli,Souq Al Juma'a,2026-06-27 04:47:29
SR009567,MED0008,Tripoli,Fashloum,2026-06-17 22:19:23
SR009568,MED0486,Tripoli,Fashloum,2026-07-22 01:50:33
SR009569,MED0098,Benghazi,Al-Fuwayhat,2026-05-11 08:56:20
SR009570,MED0488,Benghazi,Al-Sabri,2026-07-16 22:27:59
SR009571,MED0472,Misrata,Al-Karareem,2026-07-26 12:53:11
SR009572,MED0412,Benghazi,Al-Hadaeq,2026-08-12 14:46:11
SR009573,MED0251,Misrata,Al-Karareem,2026-05-18 20:31:44
SR009574,MED0302,Tripoli,Tajoura,2026-06-30 23:45:48
SR009575,MED0058,Tripoli,Abu Salim,2026-08-13 22:18:39
SR009576,MED0309,Tripoli,Fashloum,2026-08-06 20:14:03
SR009577,MED0376,Benghazi,Al-Sabri,2026-06-02 12:44:24
SR009578,MED0258,Tripoli,Hay Al-Andalus,2026-08-07 22:02:32
SR009579,MED0358,Tripoli,Souq Al Juma'a,2026-03-08 00:17:22
SR009580,MED0075,Benghazi,Al-Hadaeq,2026-07-30 08:26:21
SR009581,MED0497,Misrata,Qasr Ahmad,2026-07-05 08:20:11
SR009582,MED0059,Sabha,Tayouri,2026-08-10 10:56:08
SR009583,MED0145,Benghazi,Al-Hadaeq,2026-05-22 02:29:02
SR009584,MED0179,Tripoli,Janzour,2026-02-13 19:08:14
SR009585,MED0376,Misrata,Al-Karareem,2026-06-28 07:54:12
SR009586,MED0418,Zliten,Souq Al-Thulatha,2026-05-18 10:13:29
SR009587,MED0431,Tripoli,Tajoura,2026-05-10 22:23:06
SR009588,MED0065,Benghazi,Al-Berka,2026-07-30 11:49:14
SR009589,MED0174,Tripoli,Fashloum,2026-06-01 01:32:54
SR009590,MED0160,Tripoli,Abu Salim,2026-07-17 07:17:46
SR009591,MED0158,Tripoli,Ain Zara,2026-04-14 20:29:02
SR009592,MED0439,Tripoli,Souq Al Juma'a,2026-06-14 10:24:53
SR009593,MED0498,Zliten,Al-Qasabat,2026-04-21 09:14:52
SR009594,MED0392,Tripoli,Ain Zara,2026-05-30 04:55:49
SR009595,MED0355,Benghazi,Al-Berka,2026-05-12 07:03:45
SR009596,MED0425,Benghazi,Al-Fuwayhat,2026-08-03 22:00:40
SR009597,MED0016,Tripoli,Hay Al-Andalus,2026-07-15 12:49:20
SR009598,MED0366,Tripoli,Souq Al Juma'a,2026-07-01 07:27:15
SR009599,MED0372,Tripoli,Fashloum,2026-07-08 13:59:18
SR009600,MED0491,Zliten,Al-Qasabat,2026-06-05 03:22:53
SR009601,MED0442,Tripoli,Janzour,2026-05-27 14:11:09
SR009602,MED0456,Tripoli,Hay Al-Andalus,2026-05-25 00:52:13
SR009603,MED0349,Tripoli,Ain Zara,2026-06-17 00:49:02
SR009604,MED0010,Tripoli,Souq Al Juma'a,2026-06-28 13:39:31
SR009605,MED0135,Tripoli,Hay Al-Andalus,2026-04-13 14:37:32
SR009606,MED0412,Tripoli,Abu Salim,2026-07-09 12:57:47
SR009607,MED0512,Tripoli,Abu Salim,2026-04-19 02:54:23
SR009608,MED0151,Tripoli,Abu Salim,2026-04-25 02:34:10
SR009609,MED0053,Benghazi,Al-Fuwayhat,2026-07-21 15:21:36
SR009610,MED0046,Tripoli,Ain Zara,2026-06-11 11:16:05
SR009611,MED0380,Misrata,Qasr Ahmad,2026-06-16 08:23:37
SR009612,MED0114,Tripoli,Abu Salim,2026-08-10 19:47:30
SR009613,MED0488,Misrata,Qasr Ahmad,2026-07-31 22:41:43
SR009614,MED0053,Tripoli,Janzour,2026-05-28 10:33:29
SR009615,MED0020,Tripoli,Ain Zara,2026-07-11 15:39:29
SR009616,MED0104,Benghazi,Al-Sabri,2026-06-26 04:23:44
SR009617,MED0247,Tripoli,Ain Zara,2026-05-28 10:16:59
SR009618,MED0082,Tripoli,Tajoura,2026-07-16 18:44:04
SR009619,MED0299,Benghazi,Al-Selmani,2026-05-20 09:19:00
SR009620,MED0014,Sabha,Tayouri,2026-03-02 18:34:31
SR009621,MED0013,Tripoli,Souq Al Juma'a,2026-08-16 21:28:13
SR009622,MED0021,Tripoli,Tajoura,2026-07-10 16:35:31
SR009623,MED0171,Benghazi,Al-Berka,2026-08-16 21:05:06
SR009624,MED0232,Tripoli,Janzour,2026-08-13 16:09:48
SR009625,MED0208,Benghazi,Al-Fuwayhat,2026-07-08 03:42:39
SR009626,MED0302,Benghazi,Al-Hadaeq,2026-08-12 13:26:47
SR009627,MED0314,Tripoli,Abu Salim,2026-04-28 07:44:17
SR009628,MED0041,Benghazi,Al-Sabri,2026-05-30 09:03:50
SR009629,MED0199,Tripoli,Tajoura,2026-07-01 14:02:28
SR009630,MED0127,Tripoli,Hay Al-Andalus,2026-05-21 01:34:38
SR009631,MED0084,Tripoli,Tajoura,2026-08-15 01:28:41
SR009632,MED0127,Benghazi,Al-Fuwayhat,2026-06-28 11:09:31
SR009633,MED0123,Tripoli,Gargaresh,2026-05-27 07:27:39
SR009634,MED0227,Tripoli,Abu Salim,2026-05-26 18:41:15
SR009635,MED0517,Tripoli,Gargaresh,2026-03-20 00:53:05
SR009636,MED0241,Benghazi,Al-Selmani,2026-07-05 06:56:42
SR009637,MED0115,Tripoli,Abu Salim,2026-08-11 20:46:18
SR009638,MED0350,Misrata,Al-Karareem,2026-08-19 23:32:15
SR009639,MED0241,Tripoli,Fashloum,2026-07-08 17:12:50
SR009640,MED0103,Benghazi,Al-Sabri,2026-06-24 08:19:32
SR009641,MED0024,Tripoli,Ain Zara,2026-07-15 19:52:59
SR009642,MED0417,Misrata,Al-Karareem,2026-05-18 08:49:01
SR009643,MED0247,Tripoli,Abu Salim,2026-05-26 11:25:32
SR009644,MED0112,Tripoli,Fashloum,2026-04-14 00:02:53
SR009645,MED0305,Benghazi,Al-Berka,2026-06-23 19:09:45
SR009646,MED0243,Tripoli,Fashloum,2026-08-09 20:20:45
SR009647,MED0255,Tripoli,Fashloum,2026-07-04 20:18:11
SR009648,MED0446,Tripoli,Hay Al-Andalus,2026-05-22 02:32:54
SR009649,MED0101,Benghazi,Al-Hadaeq,2026-07-31 06:37:17
SR009650,MED0056,Benghazi,Al-Sabri,2026-08-16 09:47:23
SR009651,MED0229,Tripoli,Abu Salim,2026-07-09 14:30:32
SR009652,MED0299,Tripoli,Ain Zara,2026-07-09 06:58:34
SR009653,MED0475,Misrata,Zawiyat Al-Mahjoub,2026-08-20 12:34:46
SR009654,MED0454,Benghazi,Al-Berka,2026-04-19 08:40:48
SR009655,MED0316,Tripoli,Hay Al-Andalus,2026-07-13 21:18:53
SR009656,MED0117,Sabha,Al-Dawwar,2026-07-06 14:33:56
SR009657,MED0241,Misrata,Al-Ghiran,2026-03-18 14:55:29
SR009658,MED0259,Tripoli,Souq Al Juma'a,2026-07-29 17:27:01
SR009659,MED0413,Benghazi,Al-Fuwayhat,2026-06-14 04:05:27
SR009660,MED0347,Tripoli,Fashloum,2026-07-08 07:33:49
SR009661,MED0353,Tripoli,Abu Salim,2026-07-24 08:15:54
SR009662,MED0319,Tripoli,Janzour,2026-07-20 07:21:19
SR009663,MED0289,Tripoli,Fashloum,2026-07-03 19:27:45
SR009664,MED0271,Tripoli,Gargaresh,2026-05-18 16:18:05
SR009665,MED0416,Tripoli,Gargaresh,2026-07-14 01:35:37
SR009666,MED0104,Tripoli,Ain Zara,2026-07-16 13:52:56
SR009667,MED0111,Tripoli,Gargaresh,2026-04-01 14:42:44
SR009668,MED0519,Tripoli,Ain Zara,2026-04-09 12:46:45
SR009669,MED0158,Benghazi,Al-Sabri,2026-06-28 15:17:01
SR009670,MED0399,Tripoli,Souq Al Juma'a,2026-07-09 14:28:41
SR009671,MED0178,Tripoli,Fashloum,2026-05-12 10:34:49
SR009672,MED0244,Sabha,Al-Manshiya,2026-03-03 07:17:22
SR009673,MED0486,Benghazi,Al-Selmani,2026-06-08 22:08:12
SR009674,MED0033,Misrata,Al-Ghiran,2026-05-09 23:51:48
SR009675,MED0104,Tripoli,Gargaresh,2026-08-06 10:11:39
SR009676,MED0060,Tripoli,Tajoura,2026-06-09 07:00:27
SR009677,MED0130,Tripoli,Fashloum,2026-05-06 02:21:49
SR009678,MED0039,Tripoli,Souq Al Juma'a,2026-04-12 08:42:50
SR009679,MED0255,Tripoli,Tajoura,2026-07-08 19:32:23
SR009680,MED0190,Zawiya,Bir Al-Ghanam,2026-07-06 18:10:34
SR009681,MED0348,Tripoli,Ain Zara,2026-07-22 17:28:39
SR009682,MED0238,Tripoli,Souq Al Juma'a,2026-06-06 03:21:54
SR009683,MED0339,Tripoli,Hay Al-Andalus,2026-06-18 20:19:17
SR009684,MED0444,Benghazi,Al-Hadaeq,2026-02-08 01:59:08
SR009685,MED0426,Tripoli,Ain Zara,2026-07-19 00:59:39
SR009686,MED0146,Benghazi,Al-Sabri,2026-03-24 21:47:36
SR009687,MED0192,Sabha,Al-Dawwar,2026-06-26 07:40:31
SR009688,MED0486,Zawiya,Bir Al-Ghanam,2026-05-24 03:48:19
SR009689,MED0284,Tripoli,Tajoura,2026-08-10 04:40:38
SR009690,MED0141,Sabha,Tayouri,2026-07-01 11:09:13
SR009691,MED0237,Tripoli,Souq Al Juma'a,2026-07-26 06:14:53
SR009692,MED0238,Tripoli,Ain Zara,2026-08-10 11:18:39
SR009693,MED0485,Tripoli,Hay Al-Andalus,2026-06-08 07:53:24
SR009694,MED0064,Tripoli,Tajoura,2026-08-08 09:58:45
SR009695,MED0474,Tripoli,Abu Salim,2026-07-26 10:11:32
SR009696,MED0469,Tripoli,Gargaresh,2026-07-24 16:43:55
SR009697,MED0007,Tripoli,Janzour,2026-08-15 15:10:27
SR009698,MED0480,Tripoli,Ain Zara,2026-05-24 15:03:55
SR009699,MED0359,Zawiya,Bir Al-Ghanam,2026-08-10 05:11:52
SR009700,MED0125,Tripoli,Tajoura,2026-07-09 18:28:47
SR009701,MED0501,Tripoli,Gargaresh,2026-07-01 18:16:02
SR009702,MED0132,Benghazi,Al-Selmani,2026-08-13 14:28:28
SR009703,MED0154,Tripoli,Janzour,2026-08-17 19:31:20
SR009704,MED0257,Tripoli,Hay Al-Andalus,2026-08-16 13:10:36
SR009705,MED0106,Tripoli,Tajoura,2026-08-17 16:19:43
SR009706,MED0215,Zawiya,Bir Al-Ghanam,2026-07-29 08:49:35
SR009707,MED0395,Tripoli,Ain Zara,2026-07-31 05:23:27
SR009708,MED0106,Tripoli,Ain Zara,2026-05-14 06:13:17
SR009709,MED0496,Benghazi,Al-Hadaeq,2026-06-14 09:29:58
SR009710,MED0030,Tripoli,Abu Salim,2026-08-06 02:41:41
SR009711,MED0117,Tripoli,Hay Al-Andalus,2026-07-12 17:12:48
SR009712,MED0419,Tripoli,Abu Salim,2026-07-06 17:19:12
SR009713,MED0510,Tripoli,Gargaresh,2026-07-06 00:20:58
SR009714,MED0368,Misrata,Al-Karareem,2026-07-08 13:40:25
SR009715,MED0144,Tripoli,Janzour,2026-07-26 16:06:27
SR009716,MED0124,Misrata,Qasr Ahmad,2026-08-05 23:59:18
SR009717,MED0453,Tripoli,Hay Al-Andalus,2026-07-03 21:38:08
SR009718,MED0218,Misrata,Qasr Ahmad,2026-03-01 20:47:48
SR009719,MED0112,Tripoli,Fashloum,2026-01-28 14:07:02
SR009720,MED0303,Benghazi,Al-Hadaeq,2026-06-30 02:20:27
SR009721,MED0032,Tripoli,Ain Zara,2026-08-07 06:12:02
SR009722,MED0209,Tripoli,Hay Al-Andalus,2026-08-06 17:29:35
SR009723,MED0227,Tripoli,Abu Salim,2026-05-18 14:01:49
SR009724,MED0241,Tripoli,Fashloum,2026-05-22 14:23:59
SR009725,MED0006,Tripoli,Hay Al-Andalus,2026-03-26 16:51:53
SR009726,MED0067,Tripoli,Gargaresh,2026-07-14 15:18:18
SR009727,MED0256,Tripoli,Janzour,2026-08-13 21:07:32
SR009728,MED0018,Tripoli,Janzour,2026-07-26 10:35:05
SR009729,MED0225,Misrata,Al-Ghiran,2026-07-23 13:00:27
SR009730,MED0316,Tripoli,Hay Al-Andalus,2026-05-25 14:32:47
SR009731,MED0052,Misrata,Al-Karareem,2026-04-24 22:26:47
SR009732,MED0013,Tripoli,Tajoura,2026-07-12 19:47:36
SR009733,MED0339,Benghazi,Al-Selmani,2026-07-23 13:35:28
SR009734,MED0463,Tripoli,Janzour,2026-05-25 20:30:42
SR009735,MED0488,Tripoli,Souq Al Juma'a,2026-06-08 18:22:51
SR009736,MED0117,Tripoli,Abu Salim,2026-06-16 01:04:10
SR009737,MED0185,Misrata,Qasr Ahmad,2026-05-29 16:53:06
SR009738,MED0501,Tripoli,Fashloum,2026-06-22 16:33:06
SR009739,MED0408,Tripoli,Hay Al-Andalus,2026-07-19 08:17:12
SR009740,MED0433,Tripoli,Gargaresh,2026-07-16 05:20:10
SR009741,MED0430,Tripoli,Fashloum,2026-08-15 07:34:21
SR009742,MED0380,Benghazi,Al-Selmani,2026-06-02 12:20:34
SR009743,MED0199,Misrata,Al-Karareem,2026-08-16 21:39:38
SR009744,MED0413,Benghazi,Al-Berka,2026-06-11 15:19:59
SR009745,MED0355,Tripoli,Souq Al Juma'a,2026-07-13 22:51:33
SR009746,MED0124,Tripoli,Fashloum,2026-07-31 10:13:38
SR009747,MED0214,Tripoli,Souq Al Juma'a,2026-07-17 00:20:32
SR009748,MED0423,Tripoli,Gargaresh,2026-07-01 21:30:17
SR009749,MED0302,Tripoli,Gargaresh,2026-07-09 05:26:44
SR009750,MED0254,Tripoli,Ain Zara,2026-06-05 09:27:46
SR009751,MED0180,Tripoli,Janzour,2026-07-15 19:43:36
SR009752,MED0328,Tripoli,Souq Al Juma'a,2026-08-03 07:42:11
SR009753,MED0474,Zliten,Souq Al-Thulatha,2026-07-14 18:19:15
SR009754,MED0114,Tripoli,Janzour,2026-05-25 06:17:06
SR009755,MED0016,Tripoli,Ain Zara,2026-07-24 22:52:29
SR009756,MED0336,Benghazi,Al-Fuwayhat,2026-07-02 06:07:54
SR009757,MED0239,Tripoli,Gargaresh,2026-06-28 09:09:49
SR009758,MED0488,Tripoli,Abu Salim,2026-08-03 17:43:22
SR009759,MED0083,Tripoli,Fashloum,2026-07-13 20:56:32
SR009760,MED0434,Tripoli,Souq Al Juma'a,2026-07-02 06:58:47
SR009761,MED0343,Tripoli,Souq Al Juma'a,2026-05-28 21:35:27
SR009762,MED0348,Tripoli,Hay Al-Andalus,2026-07-01 22:47:55
SR009763,MED0084,Misrata,Al-Karareem,2026-05-31 19:23:12
SR009764,MED0063,Tripoli,Ain Zara,2026-08-05 12:04:43
SR009765,MED0111,Zawiya,Al-Mashtal,2026-05-29 20:24:47
SR009766,MED0438,Tripoli,Ain Zara,2026-08-09 09:10:11
SR009767,MED0202,Tripoli,Janzour,2026-07-16 16:52:24
SR009768,MED0049,Benghazi,Al-Berka,2026-05-19 15:31:01
SR009769,MED0298,Tripoli,Tajoura,2026-08-14 21:52:45
SR009770,MED0139,Tripoli,Tajoura,2026-03-20 05:59:49
SR009771,MED0147,Tripoli,Hay Al-Andalus,2026-06-19 04:30:10
SR009772,MED0055,Zliten,Al-Qasabat,2026-08-19 00:09:04
SR009773,MED0291,Tripoli,Gargaresh,2026-04-09 04:08:34
SR009774,MED0469,Misrata,Al-Karareem,2026-06-15 06:15:15
SR009775,MED0184,Tripoli,Abu Salim,2026-07-11 04:37:46
SR009776,MED0121,Tripoli,Janzour,2026-06-23 23:12:24
SR009777,MED0091,Tripoli,Janzour,2026-06-16 09:06:43
SR009778,MED0238,Tripoli,Hay Al-Andalus,2026-07-29 14:09:31
SR009779,MED0104,Tripoli,Tajoura,2026-03-18 22:52:46
SR009780,MED0483,Tripoli,Souq Al Juma'a,2026-07-30 13:47:52
SR009781,MED0200,Tripoli,Tajoura,2026-07-30 06:29:55
SR009782,MED0026,Tripoli,Souq Al Juma'a,2026-08-07 09:29:07
SR009783,MED0515,Tripoli,Ain Zara,2026-04-07 12:43:54
SR009784,MED0348,Tripoli,Gargaresh,2026-07-03 22:40:17
SR009785,MED0258,Tripoli,Fashloum,2026-07-15 05:26:06
SR009786,MED0481,Tripoli,Abu Salim,2026-05-01 10:38:36
SR009787,MED0144,Benghazi,Al-Berka,2026-07-09 18:31:06
SR009788,MED0457,Zawiya,Al-Harsha,2026-03-18 09:47:58
SR009789,MED0464,Tripoli,Abu Salim,2026-06-17 18:02:03
SR009790,MED0183,Zliten,Souq Al-Thulatha,2026-06-26 19:49:37
SR009791,MED0333,Tripoli,Fashloum,2026-08-06 19:00:26
SR009792,MED0146,Sabha,Al-Dawwar,2026-07-07 12:50:23
SR009793,MED0108,Tripoli,Ain Zara,2026-06-03 04:41:35
SR009794,MED0285,Misrata,Zawiyat Al-Mahjoub,2026-07-15 23:52:07
SR009795,MED0031,Tripoli,Hay Al-Andalus,2026-05-20 13:18:35
SR009796,MED0390,Tripoli,Gargaresh,2026-05-21 06:40:26
SR009797,MED0117,Sabha,Al-Manshiya,2026-07-27 11:28:46
SR009798,MED0020,Tripoli,Souq Al Juma'a,2026-07-24 15:19:28
SR009799,MED0484,Tripoli,Hay Al-Andalus,2026-06-08 05:57:37
SR009800,MED0037,Misrata,Qasr Ahmad,2026-07-20 09:24:55
SR009801,MED0250,Misrata,Al-Karareem,2026-07-20 22:57:59
SR009802,MED0483,Tripoli,Tajoura,2026-08-03 08:40:39
SR009803,MED0113,Misrata,Qasr Ahmad,2026-06-25 21:06:13
SR009804,MED0062,Tripoli,Souq Al Juma'a,2026-07-26 16:55:17
SR009805,MED0221,Benghazi,Al-Berka,2026-05-01 04:02:30
SR009806,MED0290,Benghazi,Al-Sabri,2026-06-29 19:48:09
SR009807,MED0105,Tripoli,Abu Salim,2026-06-05 00:05:22
SR009808,MED0103,Tripoli,Abu Salim,2026-08-10 06:50:38
SR009809,MED0016,Benghazi,Al-Berka,2026-06-19 03:26:38
SR009810,MED0220,Tripoli,Janzour,2026-08-17 16:12:57
SR009811,MED0361,Tripoli,Abu Salim,2026-07-05 09:43:54
SR009812,MED0498,Zawiya,Bir Al-Ghanam,2026-06-25 08:17:59
SR009813,MED0411,Tripoli,Ain Zara,2026-05-12 03:30:14
SR009814,MED0335,Zliten,Al-Qasabat,2026-05-29 23:30:56
SR009815,MED0016,Tripoli,Fashloum,2026-08-09 12:55:14
SR009816,MED0087,Tripoli,Souq Al Juma'a,2026-07-12 06:56:58
SR009817,MED0498,Misrata,Al-Ghiran,2026-04-27 16:00:55
SR009818,MED0027,Tripoli,Tajoura,2026-07-28 09:25:35
SR009819,MED0005,Tripoli,Gargaresh,2026-07-05 15:30:21
SR009820,MED0520,Tripoli,Fashloum,2026-07-24 06:41:45
SR009821,MED0127,Tripoli,Gargaresh,2026-07-07 10:09:47
SR009822,MED0019,Benghazi,Al-Berka,2026-07-06 06:33:22
SR009823,MED0398,Tripoli,Hay Al-Andalus,2026-06-20 22:30:12
SR009824,MED0147,Zawiya,Al-Harsha,2026-04-22 12:34:52
SR009825,MED0212,Tripoli,Hay Al-Andalus,2026-06-04 02:47:48
SR009826,MED0441,Tripoli,Abu Salim,2026-06-24 16:02:22
SR009827,MED0511,Tripoli,Gargaresh,2026-04-18 22:32:02
SR009828,MED0316,Tripoli,Tajoura,2026-07-22 10:45:10
SR009829,MED0057,Tripoli,Gargaresh,2026-08-11 16:25:35
SR009830,MED0075,Tripoli,Fashloum,2026-07-16 21:50:17
SR009831,MED0499,Tripoli,Fashloum,2026-04-29 14:47:45
SR009832,MED0466,Benghazi,Al-Berka,2026-06-12 07:03:35
SR009833,MED0020,Sabha,Al-Manshiya,2026-07-17 10:32:36
SR009834,MED0181,Tripoli,Fashloum,2026-07-30 00:27:32
SR009835,MED0389,Tripoli,Tajoura,2026-05-08 04:10:58
SR009836,MED0278,Tripoli,Gargaresh,2026-06-24 05:55:08
SR009837,MED0104,Tripoli,Janzour,2026-08-12 02:58:45
SR009838,MED0438,Zliten,Al-Qasabat,2026-08-10 06:50:24
SR009839,MED0029,Tripoli,Gargaresh,2026-07-24 23:30:14
SR009840,MED0433,Benghazi,Al-Fuwayhat,2026-07-17 03:54:09
SR009841,MED0456,Tripoli,Janzour,2026-07-01 21:29:12
SR009842,MED0143,Benghazi,Al-Hadaeq,2026-08-04 01:19:37
SR009843,MED0015,Benghazi,Al-Hadaeq,2026-05-30 11:24:00
SR009844,MED0129,Benghazi,Al-Sabri,2026-07-29 17:46:16
SR009845,MED0286,Tripoli,Hay Al-Andalus,2026-07-29 02:05:02
SR009846,MED0019,Benghazi,Al-Berka,2026-04-13 01:19:35
SR009847,MED0104,Tripoli,Gargaresh,2026-08-07 11:10:00
SR009848,MED0245,Tripoli,Abu Salim,2026-08-13 13:27:27
SR009849,MED0287,Benghazi,Al-Selmani,2026-06-17 04:27:21
SR009850,MED0298,Tripoli,Fashloum,2026-07-08 01:56:31
SR009851,MED0094,Tripoli,Tajoura,2026-07-16 14:59:40
SR009852,MED0248,Benghazi,Al-Sabri,2026-03-30 02:50:53
SR009853,MED0423,Tripoli,Hay Al-Andalus,2026-07-18 02:40:15
SR009854,MED0016,Tripoli,Ain Zara,2026-04-10 06:54:43
SR009855,MED0459,Tripoli,Abu Salim,2026-02-04 18:54:04
SR009856,MED0499,Misrata,Qasr Ahmad,2026-04-08 19:12:01
SR009857,MED0044,Tripoli,Janzour,2026-07-19 13:19:06
SR009858,MED0498,Benghazi,Al-Fuwayhat,2026-07-17 14:25:05
SR009859,MED0233,Tripoli,Souq Al Juma'a,2026-07-16 23:20:35
SR009860,MED0284,Tripoli,Abu Salim,2026-07-20 19:13:28
SR009861,MED0453,Tripoli,Abu Salim,2026-08-14 16:27:27
SR009862,MED0087,Zawiya,Al-Harsha,2026-07-17 09:26:04
SR009863,MED0025,Zawiya,Bir Al-Ghanam,2026-07-07 04:28:27
SR009864,MED0512,Tripoli,Fashloum,2026-06-25 12:50:35
SR009865,MED0421,Tripoli,Tajoura,2026-06-13 00:41:39
SR009866,MED0095,Tripoli,Hay Al-Andalus,2026-07-18 22:09:03
SR009867,MED0020,Tripoli,Souq Al Juma'a,2026-05-23 07:45:55
SR009868,MED0038,Benghazi,Al-Selmani,2026-08-14 06:58:33
SR009869,MED0485,Tripoli,Ain Zara,2026-04-05 16:40:06
SR009870,MED0214,Tripoli,Ain Zara,2026-04-26 05:36:01
SR009871,MED0316,Tripoli,Gargaresh,2026-07-12 14:12:01
SR009872,MED0057,Tripoli,Tajoura,2026-08-07 22:11:25
SR009873,MED0114,Zawiya,Bir Al-Ghanam,2026-08-07 01:46:26
SR009874,MED0441,Tripoli,Ain Zara,2026-08-13 18:10:10
SR009875,MED0027,Tripoli,Tajoura,2026-03-19 16:03:31
SR009876,MED0259,Tripoli,Ain Zara,2026-08-04 20:31:44
SR009877,MED0330,Benghazi,Al-Selmani,2026-06-27 02:13:09
SR009878,MED0322,Benghazi,Al-Berka,2026-03-08 14:26:00
SR009879,MED0054,Tripoli,Souq Al Juma'a,2026-07-22 16:47:53
SR009880,MED0518,Tripoli,Souq Al Juma'a,2026-07-19 10:43:20
SR009881,MED0248,Misrata,Qasr Ahmad,2026-06-11 14:21:42
SR009882,MED0322,Benghazi,Al-Selmani,2026-07-06 16:20:40
SR009883,MED0172,Tripoli,Hay Al-Andalus,2026-06-21 10:35:51
SR009884,MED0422,Tripoli,Hay Al-Andalus,2026-08-18 14:24:45
SR009885,MED0015,Tripoli,Janzour,2026-07-14 17:30:39
SR009886,MED0206,Tripoli,Souq Al Juma'a,2026-07-27 00:22:05
SR009887,MED0305,Tripoli,Fashloum,2026-06-04 05:10:24
SR009888,MED0274,Tripoli,Tajoura,2026-07-25 13:58:24
SR009889,MED0428,Benghazi,Al-Selmani,2026-06-09 03:32:06
SR009890,MED0106,Benghazi,Al-Sabri,2026-08-17 08:45:25
SR009891,MED0080,Tripoli,Tajoura,2026-07-03 22:55:05
SR009892,MED0041,Tripoli,Souq Al Juma'a,2026-07-26 20:34:01
SR009893,MED0322,Sabha,Al-Dawwar,2026-05-30 15:23:35
SR009894,MED0046,Zliten,Souq Al-Thulatha,2026-03-06 15:53:58
SR009895,MED0353,Tripoli,Ain Zara,2026-03-29 05:31:05
SR009896,MED0026,Tripoli,Abu Salim,2026-08-17 13:49:26
SR009897,MED0308,Zliten,Al-Qasabat,2026-07-14 19:10:24
SR009898,MED0229,Tripoli,Ain Zara,2026-08-02 13:33:53
SR009899,MED0021,Tripoli,Hay Al-Andalus,2026-03-12 00:08:14
SR009900,MED0197,Benghazi,Al-Sabri,2026-04-12 06:59:51
SR009901,MED0230,Misrata,Al-Karareem,2026-03-28 12:27:54
SR009902,MED0295,Zawiya,Al-Harsha,2026-05-21 09:20:54
SR009903,MED0249,Zawiya,Al-Mashtal,2026-08-06 11:50:37
SR009904,MED0172,Tripoli,Souq Al Juma'a,2026-08-06 22:25:44
SR009905,MED0057,Misrata,Al-Karareem,2026-07-16 12:30:30
SR009906,MED0115,Tripoli,Souq Al Juma'a,2026-06-28 16:07:35
SR009907,MED0347,Tripoli,Fashloum,2026-06-22 14:46:45
SR009908,MED0452,Benghazi,Al-Selmani,2026-04-13 23:57:59
SR009909,MED0005,Tripoli,Tajoura,2026-05-09 17:57:52
SR009910,MED0332,Tripoli,Janzour,2026-08-07 11:01:09
SR009911,MED0230,Tripoli,Gargaresh,2026-08-04 16:06:02
SR009912,MED0349,Benghazi,Al-Selmani,2026-06-23 06:21:58
SR009913,MED0001,Tripoli,Janzour,2026-06-15 01:38:02
SR009914,MED0117,Tripoli,Gargaresh,2026-03-10 19:56:24
SR009915,MED0365,Tripoli,Tajoura,2026-07-22 04:40:56
SR009916,MED0235,Tripoli,Ain Zara,2026-05-14 01:57:20
SR009917,MED0299,Benghazi,Al-Fuwayhat,2026-06-06 16:26:21
SR009918,MED0122,Benghazi,Al-Fuwayhat,2026-06-11 07:39:01
SR009919,MED0291,Tripoli,Souq Al Juma'a,2026-07-12 05:08:08
SR009920,MED0491,Zliten,Souq Al-Thulatha,2026-04-10 19:45:40
SR009921,MED0421,Tripoli,Ain Zara,2026-07-25 15:19:37
SR009922,MED0051,Benghazi,Al-Hadaeq,2026-07-03 20:54:16
SR009923,MED0416,Misrata,Zawiyat Al-Mahjoub,2026-06-04 00:52:28
SR009924,MED0167,Tripoli,Janzour,2026-06-09 20:44:07
SR009925,MED0021,Benghazi,Al-Berka,2026-08-01 17:54:17
SR009926,MED0430,Tripoli,Souq Al Juma'a,2026-08-17 16:41:28
SR009927,MED0070,Benghazi,Al-Fuwayhat,2026-03-10 10:32:57
SR009928,MED0316,Tripoli,Souq Al Juma'a,2026-04-29 05:54:11
SR009929,MED0116,Zawiya,Al-Harsha,2026-07-08 12:51:29
SR009930,MED0504,Tripoli,Souq Al Juma'a,2026-05-04 17:13:13
SR009931,MED0406,Benghazi,Al-Berka,2026-07-16 13:12:41
SR009932,MED0110,Tripoli,Ain Zara,2026-07-03 04:31:53
SR009933,MED0490,Tripoli,Hay Al-Andalus,2026-03-09 00:51:38
SR009934,MED0133,Tripoli,Fashloum,2026-04-30 04:09:21
SR009935,MED0207,Benghazi,Al-Selmani,2026-07-25 08:09:33
SR009936,MED0349,Misrata,Qasr Ahmad,2026-07-12 17:50:54
SR009937,MED0348,Tripoli,Souq Al Juma'a,2026-08-05 17:08:35
SR009938,MED0202,Tripoli,Hay Al-Andalus,2026-07-08 22:42:33
SR009939,MED0018,Misrata,Zawiyat Al-Mahjoub,2026-06-22 12:22:49
SR009940,MED0470,Misrata,Qasr Ahmad,2026-07-22 12:08:54
SR009941,MED0087,Misrata,Al-Ghiran,2026-07-02 02:32:15
SR009942,MED0179,Tripoli,Janzour,2026-04-14 02:30:02
SR009943,MED0117,Zliten,Souq Al-Thulatha,2026-06-18 18:37:09
SR009944,MED0309,Tripoli,Gargaresh,2026-06-13 22:14:36
SR009945,MED0445,Tripoli,Tajoura,2026-07-07 03:28:42
SR009946,MED0449,Tripoli,Tajoura,2026-05-19 01:49:38
SR009947,MED0221,Tripoli,Hay Al-Andalus,2026-05-09 19:46:16
SR009948,MED0365,Zliten,Al-Qasabat,2026-07-29 18:02:33
SR009949,MED0134,Tripoli,Fashloum,2026-07-27 05:54:48
SR009950,MED0453,Tripoli,Hay Al-Andalus,2026-07-31 22:13:10
SR009951,MED0233,Benghazi,Al-Sabri,2026-06-24 15:25:08
SR009952,MED0241,Tripoli,Fashloum,2026-05-12 20:20:15
SR009953,MED0284,Tripoli,Fashloum,2026-07-31 11:05:11
SR009954,MED0191,Tripoli,Abu Salim,2026-06-23 01:12:48
SR009955,MED0257,Benghazi,Al-Selmani,2026-06-24 07:20:17
SR009956,MED0090,Sabha,Tayouri,2026-08-07 11:13:55
SR009957,MED0400,Tripoli,Hay Al-Andalus,2026-07-18 21:58:40
SR009958,MED0121,Tripoli,Janzour,2026-06-06 15:53:05
SR009959,MED0483,Misrata,Al-Karareem,2026-08-07 22:30:06
SR009960,MED0351,Tripoli,Hay Al-Andalus,2026-06-23 03:28:30
SR009961,MED0171,Zliten,Souq Al-Thulatha,2026-05-05 22:47:43
SR009962,MED0050,Tripoli,Tajoura,2026-06-01 21:10:10
SR009963,MED0513,Tripoli,Abu Salim,2026-08-01 17:07:35
SR009964,MED0447,Tripoli,Fashloum,2026-08-06 04:36:23
SR009965,MED0505,Tripoli,Fashloum,2026-04-13 01:51:38
SR009966,MED0242,Sabha,Tayouri,2026-06-09 22:35:48
SR009967,MED0158,Benghazi,Al-Berka,2026-08-04 23:13:48
SR009968,MED0138,Tripoli,Gargaresh,2026-03-18 07:11:01
SR009969,MED0110,Tripoli,Souq Al Juma'a,2026-07-30 18:01:02
SR009970,MED0154,Tripoli,Hay Al-Andalus,2026-06-13 18:22:13
SR009971,MED0184,Tripoli,Gargaresh,2026-08-05 18:55:31
SR009972,MED0491,Tripoli,Souq Al Juma'a,2026-07-14 15:42:15
SR009973,MED0297,Tripoli,Janzour,2026-06-23 13:20:49
SR009974,MED0367,Tripoli,Gargaresh,2026-05-13 16:40:50
SR009975,MED0282,Misrata,Zawiyat Al-Mahjoub,2026-05-26 20:07:29
SR009976,MED0186,Tripoli,Abu Salim,2026-05-09 18:03:31
SR009977,MED0131,Tripoli,Abu Salim,2026-07-13 22:44:09
SR009978,MED0021,Zliten,Souq Al-Thulatha,2026-08-02 09:55:03
SR009979,MED0067,Tripoli,Fashloum,2026-06-04 09:55:08
SR009980,MED0215,Sabha,Al-Dawwar,2026-04-08 20:14:17
SR009981,MED0021,Zawiya,Bir Al-Ghanam,2026-08-15 21:07:12
SR009982,MED0276,Misrata,Al-Ghiran,2026-07-25 16:46:29
SR009983,MED0517,Tripoli,Tajoura,2026-08-08 01:09:35
SR009984,MED0205,Benghazi,Al-Sabri,2026-07-02 02:27:31
SR009985,MED0198,Zliten,Souq Al-Thulatha,2026-04-28 00:11:51
SR009986,MED0447,Benghazi,Al-Fuwayhat,2026-07-24 12:15:36
SR009987,MED0295,Sabha,Al-Manshiya,2026-07-01 01:38:04
SR009988,MED0510,Benghazi,Al-Berka,2026-05-27 01:40:41
SR009989,MED0042,Tripoli,Ain Zara,2026-07-14 13:16:46
SR009990,MED0027,Zawiya,Al-Harsha,2026-04-17 10:16:20
SR009991,MED0503,Tripoli,Ain Zara,2026-06-10 02:44:10
SR009992,MED0241,Tripoli,Abu Salim,2026-06-24 13:22:57
SR009993,MED0302,Zawiya,Al-Harsha,2026-03-16 05:07:37
SR009994,MED0057,Tripoli,Hay Al-Andalus,2026-07-08 05:07:12
SR009995,MED0268,Benghazi,Al-Fuwayhat,2026-05-20 19:34:55
SR009996,MED0235,Tripoli,Fashloum,2026-07-04 18:34:17
SR009997,MED0282,Zawiya,Al-Harsha,2026-04-12 13:09:30
SR009998,MED0011,Tripoli,Ain Zara,2026-05-02 16:11:27
SR009999,MED0127,Benghazi,Al-Hadaeq,2026-05-17 03:32:46
SR010000,MED0333,Tripoli,Tajoura,2026-06-25 11:39:12
SR010001,MED0254,Tripoli,Ain Zara,2026-07-21 22:02:40
SR010002,MED0165,Benghazi,Al-Hadaeq,2026-08-03 22:58:23
SR010003,MED0367,Tripoli,Ain Zara,2026-04-10 22:05:08
SR010004,MED0413,Tripoli,Abu Salim,2026-07-17 02:48:41
SR010005,MED0354,Benghazi,Al-Hadaeq,2026-06-20 14:56:51
SR010006,MED0296,Tripoli,Fashloum,2026-07-24 05:17:09
SR010007,MED0388,Tripoli,Janzour,2026-07-19 16:47:42
SR010008,MED0339,Tripoli,Fashloum,2026-07-12 09:44:55
SR010009,MED0316,Tripoli,Hay Al-Andalus,2026-07-30 06:25:11
SR010010,MED0472,Tripoli,Tajoura,2026-06-01 23:53:52
SR010011,MED0159,Sabha,Tayouri,2026-05-01 20:55:55
SR010012,MED0185,Misrata,Al-Ghiran,2026-07-18 09:14:03
SR010013,MED0512,Benghazi,Al-Hadaeq,2026-07-21 02:36:51
SR010014,MED0180,Tripoli,Souq Al Juma'a,2026-07-14 09:36:44
SR010015,MED0420,Tripoli,Janzour,2026-08-05 13:20:08
SR010016,MED0360,Tripoli,Fashloum,2026-06-04 18:15:50
SR010017,MED0213,Tripoli,Tajoura,2026-07-18 13:47:06
SR010018,MED0167,Misrata,Al-Ghiran,2026-05-22 18:40:15
SR010019,MED0510,Benghazi,Al-Sabri,2026-05-18 01:39:14
SR010020,MED0351,Tripoli,Janzour,2026-05-29 06:12:56
SR010021,MED0518,Tripoli,Ain Zara,2026-07-17 05:38:32
SR010022,MED0070,Tripoli,Ain Zara,2026-06-16 20:33:54
SR010023,MED0108,Tripoli,Hay Al-Andalus,2026-07-12 14:42:16
SR010024,MED0028,Misrata,Qasr Ahmad,2026-01-31 01:45:05
SR010025,MED0087,Tripoli,Gargaresh,2026-03-26 00:29:33
SR010026,MED0507,Tripoli,Tajoura,2026-07-31 03:54:45
SR010027,MED0155,Benghazi,Al-Berka,2026-04-06 19:52:39
SR010028,MED0373,Benghazi,Al-Hadaeq,2026-08-06 15:00:02
SR010029,MED0512,Sabha,Al-Manshiya,2026-04-02 21:51:13
SR010030,MED0512,Tripoli,Tajoura,2026-04-30 09:18:18
SR010031,MED0365,Tripoli,Tajoura,2026-06-21 02:25:27
SR010032,MED0287,Tripoli,Souq Al Juma'a,2026-07-29 09:37:18
SR010033,MED0488,Tripoli,Ain Zara,2026-03-20 02:32:32
SR010034,MED0365,Tripoli,Tajoura,2026-08-02 15:49:22
SR010035,MED0494,Misrata,Qasr Ahmad,2026-08-11 19:00:36
SR010036,MED0466,Tripoli,Souq Al Juma'a,2026-06-04 08:29:02
SR010037,MED0132,Zawiya,Bir Al-Ghanam,2026-07-07 12:48:01
SR010038,MED0282,Tripoli,Ain Zara,2026-07-24 06:24:40
SR010039,MED0127,Tripoli,Abu Salim,2026-08-06 19:45:14
SR010040,MED0120,Tripoli,Hay Al-Andalus,2026-07-19 18:16:18
SR010041,MED0510,Benghazi,Al-Berka,2026-05-09 20:32:55
SR010042,MED0203,Tripoli,Janzour,2026-06-23 07:23:28
SR010043,MED0432,Tripoli,Abu Salim,2026-04-04 09:38:28
SR010044,MED0310,Tripoli,Janzour,2026-08-02 12:47:35
SR010045,MED0126,Tripoli,Tajoura,2026-08-03 00:48:31
SR010046,MED0269,Tripoli,Abu Salim,2026-08-13 07:18:35
SR010047,MED0249,Tripoli,Tajoura,2026-04-26 19:29:57
SR010048,MED0434,Benghazi,Al-Berka,2026-07-10 06:09:37
SR010049,MED0029,Tripoli,Tajoura,2026-04-17 06:15:43
SR010050,MED0203,Tripoli,Janzour,2026-06-02 12:30:02
SR010051,MED0055,Benghazi,Al-Berka,2026-08-12 05:50:13
SR010052,MED0122,Misrata,Al-Karareem,2026-08-01 03:19:41
SR010053,MED0253,Tripoli,Tajoura,2026-05-27 14:34:12
SR010054,MED0084,Tripoli,Souq Al Juma'a,2026-03-01 18:19:18
SR010055,MED0151,Tripoli,Ain Zara,2026-06-18 19:45:51
SR010056,MED0101,Benghazi,Al-Selmani,2026-06-25 18:34:39
SR010057,MED0336,Tripoli,Janzour,2026-08-09 05:59:54
SR010058,MED0225,Benghazi,Al-Hadaeq,2026-06-26 23:15:56
SR010059,MED0057,Tripoli,Gargaresh,2026-07-25 15:55:52
SR010060,MED0216,Tripoli,Fashloum,2026-08-17 22:28:11
SR010061,MED0275,Zawiya,Bir Al-Ghanam,2026-05-11 09:05:09
SR010062,MED0490,Benghazi,Al-Berka,2026-07-17 13:39:19
SR010063,MED0009,Tripoli,Tajoura,2026-03-16 03:05:15
SR010064,MED0045,Tripoli,Janzour,2026-05-03 16:25:38
SR010065,MED0490,Tripoli,Tajoura,2026-05-25 09:58:35
SR010066,MED0289,Tripoli,Tajoura,2026-04-15 18:19:17
SR010067,MED0221,Sabha,Al-Dawwar,2026-07-16 17:39:19
SR010068,MED0303,Benghazi,Al-Hadaeq,2026-05-29 20:55:04
SR010069,MED0469,Benghazi,Al-Selmani,2026-06-26 22:49:06
SR010070,MED0348,Sabha,Al-Dawwar,2026-06-05 00:13:53
SR010071,MED0114,Tripoli,Souq Al Juma'a,2026-08-02 19:13:29
SR010072,MED0425,Tripoli,Tajoura,2026-07-09 11:03:14
SR010073,MED0463,Zawiya,Al-Harsha,2026-06-14 04:42:54
SR010074,MED0072,Tripoli,Souq Al Juma'a,2026-06-23 10:47:41
SR010075,MED0491,Sabha,Al-Dawwar,2026-07-24 11:22:35
SR010076,MED0196,Tripoli,Hay Al-Andalus,2026-05-09 16:42:55
SR010077,MED0262,Tripoli,Ain Zara,2026-08-15 06:13:30
SR010078,MED0041,Benghazi,Al-Fuwayhat,2026-06-12 22:07:50
SR010079,MED0016,Benghazi,Al-Berka,2026-05-21 00:33:06
SR010080,MED0505,Tripoli,Souq Al Juma'a,2026-07-18 01:31:17
SR010081,MED0117,Tripoli,Gargaresh,2026-05-20 02:35:24
SR010082,MED0173,Zawiya,Al-Mashtal,2026-04-16 23:51:24
SR010083,MED0190,Tripoli,Ain Zara,2026-06-29 04:46:05
SR010084,MED0258,Tripoli,Janzour,2026-07-09 03:00:33
SR010085,MED0454,Tripoli,Hay Al-Andalus,2026-06-29 12:38:25
SR010086,MED0405,Tripoli,Ain Zara,2026-03-31 14:09:19
SR010087,MED0254,Tripoli,Janzour,2026-05-22 07:51:26
SR010088,MED0516,Tripoli,Tajoura,2026-08-16 16:16:57
SR010089,MED0489,Misrata,Qasr Ahmad,2026-07-18 07:59:11
SR010090,MED0141,Tripoli,Ain Zara,2026-06-24 06:58:09
SR010091,MED0376,Tripoli,Janzour,2026-08-01 15:44:38
SR010092,MED0349,Tripoli,Fashloum,2026-06-30 12:42:50
SR010093,MED0018,Benghazi,Al-Fuwayhat,2026-06-23 04:51:12
SR010094,MED0231,Benghazi,Al-Berka,2026-05-11 14:29:20
SR010095,MED0404,Tripoli,Tajoura,2026-03-18 17:38:57
SR010096,MED0311,Misrata,Al-Karareem,2026-08-11 16:08:51
SR010097,MED0233,Benghazi,Al-Sabri,2026-08-19 08:31:58
SR010098,MED0487,Tripoli,Gargaresh,2026-07-04 21:49:04
SR010099,MED0190,Tripoli,Tajoura,2026-06-21 20:51:40
SR010100,MED0133,Zliten,Al-Qasabat,2026-05-21 15:58:09
SR010101,MED0399,Tripoli,Fashloum,2026-07-31 16:14:06
SR010102,MED0349,Benghazi,Al-Sabri,2026-08-07 07:49:29
SR010103,MED0150,Tripoli,Ain Zara,2026-03-28 09:38:11
SR010104,MED0254,Benghazi,Al-Selmani,2026-06-04 06:07:22
SR010105,MED0297,Benghazi,Al-Selmani,2026-08-04 21:13:16
SR010106,MED0055,Tripoli,Fashloum,2026-06-15 13:08:59
SR010107,MED0409,Tripoli,Tajoura,2026-07-03 02:51:24
SR010108,MED0413,Benghazi,Al-Selmani,2026-07-25 11:59:30
SR010109,MED0214,Tripoli,Gargaresh,2026-06-27 11:46:17
SR010110,MED0355,Tripoli,Abu Salim,2026-07-10 04:17:38
SR010111,MED0274,Tripoli,Gargaresh,2026-05-01 10:25:34
SR010112,MED0325,Zawiya,Al-Harsha,2026-08-13 17:07:08
SR010113,MED0255,Tripoli,Tajoura,2026-05-26 10:26:18
SR010114,MED0320,Tripoli,Abu Salim,2026-07-12 01:09:13
SR010115,MED0087,Benghazi,Al-Hadaeq,2026-06-04 10:48:21
SR010116,MED0238,Tripoli,Abu Salim,2026-04-16 10:19:50
SR010117,MED0438,Sabha,Tayouri,2026-05-29 16:02:31
SR010118,MED0304,Benghazi,Al-Selmani,2026-06-14 15:55:18
SR010119,MED0281,Benghazi,Al-Sabri,2026-06-11 12:56:46
SR010120,MED0219,Zawiya,Al-Mashtal,2026-07-16 16:28:43
SR010121,MED0091,Tripoli,Gargaresh,2026-04-06 21:44:06
SR010122,MED0478,Tripoli,Fashloum,2026-07-24 13:37:03
SR010123,MED0041,Benghazi,Al-Selmani,2026-06-24 20:02:40
SR010124,MED0049,Benghazi,Al-Selmani,2026-05-24 10:20:25
SR010125,MED0042,Zliten,Al-Qasabat,2026-06-28 11:04:18
SR010126,MED0169,Tripoli,Souq Al Juma'a,2026-07-27 09:50:59
SR010127,MED0160,Zawiya,Al-Mashtal,2026-04-07 07:54:40
SR010128,MED0287,Benghazi,Al-Fuwayhat,2026-08-17 15:10:12
SR010129,MED0410,Zliten,Souq Al-Thulatha,2026-05-17 07:08:48
SR010130,MED0357,Tripoli,Janzour,2026-06-15 05:41:20
SR010131,MED0091,Tripoli,Tajoura,2026-06-06 00:53:48
SR010132,MED0202,Misrata,Al-Ghiran,2026-05-27 20:26:02
SR010133,MED0097,Tripoli,Hay Al-Andalus,2026-07-08 16:42:36
SR010134,MED0461,Tripoli,Tajoura,2026-05-12 03:06:01
SR010135,MED0369,Misrata,Al-Karareem,2026-05-08 04:23:51
SR010136,MED0214,Tripoli,Tajoura,2026-06-26 03:00:57
SR010137,MED0258,Tripoli,Tajoura,2026-06-13 16:49:13
SR010138,MED0246,Tripoli,Tajoura,2026-08-04 09:56:04
SR010139,MED0141,Tripoli,Gargaresh,2026-05-30 13:18:37
SR010140,MED0289,Benghazi,Al-Sabri,2026-05-25 18:53:31
SR010141,MED0284,Tripoli,Janzour,2026-07-30 21:53:38
SR010142,MED0161,Tripoli,Hay Al-Andalus,2026-06-24 09:11:15
SR010143,MED0466,Misrata,Al-Ghiran,2026-04-30 21:26:07
SR010144,MED0129,Benghazi,Al-Hadaeq,2026-03-29 00:35:46
SR010145,MED0318,Tripoli,Fashloum,2026-04-03 14:05:56
SR010146,MED0199,Tripoli,Gargaresh,2026-06-09 19:23:17
SR010147,MED0213,Tripoli,Souq Al Juma'a,2026-04-04 15:59:28
SR010148,MED0113,Tripoli,Gargaresh,2026-08-05 18:25:36
SR010149,MED0043,Tripoli,Tajoura,2026-06-17 03:40:03
SR010150,MED0505,Tripoli,Tajoura,2026-05-24 14:12:42
SR010151,MED0349,Tripoli,Abu Salim,2026-05-11 03:22:21
SR010152,MED0432,Tripoli,Souq Al Juma'a,2026-04-06 06:35:27
SR010153,MED0103,Sabha,Al-Dawwar,2026-06-20 23:11:55
SR010154,MED0032,Tripoli,Janzour,2026-06-28 12:49:15
SR010155,MED0519,Tripoli,Fashloum,2026-06-15 22:14:34
SR010156,MED0290,Tripoli,Janzour,2026-05-18 06:26:25
SR010157,MED0141,Benghazi,Al-Berka,2026-08-10 14:21:02
SR010158,MED0009,Tripoli,Hay Al-Andalus,2026-04-16 15:04:14
SR010159,MED0363,Misrata,Qasr Ahmad,2026-06-26 17:09:06
SR010160,MED0242,Tripoli,Hay Al-Andalus,2026-08-06 16:50:19
SR010161,MED0206,Tripoli,Gargaresh,2026-05-19 10:45:49
SR010162,MED0209,Tripoli,Gargaresh,2026-07-04 19:25:53
SR010163,MED0252,Misrata,Al-Karareem,2026-05-21 01:51:26
SR010164,MED0461,Benghazi,Al-Berka,2026-07-22 00:23:23
SR010165,MED0224,Tripoli,Fashloum,2026-07-07 04:44:04
SR010166,MED0429,Misrata,Zawiyat Al-Mahjoub,2026-07-30 14:36:47
SR010167,MED0245,Benghazi,Al-Sabri,2026-08-01 04:55:46
SR010168,MED0420,Tripoli,Fashloum,2026-06-11 22:10:33
SR010169,MED0257,Tripoli,Fashloum,2026-06-02 10:01:04
SR010170,MED0106,Tripoli,Ain Zara,2026-07-27 17:04:33
SR010171,MED0488,Tripoli,Janzour,2026-07-28 04:59:01
SR010172,MED0323,Misrata,Zawiyat Al-Mahjoub,2026-06-29 09:43:37
SR010173,MED0192,Zawiya,Bir Al-Ghanam,2026-07-06 22:45:43
SR010174,MED0366,Tripoli,Abu Salim,2026-07-24 07:10:46
SR010175,MED0376,Tripoli,Ain Zara,2026-07-29 05:17:03
SR010176,MED0054,Tripoli,Hay Al-Andalus,2026-08-16 15:11:28
SR010177,MED0213,Tripoli,Souq Al Juma'a,2026-07-31 21:00:19
SR010178,MED0173,Tripoli,Abu Salim,2026-05-12 21:12:30
SR010179,MED0187,Tripoli,Ain Zara,2026-05-08 22:12:32
SR010180,MED0212,Benghazi,Al-Hadaeq,2026-07-14 23:05:39
SR010181,MED0437,Tripoli,Fashloum,2026-07-19 09:44:04
SR010182,MED0334,Tripoli,Hay Al-Andalus,2026-08-13 02:49:04
SR010183,MED0286,Misrata,Al-Ghiran,2026-08-05 16:21:50
SR010184,MED0438,Tripoli,Janzour,2026-07-16 04:33:54
SR010185,MED0488,Tripoli,Tajoura,2026-04-13 02:37:48
SR010186,MED0316,Zawiya,Bir Al-Ghanam,2026-07-09 01:43:10
SR010187,MED0130,Sabha,Al-Dawwar,2026-05-22 10:09:03
SR010188,MED0094,Tripoli,Ain Zara,2026-07-01 21:48:02
SR010189,MED0252,Benghazi,Al-Hadaeq,2026-07-08 14:19:42
SR010190,MED0428,Benghazi,Al-Fuwayhat,2026-06-04 06:27:15
SR010191,MED0379,Benghazi,Al-Fuwayhat,2026-05-06 23:41:48
SR010192,MED0157,Benghazi,Al-Hadaeq,2026-04-23 08:57:40
SR010193,MED0216,Tripoli,Souq Al Juma'a,2026-06-07 08:51:04
SR010194,MED0016,Sabha,Al-Manshiya,2026-05-01 09:29:19
SR010195,MED0483,Tripoli,Abu Salim,2026-05-27 17:34:33
SR010196,MED0457,Tripoli,Souq Al Juma'a,2026-06-14 12:10:34
SR010197,MED0214,Misrata,Al-Ghiran,2026-07-14 03:38:53
SR010198,MED0315,Tripoli,Ain Zara,2026-06-15 15:28:06
SR010199,MED0390,Tripoli,Souq Al Juma'a,2026-06-29 01:33:53
SR010200,MED0217,Tripoli,Gargaresh,2026-08-03 06:39:29
SR010201,MED0113,Benghazi,Al-Berka,2026-04-29 15:54:07
SR010202,MED0482,Tripoli,Ain Zara,2026-08-03 17:21:01
SR010203,MED0252,Zawiya,Al-Mashtal,2026-03-10 17:51:29
SR010204,MED0068,Tripoli,Tajoura,2026-02-05 11:12:47
SR010205,MED0289,Tripoli,Hay Al-Andalus,2026-06-09 03:35:16
SR010206,MED0499,Misrata,Qasr Ahmad,2026-07-22 05:34:28
SR010207,MED0263,Tripoli,Ain Zara,2026-07-25 08:55:45
SR010208,MED0388,Tripoli,Gargaresh,2026-06-08 15:02:28
SR010209,MED0505,Tripoli,Abu Salim,2026-05-25 11:27:45
SR010210,MED0303,Benghazi,Al-Sabri,2026-06-23 02:17:05
SR010211,MED0017,Tripoli,Tajoura,2026-07-16 02:47:07
SR010212,MED0113,Tripoli,Fashloum,2026-07-08 19:37:18
SR010213,MED0299,Zliten,Al-Qasabat,2026-08-05 15:34:03
SR010214,MED0174,Benghazi,Al-Sabri,2026-05-24 06:00:49
SR010215,MED0304,Tripoli,Tajoura,2026-08-16 13:29:26
SR010216,MED0066,Tripoli,Ain Zara,2026-08-04 06:42:03
SR010217,MED0349,Misrata,Al-Ghiran,2026-08-01 10:13:49
SR010218,MED0253,Misrata,Zawiyat Al-Mahjoub,2026-07-11 07:43:16
SR010219,MED0329,Tripoli,Tajoura,2026-03-20 00:35:26
SR010220,MED0241,Benghazi,Al-Berka,2026-06-24 20:08:40
SR010221,MED0477,Tripoli,Gargaresh,2026-06-04 13:50:38
SR010222,MED0411,Tripoli,Fashloum,2026-07-13 23:29:20
SR010223,MED0214,Tripoli,Janzour,2026-07-26 01:34:52
SR010224,MED0330,Tripoli,Abu Salim,2026-08-16 08:56:09
SR010225,MED0108,Zawiya,Al-Harsha,2026-04-30 01:42:55
SR010226,MED0390,Tripoli,Souq Al Juma'a,2026-06-16 17:44:10
SR010227,MED0297,Zawiya,Al-Harsha,2026-08-08 09:09:20
SR010228,MED0286,Tripoli,Gargaresh,2026-07-16 09:57:57
SR010229,MED0398,Tripoli,Souq Al Juma'a,2026-08-15 09:38:07
SR010230,MED0458,Misrata,Al-Ghiran,2026-07-16 23:36:04
SR010231,MED0021,Misrata,Qasr Ahmad,2026-06-10 09:52:00
SR010232,MED0238,Tripoli,Hay Al-Andalus,2026-03-12 12:30:25
SR010233,MED0008,Benghazi,Al-Fuwayhat,2026-07-25 09:05:26
SR010234,MED0214,Tripoli,Janzour,2026-07-09 05:49:15
SR010235,MED0469,Benghazi,Al-Fuwayhat,2026-08-14 22:36:32
SR010236,MED0446,Misrata,Al-Ghiran,2026-02-23 03:53:42
SR010237,MED0011,Tripoli,Ain Zara,2026-06-08 17:34:26
SR010238,MED0349,Tripoli,Gargaresh,2026-04-02 06:16:53
SR010239,MED0434,Tripoli,Fashloum,2026-08-16 13:27:04
SR010240,MED0034,Tripoli,Abu Salim,2026-08-06 05:49:59
SR010241,MED0187,Tripoli,Janzour,2026-07-23 12:26:57
SR010242,MED0412,Tripoli,Souq Al Juma'a,2026-05-23 00:15:27
SR010243,MED0234,Zliten,Al-Qasabat,2026-07-24 03:08:04
SR010244,MED0227,Zawiya,Al-Mashtal,2026-06-11 20:31:09
SR010245,MED0233,Tripoli,Ain Zara,2026-08-13 00:06:38
SR010246,MED0416,Tripoli,Janzour,2026-04-16 04:36:33
SR010247,MED0349,Benghazi,Al-Hadaeq,2026-08-06 21:56:08
SR010248,MED0455,Tripoli,Souq Al Juma'a,2026-06-10 03:16:59
SR010249,MED0082,Tripoli,Janzour,2026-05-01 02:14:40
SR010250,MED0238,Zliten,Souq Al-Thulatha,2026-03-02 07:43:05
SR010251,MED0399,Tripoli,Gargaresh,2026-06-07 16:19:10
SR010252,MED0305,Zawiya,Al-Mashtal,2026-05-06 20:56:58
SR010253,MED0510,Tripoli,Tajoura,2026-07-12 02:24:50
SR010254,MED0016,Benghazi,Al-Fuwayhat,2026-05-02 07:41:32
SR010255,MED0386,Tripoli,Hay Al-Andalus,2026-06-13 09:06:22
SR010256,MED0106,Benghazi,Al-Berka,2026-01-15 16:06:24
SR010257,MED0285,Misrata,Qasr Ahmad,2026-05-17 02:12:51
SR010258,MED0378,Tripoli,Souq Al Juma'a,2026-06-23 09:00:23
SR010259,MED0421,Misrata,Zawiyat Al-Mahjoub,2026-08-18 23:04:41
SR010260,MED0474,Zliten,Souq Al-Thulatha,2026-08-02 17:48:26
SR010261,MED0207,Tripoli,Ain Zara,2026-05-29 04:06:03
SR010262,MED0257,Tripoli,Gargaresh,2026-04-27 10:00:05
SR010263,MED0336,Tripoli,Souq Al Juma'a,2026-07-16 13:55:40
SR010264,MED0016,Zawiya,Bir Al-Ghanam,2026-03-24 21:48:27
SR010265,MED0388,Tripoli,Fashloum,2026-08-07 02:31:34
SR010266,MED0227,Benghazi,Al-Selmani,2026-08-19 13:03:17
SR010267,MED0104,Tripoli,Tajoura,2026-06-22 00:08:56
SR010268,MED0169,Tripoli,Gargaresh,2026-07-09 10:09:56
SR010269,MED0001,Benghazi,Al-Sabri,2026-05-29 18:44:12
SR010270,MED0330,Tripoli,Souq Al Juma'a,2026-07-19 10:54:52
SR010271,MED0176,Tripoli,Gargaresh,2026-05-30 06:09:01
SR010272,MED0068,Tripoli,Gargaresh,2026-08-11 23:15:48
SR010273,MED0259,Tripoli,Hay Al-Andalus,2026-08-19 06:11:48
SR010274,MED0205,Tripoli,Janzour,2026-06-21 09:44:55
SR010275,MED0470,Zawiya,Al-Mashtal,2026-06-19 01:03:55
SR010276,MED0320,Zawiya,Bir Al-Ghanam,2026-07-24 21:43:42
SR010277,MED0237,Tripoli,Ain Zara,2026-08-16 21:18:44
SR010278,MED0463,Misrata,Al-Karareem,2026-04-04 03:04:11
SR010279,MED0450,Tripoli,Janzour,2026-07-01 00:51:48
SR010280,MED0209,Tripoli,Ain Zara,2026-06-13 06:21:46
SR010281,MED0509,Tripoli,Janzour,2026-06-12 16:03:11
SR010282,MED0299,Tripoli,Gargaresh,2026-05-14 20:09:22
SR010283,MED0281,Tripoli,Ain Zara,2026-03-17 20:54:45
SR010284,MED0438,Tripoli,Gargaresh,2026-05-11 14:14:42
SR010285,MED0001,Sabha,Al-Manshiya,2026-07-09 18:51:48
SR010286,MED0259,Tripoli,Souq Al Juma'a,2026-05-19 06:07:05
SR010287,MED0231,Tripoli,Gargaresh,2026-06-12 22:27:55
SR010288,MED0243,Tripoli,Abu Salim,2026-05-22 04:04:41
SR010289,MED0248,Benghazi,Al-Fuwayhat,2026-08-07 11:39:35
SR010290,MED0449,Tripoli,Ain Zara,2026-05-04 10:11:17
SR010291,MED0206,Benghazi,Al-Sabri,2026-07-23 10:11:58
SR010292,MED0147,Tripoli,Hay Al-Andalus,2026-05-13 23:12:23
SR010293,MED0237,Benghazi,Al-Hadaeq,2026-06-25 04:30:49
SR010294,MED0194,Tripoli,Souq Al Juma'a,2026-04-21 18:38:08
SR010295,MED0238,Tripoli,Fashloum,2026-06-12 16:28:30
SR010296,MED0124,Tripoli,Gargaresh,2026-02-26 15:11:33
SR010297,MED0138,Benghazi,Al-Fuwayhat,2026-08-02 22:15:29
SR010298,MED0183,Tripoli,Ain Zara,2026-02-06 19:34:59
SR010299,MED0238,Tripoli,Abu Salim,2026-08-16 16:39:17
SR010300,MED0489,Tripoli,Hay Al-Andalus,2026-04-17 05:22:12
SR010301,MED0406,Benghazi,Al-Selmani,2026-03-23 16:10:53
SR010302,MED0399,Tripoli,Gargaresh,2026-07-05 10:23:59
SR010303,MED0359,Tripoli,Souq Al Juma'a,2026-03-21 17:11:58
SR010304,MED0207,Tripoli,Ain Zara,2026-07-23 21:22:47
SR010305,MED0377,Tripoli,Abu Salim,2026-07-23 22:46:35
SR010306,MED0381,Zawiya,Al-Mashtal,2026-06-02 05:49:23
SR010307,MED0286,Tripoli,Abu Salim,2026-06-02 22:31:40
SR010308,MED0434,Benghazi,Al-Sabri,2026-07-01 10:02:57
SR010309,MED0284,Benghazi,Al-Selmani,2026-04-24 16:11:00
SR010310,MED0348,Tripoli,Gargaresh,2026-07-24 05:32:10
SR010311,MED0144,Tripoli,Fashloum,2026-06-08 13:42:02
SR010312,MED0362,Sabha,Al-Manshiya,2026-07-20 14:07:42
SR010313,MED0082,Benghazi,Al-Fuwayhat,2026-05-24 00:34:21
SR010314,MED0291,Misrata,Al-Ghiran,2026-05-28 20:27:38
SR010315,MED0480,Misrata,Qasr Ahmad,2026-05-31 18:46:34
SR010316,MED0393,Tripoli,Abu Salim,2026-05-23 03:38:54
SR010317,MED0122,Tripoli,Ain Zara,2026-03-08 15:47:58
SR010318,MED0248,Benghazi,Al-Sabri,2026-07-03 07:24:44
SR010319,MED0328,Zliten,Al-Qasabat,2026-05-10 15:58:11
SR010320,MED0416,Tripoli,Souq Al Juma'a,2026-05-09 18:41:50
SR010321,MED0304,Tripoli,Janzour,2026-05-03 03:00:59
SR010322,MED0049,Misrata,Qasr Ahmad,2026-08-07 06:37:14
SR010323,MED0077,Tripoli,Hay Al-Andalus,2026-08-19 22:15:03
SR010324,MED0384,Tripoli,Fashloum,2026-07-27 06:12:15
SR010325,MED0259,Tripoli,Hay Al-Andalus,2026-07-27 19:09:05
SR010326,MED0026,Zawiya,Bir Al-Ghanam,2026-07-26 23:46:13
SR010327,MED0106,Sabha,Tayouri,2026-08-18 20:52:00
SR010328,MED0134,Misrata,Zawiyat Al-Mahjoub,2026-07-16 21:39:55
SR010329,MED0253,Tripoli,Janzour,2026-08-16 19:17:28
SR010330,MED0253,Tripoli,Ain Zara,2026-06-01 03:25:55
SR010331,MED0202,Tripoli,Abu Salim,2026-07-11 19:59:22
SR010332,MED0451,Tripoli,Hay Al-Andalus,2026-06-27 12:44:12
SR010333,MED0435,Tripoli,Abu Salim,2026-06-12 21:38:49
SR010334,MED0237,Tripoli,Janzour,2026-06-17 20:56:28
SR010335,MED0267,Benghazi,Al-Selmani,2026-06-23 06:40:32
SR010336,MED0245,Tripoli,Gargaresh,2026-07-05 16:10:46
SR010337,MED0489,Misrata,Al-Karareem,2026-06-25 19:50:44
SR010338,MED0455,Tripoli,Abu Salim,2026-07-19 15:44:36
SR010339,MED0456,Misrata,Al-Ghiran,2026-07-16 01:33:41
SR010340,MED0205,Tripoli,Ain Zara,2026-08-15 12:38:19
SR010341,MED0042,Benghazi,Al-Sabri,2026-05-27 20:39:58
SR010342,MED0339,Benghazi,Al-Sabri,2026-05-09 16:35:02
SR010343,MED0345,Tripoli,Abu Salim,2026-07-24 04:17:14
SR010344,MED0113,Tripoli,Hay Al-Andalus,2026-07-19 03:33:06
SR010345,MED0380,Zliten,Al-Qasabat,2026-07-30 00:59:32
SR010346,MED0510,Tripoli,Tajoura,2026-07-02 05:44:52
SR010347,MED0100,Tripoli,Souq Al Juma'a,2026-08-03 22:43:01
SR010348,MED0369,Tripoli,Gargaresh,2026-04-26 06:11:36
SR010349,MED0440,Benghazi,Al-Berka,2026-07-25 06:14:16
SR010350,MED0114,Benghazi,Al-Berka,2026-07-09 19:14:00
SR010351,MED0165,Benghazi,Al-Berka,2026-08-01 20:04:01
SR010352,MED0138,Tripoli,Hay Al-Andalus,2026-04-27 05:59:02
SR010353,MED0062,Tripoli,Souq Al Juma'a,2026-07-10 04:27:01
SR010354,MED0348,Misrata,Qasr Ahmad,2026-07-31 04:56:32
SR010355,MED0158,Tripoli,Hay Al-Andalus,2026-08-08 08:35:05
SR010356,MED0145,Tripoli,Ain Zara,2026-05-28 21:57:53
SR010357,MED0348,Tripoli,Gargaresh,2026-07-30 00:33:42
SR010358,MED0259,Benghazi,Al-Hadaeq,2026-02-20 12:05:45
SR010359,MED0369,Tripoli,Tajoura,2026-04-05 03:09:09
SR010360,MED0397,Tripoli,Abu Salim,2026-04-27 12:51:38
SR010361,MED0456,Tripoli,Hay Al-Andalus,2026-04-20 11:03:22
SR010362,MED0160,Benghazi,Al-Berka,2026-05-24 03:08:47
SR010363,MED0296,Tripoli,Hay Al-Andalus,2026-08-19 03:57:41
SR010364,MED0263,Zawiya,Al-Harsha,2026-07-19 11:02:32
SR010365,MED0480,Tripoli,Ain Zara,2026-07-18 04:12:40
SR010366,MED0360,Benghazi,Al-Fuwayhat,2026-04-28 21:32:07
SR010367,MED0366,Misrata,Qasr Ahmad,2026-05-16 00:38:30
SR010368,MED0113,Tripoli,Souq Al Juma'a,2026-08-10 19:15:22
SR010369,MED0046,Tripoli,Abu Salim,2026-06-21 10:48:33
SR010370,MED0007,Misrata,Al-Ghiran,2026-04-12 00:38:07
SR010371,MED0369,Tripoli,Abu Salim,2026-06-14 02:53:46
SR010372,MED0488,Tripoli,Souq Al Juma'a,2026-06-04 21:13:49
SR010373,MED0218,Tripoli,Ain Zara,2026-06-06 18:45:36
SR010374,MED0075,Zliten,Souq Al-Thulatha,2026-07-17 03:12:01
SR010375,MED0325,Tripoli,Fashloum,2026-06-21 03:28:30
SR010376,MED0027,Benghazi,Al-Berka,2026-08-07 07:13:58
SR010377,MED0216,Misrata,Zawiyat Al-Mahjoub,2026-07-25 18:02:05
SR010378,MED0237,Zawiya,Al-Mashtal,2026-07-04 07:45:12
SR010379,MED0249,Tripoli,Souq Al Juma'a,2026-08-16 10:13:08
SR010380,MED0138,Benghazi,Al-Fuwayhat,2026-07-15 15:29:25
SR010381,MED0126,Misrata,Al-Ghiran,2026-06-20 22:55:48
SR010382,MED0192,Zliten,Al-Qasabat,2026-06-17 00:24:07
SR010383,MED0185,Benghazi,Al-Fuwayhat,2026-06-25 17:30:31
SR010384,MED0468,Tripoli,Hay Al-Andalus,2026-08-03 12:09:45
SR010385,MED0028,Tripoli,Hay Al-Andalus,2026-07-27 02:17:02
SR010386,MED0365,Misrata,Al-Ghiran,2026-08-16 06:07:44
SR010387,MED0468,Tripoli,Janzour,2026-07-24 20:01:57
SR010388,MED0488,Benghazi,Al-Berka,2026-07-20 02:36:40
SR010389,MED0101,Misrata,Zawiyat Al-Mahjoub,2026-07-13 10:39:55
SR010390,MED0134,Tripoli,Hay Al-Andalus,2026-07-02 21:00:29
SR010391,MED0162,Tripoli,Fashloum,2026-07-25 11:52:39
SR010392,MED0054,Zawiya,Bir Al-Ghanam,2026-06-30 10:49:24
SR010393,MED0215,Tripoli,Janzour,2026-08-01 04:09:16
SR010394,MED0164,Tripoli,Fashloum,2026-07-08 05:59:16
SR010395,MED0172,Misrata,Al-Ghiran,2026-07-26 18:55:32
SR010396,MED0157,Misrata,Al-Ghiran,2026-06-10 21:19:57
SR010397,MED0220,Tripoli,Hay Al-Andalus,2026-06-18 23:50:47
SR010398,MED0297,Tripoli,Tajoura,2026-05-23 16:26:34
SR010399,MED0335,Tripoli,Ain Zara,2026-01-11 12:53:08
SR010400,MED0374,Tripoli,Gargaresh,2026-08-09 05:18:01
SR010401,MED0095,Benghazi,Al-Fuwayhat,2026-07-17 03:23:26
SR010402,MED0449,Tripoli,Fashloum,2026-06-20 02:11:00
SR010403,MED0398,Sabha,Tayouri,2026-06-27 10:52:29
SR010404,MED0004,Benghazi,Al-Fuwayhat,2026-04-04 10:29:51
SR010405,MED0332,Tripoli,Tajoura,2026-08-04 03:12:52
SR010406,MED0091,Tripoli,Tajoura,2026-02-13 08:37:34
SR010407,MED0463,Tripoli,Hay Al-Andalus,2026-05-22 22:24:37
SR010408,MED0247,Tripoli,Gargaresh,2026-06-16 19:53:34
SR010409,MED0457,Tripoli,Souq Al Juma'a,2026-07-19 22:24:08
SR010410,MED0108,Misrata,Al-Karareem,2026-08-11 06:00:16
SR010411,MED0057,Benghazi,Al-Berka,2026-04-21 13:58:17
SR010412,MED0202,Tripoli,Hay Al-Andalus,2026-07-22 02:37:34
SR010413,MED0436,Tripoli,Fashloum,2026-08-03 10:12:37
SR010414,MED0365,Tripoli,Fashloum,2026-06-29 01:44:53
SR010415,MED0157,Tripoli,Abu Salim,2026-07-26 10:09:13
SR010416,MED0368,Tripoli,Tajoura,2026-06-06 16:12:18
SR010417,MED0232,Tripoli,Gargaresh,2026-04-06 19:25:35
SR010418,MED0439,Benghazi,Al-Hadaeq,2026-04-13 13:39:58
SR010419,MED0316,Tripoli,Tajoura,2026-07-29 14:37:23
SR010420,MED0081,Tripoli,Hay Al-Andalus,2026-08-19 04:14:17
SR010421,MED0247,Misrata,Al-Ghiran,2026-06-02 03:33:56
SR010422,MED0381,Zawiya,Al-Mashtal,2026-08-13 22:30:02
SR010423,MED0447,Benghazi,Al-Berka,2026-06-25 08:12:03
SR010424,MED0263,Zawiya,Al-Mashtal,2026-05-31 21:50:45
SR010425,MED0362,Tripoli,Gargaresh,2026-05-20 23:43:22
SR010426,MED0029,Tripoli,Fashloum,2026-04-17 16:53:12
SR010427,MED0353,Tripoli,Janzour,2026-07-04 21:04:24
SR010428,MED0506,Tripoli,Gargaresh,2026-08-15 17:28:04
SR010429,MED0444,Tripoli,Tajoura,2026-07-07 15:59:42
SR010430,MED0399,Benghazi,Al-Fuwayhat,2026-08-12 18:23:31
SR010431,MED0433,Tripoli,Fashloum,2026-07-12 02:55:52
SR010432,MED0514,Misrata,Al-Karareem,2026-08-08 02:25:10
SR010433,MED0486,Tripoli,Fashloum,2026-07-09 18:57:13
SR010434,MED0386,Tripoli,Janzour,2026-05-10 03:23:17
SR010435,MED0369,Tripoli,Tajoura,2026-05-10 07:46:49
SR010436,MED0041,Benghazi,Al-Hadaeq,2026-07-17 14:47:29
SR010437,MED0088,Tripoli,Janzour,2026-04-16 21:14:02
SR010438,MED0222,Tripoli,Gargaresh,2026-05-30 13:10:31
SR010439,MED0489,Tripoli,Souq Al Juma'a,2026-05-16 11:50:38
SR010440,MED0042,Tripoli,Janzour,2026-08-07 06:03:18
SR010441,MED0213,Tripoli,Hay Al-Andalus,2026-06-27 21:33:17
SR010442,MED0472,Zawiya,Bir Al-Ghanam,2026-06-20 03:55:48
SR010443,MED0464,Tripoli,Ain Zara,2026-08-04 20:31:20
SR010444,MED0386,Benghazi,Al-Sabri,2026-07-19 12:04:30
SR010445,MED0147,Tripoli,Gargaresh,2026-04-18 03:12:17
SR010446,MED0308,Tripoli,Ain Zara,2026-06-03 20:26:00
SR010447,MED0119,Benghazi,Al-Hadaeq,2026-08-04 06:57:59
SR010448,MED0510,Zawiya,Al-Harsha,2026-07-08 05:09:20
SR010449,MED0096,Misrata,Al-Ghiran,2026-07-16 11:37:50
SR010450,MED0250,Benghazi,Al-Hadaeq,2026-07-12 03:50:35
SR010451,MED0420,Sabha,Al-Manshiya,2026-08-12 14:37:59
SR010452,MED0332,Tripoli,Abu Salim,2026-03-27 09:01:18
SR010453,MED0339,Tripoli,Souq Al Juma'a,2026-08-07 22:07:34
SR010454,MED0497,Tripoli,Souq Al Juma'a,2026-08-19 03:05:51
SR010455,MED0508,Tripoli,Hay Al-Andalus,2026-07-23 20:24:01
SR010456,MED0209,Tripoli,Gargaresh,2026-05-30 16:42:30
SR010457,MED0157,Tripoli,Fashloum,2026-05-29 03:30:05
SR010458,MED0381,Tripoli,Abu Salim,2026-07-27 03:58:29
SR010459,MED0070,Zawiya,Al-Harsha,2026-07-15 00:20:12
SR010460,MED0303,Tripoli,Gargaresh,2026-07-10 12:31:53
SR010461,MED0158,Misrata,Zawiyat Al-Mahjoub,2026-06-04 12:56:33
SR010462,MED0299,Tripoli,Abu Salim,2026-07-17 09:25:35
SR010463,MED0051,Tripoli,Abu Salim,2026-05-16 23:19:29
SR010464,MED0104,Benghazi,Al-Fuwayhat,2026-03-31 13:12:53
SR010465,MED0213,Zliten,Souq Al-Thulatha,2026-05-05 21:55:15
SR010466,MED0274,Tripoli,Fashloum,2026-07-22 08:04:38
SR010467,MED0240,Benghazi,Al-Hadaeq,2026-08-05 04:30:32
SR010468,MED0463,Tripoli,Abu Salim,2026-06-30 04:59:03
SR010469,MED0025,Misrata,Zawiyat Al-Mahjoub,2026-07-28 09:47:07
SR010470,MED0156,Benghazi,Al-Hadaeq,2026-05-31 07:25:22
SR010471,MED0008,Tripoli,Hay Al-Andalus,2026-08-01 05:38:05
SR010472,MED0327,Tripoli,Janzour,2026-06-26 03:57:54
SR010473,MED0080,Tripoli,Abu Salim,2026-03-27 10:21:46
SR010474,MED0200,Benghazi,Al-Hadaeq,2026-07-21 09:48:49
SR010475,MED0406,Benghazi,Al-Berka,2026-05-26 03:45:24
SR010476,MED0122,Tripoli,Fashloum,2026-06-21 13:49:54
SR010477,MED0119,Tripoli,Hay Al-Andalus,2026-08-11 08:34:57
SR010478,MED0478,Zawiya,Al-Mashtal,2026-08-13 10:40:22
SR010479,MED0075,Misrata,Al-Karareem,2026-06-09 20:23:47
SR010480,MED0475,Benghazi,Al-Fuwayhat,2026-08-10 14:08:38
SR010481,MED0231,Benghazi,Al-Selmani,2026-05-10 13:34:20
SR010482,MED0365,Tripoli,Janzour,2026-03-23 19:09:03
SR010483,MED0448,Tripoli,Abu Salim,2026-05-12 22:10:40
SR010484,MED0369,Benghazi,Al-Selmani,2026-03-20 11:17:12
SR010485,MED0227,Tripoli,Ain Zara,2026-05-29 21:15:49
SR010486,MED0452,Tripoli,Abu Salim,2026-07-05 20:26:22
SR010487,MED0448,Tripoli,Souq Al Juma'a,2026-08-08 03:33:02
SR010488,MED0018,Tripoli,Ain Zara,2026-06-21 20:35:20
SR010489,MED0467,Tripoli,Abu Salim,2026-08-16 17:00:32
SR010490,MED0058,Tripoli,Hay Al-Andalus,2026-06-15 13:12:44
SR010491,MED0016,Tripoli,Abu Salim,2026-06-04 12:41:00
SR010492,MED0198,Tripoli,Janzour,2026-07-04 08:01:02
SR010493,MED0248,Misrata,Qasr Ahmad,2026-06-13 18:23:30
SR010494,MED0021,Tripoli,Tajoura,2026-07-26 16:08:14
SR010495,MED0241,Tripoli,Tajoura,2026-04-27 00:49:32
SR010496,MED0302,Sabha,Al-Dawwar,2026-06-25 11:08:17
SR010497,MED0337,Misrata,Zawiyat Al-Mahjoub,2026-07-30 12:09:04
SR010498,MED0039,Benghazi,Al-Berka,2026-06-27 10:29:42
SR010499,MED0417,Tripoli,Fashloum,2026-07-31 02:46:25
SR010500,MED0323,Benghazi,Al-Sabri,2026-07-27 06:20:35
SR010501,MED0041,Misrata,Al-Ghiran,2026-08-09 23:19:08
SR010502,MED0437,Tripoli,Abu Salim,2026-08-14 22:50:08
SR010503,MED0466,Tripoli,Abu Salim,2026-06-03 16:32:21
SR010504,MED0254,Tripoli,Abu Salim,2026-02-21 21:24:34
SR010505,MED0486,Benghazi,Al-Berka,2026-08-17 10:50:30
SR010506,MED0445,Benghazi,Al-Hadaeq,2026-07-09 02:50:11
SR010507,MED0289,Tripoli,Hay Al-Andalus,2026-08-18 02:19:13
SR010508,MED0367,Zliten,Souq Al-Thulatha,2026-07-05 11:32:48
SR010509,MED0411,Sabha,Al-Dawwar,2026-05-17 01:12:17
SR010510,MED0219,Tripoli,Ain Zara,2026-04-28 19:37:16
SR010511,MED0212,Tripoli,Gargaresh,2026-06-25 12:33:37
SR010512,MED0490,Tripoli,Hay Al-Andalus,2026-07-02 17:32:44
SR010513,MED0461,Tripoli,Fashloum,2026-06-15 08:10:23
SR010514,MED0138,Sabha,Al-Manshiya,2026-07-16 02:55:22
SR010515,MED0265,Benghazi,Al-Selmani,2026-08-01 12:30:52
SR010516,MED0362,Zawiya,Bir Al-Ghanam,2026-08-04 01:19:53
SR010517,MED0074,Tripoli,Hay Al-Andalus,2026-06-10 20:00:56
SR010518,MED0213,Tripoli,Hay Al-Andalus,2026-06-03 05:18:01
SR010519,MED0028,Tripoli,Janzour,2026-04-26 14:35:49
SR010520,MED0135,Tripoli,Tajoura,2026-01-07 21:55:38
SR010521,MED0437,Zawiya,Bir Al-Ghanam,2026-07-23 20:20:34
SR010522,MED0057,Benghazi,Al-Fuwayhat,2026-07-12 16:40:13
SR010523,MED0225,Benghazi,Al-Hadaeq,2026-06-20 03:29:08
SR010524,MED0226,Tripoli,Abu Salim,2026-07-08 17:11:22
SR010525,MED0075,Tripoli,Janzour,2026-05-26 02:46:43
SR010526,MED0376,Tripoli,Tajoura,2026-06-05 16:04:38
SR010527,MED0255,Benghazi,Al-Berka,2026-05-28 18:43:51
SR010528,MED0119,Tripoli,Fashloum,2026-05-22 16:45:12
SR010529,MED0436,Benghazi,Al-Fuwayhat,2026-05-26 22:44:59
SR010530,MED0054,Tripoli,Souq Al Juma'a,2026-07-26 14:28:37
SR010531,MED0083,Tripoli,Abu Salim,2026-03-31 18:43:36
SR010532,MED0032,Tripoli,Janzour,2026-08-07 08:44:36
SR010533,MED0207,Misrata,Al-Ghiran,2026-04-21 11:23:06
SR010534,MED0305,Tripoli,Souq Al Juma'a,2026-08-01 19:24:21
SR010535,MED0493,Tripoli,Fashloum,2026-07-31 07:31:05
SR010536,MED0187,Tripoli,Hay Al-Andalus,2026-05-25 11:22:13
SR010537,MED0287,Tripoli,Janzour,2026-07-27 04:25:53
SR010538,MED0055,Tripoli,Gargaresh,2026-07-08 02:44:14
SR010539,MED0133,Tripoli,Hay Al-Andalus,2026-08-07 16:05:52
SR010540,MED0350,Tripoli,Ain Zara,2026-05-25 19:37:53
SR010541,MED0096,Benghazi,Al-Hadaeq,2026-06-17 02:08:38
SR010542,MED0483,Tripoli,Ain Zara,2026-07-02 06:09:09
SR010543,MED0475,Benghazi,Al-Berka,2026-04-25 02:32:00
SR010544,MED0307,Tripoli,Hay Al-Andalus,2026-08-19 17:52:31
SR010545,MED0329,Benghazi,Al-Fuwayhat,2026-06-06 06:44:05
SR010546,MED0316,Tripoli,Hay Al-Andalus,2026-04-07 00:40:58
SR010547,MED0183,Tripoli,Abu Salim,2026-08-10 02:01:08
SR010548,MED0463,Tripoli,Tajoura,2026-07-05 08:04:29
SR010549,MED0256,Tripoli,Souq Al Juma'a,2026-04-25 21:32:30
SR010550,MED0144,Tripoli,Janzour,2026-05-20 19:52:57
SR010551,MED0417,Benghazi,Al-Hadaeq,2026-07-11 01:58:12
SR010552,MED0018,Benghazi,Al-Sabri,2026-06-09 06:21:32
SR010553,MED0271,Benghazi,Al-Fuwayhat,2026-06-25 21:58:36
SR010554,MED0103,Tripoli,Souq Al Juma'a,2026-07-29 03:54:53
SR010555,MED0025,Zawiya,Bir Al-Ghanam,2026-07-24 00:54:42
SR010556,MED0393,Tripoli,Janzour,2026-04-23 11:23:43
SR010557,MED0114,Benghazi,Al-Sabri,2026-05-15 01:56:04
SR010558,MED0224,Tripoli,Abu Salim,2026-07-31 22:28:00
SR010559,MED0004,Tripoli,Souq Al Juma'a,2026-08-13 20:40:35
SR010560,MED0017,Tripoli,Ain Zara,2026-06-08 04:21:28
SR010561,MED0030,Tripoli,Abu Salim,2026-04-21 20:33:15
SR010562,MED0479,Zawiya,Al-Mashtal,2026-05-12 15:35:01
SR010563,MED0075,Benghazi,Al-Hadaeq,2026-05-10 22:14:35
SR010564,MED0506,Tripoli,Gargaresh,2026-04-15 00:24:10
SR010565,MED0061,Tripoli,Hay Al-Andalus,2026-06-14 04:28:33
SR010566,MED0041,Benghazi,Al-Selmani,2026-04-26 16:16:11
SR010567,MED0261,Zawiya,Bir Al-Ghanam,2026-07-30 08:16:05
SR010568,MED0339,Misrata,Zawiyat Al-Mahjoub,2026-06-02 03:50:53
SR010569,MED0364,Tripoli,Tajoura,2026-02-07 11:40:18
SR010570,MED0258,Misrata,Al-Karareem,2026-06-06 05:07:26
SR010571,MED0016,Misrata,Qasr Ahmad,2026-04-20 18:15:33
SR010572,MED0350,Tripoli,Souq Al Juma'a,2026-05-12 15:28:53
SR010573,MED0496,Benghazi,Al-Fuwayhat,2026-08-04 00:37:19
SR010574,MED0002,Tripoli,Abu Salim,2026-08-01 21:53:15
SR010575,MED0315,Tripoli,Abu Salim,2026-04-30 14:06:56
SR010576,MED0488,Tripoli,Abu Salim,2026-05-31 11:52:27
SR010577,MED0129,Tripoli,Tajoura,2026-07-25 15:12:58
SR010578,MED0021,Tripoli,Abu Salim,2026-06-19 04:53:11
SR010579,MED0029,Tripoli,Fashloum,2026-08-16 22:16:55
SR010580,MED0365,Tripoli,Souq Al Juma'a,2026-07-12 08:21:22
SR010581,MED0386,Zawiya,Al-Mashtal,2026-07-11 00:07:07
SR010582,MED0114,Tripoli,Souq Al Juma'a,2026-08-07 22:13:29
SR010583,MED0405,Tripoli,Souq Al Juma'a,2026-08-11 13:04:09
SR010584,MED0421,Zawiya,Bir Al-Ghanam,2026-06-24 16:52:06
SR010585,MED0474,Zliten,Al-Qasabat,2026-07-10 06:32:12
SR010586,MED0042,Tripoli,Janzour,2026-07-08 19:12:16
SR010587,MED0237,Zawiya,Al-Mashtal,2026-06-11 22:35:12
SR010588,MED0474,Tripoli,Souq Al Juma'a,2026-05-07 03:26:38
SR010589,MED0035,Benghazi,Al-Fuwayhat,2026-07-06 09:44:32
SR010590,MED0141,Tripoli,Abu Salim,2026-08-09 23:24:59
SR010591,MED0497,Tripoli,Abu Salim,2026-06-25 22:46:28
SR010592,MED0091,Tripoli,Fashloum,2026-07-26 08:50:36
SR010593,MED0150,Tripoli,Souq Al Juma'a,2026-06-24 01:19:28
SR010594,MED0413,Tripoli,Janzour,2026-06-03 10:17:53
SR010595,MED0445,Zliten,Souq Al-Thulatha,2026-04-28 02:43:10
SR010596,MED0020,Benghazi,Al-Sabri,2026-08-03 19:00:21
SR010597,MED0326,Tripoli,Abu Salim,2026-08-06 19:58:23
SR010598,MED0428,Tripoli,Fashloum,2026-05-27 20:02:08
SR010599,MED0196,Tripoli,Janzour,2026-07-15 16:01:58
SR010600,MED0192,Tripoli,Hay Al-Andalus,2026-07-05 19:21:28
SR010601,MED0451,Misrata,Al-Ghiran,2026-07-18 14:05:09
SR010602,MED0447,Tripoli,Hay Al-Andalus,2026-08-05 05:14:35
SR010603,MED0518,Tripoli,Abu Salim,2026-08-06 01:34:15
SR010604,MED0467,Tripoli,Abu Salim,2026-07-19 07:36:20
SR010605,MED0183,Sabha,Al-Dawwar,2026-06-30 14:12:16
SR010606,MED0079,Benghazi,Al-Fuwayhat,2026-08-15 11:20:03
SR010607,MED0357,Zawiya,Al-Harsha,2026-08-05 04:15:51
SR010608,MED0412,Misrata,Zawiyat Al-Mahjoub,2026-04-18 12:55:06
SR010609,MED0023,Tripoli,Gargaresh,2026-08-01 08:22:32
SR010610,MED0457,Tripoli,Fashloum,2026-07-06 23:08:53
SR010611,MED0019,Benghazi,Al-Selmani,2026-06-28 18:31:24
SR010612,MED0019,Tripoli,Fashloum,2026-07-19 19:25:29
SR010613,MED0306,Tripoli,Hay Al-Andalus,2026-05-09 20:01:56
SR010614,MED0421,Tripoli,Janzour,2026-07-02 03:53:00
SR010615,MED0029,Tripoli,Tajoura,2026-08-09 14:34:57
SR010616,MED0499,Tripoli,Gargaresh,2026-06-29 19:24:43
SR010617,MED0026,Misrata,Qasr Ahmad,2026-06-05 00:46:36
SR010618,MED0241,Tripoli,Fashloum,2026-06-09 00:43:03
SR010619,MED0025,Tripoli,Fashloum,2026-05-20 01:45:25
SR010620,MED0237,Misrata,Qasr Ahmad,2026-07-16 02:02:34
SR010621,MED0308,Sabha,Al-Dawwar,2026-05-17 19:57:23
SR010622,MED0337,Tripoli,Souq Al Juma'a,2026-07-25 01:15:41
SR010623,MED0459,Zawiya,Al-Harsha,2026-06-03 16:55:19
SR010624,MED0389,Tripoli,Abu Salim,2026-06-11 10:46:43
SR010625,MED0160,Benghazi,Al-Fuwayhat,2026-08-05 15:11:44
SR010626,MED0077,Tripoli,Hay Al-Andalus,2026-07-08 20:59:34
SR010627,MED0065,Tripoli,Hay Al-Andalus,2026-07-06 03:20:42
SR010628,MED0079,Tripoli,Gargaresh,2026-07-02 01:40:40
SR010629,MED0270,Tripoli,Gargaresh,2026-07-06 14:58:12
SR010630,MED0198,Tripoli,Hay Al-Andalus,2026-07-28 14:54:14
SR010631,MED0346,Tripoli,Abu Salim,2026-07-11 16:29:12
SR010632,MED0317,Tripoli,Souq Al Juma'a,2026-06-06 20:56:05
SR010633,MED0399,Benghazi,Al-Fuwayhat,2026-08-08 21:30:51
SR010634,MED0365,Tripoli,Gargaresh,2026-03-04 05:11:42
SR010635,MED0063,Tripoli,Souq Al Juma'a,2026-05-25 20:52:55
SR010636,MED0105,Tripoli,Ain Zara,2026-08-18 02:29:56
SR010637,MED0505,Tripoli,Janzour,2026-07-15 20:09:10
SR010638,MED0237,Benghazi,Al-Hadaeq,2026-05-11 19:31:57
SR010639,MED0139,Misrata,Zawiyat Al-Mahjoub,2026-07-01 12:44:18
SR010640,MED0027,Tripoli,Janzour,2026-05-28 12:50:53
SR010641,MED0117,Benghazi,Al-Fuwayhat,2026-07-05 05:21:00
SR010642,MED0238,Benghazi,Al-Selmani,2026-06-03 08:56:56
SR010643,MED0093,Benghazi,Al-Fuwayhat,2026-07-23 10:44:26
SR010644,MED0257,Tripoli,Fashloum,2026-04-01 14:54:34
SR010645,MED0133,Tripoli,Tajoura,2026-07-03 05:31:16
SR010646,MED0230,Tripoli,Souq Al Juma'a,2026-04-20 04:49:50
SR010647,MED0284,Tripoli,Gargaresh,2026-05-02 06:09:27
SR010648,MED0290,Tripoli,Souq Al Juma'a,2026-02-21 03:48:00
SR010649,MED0313,Tripoli,Fashloum,2026-07-02 04:45:55
SR010650,MED0064,Sabha,Al-Dawwar,2026-05-06 01:15:23
SR010651,MED0265,Tripoli,Abu Salim,2026-06-30 09:05:31
SR010652,MED0056,Tripoli,Janzour,2026-07-04 13:12:47
SR010653,MED0162,Tripoli,Abu Salim,2026-07-13 21:37:25
SR010654,MED0434,Zliten,Al-Qasabat,2026-08-04 03:37:08
SR010655,MED0283,Tripoli,Gargaresh,2026-07-27 21:51:27
SR010656,MED0213,Tripoli,Tajoura,2026-03-29 21:00:34
SR010657,MED0057,Benghazi,Al-Berka,2026-08-13 15:59:44
SR010658,MED0439,Misrata,Al-Karareem,2026-06-10 20:08:59
SR010659,MED0147,Tripoli,Abu Salim,2026-06-23 21:14:29
SR010660,MED0026,Tripoli,Tajoura,2026-07-09 01:48:56
SR010661,MED0241,Misrata,Qasr Ahmad,2026-07-17 22:29:55
SR010662,MED0517,Tripoli,Ain Zara,2026-06-29 03:56:25
SR010663,MED0134,Tripoli,Hay Al-Andalus,2026-04-17 01:38:03
SR010664,MED0262,Benghazi,Al-Fuwayhat,2026-08-09 19:30:23
SR010665,MED0356,Tripoli,Souq Al Juma'a,2026-07-16 21:44:44
SR010666,MED0313,Tripoli,Gargaresh,2026-08-15 14:23:01
SR010667,MED0282,Tripoli,Gargaresh,2026-08-07 23:57:10
SR010668,MED0461,Tripoli,Souq Al Juma'a,2026-07-07 20:07:01
SR010669,MED0477,Tripoli,Hay Al-Andalus,2026-08-13 01:39:18
SR010670,MED0309,Benghazi,Al-Fuwayhat,2026-07-05 09:29:06
SR010671,MED0156,Tripoli,Fashloum,2026-07-24 12:53:21
SR010672,MED0439,Tripoli,Gargaresh,2026-04-14 14:45:31
SR010673,MED0164,Zliten,Al-Qasabat,2026-07-06 05:00:58
SR010674,MED0044,Sabha,Al-Dawwar,2026-05-13 21:13:06
SR010675,MED0199,Tripoli,Souq Al Juma'a,2026-06-01 09:48:39
SR010676,MED0420,Tripoli,Abu Salim,2026-07-27 07:06:24
SR010677,MED0031,Tripoli,Abu Salim,2026-06-08 08:50:52
SR010678,MED0006,Tripoli,Souq Al Juma'a,2026-08-14 14:32:58
SR010679,MED0331,Tripoli,Hay Al-Andalus,2026-06-04 17:03:36
SR010680,MED0153,Tripoli,Hay Al-Andalus,2026-07-25 00:40:49
SR010681,MED0119,Tripoli,Souq Al Juma'a,2026-06-19 19:58:00
SR010682,MED0350,Benghazi,Al-Fuwayhat,2026-07-18 20:12:07
SR010683,MED0505,Tripoli,Souq Al Juma'a,2026-08-12 05:13:07
SR010684,MED0089,Tripoli,Tajoura,2026-08-11 05:13:07
SR010685,MED0349,Tripoli,Tajoura,2026-04-12 00:07:11
SR010686,MED0098,Misrata,Qasr Ahmad,2026-07-01 01:59:34
SR010687,MED0127,Tripoli,Gargaresh,2026-05-24 13:21:53
SR010688,MED0056,Tripoli,Tajoura,2026-05-17 16:22:59
SR010689,MED0161,Tripoli,Janzour,2026-07-14 09:16:00
SR010690,MED0046,Tripoli,Gargaresh,2026-07-01 20:36:56
SR010691,MED0402,Tripoli,Tajoura,2026-06-15 05:59:27
SR010692,MED0001,Tripoli,Ain Zara,2026-05-23 14:46:36
SR010693,MED0172,Tripoli,Gargaresh,2026-06-22 10:58:36
SR010694,MED0057,Tripoli,Tajoura,2026-06-02 07:17:45
SR010695,MED0466,Misrata,Al-Karareem,2026-07-24 22:12:10
SR010696,MED0045,Misrata,Qasr Ahmad,2026-03-17 11:07:01
SR010697,MED0010,Benghazi,Al-Selmani,2026-06-09 16:33:21
SR010698,MED0390,Tripoli,Abu Salim,2026-05-23 11:25:09
SR010699,MED0304,Tripoli,Souq Al Juma'a,2026-07-28 18:17:52
SR010700,MED0019,Tripoli,Hay Al-Andalus,2026-06-29 20:25:25
SR010701,MED0385,Benghazi,Al-Berka,2026-05-26 22:07:48
SR010702,MED0016,Tripoli,Gargaresh,2026-03-31 05:31:30
SR010703,MED0237,Tripoli,Hay Al-Andalus,2026-06-23 19:04:14
SR010704,MED0167,Benghazi,Al-Berka,2026-08-01 04:59:20
SR010705,MED0303,Tripoli,Janzour,2026-08-20 02:07:57
SR010706,MED0438,Tripoli,Fashloum,2026-06-21 06:17:44
SR010707,MED0478,Benghazi,Al-Berka,2026-06-17 18:01:56
SR010708,MED0299,Tripoli,Tajoura,2026-07-14 16:20:22
SR010709,MED0501,Zawiya,Al-Harsha,2026-06-23 12:28:12
SR010710,MED0241,Tripoli,Fashloum,2026-07-15 01:52:24
SR010711,MED0492,Tripoli,Tajoura,2026-08-07 18:58:34
SR010712,MED0254,Benghazi,Al-Sabri,2026-05-26 18:39:55
SR010713,MED0421,Sabha,Al-Manshiya,2026-05-29 03:39:29
SR010714,MED0176,Benghazi,Al-Sabri,2026-07-17 08:07:11
SR010715,MED0236,Tripoli,Tajoura,2026-07-21 15:51:46
SR010716,MED0019,Tripoli,Hay Al-Andalus,2026-06-30 13:48:21
SR010717,MED0201,Tripoli,Fashloum,2026-07-10 16:05:10
SR010718,MED0020,Tripoli,Tajoura,2026-05-27 12:46:03
SR010719,MED0204,Zliten,Al-Qasabat,2026-06-25 18:03:41
SR010720,MED0077,Tripoli,Tajoura,2026-08-05 02:38:44
SR010721,MED0456,Tripoli,Abu Salim,2026-06-21 17:21:32
SR010722,MED0194,Tripoli,Souq Al Juma'a,2026-06-04 23:46:34
SR010723,MED0467,Tripoli,Janzour,2026-05-17 15:54:11
SR010724,MED0047,Sabha,Al-Dawwar,2026-06-24 19:58:14
SR010725,MED0075,Tripoli,Janzour,2026-07-15 23:16:22
SR010726,MED0173,Tripoli,Abu Salim,2026-07-03 01:59:27
SR010727,MED0460,Benghazi,Al-Hadaeq,2026-07-09 18:06:36
SR010728,MED0390,Tripoli,Gargaresh,2026-07-21 01:44:16
SR010729,MED0468,Tripoli,Gargaresh,2026-08-09 05:35:21
SR010730,MED0457,Tripoli,Fashloum,2026-07-26 22:02:49
SR010731,MED0346,Benghazi,Al-Sabri,2026-07-17 16:10:51
SR010732,MED0026,Tripoli,Abu Salim,2026-08-08 08:26:08
SR010733,MED0253,Tripoli,Abu Salim,2026-06-29 11:19:16
SR010734,MED0472,Tripoli,Souq Al Juma'a,2026-07-06 13:34:18
SR010735,MED0305,Tripoli,Abu Salim,2026-07-16 09:32:27
SR010736,MED0399,Benghazi,Al-Hadaeq,2026-05-30 05:41:55
SR010737,MED0421,Tripoli,Ain Zara,2026-07-22 18:31:31
SR010738,MED0358,Tripoli,Janzour,2026-06-19 18:25:48
SR010739,MED0170,Tripoli,Ain Zara,2026-07-21 23:37:17
SR010740,MED0036,Tripoli,Janzour,2026-08-04 12:44:33
SR010741,MED0355,Tripoli,Abu Salim,2026-06-04 08:17:32
SR010742,MED0426,Tripoli,Ain Zara,2026-08-03 04:05:39
SR010743,MED0154,Misrata,Zawiyat Al-Mahjoub,2026-07-31 02:47:08
SR010744,MED0352,Tripoli,Gargaresh,2026-05-25 05:15:07
SR010745,MED0457,Tripoli,Souq Al Juma'a,2026-06-21 23:13:13
SR010746,MED0498,Tripoli,Fashloum,2026-03-10 07:13:21
SR010747,MED0074,Tripoli,Abu Salim,2026-08-15 13:34:31
SR010748,MED0007,Benghazi,Al-Fuwayhat,2026-05-29 15:32:41
SR010749,MED0411,Tripoli,Fashloum,2026-06-14 19:03:30
SR010750,MED0333,Tripoli,Tajoura,2026-07-14 15:39:14
SR010751,MED0066,Misrata,Al-Karareem,2026-07-15 16:26:27
SR010752,MED0050,Tripoli,Hay Al-Andalus,2026-05-25 21:04:35
SR010753,MED0013,Tripoli,Abu Salim,2026-07-05 21:12:51
SR010754,MED0325,Tripoli,Fashloum,2026-04-01 15:15:58
SR010755,MED0297,Tripoli,Abu Salim,2026-07-16 17:57:33
SR010756,MED0053,Tripoli,Abu Salim,2026-06-05 16:46:52
SR010757,MED0468,Tripoli,Souq Al Juma'a,2026-08-07 14:12:52
SR010758,MED0289,Tripoli,Ain Zara,2026-06-25 00:53:16
SR010759,MED0066,Tripoli,Gargaresh,2026-07-18 20:06:05
SR010760,MED0074,Sabha,Al-Dawwar,2026-05-14 11:52:35
SR010761,MED0512,Tripoli,Hay Al-Andalus,2026-04-19 09:17:33
SR010762,MED0060,Benghazi,Al-Sabri,2026-08-06 19:50:37
SR010763,MED0364,Tripoli,Janzour,2026-07-05 05:28:22
SR010764,MED0095,Tripoli,Gargaresh,2026-07-12 19:19:24
SR010765,MED0213,Benghazi,Al-Selmani,2026-05-28 08:32:39
SR010766,MED0258,Benghazi,Al-Fuwayhat,2026-08-08 19:29:31
SR010767,MED0082,Tripoli,Souq Al Juma'a,2026-06-11 12:46:33
SR010768,MED0436,Tripoli,Fashloum,2026-07-17 15:57:48
SR010769,MED0255,Tripoli,Hay Al-Andalus,2026-07-27 18:59:17
SR010770,MED0436,Tripoli,Tajoura,2026-06-25 13:50:04
SR010771,MED0341,Tripoli,Ain Zara,2026-08-06 08:33:57
SR010772,MED0353,Tripoli,Tajoura,2026-08-08 03:50:26
SR010773,MED0222,Misrata,Qasr Ahmad,2026-04-22 19:08:09
SR010774,MED0494,Misrata,Qasr Ahmad,2026-07-30 14:44:04
SR010775,MED0246,Tripoli,Abu Salim,2026-05-12 17:40:16
SR010776,MED0450,Sabha,Al-Manshiya,2026-06-12 21:33:07
SR010777,MED0019,Tripoli,Gargaresh,2026-06-22 16:03:33
SR010778,MED0189,Tripoli,Gargaresh,2026-07-04 16:51:00
SR010779,MED0045,Misrata,Al-Ghiran,2026-06-05 00:54:27
SR010780,MED0259,Tripoli,Ain Zara,2026-07-25 13:59:04
SR010781,MED0033,Tripoli,Abu Salim,2026-08-08 00:13:49
SR010782,MED0399,Tripoli,Janzour,2026-06-29 08:02:27
SR010783,MED0196,Tripoli,Tajoura,2026-07-31 00:32:34
SR010784,MED0091,Zawiya,Al-Mashtal,2026-07-01 11:34:04
SR010785,MED0179,Tripoli,Tajoura,2026-06-02 19:55:16
SR010786,MED0056,Benghazi,Al-Berka,2026-07-15 22:36:06
SR010787,MED0149,Zawiya,Bir Al-Ghanam,2026-03-25 04:14:08
SR010788,MED0056,Tripoli,Abu Salim,2026-07-15 07:45:43
SR010789,MED0153,Tripoli,Tajoura,2026-07-18 17:21:36
SR010790,MED0114,Misrata,Al-Ghiran,2026-06-03 18:30:32
SR010791,MED0348,Tripoli,Janzour,2026-08-13 04:02:07
SR010792,MED0305,Tripoli,Abu Salim,2026-08-08 16:22:37
SR010793,MED0368,Tripoli,Gargaresh,2026-07-11 11:28:07
SR010794,MED0502,Benghazi,Al-Selmani,2026-07-11 19:53:52
SR010795,MED0097,Misrata,Zawiyat Al-Mahjoub,2026-07-09 13:54:42
SR010796,MED0172,Benghazi,Al-Fuwayhat,2026-07-14 01:48:35
SR010797,MED0282,Tripoli,Hay Al-Andalus,2026-05-19 21:32:37
SR010798,MED0098,Benghazi,Al-Selmani,2026-05-19 17:56:20
SR010799,MED0449,Tripoli,Hay Al-Andalus,2026-08-08 07:19:02
SR010800,MED0469,Benghazi,Al-Sabri,2026-06-29 05:50:29
SR010801,MED0289,Benghazi,Al-Hadaeq,2026-08-11 16:32:39
SR010802,MED0464,Tripoli,Gargaresh,2026-08-18 11:47:41
SR010803,MED0041,Tripoli,Janzour,2026-07-23 06:32:49
SR010804,MED0013,Zliten,Al-Qasabat,2026-08-17 15:39:15
SR010805,MED0191,Tripoli,Souq Al Juma'a,2026-05-25 16:22:40
SR010806,MED0062,Tripoli,Abu Salim,2026-05-25 05:43:09
SR010807,MED0376,Sabha,Tayouri,2026-05-08 23:53:02
SR010808,MED0128,Tripoli,Abu Salim,2026-05-09 07:24:53
SR010809,MED0116,Zliten,Souq Al-Thulatha,2026-08-14 23:41:11
SR010810,MED0316,Tripoli,Souq Al Juma'a,2026-05-30 14:59:12
SR010811,MED0063,Tripoli,Gargaresh,2026-08-11 09:43:24
SR010812,MED0131,Misrata,Al-Ghiran,2026-06-27 04:48:39
SR010813,MED0397,Tripoli,Tajoura,2026-06-30 05:35:53
SR010814,MED0352,Tripoli,Janzour,2026-07-24 05:16:49
SR010815,MED0004,Zliten,Souq Al-Thulatha,2026-06-30 12:13:59
SR010816,MED0500,Tripoli,Gargaresh,2026-07-22 15:40:04
SR010817,MED0369,Sabha,Al-Manshiya,2026-06-21 12:36:43
SR010818,MED0050,Zawiya,Al-Mashtal,2026-08-04 16:28:57
SR010819,MED0254,Sabha,Al-Dawwar,2026-05-22 19:13:52
SR010820,MED0333,Tripoli,Janzour,2026-08-14 00:27:07
SR010821,MED0483,Benghazi,Al-Sabri,2026-06-08 23:23:42
SR010822,MED0514,Tripoli,Souq Al Juma'a,2026-07-22 21:40:12
SR010823,MED0237,Tripoli,Souq Al Juma'a,2026-07-21 17:43:09
SR010824,MED0095,Tripoli,Abu Salim,2026-06-09 14:49:42
SR010825,MED0196,Tripoli,Souq Al Juma'a,2026-06-27 13:57:29
SR010826,MED0450,Zawiya,Al-Harsha,2026-03-31 02:47:37
SR010827,MED0374,Tripoli,Gargaresh,2026-06-01 12:06:47
SR010828,MED0399,Tripoli,Ain Zara,2026-04-06 21:00:57
SR010829,MED0398,Benghazi,Al-Selmani,2026-07-18 10:34:47
SR010830,MED0499,Tripoli,Ain Zara,2026-07-23 19:42:29
SR010831,MED0195,Benghazi,Al-Sabri,2026-06-08 02:36:47
SR010832,MED0165,Tripoli,Souq Al Juma'a,2026-06-11 02:05:54
SR010833,MED0431,Tripoli,Gargaresh,2026-07-31 19:22:16
SR010834,MED0245,Tripoli,Janzour,2026-05-02 22:51:42
SR010835,MED0367,Tripoli,Gargaresh,2026-08-06 12:21:14
SR010836,MED0354,Benghazi,Al-Berka,2026-08-04 13:55:25
SR010837,MED0444,Sabha,Al-Dawwar,2026-08-19 23:29:42
SR010838,MED0157,Benghazi,Al-Selmani,2026-08-02 23:24:02
SR010839,MED0156,Tripoli,Tajoura,2026-08-11 12:59:51
SR010840,MED0095,Tripoli,Ain Zara,2026-05-06 18:49:02
SR010841,MED0095,Tripoli,Gargaresh,2026-07-11 23:18:41
SR010842,MED0038,Misrata,Zawiyat Al-Mahjoub,2026-04-12 19:36:53
SR010843,MED0257,Tripoli,Gargaresh,2026-07-07 04:32:36
SR010844,MED0215,Zliten,Al-Qasabat,2026-07-19 11:53:10
SR010845,MED0292,Tripoli,Fashloum,2026-08-11 03:19:02
SR010846,MED0068,Zliten,Al-Qasabat,2026-03-20 08:21:59
SR010847,MED0168,Tripoli,Gargaresh,2026-06-23 10:40:21
SR010848,MED0341,Tripoli,Abu Salim,2026-05-23 17:03:11
SR010849,MED0103,Misrata,Al-Karareem,2026-04-18 16:31:46
SR010850,MED0006,Benghazi,Al-Selmani,2026-06-07 17:07:22
SR010851,MED0144,Tripoli,Fashloum,2026-07-10 03:07:06
SR010852,MED0057,Tripoli,Abu Salim,2026-07-19 22:19:46
SR010853,MED0034,Benghazi,Al-Sabri,2026-08-15 13:41:18
SR010854,MED0149,Tripoli,Souq Al Juma'a,2026-08-18 13:26:15
SR010855,MED0460,Tripoli,Janzour,2026-08-19 00:08:20
SR010856,MED0299,Tripoli,Fashloum,2026-06-15 20:23:10
SR010857,MED0026,Tripoli,Souq Al Juma'a,2026-06-28 00:59:14
SR010858,MED0199,Tripoli,Gargaresh,2026-05-26 09:30:16
SR010859,MED0170,Benghazi,Al-Berka,2026-08-04 08:15:30
SR010860,MED0055,Benghazi,Al-Selmani,2026-06-11 10:41:51
SR010861,MED0126,Zliten,Al-Qasabat,2026-05-15 07:12:02
SR010862,MED0469,Benghazi,Al-Fuwayhat,2026-08-06 11:15:24
SR010863,MED0258,Tripoli,Tajoura,2026-05-31 12:16:12
SR010864,MED0313,Tripoli,Ain Zara,2026-08-17 19:34:03
SR010865,MED0246,Tripoli,Fashloum,2026-07-23 07:18:08
SR010866,MED0309,Zliten,Souq Al-Thulatha,2026-08-18 04:27:48
SR010867,MED0397,Benghazi,Al-Berka,2026-07-27 22:20:59
SR010868,MED0369,Tripoli,Ain Zara,2026-06-16 09:43:12
SR010869,MED0160,Sabha,Tayouri,2026-08-13 20:09:14
SR010870,MED0042,Benghazi,Al-Sabri,2026-06-27 17:17:08
SR010871,MED0258,Tripoli,Gargaresh,2026-05-13 07:08:02
SR010872,MED0074,Benghazi,Al-Fuwayhat,2026-05-11 14:33:59
SR010873,MED0081,Benghazi,Al-Hadaeq,2026-06-24 15:20:23
SR010874,MED0258,Tripoli,Fashloum,2026-07-12 06:47:33
SR010875,MED0200,Benghazi,Al-Hadaeq,2026-06-16 15:33:33
SR010876,MED0185,Tripoli,Ain Zara,2026-04-27 10:19:47
SR010877,MED0370,Tripoli,Ain Zara,2026-08-18 06:21:59
SR010878,MED0070,Tripoli,Ain Zara,2026-06-03 03:24:28
SR010879,MED0218,Tripoli,Fashloum,2026-05-30 21:56:48
SR010880,MED0189,Tripoli,Fashloum,2026-07-06 07:48:46
SR010881,MED0292,Tripoli,Hay Al-Andalus,2026-07-06 11:03:57
SR010882,MED0257,Tripoli,Janzour,2026-07-09 19:36:36
SR010883,MED0211,Tripoli,Gargaresh,2026-07-03 18:39:45
SR010884,MED0196,Misrata,Qasr Ahmad,2026-08-17 14:49:56
SR010885,MED0463,Tripoli,Gargaresh,2026-05-18 16:07:42
SR010886,MED0369,Tripoli,Souq Al Juma'a,2026-07-20 12:00:50
SR010887,MED0267,Zawiya,Bir Al-Ghanam,2026-07-22 11:58:51
SR010888,MED0468,Tripoli,Fashloum,2026-07-27 03:27:38
SR010889,MED0232,Benghazi,Al-Berka,2026-08-10 22:38:17
SR010890,MED0158,Misrata,Al-Ghiran,2026-07-26 06:05:31
SR010891,MED0430,Tripoli,Souq Al Juma'a,2026-06-04 15:32:13
SR010892,MED0185,Tripoli,Abu Salim,2026-08-16 23:08:10
SR010893,MED0198,Tripoli,Janzour,2026-03-07 20:32:01
SR010894,MED0440,Tripoli,Janzour,2026-05-25 07:02:40
SR010895,MED0006,Tripoli,Souq Al Juma'a,2026-04-26 20:36:46
SR010896,MED0064,Benghazi,Al-Selmani,2026-03-23 17:01:54
SR010897,MED0138,Benghazi,Al-Sabri,2026-02-12 14:15:10
SR010898,MED0194,Benghazi,Al-Berka,2026-07-02 00:15:33
SR010899,MED0235,Tripoli,Tajoura,2026-07-03 15:01:55
SR010900,MED0370,Tripoli,Souq Al Juma'a,2026-06-04 14:22:44
SR010901,MED0468,Benghazi,Al-Hadaeq,2026-08-09 19:53:39
SR010902,MED0520,Tripoli,Gargaresh,2026-07-14 18:20:27
SR010903,MED0320,Tripoli,Souq Al Juma'a,2026-05-02 14:13:20
SR010904,MED0385,Benghazi,Al-Hadaeq,2026-06-16 04:37:43
SR010905,MED0284,Tripoli,Hay Al-Andalus,2026-06-11 02:43:26
SR010906,MED0021,Tripoli,Gargaresh,2026-07-23 22:43:17
SR010907,MED0498,Tripoli,Tajoura,2026-07-19 18:33:05
SR010908,MED0134,Tripoli,Hay Al-Andalus,2026-05-22 02:50:28
SR010909,MED0302,Tripoli,Abu Salim,2026-03-06 08:53:38
SR010910,MED0498,Tripoli,Fashloum,2026-03-15 06:10:50
SR010911,MED0126,Tripoli,Ain Zara,2026-06-28 12:40:32
SR010912,MED0331,Zliten,Souq Al-Thulatha,2026-07-16 18:39:27
SR010913,MED0289,Misrata,Qasr Ahmad,2026-07-07 01:56:14
SR010914,MED0202,Tripoli,Gargaresh,2026-05-26 22:00:00
SR010915,MED0164,Misrata,Qasr Ahmad,2026-07-08 21:42:21
SR010916,MED0513,Tripoli,Hay Al-Andalus,2026-06-22 10:14:20
SR010917,MED0482,Misrata,Qasr Ahmad,2026-02-17 20:42:46
SR010918,MED0065,Tripoli,Abu Salim,2026-07-27 13:36:15
SR010919,MED0258,Benghazi,Al-Berka,2026-06-16 04:55:24
SR010920,MED0117,Tripoli,Janzour,2026-06-17 01:21:45
SR010921,MED0273,Tripoli,Tajoura,2026-06-02 07:52:45
SR010922,MED0293,Tripoli,Fashloum,2026-07-25 04:55:39
SR010923,MED0442,Tripoli,Janzour,2026-08-05 06:44:29
SR010924,MED0207,Tripoli,Janzour,2026-08-14 04:16:55
SR010925,MED0005,Tripoli,Gargaresh,2026-06-09 01:59:27
SR010926,MED0166,Tripoli,Hay Al-Andalus,2026-05-02 05:49:51
SR010927,MED0347,Benghazi,Al-Hadaeq,2026-06-20 18:57:34
SR010928,MED0286,Tripoli,Souq Al Juma'a,2026-08-03 07:18:52
SR010929,MED0196,Tripoli,Abu Salim,2026-08-05 20:36:05
SR010930,MED0404,Tripoli,Gargaresh,2026-05-05 06:24:26
SR010931,MED0510,Tripoli,Abu Salim,2026-05-31 15:27:02
SR010932,MED0491,Tripoli,Fashloum,2026-08-20 22:03:08
SR010933,MED0293,Misrata,Zawiyat Al-Mahjoub,2026-05-10 13:39:12
SR010934,MED0238,Tripoli,Gargaresh,2026-08-05 21:42:10
SR010935,MED0368,Tripoli,Abu Salim,2026-04-05 02:50:59
SR010936,MED0116,Tripoli,Souq Al Juma'a,2026-07-05 19:46:00
SR010937,MED0084,Zawiya,Al-Mashtal,2026-06-25 09:42:57
SR010938,MED0178,Tripoli,Tajoura,2026-07-17 21:16:01
SR010939,MED0026,Misrata,Qasr Ahmad,2026-06-16 23:52:09
SR010940,MED0172,Tripoli,Janzour,2026-07-02 07:25:55
SR010941,MED0258,Tripoli,Souq Al Juma'a,2026-08-20 23:45:46
SR010942,MED0282,Tripoli,Ain Zara,2026-07-18 02:26:18
SR010943,MED0226,Misrata,Qasr Ahmad,2026-05-21 08:10:24
SR010944,MED0304,Benghazi,Al-Selmani,2026-04-22 11:49:25
SR010945,MED0133,Misrata,Zawiyat Al-Mahjoub,2026-08-04 11:23:39
SR010946,MED0376,Tripoli,Gargaresh,2026-05-20 05:04:35
SR010947,MED0510,Tripoli,Souq Al Juma'a,2026-06-25 00:49:12
SR010948,MED0117,Benghazi,Al-Berka,2026-07-03 08:25:19
SR010949,MED0438,Misrata,Al-Ghiran,2026-07-03 23:38:16
SR010950,MED0369,Zawiya,Al-Mashtal,2026-06-09 20:39:27
SR010951,MED0356,Benghazi,Al-Hadaeq,2026-05-20 09:30:42
SR010952,MED0442,Misrata,Zawiyat Al-Mahjoub,2026-05-23 23:25:03
SR010953,MED0255,Tripoli,Fashloum,2026-06-27 13:51:27
SR010954,MED0202,Tripoli,Janzour,2026-08-05 07:16:12
SR010955,MED0145,Benghazi,Al-Fuwayhat,2026-05-30 23:28:36
SR010956,MED0232,Tripoli,Fashloum,2026-06-30 21:27:03
SR010957,MED0008,Tripoli,Souq Al Juma'a,2026-06-27 06:30:34
SR010958,MED0368,Tripoli,Ain Zara,2026-04-26 11:00:09
SR010959,MED0192,Tripoli,Tajoura,2026-07-15 07:20:49
SR010960,MED0406,Tripoli,Gargaresh,2026-04-16 02:43:33
SR010961,MED0165,Tripoli,Janzour,2026-06-27 00:57:39
SR010962,MED0202,Tripoli,Abu Salim,2026-05-25 13:55:40
SR010963,MED0219,Tripoli,Janzour,2026-05-13 16:07:35
SR010964,MED0257,Tripoli,Abu Salim,2026-07-14 06:05:21
SR010965,MED0493,Tripoli,Ain Zara,2026-05-03 12:26:08
SR010966,MED0257,Tripoli,Janzour,2026-08-08 05:40:14
SR010967,MED0223,Benghazi,Al-Fuwayhat,2026-06-22 22:19:54
SR010968,MED0381,Tripoli,Tajoura,2026-07-15 21:46:22
SR010969,MED0496,Benghazi,Al-Fuwayhat,2026-06-26 14:10:07
SR010970,MED0133,Tripoli,Tajoura,2026-07-08 09:10:41
SR010971,MED0360,Benghazi,Al-Selmani,2026-07-01 16:15:57
SR010972,MED0286,Tripoli,Fashloum,2026-08-04 23:09:33
SR010973,MED0315,Tripoli,Hay Al-Andalus,2026-05-24 10:56:21
SR010974,MED0329,Tripoli,Fashloum,2026-08-07 18:06:42
SR010975,MED0439,Tripoli,Fashloum,2026-07-31 08:33:06
SR010976,MED0113,Zawiya,Al-Mashtal,2026-03-12 23:48:33
SR010977,MED0499,Zawiya,Al-Mashtal,2026-04-22 16:15:08
SR010978,MED0394,Tripoli,Abu Salim,2026-08-08 08:12:59
SR010979,MED0179,Tripoli,Gargaresh,2026-07-20 05:42:05
SR010980,MED0039,Tripoli,Souq Al Juma'a,2026-02-01 19:21:30
SR010981,MED0118,Misrata,Zawiyat Al-Mahjoub,2026-07-26 04:57:27
SR010982,MED0158,Benghazi,Al-Berka,2026-07-20 20:16:34
SR010983,MED0285,Tripoli,Abu Salim,2026-06-28 00:33:14
SR010984,MED0101,Tripoli,Ain Zara,2026-07-28 11:42:59
SR010985,MED0104,Benghazi,Al-Hadaeq,2026-07-28 22:00:46
SR010986,MED0424,Tripoli,Tajoura,2026-06-10 16:23:07
SR010987,MED0062,Tripoli,Abu Salim,2026-05-28 01:03:13
SR010988,MED0394,Misrata,Qasr Ahmad,2026-06-09 15:41:10
SR010989,MED0500,Tripoli,Tajoura,2026-06-21 21:05:36
SR010990,MED0297,Tripoli,Janzour,2026-07-28 15:52:41
SR010991,MED0451,Tripoli,Ain Zara,2026-06-20 23:20:09
SR010992,MED0433,Benghazi,Al-Sabri,2026-06-24 20:10:02
SR010993,MED0512,Tripoli,Abu Salim,2026-08-13 16:46:51
SR010994,MED0339,Tripoli,Hay Al-Andalus,2026-07-10 07:33:45
SR010995,MED0443,Tripoli,Ain Zara,2026-05-15 11:31:30
SR010996,MED0265,Tripoli,Souq Al Juma'a,2026-08-14 07:02:19
SR010997,MED0113,Tripoli,Abu Salim,2026-07-30 14:23:43
SR010998,MED0020,Zawiya,Al-Mashtal,2026-04-04 23:38:51
SR010999,MED0351,Benghazi,Al-Fuwayhat,2026-07-30 13:45:27
SR011000,MED0440,Tripoli,Abu Salim,2026-07-02 14:45:30
SR011001,MED0384,Sabha,Tayouri,2026-07-30 12:41:40
SR011002,MED0447,Tripoli,Gargaresh,2026-08-11 08:07:54
SR011003,MED0336,Benghazi,Al-Sabri,2026-05-11 15:36:34
SR011004,MED0016,Tripoli,Hay Al-Andalus,2026-06-22 06:35:15
SR011005,MED0296,Tripoli,Janzour,2026-08-14 23:02:44
SR011006,MED0075,Tripoli,Hay Al-Andalus,2026-05-19 00:59:41
SR011007,MED0054,Misrata,Al-Ghiran,2026-05-23 14:42:03
SR011008,MED0365,Tripoli,Hay Al-Andalus,2026-07-08 17:14:48
SR011009,MED0005,Tripoli,Gargaresh,2026-05-30 18:54:47
SR011010,MED0250,Tripoli,Ain Zara,2026-06-28 02:29:37
SR011011,MED0190,Tripoli,Fashloum,2026-06-27 13:08:32
SR011012,MED0445,Misrata,Qasr Ahmad,2026-08-11 07:09:20
SR011013,MED0129,Tripoli,Tajoura,2026-06-12 19:14:39
SR011014,MED0176,Tripoli,Janzour,2026-04-05 01:15:12
SR011015,MED0342,Benghazi,Al-Berka,2026-08-02 15:17:40
SR011016,MED0058,Benghazi,Al-Selmani,2026-05-16 07:13:47
SR011017,MED0386,Tripoli,Souq Al Juma'a,2026-06-06 01:48:22
SR011018,MED0451,Benghazi,Al-Berka,2026-05-16 16:41:14
SR011019,MED0122,Benghazi,Al-Sabri,2026-08-17 20:05:42
SR011020,MED0043,Zawiya,Al-Mashtal,2026-04-10 08:07:09
SR011021,MED0036,Misrata,Al-Karareem,2026-08-03 05:17:09
SR011022,MED0131,Tripoli,Abu Salim,2026-06-15 00:14:20
SR011023,MED0237,Zawiya,Bir Al-Ghanam,2026-04-05 19:17:35
SR011024,MED0181,Tripoli,Fashloum,2026-07-18 13:51:02
SR011025,MED0039,Benghazi,Al-Berka,2026-03-30 04:18:47
SR011026,MED0255,Zawiya,Bir Al-Ghanam,2026-07-20 10:36:19
SR011027,MED0285,Tripoli,Souq Al Juma'a,2026-02-16 16:19:44
SR011028,MED0370,Tripoli,Ain Zara,2026-06-21 04:22:14
SR011029,MED0116,Tripoli,Hay Al-Andalus,2026-05-09 22:12:32
SR011030,MED0214,Tripoli,Fashloum,2026-06-10 19:01:57
SR011031,MED0324,Sabha,Al-Dawwar,2026-06-11 10:52:08
SR011032,MED0353,Tripoli,Tajoura,2026-07-24 16:30:07
SR011033,MED0042,Tripoli,Tajoura,2026-07-02 17:45:15
SR011034,MED0291,Tripoli,Ain Zara,2026-04-24 21:05:23
SR011035,MED0333,Benghazi,Al-Selmani,2026-05-21 19:35:50
SR011036,MED0459,Misrata,Al-Ghiran,2026-08-08 14:25:42
SR011037,MED0132,Tripoli,Ain Zara,2026-06-02 21:12:05
SR011038,MED0163,Sabha,Al-Dawwar,2026-07-14 18:05:11
SR011039,MED0437,Tripoli,Janzour,2026-07-19 07:37:05
SR011040,MED0372,Tripoli,Souq Al Juma'a,2026-06-15 04:04:40
SR011041,MED0178,Benghazi,Al-Selmani,2026-07-13 15:51:40
SR011042,MED0381,Benghazi,Al-Hadaeq,2026-05-12 07:46:04
SR011043,MED0247,Tripoli,Hay Al-Andalus,2026-08-03 07:30:37
SR011044,MED0376,Benghazi,Al-Sabri,2026-08-07 12:48:38
SR011045,MED0028,Zliten,Al-Qasabat,2026-04-22 07:17:32
SR011046,MED0203,Zawiya,Al-Harsha,2026-06-18 03:56:21
SR011047,MED0279,Tripoli,Abu Salim,2026-06-03 01:12:01
SR011048,MED0015,Zliten,Al-Qasabat,2026-04-01 21:22:52
SR011049,MED0221,Benghazi,Al-Hadaeq,2026-05-05 01:03:12
SR011050,MED0021,Benghazi,Al-Berka,2026-07-06 22:00:18
SR011051,MED0190,Tripoli,Souq Al Juma'a,2026-05-09 14:07:03
SR011052,MED0006,Tripoli,Gargaresh,2026-07-09 05:15:39
SR011053,MED0233,Misrata,Qasr Ahmad,2026-06-03 02:12:58
SR011054,MED0116,Tripoli,Fashloum,2026-07-15 06:17:30
SR011055,MED0016,Benghazi,Al-Sabri,2026-05-11 12:04:22
SR011056,MED0283,Tripoli,Hay Al-Andalus,2026-05-29 23:23:20
SR011057,MED0455,Zliten,Souq Al-Thulatha,2026-05-05 19:07:27
SR011058,MED0466,Benghazi,Al-Selmani,2026-08-14 16:05:22
SR011059,MED0328,Benghazi,Al-Selmani,2026-07-11 22:59:21
SR011060,MED0027,Benghazi,Al-Selmani,2026-08-03 15:57:50
SR011061,MED0482,Sabha,Tayouri,2026-05-07 16:59:49
SR011062,MED0124,Misrata,Al-Karareem,2026-06-20 19:39:26
SR011063,MED0406,Tripoli,Janzour,2026-08-04 09:49:32
SR011064,MED0198,Benghazi,Al-Hadaeq,2026-03-22 05:41:52
SR011065,MED0470,Zawiya,Al-Mashtal,2026-06-20 21:39:46
SR011066,MED0105,Tripoli,Hay Al-Andalus,2026-05-24 02:12:47
SR011067,MED0489,Tripoli,Ain Zara,2026-07-05 03:04:09
SR011068,MED0509,Zawiya,Bir Al-Ghanam,2026-04-28 08:39:15
SR011069,MED0476,Tripoli,Fashloum,2026-06-16 11:36:13
SR011070,MED0169,Tripoli,Fashloum,2026-05-28 12:20:48
SR011071,MED0447,Misrata,Qasr Ahmad,2026-07-12 21:06:34
SR011072,MED0081,Zawiya,Bir Al-Ghanam,2026-07-07 17:10:52
SR011073,MED0432,Tripoli,Janzour,2026-07-20 14:02:36
SR011074,MED0015,Sabha,Tayouri,2026-05-20 14:45:50
SR011075,MED0176,Benghazi,Al-Fuwayhat,2026-07-08 00:08:27
SR011076,MED0029,Misrata,Al-Ghiran,2026-08-03 01:06:41
SR011077,MED0034,Tripoli,Abu Salim,2026-06-29 22:07:52
SR011078,MED0341,Tripoli,Hay Al-Andalus,2026-05-29 17:57:35
SR011079,MED0018,Tripoli,Souq Al Juma'a,2026-04-15 23:25:30
SR011080,MED0150,Tripoli,Abu Salim,2026-06-18 07:53:34
SR011081,MED0209,Benghazi,Al-Selmani,2026-07-09 14:43:35
SR011082,MED0073,Sabha,Al-Dawwar,2026-08-10 06:50:54
SR011083,MED0359,Tripoli,Janzour,2026-06-04 13:32:39
SR011084,MED0261,Tripoli,Fashloum,2026-06-05 02:08:50
SR011085,MED0477,Tripoli,Abu Salim,2026-04-16 11:49:09
SR011086,MED0080,Tripoli,Fashloum,2026-08-15 06:14:14
SR011087,MED0252,Tripoli,Hay Al-Andalus,2026-01-02 11:09:20
SR011088,MED0071,Tripoli,Fashloum,2026-05-05 01:57:52
SR011089,MED0302,Tripoli,Ain Zara,2026-07-13 03:07:56
SR011090,MED0451,Tripoli,Fashloum,2026-05-10 15:41:41
SR011091,MED0265,Tripoli,Souq Al Juma'a,2026-07-21 04:36:29
SR011092,MED0173,Tripoli,Abu Salim,2026-07-01 02:34:28
SR011093,MED0059,Sabha,Al-Dawwar,2026-05-21 19:03:20
SR011094,MED0241,Benghazi,Al-Selmani,2026-07-02 08:36:59
SR011095,MED0456,Tripoli,Fashloum,2026-06-05 08:44:38
SR011096,MED0273,Tripoli,Ain Zara,2026-07-31 08:16:02
SR011097,MED0447,Tripoli,Janzour,2026-06-10 11:30:31
SR011098,MED0362,Tripoli,Abu Salim,2026-04-25 11:33:32
SR011099,MED0113,Tripoli,Abu Salim,2026-07-18 01:49:34
SR011100,MED0308,Tripoli,Hay Al-Andalus,2026-04-17 22:51:40
SR011101,MED0512,Misrata,Al-Karareem,2026-07-03 03:46:26
SR011102,MED0234,Benghazi,Al-Sabri,2026-07-20 02:00:47
SR011103,MED0299,Tripoli,Abu Salim,2026-06-05 16:30:37
SR011104,MED0247,Sabha,Al-Dawwar,2026-06-19 02:07:30
SR011105,MED0076,Tripoli,Ain Zara,2026-08-09 17:24:03
SR011106,MED0047,Misrata,Zawiyat Al-Mahjoub,2026-06-14 23:44:43
SR011107,MED0020,Tripoli,Ain Zara,2026-04-13 03:21:36
SR011108,MED0500,Tripoli,Ain Zara,2026-05-18 10:30:25
SR011109,MED0365,Benghazi,Al-Berka,2026-08-12 16:10:44
SR011110,MED0308,Tripoli,Fashloum,2026-07-18 17:20:23
SR011111,MED0237,Tripoli,Hay Al-Andalus,2026-06-15 20:14:27
SR011112,MED0125,Tripoli,Gargaresh,2026-03-21 09:05:57
SR011113,MED0147,Benghazi,Al-Selmani,2026-08-13 12:43:23
SR011114,MED0339,Tripoli,Janzour,2026-08-05 19:11:15
SR011115,MED0049,Tripoli,Ain Zara,2026-06-06 02:29:43
SR011116,MED0095,Tripoli,Fashloum,2026-06-21 08:27:56
SR011117,MED0173,Zawiya,Al-Harsha,2026-06-05 23:24:46
SR011118,MED0289,Tripoli,Hay Al-Andalus,2026-07-25 17:52:22
SR011119,MED0456,Zawiya,Bir Al-Ghanam,2026-07-19 20:57:42
SR011120,MED0060,Tripoli,Abu Salim,2026-07-07 02:37:16
SR011121,MED0297,Misrata,Al-Karareem,2026-06-16 14:56:05
SR011122,MED0285,Tripoli,Tajoura,2026-07-10 19:27:10
SR011123,MED0343,Tripoli,Hay Al-Andalus,2026-07-14 11:25:54
SR011124,MED0145,Zawiya,Al-Harsha,2026-05-19 03:31:07
SR011125,MED0189,Tripoli,Fashloum,2026-07-27 16:27:34
SR011126,MED0329,Sabha,Tayouri,2026-08-19 02:29:02
SR011127,MED0497,Tripoli,Ain Zara,2026-05-25 04:10:19
SR011128,MED0096,Benghazi,Al-Sabri,2026-05-14 22:18:02
SR011129,MED0127,Tripoli,Abu Salim,2026-03-24 23:35:03
SR011130,MED0213,Benghazi,Al-Sabri,2026-07-28 21:02:51
SR011131,MED0297,Zliten,Souq Al-Thulatha,2026-06-13 05:35:35
SR011132,MED0075,Tripoli,Abu Salim,2026-07-21 03:41:09
SR011133,MED0290,Sabha,Al-Manshiya,2026-07-29 20:28:02
SR011134,MED0368,Benghazi,Al-Hadaeq,2026-06-18 04:19:06
SR011135,MED0015,Benghazi,Al-Fuwayhat,2026-08-10 15:22:43
SR011136,MED0371,Tripoli,Souq Al Juma'a,2026-07-05 23:25:05
SR011137,MED0500,Sabha,Tayouri,2026-06-20 17:49:27
SR011138,MED0411,Tripoli,Gargaresh,2026-07-22 19:49:54
SR011139,MED0113,Tripoli,Janzour,2026-07-21 19:12:51
SR011140,MED0401,Tripoli,Ain Zara,2026-06-05 17:51:05
SR011141,MED0351,Tripoli,Janzour,2026-06-17 00:55:42
SR011142,MED0244,Benghazi,Al-Sabri,2026-08-14 17:56:59
SR011143,MED0244,Tripoli,Janzour,2026-07-22 20:49:40
SR011144,MED0104,Tripoli,Ain Zara,2026-08-13 14:30:29
SR011145,MED0318,Tripoli,Janzour,2026-05-22 06:38:49
SR011146,MED0141,Tripoli,Hay Al-Andalus,2026-08-19 12:22:42
SR011147,MED0257,Tripoli,Tajoura,2026-06-21 05:51:06
SR011148,MED0261,Sabha,Tayouri,2026-07-29 06:07:56
SR011149,MED0151,Tripoli,Gargaresh,2026-08-10 21:57:58
SR011150,MED0181,Tripoli,Hay Al-Andalus,2026-05-28 14:42:04
SR011151,MED0377,Tripoli,Janzour,2026-05-03 11:14:57
SR011152,MED0399,Zawiya,Al-Mashtal,2026-03-29 15:50:36
SR011153,MED0079,Sabha,Al-Dawwar,2026-06-16 07:18:24
SR011154,MED0461,Tripoli,Ain Zara,2026-07-18 10:22:31
SR011155,MED0349,Zawiya,Al-Harsha,2026-07-09 17:31:09
SR011156,MED0255,Tripoli,Hay Al-Andalus,2026-08-03 13:52:15
SR011157,MED0311,Tripoli,Abu Salim,2026-04-05 07:34:13
SR011158,MED0027,Zliten,Al-Qasabat,2026-06-09 14:56:37
SR011159,MED0047,Tripoli,Tajoura,2026-07-14 14:05:57
SR011160,MED0019,Benghazi,Al-Fuwayhat,2026-06-08 13:17:20
SR011161,MED0474,Tripoli,Ain Zara,2026-06-18 08:08:18
SR011162,MED0248,Tripoli,Abu Salim,2026-04-23 06:45:21
SR011163,MED0064,Tripoli,Souq Al Juma'a,2026-08-14 19:51:48
SR011164,MED0207,Benghazi,Al-Hadaeq,2026-05-03 01:50:14
SR011165,MED0284,Zliten,Al-Qasabat,2026-04-06 16:40:31
SR011166,MED0020,Benghazi,Al-Hadaeq,2026-01-31 04:15:28
SR011167,MED0329,Tripoli,Hay Al-Andalus,2026-07-04 01:01:04
SR011168,MED0158,Tripoli,Souq Al Juma'a,2026-08-19 13:31:21
SR011169,MED0020,Tripoli,Ain Zara,2026-04-10 01:48:34
SR011170,MED0138,Zawiya,Bir Al-Ghanam,2026-07-26 01:59:21
SR011171,MED0196,Sabha,Al-Manshiya,2026-04-28 06:45:00
SR011172,MED0039,Benghazi,Al-Fuwayhat,2025-12-29 06:16:14
SR011173,MED0449,Benghazi,Al-Sabri,2026-07-29 22:06:41
SR011174,MED0214,Benghazi,Al-Selmani,2026-06-06 00:35:28
SR011175,MED0104,Misrata,Qasr Ahmad,2026-06-26 04:15:06
SR011176,MED0141,Tripoli,Ain Zara,2026-04-16 06:07:14
SR011177,MED0079,Sabha,Tayouri,2026-07-07 13:08:48
SR011178,MED0346,Tripoli,Tajoura,2026-06-25 16:07:24
SR011179,MED0050,Tripoli,Abu Salim,2026-07-01 23:07:30
SR011180,MED0155,Tripoli,Souq Al Juma'a,2026-04-21 17:17:42
SR011181,MED0020,Zawiya,Al-Mashtal,2026-05-19 08:09:27
SR011182,MED0380,Tripoli,Tajoura,2026-06-27 15:21:47
SR011183,MED0125,Tripoli,Hay Al-Andalus,2026-06-10 22:51:13
SR011184,MED0033,Misrata,Zawiyat Al-Mahjoub,2026-07-27 05:03:39
SR011185,MED0003,Tripoli,Ain Zara,2026-07-12 21:27:15
SR011186,MED0202,Tripoli,Abu Salim,2026-06-07 18:22:46
SR011187,MED0341,Tripoli,Janzour,2026-05-19 14:34:58
SR011188,MED0420,Tripoli,Gargaresh,2026-05-01 06:38:18
SR011189,MED0008,Misrata,Qasr Ahmad,2026-05-31 09:05:41
SR011190,MED0232,Tripoli,Abu Salim,2026-07-17 18:00:29
SR011191,MED0365,Tripoli,Hay Al-Andalus,2026-07-29 03:09:10
SR011192,MED0188,Tripoli,Tajoura,2026-06-09 15:45:40
SR011193,MED0042,Tripoli,Janzour,2026-06-27 15:42:51
SR011194,MED0512,Tripoli,Fashloum,2026-08-18 18:04:32
SR011195,MED0226,Tripoli,Souq Al Juma'a,2026-07-20 20:01:24
SR011196,MED0181,Tripoli,Ain Zara,2026-08-07 21:41:39
SR011197,MED0029,Misrata,Zawiyat Al-Mahjoub,2026-04-02 15:58:40
SR011198,MED0286,Tripoli,Souq Al Juma'a,2026-08-03 19:09:51
SR011199,MED0151,Benghazi,Al-Berka,2026-06-23 13:43:28
SR011200,MED0332,Benghazi,Al-Hadaeq,2026-05-09 03:54:18
SR011201,MED0141,Misrata,Al-Karareem,2026-07-09 13:43:09
SR011202,MED0221,Tripoli,Fashloum,2026-05-24 22:33:51
SR011203,MED0486,Tripoli,Souq Al Juma'a,2026-07-07 12:59:27
SR011204,MED0406,Benghazi,Al-Fuwayhat,2026-07-04 18:37:38
SR011205,MED0365,Tripoli,Janzour,2026-06-02 10:51:12
SR011206,MED0087,Tripoli,Tajoura,2026-07-17 09:35:29
SR011207,MED0043,Tripoli,Hay Al-Andalus,2026-04-09 16:39:58
SR011208,MED0216,Misrata,Zawiyat Al-Mahjoub,2026-05-22 00:41:19
SR011209,MED0451,Tripoli,Janzour,2026-05-15 01:20:09
SR011210,MED0231,Benghazi,Al-Sabri,2026-06-19 23:20:24
SR011211,MED0241,Tripoli,Souq Al Juma'a,2026-06-12 00:27:55
SR011212,MED0110,Tripoli,Souq Al Juma'a,2026-08-13 06:11:59
SR011213,MED0057,Benghazi,Al-Selmani,2026-07-06 16:43:35
SR011214,MED0024,Tripoli,Abu Salim,2026-06-05 03:55:33
SR011215,MED0432,Tripoli,Hay Al-Andalus,2026-04-16 01:30:14
SR011216,MED0490,Zliten,Souq Al-Thulatha,2026-06-14 03:05:09
SR011217,MED0427,Zliten,Al-Qasabat,2026-06-16 20:37:33
SR011218,MED0129,Sabha,Al-Dawwar,2026-07-09 21:28:18
SR011219,MED0333,Benghazi,Al-Selmani,2026-04-30 22:19:41
SR011220,MED0244,Sabha,Al-Manshiya,2026-07-06 06:46:16
SR011221,MED0154,Tripoli,Tajoura,2026-07-08 11:46:55
SR011222,MED0214,Misrata,Al-Karareem,2026-04-30 12:58:49
SR011223,MED0176,Benghazi,Al-Hadaeq,2026-06-08 03:39:50
SR011224,MED0460,Tripoli,Ain Zara,2026-07-01 00:32:26
SR011225,MED0088,Zawiya,Bir Al-Ghanam,2026-04-05 20:28:33
SR011226,MED0130,Benghazi,Al-Berka,2026-08-13 08:23:57
SR011227,MED0492,Misrata,Qasr Ahmad,2026-08-14 15:40:22
SR011228,MED0035,Tripoli,Gargaresh,2026-05-21 03:50:10
SR011229,MED0363,Tripoli,Fashloum,2026-06-24 06:28:49
SR011230,MED0207,Tripoli,Souq Al Juma'a,2026-05-31 05:46:08
SR011231,MED0157,Benghazi,Al-Sabri,2026-06-08 11:05:59
SR011232,MED0219,Misrata,Al-Ghiran,2026-08-08 04:55:57
SR011233,MED0456,Tripoli,Tajoura,2026-07-18 00:58:00
SR011234,MED0119,Tripoli,Fashloum,2026-07-29 19:10:02
SR011235,MED0007,Tripoli,Souq Al Juma'a,2026-05-31 11:24:33
SR011236,MED0131,Benghazi,Al-Hadaeq,2026-06-03 20:08:42
SR011237,MED0455,Tripoli,Abu Salim,2026-08-03 07:24:44
SR011238,MED0403,Tripoli,Abu Salim,2026-05-14 22:17:18
SR011239,MED0434,Tripoli,Souq Al Juma'a,2026-03-09 16:12:15
SR011240,MED0238,Tripoli,Ain Zara,2026-07-28 23:12:00
SR011241,MED0049,Tripoli,Janzour,2026-03-28 18:39:51
SR011242,MED0033,Tripoli,Fashloum,2026-07-17 09:17:57
SR011243,MED0438,Zawiya,Al-Mashtal,2026-06-15 13:43:11
SR011244,MED0196,Zliten,Al-Qasabat,2026-06-10 07:26:20
SR011245,MED0202,Tripoli,Gargaresh,2026-03-30 00:10:09
SR011246,MED0333,Tripoli,Souq Al Juma'a,2026-05-23 07:22:53
SR011247,MED0216,Benghazi,Al-Selmani,2026-07-28 11:00:02
SR011248,MED0475,Tripoli,Ain Zara,2026-06-09 10:56:17
SR011249,MED0378,Misrata,Qasr Ahmad,2026-07-28 02:50:19
SR011250,MED0255,Tripoli,Souq Al Juma'a,2026-08-07 05:14:32
SR011251,MED0209,Tripoli,Janzour,2026-07-31 04:29:22
SR011252,MED0317,Tripoli,Janzour,2026-07-18 12:52:45
SR011253,MED0247,Tripoli,Tajoura,2026-04-27 12:51:43
SR011254,MED0468,Tripoli,Ain Zara,2026-06-02 22:11:13
SR011255,MED0212,Tripoli,Fashloum,2026-08-14 23:52:19
SR011256,MED0448,Tripoli,Hay Al-Andalus,2026-07-16 18:20:28
SR011257,MED0184,Zawiya,Al-Harsha,2026-05-19 18:32:58
SR011258,MED0430,Tripoli,Souq Al Juma'a,2026-06-24 10:01:59
SR011259,MED0421,Tripoli,Tajoura,2026-06-10 19:47:07
SR011260,MED0297,Zawiya,Al-Harsha,2026-06-03 09:24:01
SR011261,MED0507,Benghazi,Al-Hadaeq,2026-06-21 16:05:59
SR011262,MED0373,Tripoli,Ain Zara,2026-07-07 07:24:35
SR011263,MED0271,Benghazi,Al-Fuwayhat,2026-05-13 15:07:06
SR011264,MED0290,Tripoli,Tajoura,2026-08-13 09:16:54
SR011265,MED0177,Tripoli,Ain Zara,2026-07-31 09:19:23
SR011266,MED0086,Tripoli,Gargaresh,2026-07-28 11:15:59
SR011267,MED0406,Tripoli,Hay Al-Andalus,2026-07-14 00:22:54
SR011268,MED0401,Benghazi,Al-Hadaeq,2026-05-09 20:20:05
SR011269,MED0072,Tripoli,Abu Salim,2026-06-09 09:25:00
SR011270,MED0155,Benghazi,Al-Sabri,2026-08-18 22:24:24
SR011271,MED0508,Tripoli,Souq Al Juma'a,2026-07-23 13:10:03
SR011272,MED0505,Zawiya,Al-Mashtal,2026-07-29 20:26:15
SR011273,MED0459,Tripoli,Abu Salim,2026-05-28 16:32:54
SR011274,MED0453,Tripoli,Abu Salim,2026-05-09 08:18:54
SR011275,MED0284,Zliten,Al-Qasabat,2026-05-09 12:39:12
SR011276,MED0054,Tripoli,Abu Salim,2026-08-09 02:51:03
SR011277,MED0517,Sabha,Tayouri,2026-08-13 15:50:59
SR011278,MED0109,Tripoli,Janzour,2026-04-10 02:48:37
SR011279,MED0373,Tripoli,Ain Zara,2026-07-05 09:38:51
SR011280,MED0132,Benghazi,Al-Hadaeq,2026-05-11 18:40:17
SR011281,MED0132,Tripoli,Janzour,2026-03-31 11:08:34
SR011282,MED0162,Misrata,Zawiyat Al-Mahjoub,2026-07-25 16:21:40
SR011283,MED0421,Tripoli,Abu Salim,2026-06-27 18:59:23
SR011284,MED0385,Misrata,Al-Ghiran,2026-07-30 05:21:56
SR011285,MED0027,Tripoli,Hay Al-Andalus,2026-04-24 06:46:31
SR011286,MED0344,Tripoli,Souq Al Juma'a,2026-08-07 14:50:09
SR011287,MED0124,Tripoli,Gargaresh,2026-06-04 19:25:46
SR011288,MED0218,Tripoli,Gargaresh,2026-05-30 08:17:08
SR011289,MED0154,Tripoli,Ain Zara,2026-06-02 23:11:13
SR011290,MED0149,Benghazi,Al-Fuwayhat,2026-08-16 04:10:59
SR011291,MED0394,Tripoli,Tajoura,2026-06-26 06:54:48
SR011292,MED0208,Benghazi,Al-Fuwayhat,2026-07-29 02:47:13
SR011293,MED0027,Tripoli,Abu Salim,2026-07-21 15:50:35
SR011294,MED0129,Tripoli,Tajoura,2026-07-23 08:36:16
SR011295,MED0259,Zliten,Souq Al-Thulatha,2026-06-26 16:57:23
SR011296,MED0279,Misrata,Al-Karareem,2026-08-13 21:43:52
SR011297,MED0441,Tripoli,Abu Salim,2026-06-24 14:37:47
SR011298,MED0206,Tripoli,Tajoura,2026-06-06 02:53:09
SR011299,MED0389,Sabha,Al-Manshiya,2026-07-20 04:36:43
SR011300,MED0515,Benghazi,Al-Berka,2026-08-08 04:17:00
SR011301,MED0329,Misrata,Zawiyat Al-Mahjoub,2026-08-02 16:33:34
SR011302,MED0029,Tripoli,Gargaresh,2026-07-16 06:42:56
SR011303,MED0350,Tripoli,Abu Salim,2026-05-13 20:15:22
SR011304,MED0084,Tripoli,Tajoura,2026-08-09 04:03:11
SR011305,MED0215,Tripoli,Fashloum,2026-05-23 08:16:12
SR011306,MED0241,Misrata,Al-Karareem,2026-07-18 09:21:16
SR011307,MED0466,Tripoli,Fashloum,2026-08-17 00:08:53
SR011308,MED0202,Tripoli,Souq Al Juma'a,2026-07-30 18:00:58
SR011309,MED0074,Tripoli,Tajoura,2026-07-02 11:41:06
SR011310,MED0122,Tripoli,Ain Zara,2026-05-05 05:42:56
SR011311,MED0124,Tripoli,Janzour,2026-04-30 14:54:46
SR011312,MED0045,Sabha,Tayouri,2026-06-29 21:33:01
SR011313,MED0128,Benghazi,Al-Fuwayhat,2026-05-18 20:56:13
SR011314,MED0111,Tripoli,Gargaresh,2026-08-05 04:54:45
SR011315,MED0409,Tripoli,Tajoura,2026-05-10 21:22:36
SR011316,MED0416,Tripoli,Tajoura,2026-06-14 00:33:02
SR011317,MED0187,Tripoli,Souq Al Juma'a,2026-06-10 05:18:13
SR011318,MED0119,Sabha,Tayouri,2026-04-26 23:09:14
SR011319,MED0510,Misrata,Qasr Ahmad,2026-07-16 09:45:25
SR011320,MED0096,Tripoli,Fashloum,2026-06-05 18:32:13
SR011321,MED0134,Benghazi,Al-Hadaeq,2026-05-10 18:47:20
SR011322,MED0367,Tripoli,Abu Salim,2026-06-09 16:14:09
SR011323,MED0246,Tripoli,Tajoura,2026-05-03 05:12:01
SR011324,MED0250,Tripoli,Abu Salim,2026-07-28 01:45:30
SR011325,MED0053,Tripoli,Janzour,2026-06-18 05:17:26
SR011326,MED0221,Misrata,Zawiyat Al-Mahjoub,2026-03-30 15:09:29
SR011327,MED0199,Tripoli,Ain Zara,2026-07-24 18:31:31
SR011328,MED0420,Benghazi,Al-Sabri,2026-07-26 17:41:59
SR011329,MED0239,Tripoli,Fashloum,2026-05-09 17:40:03
SR011330,MED0489,Misrata,Al-Karareem,2026-05-23 20:05:28
SR011331,MED0056,Misrata,Al-Karareem,2026-07-02 12:32:32
SR011332,MED0456,Zliten,Al-Qasabat,2026-04-15 00:35:25
SR011333,MED0389,Tripoli,Ain Zara,2026-03-09 03:18:08
SR011334,MED0068,Misrata,Al-Ghiran,2026-06-19 01:33:55
SR011335,MED0019,Tripoli,Janzour,2026-05-08 21:08:58
SR011336,MED0259,Tripoli,Ain Zara,2026-07-13 21:09:44
SR011337,MED0329,Sabha,Al-Manshiya,2026-06-06 21:28:10
SR011338,MED0170,Tripoli,Tajoura,2026-05-04 12:19:07
SR011339,MED0304,Tripoli,Gargaresh,2026-04-24 11:04:39
SR011340,MED0317,Tripoli,Abu Salim,2026-06-13 17:18:44
SR011341,MED0164,Misrata,Qasr Ahmad,2026-07-21 18:46:37
SR011342,MED0082,Tripoli,Fashloum,2026-01-12 09:01:09
SR011343,MED0013,Benghazi,Al-Selmani,2026-06-20 03:45:11
SR011344,MED0227,Misrata,Al-Karareem,2026-07-02 21:42:17
SR011345,MED0386,Tripoli,Tajoura,2026-05-23 17:17:06
SR011346,MED0339,Benghazi,Al-Berka,2026-07-17 10:02:19
SR011347,MED0401,Misrata,Qasr Ahmad,2026-08-12 09:47:12
SR011348,MED0243,Benghazi,Al-Hadaeq,2026-08-13 03:42:10
SR011349,MED0239,Benghazi,Al-Berka,2026-06-17 09:54:32
SR011350,MED0019,Tripoli,Janzour,2026-07-12 10:59:03
SR011351,MED0016,Zawiya,Al-Harsha,2026-06-08 19:14:15
SR011352,MED0236,Tripoli,Janzour,2026-07-25 18:27:57
SR011353,MED0104,Zawiya,Al-Mashtal,2026-07-09 02:11:45
SR011354,MED0234,Tripoli,Hay Al-Andalus,2026-07-29 09:56:31
SR011355,MED0507,Zliten,Souq Al-Thulatha,2026-08-06 10:24:56
SR011356,MED0433,Sabha,Al-Dawwar,2026-06-03 10:51:15
SR011357,MED0406,Benghazi,Al-Sabri,2026-06-15 00:15:45
SR011358,MED0394,Benghazi,Al-Selmani,2026-06-27 03:12:43
SR011359,MED0302,Benghazi,Al-Berka,2026-06-16 04:57:51
SR011360,MED0336,Misrata,Zawiyat Al-Mahjoub,2026-06-04 00:13:49
SR011361,MED0151,Benghazi,Al-Sabri,2026-04-21 20:18:14
SR011362,MED0293,Benghazi,Al-Selmani,2026-07-12 05:20:41
SR011363,MED0341,Tripoli,Gargaresh,2026-07-05 04:53:50
SR011364,MED0260,Tripoli,Janzour,2026-07-03 01:20:24
SR011365,MED0158,Tripoli,Ain Zara,2026-07-25 19:48:07
SR011366,MED0153,Tripoli,Hay Al-Andalus,2026-08-16 11:56:34
SR011367,MED0008,Tripoli,Fashloum,2026-04-18 20:35:13
SR011368,MED0011,Tripoli,Ain Zara,2026-07-08 02:06:58
SR011369,MED0318,Misrata,Zawiyat Al-Mahjoub,2026-07-12 17:13:54
SR011370,MED0097,Tripoli,Hay Al-Andalus,2026-06-11 04:05:29
SR011371,MED0114,Tripoli,Tajoura,2026-06-02 02:50:15
SR011372,MED0017,Misrata,Al-Ghiran,2026-05-02 12:19:01
SR011373,MED0095,Tripoli,Abu Salim,2026-05-03 09:47:14
SR011374,MED0399,Benghazi,Al-Selmani,2026-08-12 12:57:52
SR011375,MED0238,Tripoli,Hay Al-Andalus,2026-06-17 06:04:21
SR011376,MED0233,Tripoli,Janzour,2026-04-25 22:46:32
SR011377,MED0106,Tripoli,Hay Al-Andalus,2026-07-17 22:08:37
SR011378,MED0048,Tripoli,Hay Al-Andalus,2026-04-28 03:29:08
SR011379,MED0478,Misrata,Zawiyat Al-Mahjoub,2026-02-21 17:52:38
SR011380,MED0498,Benghazi,Al-Selmani,2026-08-08 02:10:38
SR011381,MED0323,Benghazi,Al-Sabri,2026-07-13 16:16:53
SR011382,MED0249,Sabha,Tayouri,2026-06-23 04:42:44
SR011383,MED0229,Tripoli,Ain Zara,2026-07-15 06:36:57
SR011384,MED0256,Misrata,Al-Ghiran,2026-04-19 08:48:42
SR011385,MED0237,Misrata,Zawiyat Al-Mahjoub,2026-07-05 14:37:26
SR011386,MED0190,Misrata,Al-Karareem,2026-07-12 05:37:05
SR011387,MED0030,Tripoli,Ain Zara,2026-08-06 10:50:15
SR011388,MED0480,Tripoli,Fashloum,2026-02-28 17:33:19
SR011389,MED0053,Misrata,Zawiyat Al-Mahjoub,2026-07-12 02:22:23
SR011390,MED0216,Tripoli,Ain Zara,2026-06-10 17:03:02
SR011391,MED0200,Tripoli,Souq Al Juma'a,2026-06-14 20:22:44
SR011392,MED0042,Zawiya,Bir Al-Ghanam,2026-07-11 03:27:39
SR011393,MED0472,Tripoli,Gargaresh,2026-06-18 07:47:13
SR011394,MED0236,Tripoli,Abu Salim,2026-06-22 02:09:50
SR011395,MED0370,Tripoli,Abu Salim,2026-05-31 02:06:15
SR011396,MED0016,Zawiya,Al-Harsha,2026-06-20 05:28:49
SR011397,MED0399,Tripoli,Fashloum,2026-05-25 08:34:16
SR011398,MED0021,Tripoli,Fashloum,2026-08-20 07:17:34
SR011399,MED0144,Misrata,Qasr Ahmad,2026-08-15 03:38:09
SR011400,MED0233,Tripoli,Tajoura,2026-06-10 01:34:19
SR011401,MED0237,Tripoli,Abu Salim,2026-05-29 16:50:58
SR011402,MED0318,Tripoli,Souq Al Juma'a,2026-08-07 04:57:29
SR011403,MED0457,Tripoli,Ain Zara,2026-01-31 18:52:51
SR011404,MED0226,Benghazi,Al-Sabri,2026-07-11 16:18:24
SR011405,MED0517,Zawiya,Al-Harsha,2026-05-27 08:37:28
SR011406,MED0495,Tripoli,Janzour,2026-05-17 12:37:00
SR011407,MED0060,Tripoli,Ain Zara,2026-07-14 23:38:24
SR011408,MED0453,Benghazi,Al-Hadaeq,2026-05-29 20:02:44
SR011409,MED0288,Tripoli,Abu Salim,2026-08-17 19:01:27
SR011410,MED0104,Tripoli,Fashloum,2026-06-15 06:20:46
SR011411,MED0057,Tripoli,Abu Salim,2026-05-27 05:47:45
SR011412,MED0067,Benghazi,Al-Hadaeq,2026-07-07 08:26:05
SR011413,MED0125,Misrata,Al-Ghiran,2026-04-22 01:08:38
SR011414,MED0169,Misrata,Zawiyat Al-Mahjoub,2026-07-03 00:25:47
SR011415,MED0207,Tripoli,Souq Al Juma'a,2026-04-09 01:03:06
SR011416,MED0124,Tripoli,Fashloum,2026-06-27 06:17:35
SR011417,MED0252,Tripoli,Ain Zara,2026-07-08 20:19:03
SR011418,MED0006,Benghazi,Al-Hadaeq,2026-03-18 23:48:07
SR011419,MED0030,Tripoli,Janzour,2026-08-01 17:34:03
SR011420,MED0080,Tripoli,Hay Al-Andalus,2026-08-11 15:29:12
SR011421,MED0016,Zliten,Al-Qasabat,2026-01-30 14:25:55
SR011422,MED0061,Tripoli,Abu Salim,2026-05-24 01:05:04
SR011423,MED0406,Zawiya,Al-Mashtal,2026-03-08 02:09:28
SR011424,MED0178,Tripoli,Ain Zara,2026-05-22 16:38:36
SR011425,MED0357,Tripoli,Tajoura,2026-07-13 10:26:32
SR011426,MED0259,Zliten,Souq Al-Thulatha,2026-07-02 07:20:22
SR011427,MED0082,Sabha,Tayouri,2026-06-19 13:43:40
SR011428,MED0127,Misrata,Zawiyat Al-Mahjoub,2026-06-24 13:52:50
SR011429,MED0223,Tripoli,Janzour,2026-07-24 18:01:19
SR011430,MED0285,Tripoli,Tajoura,2026-04-17 11:39:32
SR011431,MED0121,Tripoli,Abu Salim,2026-07-07 22:42:18
SR011432,MED0436,Sabha,Tayouri,2026-06-10 06:56:39
SR011433,MED0213,Misrata,Al-Karareem,2026-07-19 11:59:42
SR011434,MED0227,Zawiya,Al-Harsha,2026-03-11 00:44:04
SR011435,MED0063,Tripoli,Hay Al-Andalus,2026-07-21 16:26:03
SR011436,MED0066,Zliten,Souq Al-Thulatha,2026-05-17 19:38:04
SR011437,MED0417,Sabha,Al-Dawwar,2026-07-17 23:12:56
SR011438,MED0238,Tripoli,Tajoura,2026-06-11 10:26:39
SR011439,MED0296,Tripoli,Fashloum,2026-02-11 04:28:47
SR011440,MED0043,Sabha,Tayouri,2026-08-08 22:27:43
SR011441,MED0027,Tripoli,Fashloum,2026-06-08 19:25:05
SR011442,MED0466,Misrata,Al-Ghiran,2026-05-23 06:23:48
SR011443,MED0513,Tripoli,Souq Al Juma'a,2026-07-04 22:07:11
SR011444,MED0015,Tripoli,Tajoura,2026-05-24 19:13:28
SR011445,MED0323,Tripoli,Ain Zara,2026-07-16 16:48:45
SR011446,MED0095,Tripoli,Gargaresh,2026-08-15 15:17:11
SR011447,MED0005,Benghazi,Al-Hadaeq,2026-03-12 04:55:19
SR011448,MED0224,Benghazi,Al-Sabri,2026-05-05 09:36:13
SR011449,MED0510,Tripoli,Janzour,2026-07-28 19:50:57
SR011450,MED0349,Tripoli,Abu Salim,2026-05-16 16:24:03
SR011451,MED0446,Tripoli,Abu Salim,2026-04-02 14:47:38
SR011452,MED0244,Zawiya,Al-Harsha,2026-08-15 13:04:30
SR011453,MED0437,Tripoli,Janzour,2026-05-09 08:58:44
SR011454,MED0055,Benghazi,Al-Selmani,2026-05-13 15:24:02
SR011455,MED0330,Tripoli,Abu Salim,2026-05-16 19:55:31
SR011456,MED0139,Tripoli,Tajoura,2026-07-07 19:48:10
SR011457,MED0512,Tripoli,Souq Al Juma'a,2026-06-04 19:59:18
SR011458,MED0500,Tripoli,Gargaresh,2026-07-14 18:40:23
SR011459,MED0030,Misrata,Zawiyat Al-Mahjoub,2026-06-27 06:15:08
SR011460,MED0332,Tripoli,Janzour,2026-06-06 12:05:41
SR011461,MED0417,Benghazi,Al-Hadaeq,2026-07-06 15:28:11
SR011462,MED0117,Benghazi,Al-Hadaeq,2026-08-16 13:11:06
SR011463,MED0520,Tripoli,Ain Zara,2026-05-23 05:12:39
SR011464,MED0181,Tripoli,Ain Zara,2026-05-08 03:35:45
SR011465,MED0247,Misrata,Al-Karareem,2026-07-05 19:56:31
SR011466,MED0381,Benghazi,Al-Sabri,2026-07-11 02:51:30
SR011467,MED0028,Tripoli,Souq Al Juma'a,2026-07-25 02:13:27
SR011468,MED0061,Tripoli,Ain Zara,2026-06-28 03:06:41
SR011469,MED0013,Tripoli,Tajoura,2026-06-16 14:21:45
SR011470,MED0449,Benghazi,Al-Fuwayhat,2026-07-27 10:14:12
SR011471,MED0309,Zawiya,Al-Mashtal,2026-06-09 10:17:18
SR011472,MED0201,Tripoli,Fashloum,2026-08-06 06:42:37
SR011473,MED0254,Tripoli,Gargaresh,2026-07-26 08:51:39
SR011474,MED0401,Misrata,Zawiyat Al-Mahjoub,2026-07-06 10:05:46
SR011475,MED0049,Misrata,Al-Ghiran,2026-06-06 15:07:58
SR011476,MED0291,Misrata,Al-Ghiran,2026-07-05 01:59:08
SR011477,MED0190,Tripoli,Ain Zara,2026-06-20 23:21:13
SR011478,MED0167,Tripoli,Tajoura,2026-08-02 01:29:50
SR011479,MED0411,Tripoli,Ain Zara,2026-07-30 22:19:33
SR011480,MED0215,Tripoli,Gargaresh,2026-08-02 13:57:11
SR011481,MED0482,Benghazi,Al-Sabri,2026-06-06 07:45:54
SR011482,MED0080,Tripoli,Janzour,2026-08-09 03:49:28
SR011483,MED0375,Tripoli,Abu Salim,2026-03-26 19:41:54
SR011484,MED0163,Tripoli,Hay Al-Andalus,2026-05-08 15:36:17
SR011485,MED0442,Benghazi,Al-Hadaeq,2026-04-11 14:28:33
SR011486,MED0256,Tripoli,Fashloum,2026-06-02 09:33:12
SR011487,MED0116,Tripoli,Souq Al Juma'a,2026-05-27 07:01:34
SR011488,MED0520,Tripoli,Souq Al Juma'a,2026-06-06 15:07:48
SR011489,MED0008,Tripoli,Fashloum,2026-07-04 14:02:08
SR011490,MED0405,Zliten,Al-Qasabat,2026-07-08 17:02:04
SR011491,MED0229,Benghazi,Al-Sabri,2026-03-31 14:37:19
SR011492,MED0453,Tripoli,Abu Salim,2026-04-22 05:55:49
SR011493,MED0200,Tripoli,Ain Zara,2026-06-15 02:26:47
SR011494,MED0263,Benghazi,Al-Berka,2026-04-15 17:08:21
SR011495,MED0221,Tripoli,Abu Salim,2026-07-16 04:06:35
SR011496,MED0302,Tripoli,Souq Al Juma'a,2026-02-19 00:38:09
SR011497,MED0173,Zawiya,Bir Al-Ghanam,2026-06-04 05:54:40
SR011498,MED0131,Tripoli,Fashloum,2026-07-10 11:29:51
SR011499,MED0461,Tripoli,Tajoura,2026-08-14 16:16:53
SR011500,MED0337,Tripoli,Ain Zara,2026-07-31 15:56:24
SR011501,MED0186,Benghazi,Al-Selmani,2026-08-09 16:44:51
SR011502,MED0116,Tripoli,Gargaresh,2026-07-31 14:36:45
SR011503,MED0453,Tripoli,Ain Zara,2026-05-06 04:05:36
SR011504,MED0354,Zawiya,Bir Al-Ghanam,2026-07-13 18:30:22
SR011505,MED0402,Benghazi,Al-Fuwayhat,2026-07-16 15:09:51
SR011506,MED0377,Tripoli,Gargaresh,2026-04-13 18:47:43
SR011507,MED0462,Tripoli,Hay Al-Andalus,2026-03-18 03:56:13
SR011508,MED0202,Tripoli,Hay Al-Andalus,2026-06-04 03:03:59
SR011509,MED0154,Tripoli,Abu Salim,2026-06-24 13:36:40
SR011510,MED0179,Tripoli,Tajoura,2026-06-07 11:21:31
SR011511,MED0174,Tripoli,Janzour,2026-07-23 07:14:04
SR011512,MED0480,Zawiya,Bir Al-Ghanam,2026-03-30 05:20:36
SR011513,MED0020,Tripoli,Hay Al-Andalus,2026-06-12 12:02:16
SR011514,MED0043,Tripoli,Gargaresh,2026-06-21 00:41:31
SR011515,MED0057,Zawiya,Al-Mashtal,2026-07-14 05:36:24
SR011516,MED0075,Tripoli,Janzour,2026-08-10 13:57:53
SR011517,MED0366,Tripoli,Fashloum,2026-06-18 10:21:26
SR011518,MED0001,Tripoli,Ain Zara,2026-08-13 11:52:40
SR011519,MED0218,Tripoli,Tajoura,2026-05-14 02:33:35
SR011520,MED0124,Tripoli,Gargaresh,2026-07-11 19:42:05
SR011521,MED0509,Sabha,Tayouri,2026-08-11 11:21:13
SR011522,MED0441,Tripoli,Janzour,2026-06-06 01:16:12
SR011523,MED0319,Tripoli,Abu Salim,2026-08-02 13:52:59
SR011524,MED0042,Tripoli,Gargaresh,2026-06-20 02:15:54
SR011525,MED0029,Tripoli,Janzour,2026-07-11 07:01:24
SR011526,MED0376,Zawiya,Bir Al-Ghanam,2026-07-06 15:17:55
SR011527,MED0081,Zawiya,Al-Mashtal,2026-06-29 12:31:33
SR011528,MED0004,Tripoli,Abu Salim,2026-08-19 07:08:31
SR011529,MED0333,Sabha,Tayouri,2026-07-06 11:12:02
SR011530,MED0510,Tripoli,Abu Salim,2026-06-20 00:38:23
SR011531,MED0232,Tripoli,Abu Salim,2026-05-09 15:28:14
SR011532,MED0164,Tripoli,Hay Al-Andalus,2026-07-22 22:57:41
SR011533,MED0140,Tripoli,Tajoura,2026-04-03 17:54:42
SR011534,MED0510,Zawiya,Al-Mashtal,2026-06-11 05:19:07
SR011535,MED0190,Tripoli,Tajoura,2026-04-18 08:53:15
SR011536,MED0154,Misrata,Qasr Ahmad,2026-08-03 17:05:44
SR011537,MED0499,Tripoli,Tajoura,2026-05-16 15:38:06
SR011538,MED0205,Zliten,Al-Qasabat,2026-04-25 12:58:18
SR011539,MED0233,Benghazi,Al-Hadaeq,2026-04-26 05:08:18
SR011540,MED0291,Benghazi,Al-Sabri,2026-06-23 00:04:10
SR011541,MED0025,Tripoli,Ain Zara,2026-05-25 08:57:39
SR011542,MED0490,Tripoli,Gargaresh,2026-05-18 20:21:09
SR011543,MED0002,Tripoli,Abu Salim,2026-06-10 13:57:08
SR011544,MED0226,Tripoli,Janzour,2026-05-30 06:34:32
SR011545,MED0367,Misrata,Zawiyat Al-Mahjoub,2026-08-07 09:19:42
SR011546,MED0056,Zawiya,Al-Mashtal,2026-08-15 03:54:44
SR011547,MED0177,Benghazi,Al-Berka,2026-07-22 06:10:13
SR011548,MED0097,Tripoli,Tajoura,2026-08-11 21:20:54
SR011549,MED0220,Misrata,Al-Karareem,2026-08-17 08:12:13
SR011550,MED0044,Tripoli,Ain Zara,2026-06-11 18:32:01
SR011551,MED0174,Benghazi,Al-Hadaeq,2026-06-15 08:03:06
SR011552,MED0303,Benghazi,Al-Fuwayhat,2026-07-26 12:56:50
SR011553,MED0231,Tripoli,Tajoura,2026-05-29 17:36:50
SR011554,MED0165,Sabha,Tayouri,2026-08-02 22:27:40
SR011555,MED0464,Sabha,Al-Dawwar,2026-06-12 14:27:58
SR011556,MED0513,Benghazi,Al-Fuwayhat,2026-06-21 13:42:35
SR011557,MED0044,Zawiya,Al-Harsha,2026-08-11 04:06:46
SR011558,MED0253,Tripoli,Janzour,2026-03-22 00:17:55
SR011559,MED0460,Benghazi,Al-Hadaeq,2026-06-24 16:20:51
SR011560,MED0284,Benghazi,Al-Selmani,2026-05-18 21:33:55
SR011561,MED0335,Tripoli,Hay Al-Andalus,2026-08-16 00:59:31
SR011562,MED0112,Misrata,Al-Ghiran,2026-06-28 04:36:40
SR011563,MED0332,Tripoli,Fashloum,2026-04-30 09:06:18
SR011564,MED0470,Benghazi,Al-Fuwayhat,2026-05-18 21:01:17
SR011565,MED0160,Tripoli,Fashloum,2026-05-07 21:39:29
SR011566,MED0175,Misrata,Al-Ghiran,2026-07-23 16:09:58
SR011567,MED0426,Zliten,Souq Al-Thulatha,2026-03-21 00:31:35
SR011568,MED0308,Tripoli,Ain Zara,2026-05-19 05:02:58
SR011569,MED0108,Zawiya,Al-Harsha,2026-06-13 14:10:54
SR011570,MED0201,Benghazi,Al-Fuwayhat,2026-06-08 20:06:54
SR011571,MED0177,Misrata,Al-Ghiran,2026-05-14 01:07:19
SR011572,MED0258,Benghazi,Al-Hadaeq,2026-07-17 16:45:53
SR011573,MED0139,Benghazi,Al-Hadaeq,2026-04-07 08:23:56
SR011574,MED0156,Benghazi,Al-Berka,2026-07-21 19:08:23
SR011575,MED0005,Benghazi,Al-Hadaeq,2026-04-27 13:23:57
SR011576,MED0164,Tripoli,Tajoura,2026-07-27 02:41:29
SR011577,MED0089,Tripoli,Janzour,2026-06-24 15:29:02
SR011578,MED0191,Tripoli,Fashloum,2026-07-20 01:55:36
SR011579,MED0258,Tripoli,Gargaresh,2026-05-06 19:15:08
SR011580,MED0439,Benghazi,Al-Berka,2026-07-11 04:25:46
SR011581,MED0284,Misrata,Zawiyat Al-Mahjoub,2026-08-01 00:37:50
SR011582,MED0176,Tripoli,Hay Al-Andalus,2026-05-15 06:49:23
SR011583,MED0330,Tripoli,Tajoura,2026-05-01 12:53:11
SR011584,MED0257,Tripoli,Souq Al Juma'a,2026-07-03 12:30:50
SR011585,MED0397,Sabha,Tayouri,2026-05-17 11:50:28
SR011586,MED0195,Tripoli,Hay Al-Andalus,2026-03-17 01:07:29
SR011587,MED0316,Tripoli,Tajoura,2026-07-27 14:32:03
SR011588,MED0411,Tripoli,Ain Zara,2026-07-14 05:05:35
SR011589,MED0366,Misrata,Al-Ghiran,2026-06-07 21:45:32
SR011590,MED0457,Benghazi,Al-Selmani,2026-07-28 22:30:36
SR011591,MED0116,Tripoli,Janzour,2026-06-19 20:17:34
SR011592,MED0329,Tripoli,Janzour,2026-08-17 14:09:38
SR011593,MED0046,Zliten,Al-Qasabat,2026-07-25 02:41:34
SR011594,MED0450,Tripoli,Janzour,2026-08-11 09:13:01
SR011595,MED0446,Benghazi,Al-Selmani,2026-05-01 08:40:57
SR011596,MED0054,Tripoli,Ain Zara,2026-07-05 13:12:12
SR011597,MED0056,Tripoli,Janzour,2026-05-20 15:39:16
SR011598,MED0297,Tripoli,Tajoura,2026-08-03 09:14:18
SR011599,MED0110,Tripoli,Janzour,2026-05-07 21:43:23
SR011600,MED0127,Zawiya,Al-Mashtal,2026-08-09 13:25:34
SR011601,MED0135,Tripoli,Hay Al-Andalus,2026-08-04 20:41:13
SR011602,MED0435,Benghazi,Al-Hadaeq,2026-05-05 13:50:10
SR011603,MED0478,Benghazi,Al-Berka,2026-08-06 23:45:26
SR011604,MED0147,Zawiya,Bir Al-Ghanam,2026-06-07 06:13:54
SR011605,MED0467,Tripoli,Tajoura,2026-05-31 10:09:06
SR011606,MED0005,Tripoli,Ain Zara,2026-07-18 18:48:57
SR011607,MED0011,Tripoli,Ain Zara,2026-06-21 23:08:22
SR011608,MED0041,Tripoli,Hay Al-Andalus,2026-07-03 17:03:27
SR011609,MED0057,Tripoli,Gargaresh,2026-07-31 00:51:39
SR011610,MED0258,Tripoli,Fashloum,2026-02-28 16:20:11
SR011611,MED0366,Tripoli,Tajoura,2026-08-20 00:42:26
SR011612,MED0047,Misrata,Qasr Ahmad,2026-06-29 20:37:54
SR011613,MED0316,Tripoli,Souq Al Juma'a,2026-07-11 21:22:34
SR011614,MED0114,Tripoli,Janzour,2026-07-20 14:38:38
SR011615,MED0104,Tripoli,Tajoura,2026-07-29 14:48:54
SR011616,MED0445,Tripoli,Janzour,2026-05-18 14:31:01
SR011617,MED0029,Benghazi,Al-Hadaeq,2026-08-11 10:12:04
SR011618,MED0246,Benghazi,Al-Berka,2026-06-02 10:13:54
SR011619,MED0114,Tripoli,Souq Al Juma'a,2026-07-15 21:27:43
SR011620,MED0497,Tripoli,Janzour,2026-08-10 14:01:10
SR011621,MED0273,Benghazi,Al-Sabri,2026-05-04 02:40:44
SR011622,MED0108,Tripoli,Ain Zara,2026-08-05 10:13:01
SR011623,MED0173,Zawiya,Bir Al-Ghanam,2026-05-16 01:57:00
SR011624,MED0506,Tripoli,Fashloum,2026-05-19 02:50:44
SR011625,MED0474,Benghazi,Al-Hadaeq,2026-05-23 18:42:02
SR011626,MED0132,Tripoli,Ain Zara,2026-07-24 07:07:59
SR011627,MED0128,Benghazi,Al-Selmani,2026-04-12 12:44:48
SR011628,MED0455,Tripoli,Souq Al Juma'a,2026-07-24 19:22:00
SR011629,MED0074,Tripoli,Ain Zara,2026-04-30 04:51:49
SR011630,MED0198,Tripoli,Gargaresh,2026-07-28 13:09:20
SR011631,MED0164,Misrata,Al-Karareem,2026-07-06 22:42:14
SR011632,MED0141,Tripoli,Abu Salim,2026-07-20 07:04:25
SR011633,MED0029,Tripoli,Tajoura,2026-07-29 03:54:59
SR011634,MED0437,Misrata,Qasr Ahmad,2026-08-02 11:22:40
SR011635,MED0014,Tripoli,Gargaresh,2026-06-02 05:49:20
SR011636,MED0405,Tripoli,Tajoura,2026-08-01 05:53:51
SR011637,MED0057,Tripoli,Ain Zara,2026-07-12 02:46:19
SR011638,MED0124,Misrata,Al-Karareem,2026-07-31 08:11:27
SR011639,MED0173,Tripoli,Hay Al-Andalus,2026-08-02 20:56:53
SR011640,MED0142,Tripoli,Janzour,2026-06-26 03:16:44
SR011641,MED0116,Tripoli,Janzour,2026-03-29 01:21:59
SR011642,MED0354,Tripoli,Ain Zara,2026-06-24 03:49:39
SR011643,MED0154,Tripoli,Ain Zara,2026-07-07 20:20:34
SR011644,MED0059,Tripoli,Tajoura,2026-06-20 11:22:08
SR011645,MED0362,Tripoli,Hay Al-Andalus,2026-07-21 19:53:00
SR011646,MED0253,Tripoli,Gargaresh,2026-07-11 14:58:25
SR011647,MED0275,Tripoli,Tajoura,2026-05-15 19:54:52
SR011648,MED0150,Misrata,Qasr Ahmad,2026-07-17 19:25:18
SR011649,MED0082,Misrata,Al-Karareem,2026-04-20 00:27:14
SR011650,MED0455,Benghazi,Al-Hadaeq,2026-07-20 21:41:45
SR011651,MED0275,Tripoli,Janzour,2026-07-27 00:51:49
SR011652,MED0267,Tripoli,Souq Al Juma'a,2026-04-26 02:30:33
SR011653,MED0404,Tripoli,Gargaresh,2026-05-10 22:59:50
SR011654,MED0390,Tripoli,Hay Al-Andalus,2026-06-30 06:35:46
SR011655,MED0450,Tripoli,Fashloum,2026-06-25 14:47:02
SR011656,MED0207,Tripoli,Fashloum,2026-05-19 21:26:51
SR011657,MED0250,Sabha,Al-Dawwar,2026-07-15 06:48:12
SR011658,MED0029,Tripoli,Souq Al Juma'a,2026-07-19 15:02:19
SR011659,MED0067,Benghazi,Al-Sabri,2026-05-18 12:18:55
SR011660,MED0045,Tripoli,Fashloum,2026-06-30 20:50:53
SR011661,MED0055,Zawiya,Al-Harsha,2026-06-15 13:13:45
SR011662,MED0074,Tripoli,Ain Zara,2026-07-24 14:04:54
SR011663,MED0323,Tripoli,Fashloum,2026-05-16 14:45:21
SR011664,MED0216,Sabha,Al-Manshiya,2026-06-20 12:49:26
SR011665,MED0225,Benghazi,Al-Hadaeq,2026-05-22 21:10:06
SR011666,MED0162,Tripoli,Gargaresh,2026-03-10 09:21:05
SR011667,MED0339,Tripoli,Fashloum,2026-07-04 11:41:26
SR011668,MED0214,Tripoli,Abu Salim,2026-05-25 10:02:54
SR011669,MED0147,Tripoli,Janzour,2026-06-06 08:38:19
SR011670,MED0174,Zliten,Souq Al-Thulatha,2026-07-02 06:21:23
SR011671,MED0091,Tripoli,Hay Al-Andalus,2026-03-19 19:11:56
SR011672,MED0194,Tripoli,Gargaresh,2026-07-25 16:20:35
SR011673,MED0091,Tripoli,Hay Al-Andalus,2026-07-07 16:45:19
SR011674,MED0104,Tripoli,Tajoura,2026-06-28 23:20:22
SR011675,MED0469,Benghazi,Al-Selmani,2026-08-19 01:06:49
SR011676,MED0350,Benghazi,Al-Berka,2026-08-16 17:16:23
SR011677,MED0001,Tripoli,Fashloum,2026-05-29 08:18:30
SR011678,MED0154,Benghazi,Al-Hadaeq,2026-07-28 08:13:51
SR011679,MED0438,Zawiya,Al-Harsha,2026-07-13 09:14:13
SR011680,MED0316,Tripoli,Gargaresh,2026-07-11 02:39:35
SR011681,MED0144,Tripoli,Hay Al-Andalus,2026-07-24 21:19:49
SR011682,MED0408,Zawiya,Bir Al-Ghanam,2026-05-29 19:26:06
SR011683,MED0027,Tripoli,Fashloum,2026-07-14 08:07:32
SR011684,MED0240,Benghazi,Al-Fuwayhat,2026-03-31 02:04:58
SR011685,MED0083,Zliten,Al-Qasabat,2026-07-18 23:58:54
SR011686,MED0316,Tripoli,Gargaresh,2026-07-28 23:34:19
SR011687,MED0399,Misrata,Al-Ghiran,2026-06-19 14:08:25
SR011688,MED0505,Tripoli,Gargaresh,2026-02-10 20:59:14
SR011689,MED0126,Tripoli,Souq Al Juma'a,2026-07-10 09:32:13
SR011690,MED0400,Misrata,Qasr Ahmad,2026-07-18 02:24:17
SR011691,MED0176,Tripoli,Souq Al Juma'a,2026-05-20 23:26:10
SR011692,MED0059,Benghazi,Al-Fuwayhat,2026-08-01 20:59:22
SR011693,MED0401,Tripoli,Hay Al-Andalus,2026-08-08 08:03:50
SR011694,MED0298,Tripoli,Abu Salim,2026-07-30 07:52:39
SR011695,MED0175,Sabha,Tayouri,2026-08-10 04:26:13
SR011696,MED0138,Tripoli,Ain Zara,2026-07-11 15:08:05
SR011697,MED0138,Tripoli,Souq Al Juma'a,2026-08-21 02:13:13
SR011698,MED0292,Benghazi,Al-Selmani,2026-07-26 17:10:56
SR011699,MED0174,Tripoli,Fashloum,2026-07-31 08:30:36
SR011700,MED0446,Tripoli,Ain Zara,2026-08-02 06:31:18
SR011701,MED0258,Benghazi,Al-Selmani,2026-07-19 04:07:26
SR011702,MED0115,Tripoli,Abu Salim,2026-07-28 23:56:52
SR011703,MED0037,Benghazi,Al-Fuwayhat,2026-08-08 03:21:33
SR011704,MED0511,Misrata,Qasr Ahmad,2026-03-11 01:36:53
SR011705,MED0114,Benghazi,Al-Fuwayhat,2026-03-07 20:25:31
SR011706,MED0304,Tripoli,Janzour,2026-05-01 15:37:25
SR011707,MED0364,Sabha,Al-Manshiya,2026-05-26 10:57:18
SR011708,MED0303,Misrata,Zawiyat Al-Mahjoub,2026-05-20 00:55:28
SR011709,MED0015,Zawiya,Al-Harsha,2026-05-15 23:59:34
SR011710,MED0366,Tripoli,Janzour,2026-03-15 08:33:26
SR011711,MED0127,Tripoli,Hay Al-Andalus,2026-06-17 21:59:31
SR011712,MED0262,Sabha,Tayouri,2026-05-24 15:24:00
SR011713,MED0270,Tripoli,Janzour,2026-08-01 03:03:39
SR011714,MED0365,Zliten,Souq Al-Thulatha,2026-07-31 23:19:07
SR011715,MED0365,Tripoli,Fashloum,2026-06-10 21:42:12
SR011716,MED0329,Tripoli,Fashloum,2026-04-07 03:03:14
SR011717,MED0060,Benghazi,Al-Berka,2026-05-12 12:57:08
SR011718,MED0123,Tripoli,Abu Salim,2026-06-21 04:31:01
SR011719,MED0194,Benghazi,Al-Fuwayhat,2026-07-04 10:59:05
SR011720,MED0174,Tripoli,Abu Salim,2026-06-09 08:02:19
SR011721,MED0455,Zawiya,Al-Harsha,2026-07-01 21:08:28
SR011722,MED0015,Tripoli,Souq Al Juma'a,2026-07-02 11:04:26
SR011723,MED0015,Benghazi,Al-Hadaeq,2026-05-14 06:11:42
SR011724,MED0336,Tripoli,Fashloum,2026-06-25 01:20:42
SR011725,MED0221,Tripoli,Abu Salim,2026-05-14 12:24:10
SR011726,MED0425,Tripoli,Souq Al Juma'a,2026-07-30 14:27:26
SR011727,MED0175,Zawiya,Bir Al-Ghanam,2026-08-04 01:25:44
SR011728,MED0453,Tripoli,Tajoura,2026-06-08 08:00:46
SR011729,MED0322,Tripoli,Abu Salim,2026-05-17 09:24:26
SR011730,MED0456,Sabha,Al-Manshiya,2026-05-16 19:37:04
SR011731,MED0243,Tripoli,Hay Al-Andalus,2026-06-08 14:45:51
SR011732,MED0099,Tripoli,Souq Al Juma'a,2026-07-23 08:31:03
SR011733,MED0395,Tripoli,Abu Salim,2026-05-07 18:51:59
SR011734,MED0029,Tripoli,Hay Al-Andalus,2026-04-12 21:11:42
SR011735,MED0249,Benghazi,Al-Fuwayhat,2026-07-17 06:25:16
SR011736,MED0374,Tripoli,Tajoura,2026-06-28 00:23:23
SR011737,MED0355,Tripoli,Ain Zara,2026-06-09 05:40:10
SR011738,MED0027,Zawiya,Bir Al-Ghanam,2026-06-16 10:03:16
SR011739,MED0019,Tripoli,Ain Zara,2026-08-09 12:07:33
SR011740,MED0449,Sabha,Al-Dawwar,2026-08-01 13:04:47
SR011741,MED0084,Benghazi,Al-Hadaeq,2026-06-20 02:20:46
SR011742,MED0120,Tripoli,Fashloum,2026-07-07 19:18:53
SR011743,MED0021,Tripoli,Souq Al Juma'a,2026-07-18 12:28:35
SR011744,MED0238,Benghazi,Al-Fuwayhat,2026-07-15 22:29:19
SR011745,MED0334,Tripoli,Tajoura,2026-07-06 00:29:49
SR011746,MED0065,Misrata,Zawiyat Al-Mahjoub,2026-06-29 07:56:31
SR011747,MED0491,Benghazi,Al-Berka,2026-07-13 21:00:04
SR011748,MED0491,Tripoli,Gargaresh,2026-07-29 05:55:14
SR011749,MED0441,Misrata,Zawiyat Al-Mahjoub,2026-06-21 04:23:47
SR011750,MED0060,Tripoli,Fashloum,2026-07-20 20:13:52
SR011751,MED0049,Tripoli,Hay Al-Andalus,2026-07-27 01:34:23
SR011752,MED0005,Tripoli,Janzour,2026-08-10 23:39:09
SR011753,MED0475,Tripoli,Fashloum,2026-06-07 14:32:51
SR011754,MED0299,Benghazi,Al-Selmani,2026-08-12 22:56:19
SR011755,MED0305,Tripoli,Abu Salim,2026-04-30 12:48:17
SR011756,MED0363,Tripoli,Gargaresh,2026-08-03 09:21:24
SR011757,MED0123,Tripoli,Souq Al Juma'a,2026-04-07 12:35:11
SR011758,MED0305,Sabha,Al-Manshiya,2026-06-14 05:23:44
SR011759,MED0135,Misrata,Al-Karareem,2026-06-08 03:51:33
SR011760,MED0469,Benghazi,Al-Fuwayhat,2026-07-12 10:15:54
SR011761,MED0510,Tripoli,Gargaresh,2026-05-07 08:38:59
SR011762,MED0157,Tripoli,Fashloum,2026-07-20 12:59:39
SR011763,MED0011,Sabha,Al-Manshiya,2026-06-29 17:26:12
SR011764,MED0496,Tripoli,Abu Salim,2026-07-27 15:38:17
SR011765,MED0322,Tripoli,Fashloum,2026-08-14 16:49:24
SR011766,MED0049,Zliten,Al-Qasabat,2026-05-26 05:56:46
SR011767,MED0238,Tripoli,Fashloum,2026-08-11 13:09:18
SR011768,MED0367,Misrata,Al-Ghiran,2026-08-13 21:54:00
SR011769,MED0063,Tripoli,Gargaresh,2026-07-22 00:35:08
SR011770,MED0459,Tripoli,Abu Salim,2026-07-20 13:37:30
SR011771,MED0360,Benghazi,Al-Sabri,2026-07-02 05:25:14
SR011772,MED0114,Tripoli,Janzour,2026-08-13 15:10:27
SR011773,MED0152,Tripoli,Ain Zara,2026-03-25 16:00:15
SR011774,MED0173,Tripoli,Ain Zara,2026-08-10 19:12:20
SR011775,MED0437,Tripoli,Tajoura,2026-06-09 18:18:57
SR011776,MED0378,Tripoli,Ain Zara,2026-05-25 20:09:42
SR011777,MED0056,Misrata,Al-Karareem,2026-08-10 16:06:58
SR011778,MED0110,Tripoli,Janzour,2026-07-16 13:37:58
SR011779,MED0508,Tripoli,Fashloum,2026-08-03 01:04:03
SR011780,MED0404,Benghazi,Al-Berka,2026-06-09 14:35:01
SR011781,MED0397,Tripoli,Ain Zara,2026-04-03 15:19:22
SR011782,MED0187,Zawiya,Bir Al-Ghanam,2026-06-27 13:05:32
SR011783,MED0146,Tripoli,Fashloum,2026-01-13 16:17:57
SR011784,MED0520,Tripoli,Souq Al Juma'a,2026-05-13 23:12:42
SR011785,MED0075,Zliten,Souq Al-Thulatha,2026-07-11 13:43:13
SR011786,MED0459,Zliten,Al-Qasabat,2026-05-25 17:35:31
SR011787,MED0411,Sabha,Al-Dawwar,2026-05-26 10:23:03
SR011788,MED0345,Tripoli,Hay Al-Andalus,2026-07-13 21:05:19
SR011789,MED0007,Tripoli,Tajoura,2026-07-31 19:44:17
SR011790,MED0457,Tripoli,Tajoura,2026-05-04 11:31:54
SR011791,MED0333,Tripoli,Hay Al-Andalus,2026-06-15 05:09:11
SR011792,MED0194,Tripoli,Fashloum,2026-08-06 22:40:15
SR011793,MED0029,Misrata,Qasr Ahmad,2026-08-16 20:08:36
SR011794,MED0508,Benghazi,Al-Selmani,2026-07-10 02:15:33
SR011795,MED0110,Benghazi,Al-Sabri,2026-03-11 08:15:26
SR011796,MED0282,Tripoli,Abu Salim,2026-07-13 20:40:32
SR011797,MED0371,Tripoli,Janzour,2026-06-21 17:11:31
SR011798,MED0020,Tripoli,Janzour,2026-08-08 00:54:26
SR011799,MED0229,Misrata,Qasr Ahmad,2026-08-04 05:05:19
SR011800,MED0192,Tripoli,Abu Salim,2026-07-07 10:45:33
SR011801,MED0046,Tripoli,Abu Salim,2026-07-26 09:34:06
SR011802,MED0454,Tripoli,Tajoura,2026-04-24 07:50:41
SR011803,MED0298,Tripoli,Ain Zara,2026-07-13 07:17:18
SR011804,MED0491,Tripoli,Gargaresh,2026-06-05 08:05:29
SR011805,MED0432,Misrata,Al-Karareem,2026-06-30 03:57:33
SR011806,MED0449,Misrata,Qasr Ahmad,2026-05-30 23:24:54
SR011807,MED0142,Tripoli,Souq Al Juma'a,2026-05-10 09:29:27
SR011808,MED0082,Tripoli,Hay Al-Andalus,2026-05-01 01:15:10
SR011809,MED0501,Tripoli,Abu Salim,2026-05-26 06:01:43
SR011810,MED0301,Tripoli,Tajoura,2026-06-21 02:21:59
SR011811,MED0041,Tripoli,Gargaresh,2026-04-28 07:59:21
SR011812,MED0468,Misrata,Zawiyat Al-Mahjoub,2026-05-17 13:15:14
SR011813,MED0258,Tripoli,Ain Zara,2026-08-19 01:36:48
SR011814,MED0132,Tripoli,Tajoura,2026-06-04 02:23:02
SR011815,MED0383,Benghazi,Al-Berka,2026-08-20 03:29:07
SR011816,MED0146,Tripoli,Abu Salim,2026-07-28 05:29:59
SR011817,MED0110,Benghazi,Al-Selmani,2026-05-11 15:07:35
SR011818,MED0498,Tripoli,Tajoura,2026-06-30 11:11:10
SR011819,MED0146,Tripoli,Ain Zara,2026-05-09 13:34:58
SR011820,MED0487,Benghazi,Al-Sabri,2026-07-27 04:34:29
SR011821,MED0100,Tripoli,Abu Salim,2026-05-30 03:28:14
SR011822,MED0484,Tripoli,Janzour,2026-07-06 16:33:17
SR011823,MED0385,Tripoli,Gargaresh,2026-08-09 11:38:30
SR011824,MED0349,Tripoli,Gargaresh,2026-05-08 12:32:14
SR011825,MED0003,Tripoli,Ain Zara,2026-07-22 22:38:52
SR011826,MED0061,Tripoli,Fashloum,2026-05-08 11:57:47
SR011827,MED0474,Tripoli,Tajoura,2026-05-19 16:56:05
SR011828,MED0134,Tripoli,Abu Salim,2026-06-19 17:10:12
SR011829,MED0491,Tripoli,Fashloum,2026-06-06 23:42:12
SR011830,MED0400,Benghazi,Al-Sabri,2026-06-26 16:23:42
SR011831,MED0084,Tripoli,Abu Salim,2026-07-28 05:28:50
SR011832,MED0261,Tripoli,Ain Zara,2026-06-07 06:54:00
SR011833,MED0064,Tripoli,Abu Salim,2026-07-08 02:25:48
SR011834,MED0289,Tripoli,Ain Zara,2026-08-06 00:45:12
SR011835,MED0045,Tripoli,Souq Al Juma'a,2026-05-04 09:47:12
SR011836,MED0016,Tripoli,Janzour,2026-07-31 12:03:50
SR011837,MED0104,Sabha,Al-Dawwar,2026-04-11 02:36:34
SR011838,MED0281,Tripoli,Janzour,2026-06-23 09:40:43
SR011839,MED0368,Tripoli,Abu Salim,2026-04-11 11:11:07
SR011840,MED0194,Tripoli,Gargaresh,2026-08-10 20:13:57
SR011841,MED0058,Benghazi,Al-Sabri,2026-08-10 15:20:20
SR011842,MED0369,Tripoli,Janzour,2026-05-10 05:45:17
SR011843,MED0233,Benghazi,Al-Selmani,2026-05-14 02:48:55
SR011844,MED0316,Misrata,Al-Ghiran,2026-07-28 13:54:10
SR011845,MED0193,Tripoli,Fashloum,2026-07-08 20:28:45
SR011846,MED0236,Tripoli,Abu Salim,2026-05-19 22:20:09
SR011847,MED0223,Tripoli,Hay Al-Andalus,2026-05-18 19:41:44
SR011848,MED0026,Benghazi,Al-Fuwayhat,2026-05-04 07:20:46
SR011849,MED0404,Zliten,Al-Qasabat,2026-06-18 10:41:03
SR011850,MED0057,Tripoli,Ain Zara,2026-03-21 16:41:37
SR011851,MED0261,Misrata,Qasr Ahmad,2026-03-17 23:21:23
SR011852,MED0156,Tripoli,Souq Al Juma'a,2026-05-29 22:28:50
SR011853,MED0265,Tripoli,Abu Salim,2026-06-16 22:45:15
SR011854,MED0328,Misrata,Qasr Ahmad,2026-07-05 21:27:29
SR011855,MED0419,Misrata,Zawiyat Al-Mahjoub,2026-07-22 03:28:09
SR011856,MED0371,Sabha,Al-Manshiya,2026-07-22 04:45:43
SR011857,MED0117,Tripoli,Hay Al-Andalus,2026-07-06 21:25:50
SR011858,MED0499,Tripoli,Gargaresh,2026-06-17 06:00:31
SR011859,MED0396,Tripoli,Ain Zara,2026-05-25 18:39:00
SR011860,MED0049,Misrata,Qasr Ahmad,2026-06-28 23:54:09
SR011861,MED0332,Tripoli,Hay Al-Andalus,2026-06-25 07:16:57
SR011862,MED0487,Tripoli,Hay Al-Andalus,2026-06-12 08:57:08
SR011863,MED0399,Tripoli,Janzour,2026-08-09 18:21:52
SR011864,MED0514,Tripoli,Tajoura,2026-04-10 12:33:04
SR011865,MED0339,Benghazi,Al-Selmani,2026-06-18 14:56:32
SR011866,MED0177,Benghazi,Al-Fuwayhat,2026-03-07 19:08:21
SR011867,MED0061,Tripoli,Fashloum,2026-06-01 07:50:48
SR011868,MED0197,Sabha,Al-Manshiya,2026-07-21 08:51:17
SR011869,MED0297,Tripoli,Ain Zara,2026-06-20 16:05:16
SR011870,MED0126,Tripoli,Ain Zara,2026-08-08 06:24:20
SR011871,MED0207,Benghazi,Al-Berka,2026-04-24 10:46:43
SR011872,MED0493,Tripoli,Abu Salim,2026-07-22 22:01:10
SR011873,MED0231,Tripoli,Janzour,2026-07-20 22:02:20
SR011874,MED0282,Tripoli,Abu Salim,2026-04-17 23:41:37
SR011875,MED0261,Misrata,Zawiyat Al-Mahjoub,2026-08-12 11:28:48
SR011876,MED0516,Tripoli,Souq Al Juma'a,2026-06-07 05:32:05
SR011877,MED0058,Zawiya,Al-Mashtal,2026-05-02 23:21:34
SR011878,MED0203,Benghazi,Al-Berka,2026-06-20 00:21:29
SR011879,MED0046,Tripoli,Gargaresh,2026-08-04 02:18:54
SR011880,MED0209,Tripoli,Gargaresh,2026-07-16 00:32:52
SR011881,MED0345,Sabha,Al-Manshiya,2026-06-22 01:46:14
SR011882,MED0223,Benghazi,Al-Fuwayhat,2026-07-04 06:21:56
SR011883,MED0469,Tripoli,Abu Salim,2026-08-10 12:20:59
SR011884,MED0220,Benghazi,Al-Fuwayhat,2026-08-06 00:29:23
SR011885,MED0138,Tripoli,Gargaresh,2026-07-03 04:41:02
SR011886,MED0469,Tripoli,Janzour,2026-06-27 05:47:46
SR011887,MED0453,Sabha,Al-Manshiya,2026-07-24 22:42:11
SR011888,MED0371,Zawiya,Al-Mashtal,2026-08-13 13:36:39
SR011889,MED0057,Benghazi,Al-Fuwayhat,2026-07-13 13:52:43
SR011890,MED0185,Tripoli,Fashloum,2026-04-20 07:26:27
SR011891,MED0370,Tripoli,Tajoura,2026-05-07 10:02:30
SR011892,MED0005,Sabha,Tayouri,2026-07-11 15:29:59
SR011893,MED0474,Benghazi,Al-Berka,2026-06-09 07:14:04
SR011894,MED0440,Tripoli,Gargaresh,2026-04-06 08:32:34
SR011895,MED0389,Benghazi,Al-Selmani,2026-08-02 02:38:41
SR011896,MED0370,Tripoli,Souq Al Juma'a,2026-04-14 13:13:22
SR011897,MED0257,Tripoli,Abu Salim,2026-07-29 06:35:21
SR011898,MED0258,Tripoli,Souq Al Juma'a,2026-04-06 07:02:47
SR011899,MED0313,Tripoli,Janzour,2026-02-28 19:46:02
SR011900,MED0265,Tripoli,Hay Al-Andalus,2026-08-19 04:26:30
SR011901,MED0197,Tripoli,Ain Zara,2026-05-05 19:20:39
SR011902,MED0411,Benghazi,Al-Selmani,2026-07-03 21:09:56
SR011903,MED0386,Benghazi,Al-Berka,2026-02-02 04:36:25
SR011904,MED0468,Tripoli,Abu Salim,2026-07-15 14:51:57
SR011905,MED0357,Tripoli,Hay Al-Andalus,2026-07-09 12:35:49
SR011906,MED0329,Zawiya,Al-Harsha,2026-07-16 12:46:02
SR011907,MED0357,Tripoli,Ain Zara,2026-05-07 20:58:40
SR011908,MED0380,Zawiya,Bir Al-Ghanam,2026-06-24 01:23:34
SR011909,MED0172,Tripoli,Hay Al-Andalus,2026-07-14 10:54:16
SR011910,MED0488,Tripoli,Ain Zara,2026-08-15 10:33:11
SR011911,MED0250,Tripoli,Tajoura,2026-06-09 05:56:48
SR011912,MED0206,Tripoli,Ain Zara,2026-06-10 15:53:46
SR011913,MED0316,Misrata,Zawiyat Al-Mahjoub,2026-07-28 18:56:54
SR011914,MED0230,Tripoli,Tajoura,2026-05-26 19:36:47
SR011915,MED0179,Benghazi,Al-Fuwayhat,2026-05-02 13:35:38
SR011916,MED0304,Tripoli,Ain Zara,2026-08-11 03:50:00
SR011917,MED0019,Benghazi,Al-Fuwayhat,2026-05-12 22:57:37
SR011918,MED0162,Tripoli,Ain Zara,2026-07-13 00:55:01
SR011919,MED0188,Benghazi,Al-Fuwayhat,2026-08-03 22:14:33
SR011920,MED0300,Benghazi,Al-Hadaeq,2026-04-29 02:03:20
SR011921,MED0029,Misrata,Qasr Ahmad,2026-04-23 07:37:15
SR011922,MED0010,Misrata,Zawiyat Al-Mahjoub,2026-07-28 19:43:39
SR011923,MED0349,Misrata,Qasr Ahmad,2026-07-15 07:11:50
SR011924,MED0016,Tripoli,Ain Zara,2026-08-02 16:03:10
SR011925,MED0028,Tripoli,Ain Zara,2026-04-02 16:38:34
SR011926,MED0044,Tripoli,Hay Al-Andalus,2026-07-01 01:04:48
SR011927,MED0091,Tripoli,Ain Zara,2026-07-12 22:12:24
SR011928,MED0001,Tripoli,Hay Al-Andalus,2026-08-19 05:10:35
SR011929,MED0500,Benghazi,Al-Selmani,2026-07-23 12:22:48
SR011930,MED0042,Tripoli,Tajoura,2026-06-24 03:04:48
SR011931,MED0065,Tripoli,Gargaresh,2026-05-29 06:29:40
SR011932,MED0112,Tripoli,Gargaresh,2026-08-12 05:18:29
SR011933,MED0205,Tripoli,Abu Salim,2026-05-05 07:38:57
SR011934,MED0469,Tripoli,Tajoura,2026-07-07 20:22:52
SR011935,MED0011,Zawiya,Al-Mashtal,2026-05-03 09:28:38
SR011936,MED0117,Misrata,Qasr Ahmad,2026-08-11 21:00:47
SR011937,MED0173,Benghazi,Al-Selmani,2026-06-19 03:54:23
SR011938,MED0255,Tripoli,Souq Al Juma'a,2026-07-27 19:39:08
SR011939,MED0458,Sabha,Al-Manshiya,2026-07-15 11:35:21
SR011940,MED0484,Tripoli,Souq Al Juma'a,2026-06-12 16:03:29
SR011941,MED0197,Zawiya,Al-Harsha,2026-07-20 01:45:24
SR011942,MED0145,Tripoli,Hay Al-Andalus,2026-05-23 07:36:12
SR011943,MED0365,Misrata,Al-Ghiran,2026-07-23 05:15:59
SR011944,MED0164,Tripoli,Abu Salim,2026-07-10 08:16:20
SR011945,MED0177,Tripoli,Abu Salim,2026-07-30 05:20:57
SR011946,MED0507,Tripoli,Tajoura,2026-05-18 13:53:09
SR011947,MED0284,Zawiya,Al-Harsha,2026-08-12 07:18:33
SR011948,MED0100,Benghazi,Al-Sabri,2026-08-09 01:32:59
SR011949,MED0284,Misrata,Al-Karareem,2026-06-08 06:25:43
SR011950,MED0453,Tripoli,Gargaresh,2026-07-19 02:11:32
SR011951,MED0117,Tripoli,Souq Al Juma'a,2026-07-25 15:56:13
SR011952,MED0351,Tripoli,Fashloum,2026-07-27 13:43:19
SR011953,MED0007,Tripoli,Ain Zara,2026-06-28 16:37:08
SR011954,MED0449,Benghazi,Al-Hadaeq,2026-08-17 04:16:31
SR011955,MED0079,Tripoli,Fashloum,2026-07-03 15:41:37
SR011956,MED0459,Benghazi,Al-Hadaeq,2026-04-20 21:38:23
SR011957,MED0175,Misrata,Al-Ghiran,2026-06-18 21:45:18
SR011958,MED0206,Tripoli,Gargaresh,2026-08-16 12:34:11
SR011959,MED0297,Tripoli,Gargaresh,2026-07-03 19:53:54
SR011960,MED0363,Tripoli,Janzour,2026-05-14 07:02:35
SR011961,MED0103,Tripoli,Ain Zara,2026-08-16 13:46:18
SR011962,MED0336,Tripoli,Tajoura,2026-04-20 14:05:17
SR011963,MED0445,Zawiya,Al-Harsha,2026-07-25 04:55:50
SR011964,MED0456,Tripoli,Abu Salim,2026-04-22 06:36:06
SR011965,MED0409,Benghazi,Al-Fuwayhat,2026-07-20 20:14:05
SR011966,MED0305,Tripoli,Fashloum,2026-07-10 21:49:19
SR011967,MED0185,Tripoli,Abu Salim,2026-07-31 02:02:49
SR011968,MED0439,Benghazi,Al-Fuwayhat,2026-08-14 00:32:51
SR011969,MED0422,Benghazi,Al-Berka,2026-06-10 21:47:39
SR011970,MED0316,Tripoli,Fashloum,2026-05-06 03:05:07
SR011971,MED0290,Tripoli,Hay Al-Andalus,2026-06-29 21:32:21
SR011972,MED0122,Tripoli,Abu Salim,2026-07-19 21:57:25
SR011973,MED0042,Tripoli,Hay Al-Andalus,2026-06-28 22:27:52
SR011974,MED0182,Tripoli,Hay Al-Andalus,2026-05-31 21:35:01
SR011975,MED0199,Zawiya,Al-Harsha,2026-07-17 02:39:15
SR011976,MED0216,Tripoli,Tajoura,2026-08-21 00:02:57
SR011977,MED0303,Benghazi,Al-Selmani,2026-06-21 14:46:13
SR011978,MED0285,Tripoli,Tajoura,2026-07-12 07:30:59
SR011979,MED0047,Tripoli,Fashloum,2026-05-03 21:15:52
SR011980,MED0213,Tripoli,Fashloum,2026-08-06 08:29:59
SR011981,MED0409,Tripoli,Gargaresh,2026-04-20 00:56:02
SR011982,MED0347,Tripoli,Souq Al Juma'a,2026-08-06 17:10:23
SR011983,MED0303,Tripoli,Abu Salim,2026-04-10 14:22:37
SR011984,MED0488,Tripoli,Tajoura,2026-04-17 15:33:47
SR011985,MED0299,Zliten,Souq Al-Thulatha,2026-08-19 18:28:54
SR011986,MED0185,Zawiya,Bir Al-Ghanam,2026-08-08 10:08:56
SR011987,MED0139,Tripoli,Janzour,2026-05-15 20:09:53
SR011988,MED0124,Tripoli,Fashloum,2026-07-28 22:31:19
SR011989,MED0369,Misrata,Al-Ghiran,2026-07-31 22:58:48
SR011990,MED0104,Tripoli,Tajoura,2026-04-28 23:56:19
SR011991,MED0354,Benghazi,Al-Fuwayhat,2026-07-04 10:45:59
SR011992,MED0202,Benghazi,Al-Fuwayhat,2026-07-07 15:09:50
SR011993,MED0128,Tripoli,Hay Al-Andalus,2026-08-09 23:28:56
SR011994,MED0309,Tripoli,Hay Al-Andalus,2026-07-13 15:18:56
SR011995,MED0042,Benghazi,Al-Sabri,2026-06-13 16:38:09
SR011996,MED0341,Tripoli,Janzour,2026-07-15 03:04:22
SR011997,MED0068,Zawiya,Al-Mashtal,2026-06-12 11:24:19
SR011998,MED0094,Tripoli,Hay Al-Andalus,2026-06-16 04:29:37
SR011999,MED0206,Tripoli,Janzour,2026-07-05 05:49:08
SR012000,MED0111,Sabha,Tayouri,2026-07-28 02:24:46
SR012001,MED0261,Tripoli,Tajoura,2026-05-24 08:44:51
SR012002,MED0274,Tripoli,Ain Zara,2026-06-12 16:31:21
SR012003,MED0487,Tripoli,Hay Al-Andalus,2026-07-19 01:44:16
SR012004,MED0472,Zawiya,Al-Mashtal,2026-08-03 02:28:27
SR012005,MED0423,Zliten,Souq Al-Thulatha,2026-07-14 04:18:25
SR012006,MED0518,Zawiya,Bir Al-Ghanam,2026-07-03 10:42:12
SR012007,MED0333,Tripoli,Souq Al Juma'a,2026-05-19 16:42:20
SR012008,MED0491,Tripoli,Abu Salim,2026-07-02 20:14:57
SR012009,MED0215,Benghazi,Al-Berka,2026-07-10 02:53:44
SR012010,MED0367,Tripoli,Fashloum,2026-08-08 06:08:13
SR012011,MED0048,Tripoli,Ain Zara,2026-06-20 03:00:29
SR012012,MED0021,Benghazi,Al-Sabri,2026-07-05 20:07:26
SR012013,MED0367,Tripoli,Janzour,2026-05-03 19:57:37
SR012014,MED0029,Misrata,Al-Karareem,2026-08-01 03:35:51
SR012015,MED0438,Tripoli,Fashloum,2026-08-06 18:30:30
SR012016,MED0500,Misrata,Al-Ghiran,2026-08-04 06:02:38
SR012017,MED0194,Misrata,Al-Karareem,2026-06-10 08:22:42
SR012018,MED0449,Benghazi,Al-Berka,2026-05-21 21:04:30
SR012019,MED0079,Tripoli,Hay Al-Andalus,2026-04-15 10:37:39
SR012020,MED0199,Tripoli,Ain Zara,2026-07-19 04:29:40
SR012021,MED0319,Benghazi,Al-Hadaeq,2026-07-20 20:27:44
SR012022,MED0498,Tripoli,Tajoura,2026-07-10 12:26:10
SR012023,MED0230,Zliten,Al-Qasabat,2026-06-14 21:59:14
SR012024,MED0039,Tripoli,Tajoura,2026-06-06 19:33:05
SR012025,MED0006,Tripoli,Tajoura,2026-05-07 12:41:50
SR012026,MED0496,Tripoli,Hay Al-Andalus,2026-07-18 13:36:32
SR012027,MED0272,Tripoli,Fashloum,2026-06-07 13:01:33
SR012028,MED0234,Misrata,Qasr Ahmad,2026-06-16 13:23:04
SR012029,MED0333,Tripoli,Souq Al Juma'a,2026-06-16 11:48:02
SR012030,MED0038,Tripoli,Souq Al Juma'a,2026-04-28 17:49:47
SR012031,MED0453,Tripoli,Tajoura,2026-07-25 14:23:19
SR012032,MED0122,Tripoli,Gargaresh,2026-07-09 10:23:52
SR012033,MED0429,Tripoli,Janzour,2026-07-04 14:07:11
SR012034,MED0446,Tripoli,Tajoura,2026-08-11 08:39:32
SR012035,MED0501,Misrata,Zawiyat Al-Mahjoub,2026-07-21 21:18:13
SR012036,MED0480,Sabha,Al-Manshiya,2026-05-25 12:43:14
SR012037,MED0187,Tripoli,Ain Zara,2026-08-14 13:49:48
SR012038,MED0082,Tripoli,Hay Al-Andalus,2026-04-03 02:53:52
SR012039,MED0323,Tripoli,Gargaresh,2026-07-05 20:07:26
SR012040,MED0487,Tripoli,Souq Al Juma'a,2026-07-07 07:35:14
SR012041,MED0237,Tripoli,Souq Al Juma'a,2026-06-24 16:52:34
SR012042,MED0008,Tripoli,Fashloum,2026-07-22 01:59:34
SR012043,MED0183,Tripoli,Janzour,2026-02-27 01:46:06
SR012044,MED0100,Benghazi,Al-Berka,2026-08-02 06:27:50
SR012045,MED0117,Tripoli,Souq Al Juma'a,2026-07-17 16:04:41
SR012046,MED0262,Tripoli,Fashloum,2026-06-21 02:20:50
SR012047,MED0346,Tripoli,Fashloum,2026-07-10 18:35:36
SR012048,MED0198,Benghazi,Al-Selmani,2026-07-01 14:46:34
SR012049,MED0451,Zliten,Souq Al-Thulatha,2026-01-17 17:19:18
SR012050,MED0006,Sabha,Al-Manshiya,2026-07-03 23:21:37
SR012051,MED0100,Benghazi,Al-Sabri,2026-06-06 21:08:57
SR012052,MED0433,Zliten,Souq Al-Thulatha,2026-08-07 05:58:21
SR012053,MED0174,Tripoli,Gargaresh,2026-08-05 06:03:09
SR012054,MED0288,Benghazi,Al-Hadaeq,2026-06-22 19:18:41
SR012055,MED0318,Tripoli,Tajoura,2026-08-05 14:01:02
SR012056,MED0039,Tripoli,Fashloum,2026-02-12 01:25:26
SR012057,MED0116,Tripoli,Souq Al Juma'a,2026-08-14 05:36:28
SR012058,MED0173,Tripoli,Hay Al-Andalus,2026-07-10 17:24:15
SR012059,MED0204,Tripoli,Souq Al Juma'a,2026-08-15 23:21:16
SR012060,MED0370,Tripoli,Ain Zara,2026-06-24 02:49:21
SR012061,MED0179,Tripoli,Abu Salim,2026-07-18 23:09:07
SR012062,MED0483,Tripoli,Hay Al-Andalus,2026-07-22 07:34:42
SR012063,MED0203,Benghazi,Al-Sabri,2026-05-28 05:28:29
SR012064,MED0063,Tripoli,Tajoura,2026-02-04 15:44:37
SR012065,MED0337,Tripoli,Tajoura,2026-07-07 19:21:02
SR012066,MED0434,Tripoli,Abu Salim,2026-03-20 05:48:55
SR012067,MED0520,Benghazi,Al-Sabri,2026-06-20 14:40:29
SR012068,MED0127,Tripoli,Souq Al Juma'a,2026-05-06 12:22:56
SR012069,MED0183,Tripoli,Hay Al-Andalus,2026-07-30 09:16:25
SR012070,MED0271,Tripoli,Souq Al Juma'a,2026-07-20 18:50:16
SR012071,MED0353,Tripoli,Tajoura,2026-06-21 21:14:03
SR012072,MED0390,Tripoli,Janzour,2026-07-27 17:17:28
SR012073,MED0457,Tripoli,Janzour,2026-08-15 04:43:45
SR012074,MED0016,Tripoli,Tajoura,2026-05-15 23:24:20
SR012075,MED0253,Tripoli,Souq Al Juma'a,2026-07-18 10:46:17
SR012076,MED0119,Tripoli,Ain Zara,2026-03-28 03:34:15
SR012077,MED0255,Zliten,Souq Al-Thulatha,2026-06-03 10:22:28
SR012078,MED0371,Tripoli,Abu Salim,2026-04-04 15:02:04
SR012079,MED0001,Tripoli,Tajoura,2026-05-17 19:34:51
SR012080,MED0315,Tripoli,Ain Zara,2026-04-28 13:25:34
SR012081,MED0428,Misrata,Zawiyat Al-Mahjoub,2026-07-16 05:34:23
SR012082,MED0123,Tripoli,Tajoura,2026-07-19 14:17:37
SR012083,MED0013,Zawiya,Al-Mashtal,2026-07-02 02:27:06
SR012084,MED0479,Tripoli,Janzour,2026-07-11 16:17:41
SR012085,MED0156,Tripoli,Fashloum,2026-04-16 23:02:28
SR012086,MED0231,Benghazi,Al-Berka,2026-07-20 01:14:38
SR012087,MED0233,Tripoli,Hay Al-Andalus,2026-04-19 21:15:45
SR012088,MED0380,Tripoli,Abu Salim,2026-08-01 15:27:52
SR012089,MED0156,Tripoli,Hay Al-Andalus,2026-04-22 01:29:04
SR012090,MED0453,Misrata,Qasr Ahmad,2026-06-20 02:56:22
SR012091,MED0305,Benghazi,Al-Hadaeq,2026-05-22 01:20:25
SR012092,MED0213,Benghazi,Al-Fuwayhat,2026-03-02 03:17:58
SR012093,MED0398,Benghazi,Al-Selmani,2026-08-08 09:27:05
SR012094,MED0290,Tripoli,Souq Al Juma'a,2026-07-29 09:56:33
SR012095,MED0238,Misrata,Al-Karareem,2026-07-08 19:25:37
SR012096,MED0188,Tripoli,Souq Al Juma'a,2026-05-28 05:07:07
SR012097,MED0117,Tripoli,Ain Zara,2026-08-14 21:53:22
SR012098,MED0004,Tripoli,Gargaresh,2026-04-11 20:25:56
SR012099,MED0282,Tripoli,Abu Salim,2026-05-07 20:24:56
SR012100,MED0112,Benghazi,Al-Berka,2026-04-13 02:39:37
SR012101,MED0434,Benghazi,Al-Sabri,2026-05-17 17:18:36
SR012102,MED0473,Tripoli,Hay Al-Andalus,2026-08-18 08:18:22
SR012103,MED0479,Benghazi,Al-Selmani,2026-06-21 21:42:01
SR012104,MED0193,Benghazi,Al-Hadaeq,2026-07-05 09:36:54
SR012105,MED0235,Tripoli,Abu Salim,2026-07-09 21:22:12
SR012106,MED0326,Benghazi,Al-Selmani,2026-05-21 09:14:31
SR012107,MED0317,Misrata,Al-Ghiran,2026-04-22 17:57:35
SR012108,MED0114,Benghazi,Al-Hadaeq,2026-07-08 05:21:27
SR012109,MED0390,Zawiya,Al-Harsha,2026-02-18 01:07:34
SR012110,MED0050,Tripoli,Gargaresh,2026-07-15 04:16:14
SR012111,MED0250,Tripoli,Gargaresh,2026-07-09 13:31:00
SR012112,MED0246,Tripoli,Ain Zara,2026-07-23 00:54:07
SR012113,MED0194,Tripoli,Souq Al Juma'a,2026-06-24 04:35:58
SR012114,MED0063,Tripoli,Fashloum,2026-05-19 18:24:19
SR012115,MED0140,Tripoli,Souq Al Juma'a,2026-04-17 00:00:49
SR012116,MED0390,Tripoli,Hay Al-Andalus,2026-07-01 09:35:05
SR012117,MED0125,Benghazi,Al-Berka,2026-07-11 06:48:20
SR012118,MED0451,Tripoli,Souq Al Juma'a,2026-07-27 10:49:52
SR012119,MED0144,Benghazi,Al-Berka,2026-07-19 05:51:37
SR012120,MED0066,Tripoli,Janzour,2026-04-19 16:37:43
SR012121,MED0239,Tripoli,Gargaresh,2026-07-24 01:50:54
SR012122,MED0277,Zawiya,Al-Mashtal,2026-07-02 10:30:11
SR012123,MED0019,Tripoli,Gargaresh,2026-05-16 07:08:23
SR012124,MED0371,Tripoli,Gargaresh,2026-05-13 17:19:07
SR012125,MED0348,Zawiya,Al-Harsha,2026-06-25 15:40:17
SR012126,MED0123,Benghazi,Al-Berka,2026-06-03 04:12:27
SR012127,MED0480,Tripoli,Ain Zara,2026-07-11 16:14:15
SR012128,MED0175,Tripoli,Souq Al Juma'a,2026-05-23 17:28:20
SR012129,MED0150,Tripoli,Hay Al-Andalus,2026-07-28 20:25:46
SR012130,MED0516,Benghazi,Al-Sabri,2026-05-11 18:38:03
SR012131,MED0162,Tripoli,Fashloum,2026-08-18 06:54:33
SR012132,MED0064,Tripoli,Tajoura,2026-06-08 04:13:07
SR012133,MED0029,Zawiya,Al-Harsha,2026-06-25 00:28:00
SR012134,MED0311,Tripoli,Hay Al-Andalus,2026-07-24 04:31:58
SR012135,MED0236,Misrata,Qasr Ahmad,2026-03-09 11:13:56
SR012136,MED0153,Tripoli,Tajoura,2026-08-04 21:52:36
SR012137,MED0480,Tripoli,Hay Al-Andalus,2026-04-24 23:27:14
SR012138,MED0042,Tripoli,Ain Zara,2026-04-21 22:40:19
SR012139,MED0500,Sabha,Al-Dawwar,2026-04-07 18:35:52
SR012140,MED0303,Tripoli,Janzour,2026-04-27 15:21:55
SR012141,MED0322,Benghazi,Al-Hadaeq,2026-06-27 20:45:22
SR012142,MED0178,Zliten,Al-Qasabat,2026-06-07 06:12:20
SR012143,MED0105,Tripoli,Gargaresh,2026-06-23 16:23:24
SR012144,MED0411,Tripoli,Gargaresh,2026-06-26 08:22:05
SR012145,MED0158,Tripoli,Fashloum,2026-07-05 09:02:07
SR012146,MED0466,Benghazi,Al-Fuwayhat,2026-03-31 23:48:31
SR012147,MED0125,Benghazi,Al-Sabri,2026-04-28 23:32:26
SR012148,MED0309,Misrata,Qasr Ahmad,2026-04-12 16:18:23
SR012149,MED0087,Tripoli,Fashloum,2026-06-05 00:34:19
SR012150,MED0030,Benghazi,Al-Sabri,2026-06-13 04:37:50
SR012151,MED0208,Benghazi,Al-Sabri,2026-07-31 01:19:25
SR012152,MED0169,Tripoli,Fashloum,2026-06-09 19:00:49
SR012153,MED0037,Tripoli,Gargaresh,2026-07-16 08:10:48
SR012154,MED0203,Tripoli,Gargaresh,2026-08-06 17:22:02
SR012155,MED0360,Tripoli,Ain Zara,2026-07-16 19:42:30
SR012156,MED0230,Benghazi,Al-Selmani,2026-07-19 17:05:52
SR012157,MED0112,Tripoli,Fashloum,2026-06-14 20:21:54
SR012158,MED0019,Misrata,Zawiyat Al-Mahjoub,2026-07-31 23:28:03
SR012159,MED0076,Tripoli,Tajoura,2026-06-23 23:56:19
SR012160,MED0150,Tripoli,Tajoura,2026-08-03 06:13:37
SR012161,MED0050,Tripoli,Abu Salim,2026-06-15 20:40:38
SR012162,MED0003,Tripoli,Fashloum,2026-07-09 05:22:45
SR012163,MED0156,Tripoli,Abu Salim,2026-05-04 12:41:47
SR012164,MED0218,Tripoli,Gargaresh,2026-05-19 19:38:58
SR012165,MED0353,Misrata,Zawiyat Al-Mahjoub,2026-04-24 21:13:19
SR012166,MED0044,Tripoli,Janzour,2026-04-23 13:00:04
SR012167,MED0008,Tripoli,Tajoura,2026-08-03 09:51:21
SR012168,MED0161,Tripoli,Ain Zara,2026-07-22 09:25:53
SR012169,MED0168,Misrata,Qasr Ahmad,2026-06-13 13:39:44
SR012170,MED0068,Tripoli,Ain Zara,2026-06-20 01:19:33
SR012171,MED0145,Tripoli,Janzour,2026-07-31 08:22:03
SR012172,MED0475,Benghazi,Al-Berka,2026-08-06 05:01:10
SR012173,MED0453,Sabha,Al-Dawwar,2026-08-06 04:50:26
SR012174,MED0226,Tripoli,Hay Al-Andalus,2026-07-21 19:00:10
SR012175,MED0376,Tripoli,Janzour,2026-06-21 04:38:54
SR012176,MED0415,Tripoli,Janzour,2026-07-22 23:17:17
SR012177,MED0157,Tripoli,Tajoura,2026-07-21 04:22:06
SR012178,MED0254,Tripoli,Gargaresh,2026-07-06 15:24:47
SR012179,MED0503,Benghazi,Al-Berka,2026-08-16 19:20:45
SR012180,MED0263,Tripoli,Hay Al-Andalus,2026-07-09 22:41:04
SR012181,MED0244,Benghazi,Al-Sabri,2026-06-18 16:43:34
SR012182,MED0512,Sabha,Al-Dawwar,2026-04-29 02:46:48
SR012183,MED0218,Tripoli,Ain Zara,2026-07-31 00:01:53
SR012184,MED0141,Misrata,Zawiyat Al-Mahjoub,2026-06-09 19:33:26
SR012185,MED0082,Tripoli,Souq Al Juma'a,2026-05-25 04:09:28
SR012186,MED0323,Misrata,Al-Ghiran,2026-06-04 21:17:28
SR012187,MED0491,Tripoli,Tajoura,2026-08-16 18:33:09
SR012188,MED0021,Tripoli,Abu Salim,2026-05-19 12:10:01
SR012189,MED0411,Misrata,Zawiyat Al-Mahjoub,2026-04-28 21:16:06
SR012190,MED0416,Tripoli,Abu Salim,2026-07-01 15:42:22
SR012191,MED0267,Tripoli,Janzour,2026-04-28 11:46:29
SR012192,MED0114,Benghazi,Al-Berka,2026-07-27 03:50:37
SR012193,MED0123,Tripoli,Abu Salim,2026-04-15 21:16:43
SR012194,MED0353,Zawiya,Bir Al-Ghanam,2026-08-11 06:37:23
SR012195,MED0185,Tripoli,Tajoura,2026-08-07 13:54:43
SR012196,MED0182,Misrata,Al-Karareem,2026-07-27 12:32:35
SR012197,MED0329,Tripoli,Ain Zara,2026-06-10 07:06:52
SR012198,MED0449,Zawiya,Al-Harsha,2026-07-16 06:47:48
SR012199,MED0131,Tripoli,Gargaresh,2026-06-22 04:14:44
SR012200,MED0434,Zawiya,Al-Mashtal,2026-06-16 10:42:10
SR012201,MED0047,Benghazi,Al-Berka,2026-07-29 05:19:44
SR012202,MED0173,Tripoli,Hay Al-Andalus,2026-05-03 04:42:30
SR012203,MED0015,Tripoli,Gargaresh,2026-06-16 07:01:55
SR012204,MED0233,Tripoli,Gargaresh,2026-05-26 20:13:59
SR012205,MED0103,Tripoli,Fashloum,2026-03-25 00:48:54
SR012206,MED0227,Tripoli,Tajoura,2026-07-03 05:49:39
SR012207,MED0262,Tripoli,Hay Al-Andalus,2026-05-06 14:41:11
SR012208,MED0152,Misrata,Zawiyat Al-Mahjoub,2026-07-05 23:23:12
SR012209,MED0455,Tripoli,Janzour,2026-06-01 14:58:01
SR012210,MED0470,Tripoli,Fashloum,2026-04-22 02:43:25
SR012211,MED0252,Benghazi,Al-Selmani,2026-08-04 04:37:42
SR012212,MED0194,Tripoli,Souq Al Juma'a,2026-07-20 01:04:35
SR012213,MED0422,Tripoli,Fashloum,2026-07-03 17:27:13
SR012214,MED0291,Tripoli,Ain Zara,2026-07-11 12:44:35
SR012215,MED0119,Tripoli,Janzour,2026-07-12 02:25:51
SR012216,MED0241,Zawiya,Al-Mashtal,2026-08-11 10:57:31
SR012217,MED0308,Tripoli,Tajoura,2026-07-12 15:09:56
SR012218,MED0042,Tripoli,Fashloum,2026-03-03 08:36:41
SR012219,MED0024,Tripoli,Hay Al-Andalus,2026-06-16 01:37:01
SR012220,MED0064,Tripoli,Hay Al-Andalus,2026-08-15 04:54:30
SR012221,MED0145,Tripoli,Abu Salim,2026-07-02 12:34:05
SR012222,MED0158,Misrata,Zawiyat Al-Mahjoub,2026-07-12 23:53:34
SR012223,MED0010,Sabha,Tayouri,2026-04-16 10:24:39
SR012224,MED0287,Tripoli,Tajoura,2026-03-15 22:18:23
SR012225,MED0189,Misrata,Al-Ghiran,2026-07-21 06:13:51
SR012226,MED0365,Tripoli,Souq Al Juma'a,2026-06-15 19:10:01
SR012227,MED0396,Tripoli,Gargaresh,2026-06-16 09:14:54
SR012228,MED0280,Tripoli,Janzour,2026-05-27 17:46:53
SR012229,MED0483,Benghazi,Al-Fuwayhat,2026-04-20 21:59:48
SR012230,MED0130,Tripoli,Tajoura,2026-05-13 03:15:26
SR012231,MED0247,Tripoli,Souq Al Juma'a,2026-05-03 02:10:32
SR012232,MED0016,Tripoli,Fashloum,2026-07-17 02:52:40
SR012233,MED0229,Tripoli,Gargaresh,2026-07-16 19:42:35
SR012234,MED0249,Tripoli,Souq Al Juma'a,2026-07-04 06:05:16
SR012235,MED0272,Tripoli,Gargaresh,2026-08-14 02:09:32
SR012236,MED0006,Tripoli,Abu Salim,2026-06-04 17:01:04
SR012237,MED0173,Tripoli,Tajoura,2026-08-15 15:09:22
SR012238,MED0441,Tripoli,Souq Al Juma'a,2026-04-15 00:50:11
SR012239,MED0289,Tripoli,Janzour,2026-07-25 19:39:49
SR012240,MED0108,Tripoli,Ain Zara,2026-07-03 04:21:36
SR012241,MED0170,Benghazi,Al-Sabri,2026-06-25 17:07:16
SR012242,MED0126,Tripoli,Abu Salim,2026-07-08 22:58:54
SR012243,MED0203,Benghazi,Al-Fuwayhat,2026-07-21 12:17:27
SR012244,MED0308,Tripoli,Tajoura,2026-03-27 00:49:23
SR012245,MED0297,Tripoli,Gargaresh,2026-07-13 16:37:00
SR012246,MED0428,Benghazi,Al-Sabri,2026-06-27 19:10:50
SR012247,MED0397,Tripoli,Ain Zara,2026-07-17 04:23:46
SR012248,MED0143,Tripoli,Janzour,2026-06-26 10:05:16
SR012249,MED0447,Misrata,Zawiyat Al-Mahjoub,2026-08-10 20:17:50
SR012250,MED0518,Benghazi,Al-Berka,2026-08-02 21:35:30
SR012251,MED0063,Tripoli,Gargaresh,2026-08-03 06:02:35
SR012252,MED0474,Zawiya,Bir Al-Ghanam,2026-06-11 15:01:45
SR012253,MED0308,Tripoli,Souq Al Juma'a,2026-07-20 05:10:57
SR012254,MED0241,Tripoli,Ain Zara,2026-08-13 06:00:28
SR012255,MED0048,Benghazi,Al-Fuwayhat,2026-08-09 19:12:12
SR012256,MED0500,Benghazi,Al-Hadaeq,2026-07-21 13:42:13
SR012257,MED0267,Tripoli,Souq Al Juma'a,2026-04-22 03:40:11
SR012258,MED0113,Tripoli,Janzour,2026-07-22 04:21:54
SR012259,MED0026,Tripoli,Hay Al-Andalus,2026-07-14 00:17:44
SR012260,MED0348,Tripoli,Gargaresh,2026-05-23 16:17:09
SR012261,MED0381,Tripoli,Tajoura,2026-05-15 15:42:10
SR012262,MED0188,Zliten,Al-Qasabat,2026-07-24 20:43:43
SR012263,MED0173,Tripoli,Souq Al Juma'a,2026-07-03 11:01:47
SR012264,MED0131,Tripoli,Janzour,2026-05-26 11:34:28
SR012265,MED0498,Tripoli,Gargaresh,2026-08-03 13:33:47
SR012266,MED0257,Tripoli,Abu Salim,2026-05-11 20:22:54
SR012267,MED0234,Benghazi,Al-Berka,2026-06-02 12:13:46
SR012268,MED0066,Zawiya,Al-Harsha,2026-05-28 13:06:27
SR012269,MED0456,Tripoli,Fashloum,2026-08-03 06:31:10
SR012270,MED0205,Zawiya,Bir Al-Ghanam,2026-08-09 18:42:39
SR012271,MED0353,Benghazi,Al-Hadaeq,2026-08-14 16:42:56
SR012272,MED0441,Tripoli,Souq Al Juma'a,2026-06-18 15:50:39
SR012273,MED0309,Tripoli,Fashloum,2026-05-03 07:53:35
SR012274,MED0084,Tripoli,Hay Al-Andalus,2026-06-23 12:10:25
SR012275,MED0016,Tripoli,Abu Salim,2026-07-06 02:59:00
SR012276,MED0113,Tripoli,Fashloum,2025-12-30 20:18:05
SR012277,MED0116,Misrata,Al-Ghiran,2026-08-08 01:34:03
SR012278,MED0207,Tripoli,Hay Al-Andalus,2026-05-27 09:11:22
SR012279,MED0484,Benghazi,Al-Selmani,2026-07-26 03:48:19
SR012280,MED0510,Tripoli,Gargaresh,2026-06-23 21:13:17
SR012281,MED0373,Tripoli,Janzour,2026-07-08 13:23:04
SR012282,MED0392,Misrata,Al-Ghiran,2026-07-18 18:04:20
SR012283,MED0470,Tripoli,Tajoura,2026-06-25 15:56:59
SR012284,MED0138,Tripoli,Souq Al Juma'a,2026-08-09 04:29:21
SR012285,MED0176,Tripoli,Janzour,2026-06-01 21:56:27
SR012286,MED0176,Benghazi,Al-Hadaeq,2026-05-20 14:56:08
SR012287,MED0149,Tripoli,Souq Al Juma'a,2026-07-15 00:32:58
SR012288,MED0406,Tripoli,Fashloum,2026-05-01 13:42:33
SR012289,MED0168,Tripoli,Ain Zara,2026-08-18 07:29:46
SR012290,MED0255,Misrata,Zawiyat Al-Mahjoub,2026-06-07 18:27:16
SR012291,MED0028,Tripoli,Fashloum,2026-05-13 22:18:39
SR012292,MED0227,Zawiya,Al-Harsha,2026-08-07 07:35:53
SR012293,MED0348,Tripoli,Tajoura,2026-05-10 05:41:10
SR012294,MED0082,Benghazi,Al-Sabri,2026-08-14 02:26:15
SR012295,MED0302,Benghazi,Al-Hadaeq,2026-07-08 09:46:33
SR012296,MED0520,Tripoli,Abu Salim,2026-03-06 18:48:18
SR012297,MED0179,Sabha,Al-Dawwar,2026-05-24 13:31:27
SR012298,MED0434,Tripoli,Gargaresh,2026-08-04 13:35:43
SR012299,MED0019,Tripoli,Tajoura,2026-08-03 22:31:37
SR012300,MED0064,Tripoli,Ain Zara,2026-06-30 02:14:00
SR012301,MED0051,Misrata,Zawiyat Al-Mahjoub,2026-07-20 19:11:44
SR012302,MED0142,Tripoli,Souq Al Juma'a,2026-05-08 23:52:36
SR012303,MED0122,Benghazi,Al-Sabri,2026-07-16 20:42:59
SR012304,MED0478,Benghazi,Al-Selmani,2026-08-04 15:50:04
SR012305,MED0257,Tripoli,Janzour,2026-07-17 20:18:04
SR012306,MED0282,Tripoli,Fashloum,2026-02-14 11:23:50
SR012307,MED0396,Benghazi,Al-Selmani,2026-08-03 16:02:36
SR012308,MED0385,Tripoli,Janzour,2026-08-02 00:12:56
SR012309,MED0395,Tripoli,Janzour,2026-07-27 22:07:06
SR012310,MED0230,Tripoli,Fashloum,2026-07-10 09:08:24
SR012311,MED0124,Tripoli,Abu Salim,2026-06-11 06:38:29
SR012312,MED0216,Tripoli,Janzour,2026-06-24 22:57:58
SR012313,MED0373,Tripoli,Souq Al Juma'a,2026-07-24 09:41:41
SR012314,MED0454,Benghazi,Al-Fuwayhat,2026-05-29 07:58:41
SR012315,MED0499,Tripoli,Gargaresh,2026-08-10 03:29:16
SR012316,MED0320,Benghazi,Al-Fuwayhat,2026-07-15 13:29:23
SR012317,MED0006,Tripoli,Gargaresh,2026-07-23 20:43:55
SR012318,MED0377,Tripoli,Tajoura,2026-07-23 17:14:40
SR012319,MED0349,Tripoli,Hay Al-Andalus,2026-07-21 04:43:30
SR012320,MED0082,Tripoli,Gargaresh,2026-05-23 17:52:57
SR012321,MED0122,Tripoli,Fashloum,2026-07-09 14:16:46
SR012322,MED0410,Tripoli,Ain Zara,2026-06-07 13:19:04
SR012323,MED0083,Tripoli,Ain Zara,2026-07-27 19:58:46
SR012324,MED0173,Tripoli,Gargaresh,2026-03-10 22:50:05
SR012325,MED0482,Tripoli,Ain Zara,2026-05-18 23:44:29
SR012326,MED0319,Tripoli,Ain Zara,2026-08-14 00:40:23
SR012327,MED0500,Tripoli,Tajoura,2026-07-05 04:46:50
SR012328,MED0233,Misrata,Zawiyat Al-Mahjoub,2026-06-02 00:34:12
SR012329,MED0377,Tripoli,Abu Salim,2026-08-14 11:18:10
SR012330,MED0227,Misrata,Al-Ghiran,2026-04-30 21:20:43
SR012331,MED0041,Tripoli,Tajoura,2026-08-04 01:18:38
SR012332,MED0244,Zawiya,Al-Mashtal,2026-05-03 09:03:19
SR012333,MED0026,Zawiya,Al-Harsha,2026-06-09 15:19:36
SR012334,MED0413,Benghazi,Al-Fuwayhat,2026-06-02 00:55:15
SR012335,MED0376,Sabha,Al-Dawwar,2026-08-13 10:48:33
SR012336,MED0138,Tripoli,Fashloum,2026-05-19 10:18:26
SR012337,MED0344,Tripoli,Tajoura,2026-07-02 20:04:11
SR012338,MED0011,Tripoli,Fashloum,2026-05-10 20:22:10
SR012339,MED0207,Tripoli,Ain Zara,2026-03-17 16:51:52
SR012340,MED0517,Misrata,Al-Ghiran,2026-06-03 10:12:10
SR012341,MED0369,Tripoli,Gargaresh,2026-08-20 13:35:14
SR012342,MED0127,Tripoli,Ain Zara,2026-06-25 02:17:32
SR012343,MED0349,Benghazi,Al-Hadaeq,2026-07-12 11:10:34
SR012344,MED0019,Benghazi,Al-Sabri,2026-07-01 09:13:16
SR012345,MED0029,Benghazi,Al-Fuwayhat,2026-07-30 14:57:32
SR012346,MED0405,Tripoli,Gargaresh,2026-07-23 21:33:02
SR012347,MED0033,Tripoli,Abu Salim,2026-05-30 03:03:01
SR012348,MED0006,Tripoli,Fashloum,2026-08-21 09:48:53
SR012349,MED0112,Tripoli,Ain Zara,2026-07-27 13:44:00
SR012350,MED0404,Tripoli,Ain Zara,2026-03-19 07:32:33
SR012351,MED0326,Zliten,Al-Qasabat,2026-07-27 18:59:37
SR012352,MED0275,Tripoli,Hay Al-Andalus,2026-06-15 17:31:28
SR012353,MED0215,Benghazi,Al-Selmani,2026-08-05 19:28:22
SR012354,MED0320,Tripoli,Gargaresh,2026-07-12 02:38:57
SR012355,MED0164,Tripoli,Hay Al-Andalus,2026-08-05 06:51:56
SR012356,MED0327,Benghazi,Al-Selmani,2026-05-10 08:51:41
SR012357,MED0049,Tripoli,Tajoura,2026-07-09 19:21:10
SR012358,MED0185,Tripoli,Hay Al-Andalus,2026-02-07 21:28:24
SR012359,MED0455,Tripoli,Fashloum,2026-06-24 19:18:14
SR012360,MED0328,Zawiya,Bir Al-Ghanam,2026-08-14 15:52:42
SR012361,MED0047,Tripoli,Gargaresh,2026-06-21 14:41:48
SR012362,MED0079,Tripoli,Abu Salim,2026-07-15 14:53:56
SR012363,MED0203,Tripoli,Gargaresh,2026-06-02 02:44:09
SR012364,MED0380,Tripoli,Hay Al-Andalus,2026-07-05 12:48:11
SR012365,MED0434,Benghazi,Al-Sabri,2026-06-23 09:43:21
SR012366,MED0164,Tripoli,Souq Al Juma'a,2026-08-07 06:42:36
SR012367,MED0460,Zawiya,Al-Harsha,2026-07-23 19:55:51
SR012368,MED0248,Tripoli,Hay Al-Andalus,2026-08-07 13:56:59
SR012369,MED0173,Tripoli,Fashloum,2026-06-08 03:10:46
SR012370,MED0014,Zawiya,Al-Harsha,2026-08-14 13:49:55
SR012371,MED0028,Tripoli,Janzour,2026-04-29 11:32:15
SR012372,MED0440,Tripoli,Souq Al Juma'a,2026-03-19 21:12:08
SR012373,MED0138,Misrata,Qasr Ahmad,2026-04-02 17:21:04
SR012374,MED0409,Tripoli,Fashloum,2026-05-30 02:22:30
SR012375,MED0214,Tripoli,Janzour,2026-07-29 21:19:45
SR012376,MED0087,Misrata,Qasr Ahmad,2026-06-28 10:47:23
SR012377,MED0267,Tripoli,Fashloum,2026-07-02 19:36:05
SR012378,MED0030,Misrata,Zawiyat Al-Mahjoub,2026-07-07 10:22:28
SR012379,MED0449,Tripoli,Fashloum,2026-06-29 11:43:07
SR012380,MED0104,Tripoli,Janzour,2026-08-08 23:58:45
SR012381,MED0456,Benghazi,Al-Fuwayhat,2026-08-08 23:48:18
SR012382,MED0046,Sabha,Al-Dawwar,2026-06-15 02:33:23
SR012383,MED0132,Benghazi,Al-Berka,2026-08-11 14:52:47
SR012384,MED0360,Zawiya,Bir Al-Ghanam,2026-06-23 06:27:53
SR012385,MED0242,Benghazi,Al-Selmani,2026-08-01 07:02:23
SR012386,MED0330,Tripoli,Souq Al Juma'a,2026-03-27 16:23:06
SR012387,MED0369,Tripoli,Hay Al-Andalus,2026-04-03 13:43:14
SR012388,MED0192,Zawiya,Al-Harsha,2026-06-30 06:52:16
SR012389,MED0179,Tripoli,Tajoura,2026-08-07 14:22:38
SR012390,MED0010,Benghazi,Al-Hadaeq,2026-07-22 23:03:22
SR012391,MED0149,Tripoli,Gargaresh,2026-08-03 09:53:20
SR012392,MED0393,Misrata,Al-Karareem,2026-04-27 02:51:12
SR012393,MED0117,Misrata,Zawiyat Al-Mahjoub,2026-07-04 15:43:18
SR012394,MED0458,Tripoli,Gargaresh,2026-07-21 01:27:19
SR012395,MED0426,Tripoli,Fashloum,2026-06-15 01:32:06
SR012396,MED0481,Tripoli,Hay Al-Andalus,2026-08-05 01:33:17
SR012397,MED0212,Zawiya,Al-Harsha,2026-07-21 06:23:50
SR012398,MED0369,Zliten,Souq Al-Thulatha,2026-07-12 11:44:39
SR012399,MED0424,Tripoli,Tajoura,2026-08-04 15:47:52
SR012400,MED0478,Tripoli,Hay Al-Andalus,2026-08-19 17:21:34
SR012401,MED0056,Tripoli,Souq Al Juma'a,2026-04-03 21:33:18
SR012402,MED0381,Tripoli,Hay Al-Andalus,2026-06-18 02:55:41
SR012403,MED0304,Benghazi,Al-Sabri,2026-04-21 14:02:00
SR012404,MED0015,Benghazi,Al-Fuwayhat,2026-06-27 10:48:35
SR012405,MED0309,Zawiya,Al-Harsha,2026-07-04 14:27:17
SR012406,MED0258,Tripoli,Ain Zara,2026-06-13 14:49:11
SR012407,MED0187,Benghazi,Al-Hadaeq,2026-06-30 16:26:26
SR012408,MED0299,Benghazi,Al-Sabri,2026-08-07 19:14:44
SR012409,MED0190,Tripoli,Souq Al Juma'a,2026-07-17 07:59:54
SR012410,MED0015,Benghazi,Al-Selmani,2026-07-28 01:34:41
SR012411,MED0194,Benghazi,Al-Fuwayhat,2026-07-28 06:23:16
SR012412,MED0180,Tripoli,Janzour,2026-07-25 20:49:50
SR012413,MED0093,Tripoli,Janzour,2026-08-01 17:45:46
SR012414,MED0288,Benghazi,Al-Fuwayhat,2026-06-09 18:49:55
SR012415,MED0174,Tripoli,Tajoura,2026-05-28 10:45:43
SR012416,MED0325,Tripoli,Hay Al-Andalus,2026-08-16 19:37:31
SR012417,MED0143,Benghazi,Al-Selmani,2026-08-13 01:58:25
SR012418,MED0417,Tripoli,Tajoura,2026-05-26 12:20:03
SR012419,MED0056,Tripoli,Janzour,2026-08-01 13:03:46
SR012420,MED0278,Tripoli,Gargaresh,2026-02-27 07:54:37
SR012421,MED0234,Misrata,Zawiyat Al-Mahjoub,2026-07-02 12:55:20
SR012422,MED0257,Zawiya,Bir Al-Ghanam,2026-06-30 09:49:43
SR012423,MED0330,Tripoli,Tajoura,2026-07-03 12:02:10
SR012424,MED0441,Tripoli,Souq Al Juma'a,2026-08-19 13:00:52
SR012425,MED0302,Zawiya,Al-Mashtal,2026-08-05 17:01:46
SR012426,MED0504,Benghazi,Al-Selmani,2026-05-05 20:12:09
SR012427,MED0257,Zliten,Al-Qasabat,2026-06-29 16:53:48
SR012428,MED0019,Tripoli,Tajoura,2026-07-05 06:29:37
SR012429,MED0468,Tripoli,Ain Zara,2026-05-12 02:38:26
SR012430,MED0384,Tripoli,Gargaresh,2026-03-22 10:24:14
SR012431,MED0259,Tripoli,Souq Al Juma'a,2026-07-19 17:49:27
SR012432,MED0495,Tripoli,Ain Zara,2026-03-22 11:27:09
SR012433,MED0509,Misrata,Qasr Ahmad,2026-05-24 18:04:10
SR012434,MED0447,Tripoli,Tajoura,2026-05-26 22:16:46
SR012435,MED0303,Benghazi,Al-Berka,2026-06-17 04:07:56
SR012436,MED0447,Tripoli,Hay Al-Andalus,2026-05-11 22:25:17
SR012437,MED0459,Tripoli,Gargaresh,2026-05-02 18:46:16
SR012438,MED0326,Tripoli,Abu Salim,2026-06-13 13:30:08
SR012439,MED0006,Tripoli,Fashloum,2026-06-16 14:26:38
SR012440,MED0016,Tripoli,Ain Zara,2026-04-21 00:32:13
SR012441,MED0128,Tripoli,Ain Zara,2026-07-13 14:54:22
SR012442,MED0056,Misrata,Al-Ghiran,2026-07-19 12:05:23
SR012443,MED0138,Tripoli,Abu Salim,2026-04-30 21:31:53
SR012444,MED0030,Zawiya,Al-Mashtal,2026-07-25 16:21:09
SR012445,MED0373,Tripoli,Fashloum,2026-07-26 15:29:05
SR012446,MED0164,Tripoli,Tajoura,2026-06-07 03:12:58
SR012447,MED0462,Misrata,Zawiyat Al-Mahjoub,2026-07-09 11:40:13
SR012448,MED0193,Tripoli,Souq Al Juma'a,2026-07-11 22:44:53
SR012449,MED0393,Tripoli,Ain Zara,2026-07-23 16:33:28
SR012450,MED0019,Tripoli,Abu Salim,2026-07-28 21:20:30
SR012451,MED0056,Benghazi,Al-Hadaeq,2026-07-20 07:09:29
SR012452,MED0015,Benghazi,Al-Fuwayhat,2026-03-27 11:14:06
SR012453,MED0329,Tripoli,Souq Al Juma'a,2026-03-03 16:27:39
SR012454,MED0405,Sabha,Al-Manshiya,2026-08-12 12:37:18
SR012455,MED0305,Tripoli,Fashloum,2026-07-27 08:30:53
SR012456,MED0318,Tripoli,Souq Al Juma'a,2026-08-14 20:34:10
SR012457,MED0310,Tripoli,Hay Al-Andalus,2026-07-04 15:02:00
SR012458,MED0113,Zliten,Al-Qasabat,2026-06-14 23:11:46
SR012459,MED0024,Tripoli,Tajoura,2026-03-22 08:14:39
SR012460,MED0365,Tripoli,Fashloum,2026-06-01 09:04:54
SR012461,MED0221,Tripoli,Fashloum,2026-06-13 12:34:08
SR012462,MED0399,Benghazi,Al-Sabri,2026-05-24 00:39:50
SR012463,MED0329,Tripoli,Ain Zara,2026-06-17 18:45:07
SR012464,MED0329,Tripoli,Janzour,2026-04-24 21:46:22
SR012465,MED0212,Tripoli,Gargaresh,2026-05-20 09:38:51
SR012466,MED0327,Sabha,Al-Dawwar,2026-07-08 20:23:28
SR012467,MED0356,Tripoli,Hay Al-Andalus,2026-05-08 11:22:39
SR012468,MED0004,Tripoli,Tajoura,2026-07-29 19:32:52
SR012469,MED0452,Misrata,Al-Ghiran,2026-05-18 06:38:57
SR012470,MED0469,Tripoli,Fashloum,2026-08-07 01:35:22
SR012471,MED0441,Benghazi,Al-Hadaeq,2026-05-15 20:43:36
SR012472,MED0485,Tripoli,Ain Zara,2026-08-09 06:18:27
SR012473,MED0074,Tripoli,Hay Al-Andalus,2026-05-24 18:34:05
SR012474,MED0346,Misrata,Al-Karareem,2026-05-13 07:30:44
SR012475,MED0047,Tripoli,Fashloum,2026-07-20 21:33:55
SR012476,MED0433,Tripoli,Abu Salim,2026-07-15 09:00:11
SR012477,MED0013,Tripoli,Ain Zara,2026-07-21 03:22:28
SR012478,MED0491,Tripoli,Souq Al Juma'a,2026-08-20 02:27:58
SR012479,MED0231,Tripoli,Hay Al-Andalus,2026-06-19 14:34:14
SR012480,MED0218,Zawiya,Al-Harsha,2026-06-05 14:23:11
SR012481,MED0006,Tripoli,Abu Salim,2026-05-26 17:17:09
SR012482,MED0153,Tripoli,Tajoura,2026-06-22 07:47:53
SR012483,MED0430,Benghazi,Al-Sabri,2026-05-13 15:17:08
SR012484,MED0216,Tripoli,Souq Al Juma'a,2026-06-14 22:05:04
SR012485,MED0030,Benghazi,Al-Hadaeq,2026-06-12 04:25:36
SR012486,MED0353,Tripoli,Hay Al-Andalus,2026-07-05 02:51:24
SR012487,MED0194,Tripoli,Ain Zara,2026-06-07 10:03:43
SR012488,MED0433,Tripoli,Fashloum,2026-08-03 19:20:03
SR012489,MED0233,Tripoli,Gargaresh,2026-07-17 13:47:57
SR012490,MED0125,Benghazi,Al-Hadaeq,2026-06-20 01:12:57
SR012491,MED0302,Sabha,Al-Dawwar,2026-03-06 05:13:06
SR012492,MED0199,Tripoli,Tajoura,2026-07-18 19:04:44
SR012493,MED0253,Tripoli,Souq Al Juma'a,2026-06-03 15:01:06
SR012494,MED0047,Sabha,Tayouri,2026-04-09 17:45:23
SR012495,MED0185,Misrata,Al-Ghiran,2026-06-18 05:24:01
SR012496,MED0197,Benghazi,Al-Sabri,2026-07-07 00:26:23
SR012497,MED0125,Tripoli,Abu Salim,2026-06-25 03:26:58
SR012498,MED0411,Benghazi,Al-Hadaeq,2026-07-28 18:35:51
SR012499,MED0366,Tripoli,Tajoura,2026-08-09 08:20:39
SR012500,MED0095,Tripoli,Gargaresh,2026-07-14 23:59:11
SR012501,MED0147,Benghazi,Al-Selmani,2026-08-07 02:23:00
SR012502,MED0034,Benghazi,Al-Hadaeq,2026-07-20 15:11:30
SR012503,MED0479,Tripoli,Fashloum,2026-04-26 04:28:52
SR012504,MED0173,Misrata,Qasr Ahmad,2026-05-11 08:03:12
SR012505,MED0483,Benghazi,Al-Selmani,2026-08-07 01:43:40
SR012506,MED0439,Tripoli,Gargaresh,2026-05-06 14:04:41
SR012507,MED0445,Misrata,Al-Ghiran,2026-04-13 12:40:46
SR012508,MED0466,Tripoli,Janzour,2026-08-16 14:29:02
SR012509,MED0256,Tripoli,Hay Al-Andalus,2026-08-19 15:57:13
SR012510,MED0278,Tripoli,Abu Salim,2026-08-04 14:02:57
SR012511,MED0287,Tripoli,Fashloum,2026-07-20 05:25:30
SR012512,MED0437,Zawiya,Al-Mashtal,2026-06-04 08:59:44
SR012513,MED0348,Tripoli,Abu Salim,2026-06-27 06:39:50
SR012514,MED0242,Tripoli,Abu Salim,2026-07-16 01:07:07
SR012515,MED0046,Tripoli,Tajoura,2026-05-01 19:32:22
SR012516,MED0234,Misrata,Al-Karareem,2026-07-04 01:42:03
SR012517,MED0006,Zawiya,Bir Al-Ghanam,2026-07-20 15:17:45
SR012518,MED0019,Tripoli,Souq Al Juma'a,2026-07-10 05:35:51
SR012519,MED0128,Benghazi,Al-Sabri,2026-07-08 08:24:29
SR012520,MED0102,Tripoli,Tajoura,2026-05-31 21:50:44
SR012521,MED0242,Benghazi,Al-Sabri,2026-03-06 06:13:36
SR012522,MED0453,Tripoli,Fashloum,2026-07-28 16:19:53
SR012523,MED0121,Zawiya,Bir Al-Ghanam,2026-04-27 12:18:13
SR012524,MED0068,Misrata,Qasr Ahmad,2026-04-16 13:35:23
SR012525,MED0234,Benghazi,Al-Selmani,2026-08-09 19:51:05
SR012526,MED0024,Tripoli,Fashloum,2026-05-26 09:14:17
SR012527,MED0460,Tripoli,Souq Al Juma'a,2026-07-21 02:56:16
SR012528,MED0370,Tripoli,Hay Al-Andalus,2026-06-07 00:40:11
SR012529,MED0387,Benghazi,Al-Berka,2026-07-29 07:02:53
SR012530,MED0025,Tripoli,Fashloum,2026-07-22 18:31:15
SR012531,MED0218,Zawiya,Bir Al-Ghanam,2026-07-25 03:18:51
SR012532,MED0478,Benghazi,Al-Selmani,2026-06-18 16:31:08
SR012533,MED0436,Benghazi,Al-Sabri,2026-08-10 11:11:53
SR012534,MED0173,Tripoli,Abu Salim,2026-07-09 14:11:40
SR012535,MED0484,Tripoli,Janzour,2026-08-08 19:54:38
SR012536,MED0448,Tripoli,Janzour,2026-08-14 23:23:40
SR012537,MED0115,Tripoli,Ain Zara,2026-08-07 00:24:38
SR012538,MED0297,Tripoli,Tajoura,2026-04-24 10:09:57
SR012539,MED0021,Benghazi,Al-Selmani,2026-05-23 15:21:57
SR012540,MED0191,Tripoli,Souq Al Juma'a,2026-07-22 16:23:56
SR012541,MED0453,Tripoli,Hay Al-Andalus,2026-08-06 16:39:50
SR012542,MED0461,Tripoli,Tajoura,2026-05-15 20:02:10
SR012543,MED0113,Tripoli,Tajoura,2026-08-08 14:47:56
SR012544,MED0430,Tripoli,Janzour,2026-05-17 22:14:55
SR012545,MED0469,Benghazi,Al-Hadaeq,2026-07-28 07:53:12
SR012546,MED0161,Tripoli,Souq Al Juma'a,2026-02-15 21:21:21
SR012547,MED0405,Tripoli,Gargaresh,2026-05-17 02:34:19
SR012548,MED0106,Benghazi,Al-Selmani,2026-06-22 14:46:31
SR012549,MED0106,Sabha,Al-Manshiya,2026-05-03 03:52:34
SR012550,MED0455,Misrata,Al-Ghiran,2026-07-21 17:01:22
SR012551,MED0133,Tripoli,Fashloum,2026-08-15 07:31:36
SR012552,MED0117,Tripoli,Hay Al-Andalus,2026-06-16 11:50:46
SR012553,MED0206,Tripoli,Janzour,2026-08-16 12:33:03
SR012554,MED0233,Sabha,Al-Manshiya,2026-06-07 07:30:06
SR012555,MED0150,Misrata,Al-Karareem,2026-04-04 22:19:35
SR012556,MED0402,Tripoli,Ain Zara,2026-05-13 21:06:05
SR012557,MED0382,Misrata,Al-Ghiran,2026-05-03 11:22:06
SR012558,MED0243,Tripoli,Ain Zara,2026-04-24 22:50:38
SR012559,MED0443,Zawiya,Al-Mashtal,2026-06-17 04:38:26
SR012560,MED0041,Tripoli,Gargaresh,2026-05-06 17:41:05
SR012561,MED0336,Tripoli,Ain Zara,2026-07-12 12:44:34
SR012562,MED0517,Tripoli,Ain Zara,2026-08-19 22:24:35
SR012563,MED0303,Misrata,Al-Ghiran,2026-04-29 05:11:20
SR012564,MED0506,Tripoli,Ain Zara,2026-07-09 02:21:50
SR012565,MED0250,Tripoli,Janzour,2026-03-24 20:43:12
SR012566,MED0425,Tripoli,Abu Salim,2026-07-17 10:56:46
SR012567,MED0173,Sabha,Al-Manshiya,2026-06-11 14:43:04
SR012568,MED0449,Benghazi,Al-Sabri,2026-04-08 18:12:53
SR012569,MED0232,Misrata,Qasr Ahmad,2026-07-11 12:19:04
SR012570,MED0468,Tripoli,Janzour,2026-07-09 15:00:09
SR012571,MED0303,Tripoli,Abu Salim,2026-08-01 06:35:10
SR012572,MED0060,Tripoli,Tajoura,2026-07-05 00:13:16
SR012573,MED0114,Benghazi,Al-Selmani,2026-07-15 14:40:09
SR012574,MED0019,Misrata,Qasr Ahmad,2026-06-24 00:51:29
SR012575,MED0202,Zawiya,Al-Mashtal,2026-07-15 07:28:05
SR012576,MED0218,Tripoli,Souq Al Juma'a,2026-06-29 19:27:04
SR012577,MED0229,Tripoli,Janzour,2026-06-25 13:54:03
SR012578,MED0212,Benghazi,Al-Selmani,2026-07-12 16:41:03
SR012579,MED0095,Benghazi,Al-Fuwayhat,2026-08-10 12:07:54
SR012580,MED0147,Tripoli,Abu Salim,2026-07-17 12:07:45
SR012581,MED0313,Zawiya,Al-Harsha,2026-05-14 10:21:35
SR012582,MED0143,Benghazi,Al-Fuwayhat,2026-08-09 17:18:45
SR012583,MED0198,Tripoli,Tajoura,2026-08-19 03:07:18
SR012584,MED0436,Benghazi,Al-Berka,2026-03-28 15:50:44
SR012585,MED0355,Tripoli,Janzour,2026-05-05 02:54:15
SR012586,MED0330,Tripoli,Abu Salim,2026-04-26 18:09:00
SR012587,MED0354,Zawiya,Al-Harsha,2026-06-26 23:00:06
SR012588,MED0369,Benghazi,Al-Sabri,2026-07-07 16:12:22
SR012589,MED0169,Tripoli,Souq Al Juma'a,2026-08-03 14:45:54
SR012590,MED0411,Tripoli,Souq Al Juma'a,2026-06-16 06:45:07
SR012591,MED0303,Tripoli,Hay Al-Andalus,2026-07-11 17:36:57
SR012592,MED0051,Tripoli,Janzour,2026-08-02 03:16:18
SR012593,MED0061,Tripoli,Fashloum,2026-06-24 22:01:09
SR012594,MED0220,Tripoli,Ain Zara,2026-05-08 15:30:27
SR012595,MED0499,Tripoli,Tajoura,2026-05-17 23:22:41
SR012596,MED0322,Benghazi,Al-Fuwayhat,2026-07-16 22:31:47
SR012597,MED0179,Benghazi,Al-Berka,2026-06-07 16:51:18
SR012598,MED0176,Tripoli,Fashloum,2026-05-13 23:13:02
SR012599,MED0441,Tripoli,Abu Salim,2026-08-02 18:48:13
SR012600,MED0417,Tripoli,Ain Zara,2026-04-24 01:39:45
SR012601,MED0045,Benghazi,Al-Sabri,2026-04-27 19:21:06
SR012602,MED0251,Misrata,Zawiyat Al-Mahjoub,2026-07-01 03:25:55
SR012603,MED0115,Benghazi,Al-Sabri,2026-08-15 18:37:57
SR012604,MED0041,Tripoli,Gargaresh,2026-06-17 04:32:46
SR012605,MED0440,Tripoli,Souq Al Juma'a,2026-07-22 04:00:06
SR012606,MED0237,Benghazi,Al-Fuwayhat,2026-07-27 12:15:20
SR012607,MED0173,Misrata,Zawiyat Al-Mahjoub,2026-06-22 15:14:35
SR012608,MED0188,Tripoli,Ain Zara,2026-08-11 23:57:04
SR012609,MED0021,Tripoli,Tajoura,2026-05-21 06:09:25
SR012610,MED0044,Tripoli,Abu Salim,2026-06-25 12:36:26
SR012611,MED0421,Tripoli,Abu Salim,2026-05-11 11:58:01
SR012612,MED0406,Tripoli,Fashloum,2026-05-05 19:28:56
SR012613,MED0486,Tripoli,Hay Al-Andalus,2026-06-25 14:53:54
SR012614,MED0247,Benghazi,Al-Hadaeq,2026-07-21 00:01:01
SR012615,MED0145,Benghazi,Al-Berka,2026-05-29 21:46:26
SR012616,MED0058,Zawiya,Al-Harsha,2026-05-28 01:03:00
SR012617,MED0410,Sabha,Tayouri,2026-08-02 00:25:10
SR012618,MED0226,Tripoli,Ain Zara,2026-06-24 00:01:04
SR012619,MED0097,Misrata,Qasr Ahmad,2026-05-24 23:23:23
SR012620,MED0054,Tripoli,Hay Al-Andalus,2026-08-14 00:29:01
SR012621,MED0486,Misrata,Al-Ghiran,2026-07-06 11:08:59
SR012622,MED0063,Benghazi,Al-Fuwayhat,2026-07-06 16:16:41
SR012623,MED0229,Tripoli,Janzour,2026-08-12 14:26:43
SR012624,MED0124,Tripoli,Abu Salim,2026-06-12 08:31:42
SR012625,MED0437,Zawiya,Al-Mashtal,2026-05-02 01:33:25
SR012626,MED0380,Tripoli,Hay Al-Andalus,2026-07-29 13:53:25
SR012627,MED0457,Misrata,Al-Karareem,2026-06-02 00:30:11
SR012628,MED0301,Benghazi,Al-Selmani,2026-05-31 09:38:46
SR012629,MED0186,Benghazi,Al-Sabri,2026-05-22 07:10:02
SR012630,MED0053,Tripoli,Tajoura,2026-07-10 14:43:48
SR012631,MED0269,Tripoli,Fashloum,2026-06-17 12:38:44
SR012632,MED0246,Benghazi,Al-Selmani,2026-07-18 12:22:05
SR012633,MED0444,Tripoli,Ain Zara,2026-07-03 22:56:01
SR012634,MED0131,Misrata,Qasr Ahmad,2026-06-09 01:22:12
SR012635,MED0388,Zliten,Al-Qasabat,2026-07-16 18:01:00
SR012636,MED0503,Tripoli,Abu Salim,2026-07-02 13:26:18
SR012637,MED0466,Zawiya,Al-Harsha,2026-06-27 04:00:19
SR012638,MED0442,Tripoli,Tajoura,2026-03-21 16:57:33
SR012639,MED0249,Tripoli,Fashloum,2026-05-17 00:14:42
SR012640,MED0229,Sabha,Tayouri,2026-05-14 02:59:49
SR012641,MED0054,Benghazi,Al-Berka,2026-05-22 12:58:13
SR012642,MED0441,Tripoli,Ain Zara,2026-05-30 21:58:36
SR012643,MED0160,Tripoli,Hay Al-Andalus,2026-05-19 03:12:32
SR012644,MED0066,Benghazi,Al-Sabri,2026-08-06 12:37:42
SR012645,MED0176,Tripoli,Tajoura,2026-07-29 17:44:29
SR012646,MED0457,Tripoli,Tajoura,2026-07-28 16:58:10
SR012647,MED0304,Tripoli,Tajoura,2026-06-08 13:08:49
SR012648,MED0229,Tripoli,Souq Al Juma'a,2026-06-20 08:21:44
SR012649,MED0256,Tripoli,Tajoura,2026-05-27 08:00:35
SR012650,MED0395,Tripoli,Ain Zara,2026-07-25 09:07:35
SR012651,MED0365,Benghazi,Al-Fuwayhat,2026-08-11 04:07:36
SR012652,MED0498,Benghazi,Al-Berka,2026-07-25 08:42:18
SR012653,MED0227,Misrata,Al-Karareem,2026-03-06 12:43:56
SR012654,MED0512,Benghazi,Al-Fuwayhat,2026-07-18 13:30:53
SR012655,MED0407,Tripoli,Janzour,2026-05-16 22:40:01
SR012656,MED0166,Tripoli,Tajoura,2026-08-05 03:44:33
SR012657,MED0086,Zliten,Souq Al-Thulatha,2026-06-27 12:50:50
SR012658,MED0318,Tripoli,Abu Salim,2026-03-25 03:12:59
SR012659,MED0223,Tripoli,Fashloum,2026-07-24 18:01:14
SR012660,MED0199,Tripoli,Abu Salim,2026-04-19 14:45:56
SR012661,MED0055,Sabha,Tayouri,2026-07-03 10:47:01
SR012662,MED0446,Tripoli,Janzour,2026-07-18 16:38:28
SR012663,MED0017,Sabha,Al-Manshiya,2026-05-27 01:23:19
SR012664,MED0185,Tripoli,Janzour,2026-07-25 15:30:11
SR012665,MED0511,Tripoli,Janzour,2026-05-13 15:19:38
SR012666,MED0188,Zawiya,Al-Harsha,2026-07-31 10:17:38
SR012667,MED0142,Sabha,Al-Manshiya,2026-06-17 02:18:11
SR012668,MED0430,Tripoli,Gargaresh,2026-08-01 19:24:46
SR012669,MED0235,Benghazi,Al-Berka,2026-07-10 02:04:16
SR012670,MED0169,Misrata,Al-Ghiran,2026-08-05 22:59:33
SR012671,MED0005,Tripoli,Ain Zara,2026-07-01 21:23:03
SR012672,MED0147,Tripoli,Souq Al Juma'a,2026-04-22 00:57:33
SR012673,MED0112,Tripoli,Tajoura,2026-08-11 23:18:46
SR012674,MED0275,Tripoli,Ain Zara,2026-08-18 21:02:45
SR012675,MED0369,Zawiya,Al-Harsha,2026-06-06 22:31:03
SR012676,MED0261,Tripoli,Ain Zara,2026-07-02 17:42:30
SR012677,MED0500,Benghazi,Al-Berka,2026-02-14 12:36:07
SR012678,MED0369,Tripoli,Ain Zara,2026-07-30 08:03:38
SR012679,MED0053,Tripoli,Janzour,2026-07-24 06:19:31
SR012680,MED0075,Tripoli,Abu Salim,2026-05-13 15:26:25
SR012681,MED0056,Tripoli,Gargaresh,2026-04-27 12:35:56
SR012682,MED0361,Tripoli,Hay Al-Andalus,2026-03-06 05:18:41
SR012683,MED0018,Benghazi,Al-Sabri,2026-07-22 10:34:09
SR012684,MED0320,Tripoli,Gargaresh,2026-08-09 06:19:05
SR012685,MED0132,Misrata,Qasr Ahmad,2026-08-03 14:33:32
SR012686,MED0075,Tripoli,Hay Al-Andalus,2026-08-09 10:14:22
SR012687,MED0355,Tripoli,Abu Salim,2026-03-28 10:04:11
SR012688,MED0369,Tripoli,Janzour,2026-06-01 04:18:19
SR012689,MED0297,Zawiya,Al-Mashtal,2026-07-13 00:55:42
SR012690,MED0340,Benghazi,Al-Berka,2026-05-31 12:01:37
SR012691,MED0274,Tripoli,Souq Al Juma'a,2026-06-28 18:59:18
SR012692,MED0174,Tripoli,Ain Zara,2026-07-10 08:20:06
SR012693,MED0504,Tripoli,Janzour,2026-06-11 21:08:14
SR012694,MED0096,Tripoli,Fashloum,2026-04-30 08:50:02
SR012695,MED0387,Tripoli,Fashloum,2026-05-27 15:50:30
SR012696,MED0054,Benghazi,Al-Selmani,2026-07-04 06:29:19
SR012697,MED0138,Benghazi,Al-Sabri,2026-07-28 02:58:17
SR012698,MED0354,Tripoli,Fashloum,2025-12-13 07:33:47
SR012699,MED0119,Tripoli,Hay Al-Andalus,2026-06-09 22:09:51
SR012700,MED0215,Benghazi,Al-Hadaeq,2026-06-30 14:11:28
SR012701,MED0310,Benghazi,Al-Fuwayhat,2026-07-24 05:39:50
SR012702,MED0119,Benghazi,Al-Hadaeq,2026-03-19 14:35:36
SR012703,MED0047,Benghazi,Al-Fuwayhat,2026-07-28 20:00:06
SR012704,MED0310,Tripoli,Abu Salim,2026-06-20 17:41:16
SR012705,MED0167,Tripoli,Gargaresh,2026-07-24 08:54:41
SR012706,MED0029,Sabha,Tayouri,2026-07-21 12:45:43
SR012707,MED0116,Tripoli,Fashloum,2026-07-28 20:36:42
SR012708,MED0128,Tripoli,Abu Salim,2026-08-11 12:52:28
SR012709,MED0482,Benghazi,Al-Sabri,2026-07-14 23:53:11
SR012710,MED0174,Misrata,Zawiyat Al-Mahjoub,2026-08-04 07:57:52
SR012711,MED0380,Tripoli,Hay Al-Andalus,2026-06-01 17:49:09
SR012712,MED0369,Benghazi,Al-Fuwayhat,2026-04-17 11:55:33
SR012713,MED0319,Benghazi,Al-Selmani,2026-08-10 08:06:37
SR012714,MED0199,Tripoli,Ain Zara,2026-05-27 05:46:43
SR012715,MED0148,Tripoli,Abu Salim,2026-07-27 21:23:22
SR012716,MED0126,Tripoli,Abu Salim,2026-08-01 09:36:15
SR012717,MED0178,Zliten,Al-Qasabat,2026-08-15 10:07:07
SR012718,MED0466,Misrata,Al-Ghiran,2026-04-14 11:53:34
SR012719,MED0272,Zawiya,Bir Al-Ghanam,2026-06-28 11:11:33
SR012720,MED0258,Benghazi,Al-Berka,2026-07-05 01:59:12
SR012721,MED0297,Tripoli,Abu Salim,2026-04-26 19:20:34
SR012722,MED0380,Tripoli,Tajoura,2026-07-09 21:39:08
SR012723,MED0498,Misrata,Zawiyat Al-Mahjoub,2026-02-24 11:30:20
SR012724,MED0057,Benghazi,Al-Hadaeq,2026-06-10 11:24:34
SR012725,MED0412,Benghazi,Al-Sabri,2026-07-20 19:15:16
SR012726,MED0202,Tripoli,Souq Al Juma'a,2026-07-04 13:47:39
SR012727,MED0384,Tripoli,Tajoura,2026-08-08 03:17:21
SR012728,MED0517,Tripoli,Ain Zara,2026-07-15 15:02:50
SR012729,MED0083,Benghazi,Al-Selmani,2026-05-31 03:50:12
SR012730,MED0014,Misrata,Al-Ghiran,2026-07-09 19:32:22
SR012731,MED0083,Tripoli,Ain Zara,2026-07-29 21:04:56
SR012732,MED0018,Tripoli,Ain Zara,2026-03-23 13:26:43
SR012733,MED0248,Tripoli,Janzour,2026-07-28 02:05:19
SR012734,MED0061,Benghazi,Al-Selmani,2026-07-25 07:54:42
SR012735,MED0132,Tripoli,Tajoura,2026-08-20 07:58:58
SR012736,MED0187,Tripoli,Janzour,2026-08-12 03:49:53
SR012737,MED0179,Misrata,Al-Karareem,2026-05-07 13:46:51
SR012738,MED0021,Tripoli,Hay Al-Andalus,2026-05-13 11:54:05
SR012739,MED0243,Benghazi,Al-Berka,2026-06-25 06:49:49
SR012740,MED0382,Misrata,Al-Ghiran,2026-06-13 05:26:09
SR012741,MED0414,Tripoli,Souq Al Juma'a,2026-07-10 15:40:36
SR012742,MED0417,Benghazi,Al-Hadaeq,2026-08-11 22:14:21
SR012743,MED0087,Tripoli,Fashloum,2026-04-29 22:21:08
SR012744,MED0072,Benghazi,Al-Sabri,2026-05-04 23:15:11
SR012745,MED0323,Sabha,Al-Manshiya,2026-08-17 01:33:22
SR012746,MED0015,Tripoli,Fashloum,2026-08-16 17:17:33
SR012747,MED0212,Tripoli,Souq Al Juma'a,2026-08-14 05:01:51
SR012748,MED0156,Misrata,Al-Karareem,2026-06-09 13:58:25
SR012749,MED0015,Tripoli,Souq Al Juma'a,2026-08-19 16:44:17
SR012750,MED0431,Misrata,Al-Karareem,2026-03-22 21:55:57
SR012751,MED0198,Tripoli,Ain Zara,2026-06-09 17:53:59
SR012752,MED0284,Tripoli,Ain Zara,2026-07-25 12:01:19
SR012753,MED0175,Tripoli,Abu Salim,2026-06-30 20:55:28
SR012754,MED0194,Benghazi,Al-Selmani,2026-04-08 08:46:10
SR012755,MED0315,Tripoli,Ain Zara,2026-07-14 08:47:59
SR012756,MED0380,Tripoli,Hay Al-Andalus,2026-04-22 05:02:11
SR012757,MED0304,Misrata,Zawiyat Al-Mahjoub,2026-05-19 16:36:30
SR012758,MED0248,Tripoli,Tajoura,2026-05-23 23:33:32
SR012759,MED0232,Tripoli,Janzour,2026-07-27 09:09:39
SR012760,MED0161,Tripoli,Ain Zara,2026-04-10 18:13:19
SR012761,MED0459,Tripoli,Ain Zara,2026-04-17 21:09:26
SR012762,MED0236,Tripoli,Tajoura,2026-08-11 22:00:42
SR012763,MED0404,Zawiya,Al-Harsha,2026-08-04 06:19:53
SR012764,MED0158,Misrata,Zawiyat Al-Mahjoub,2026-06-29 03:35:51
SR012765,MED0238,Tripoli,Abu Salim,2026-07-26 15:29:59
SR012766,MED0391,Tripoli,Abu Salim,2026-06-24 02:54:12
SR012767,MED0213,Misrata,Al-Ghiran,2026-06-12 13:10:42
SR012768,MED0152,Tripoli,Abu Salim,2026-08-01 17:58:14
SR012769,MED0517,Tripoli,Janzour,2026-05-02 10:16:50
SR012770,MED0155,Zliten,Souq Al-Thulatha,2026-05-27 03:20:12
SR012771,MED0284,Tripoli,Souq Al Juma'a,2026-08-17 06:59:20
SR012772,MED0162,Tripoli,Fashloum,2026-06-19 22:29:03
SR012773,MED0113,Tripoli,Souq Al Juma'a,2026-07-10 07:33:50
SR012774,MED0157,Sabha,Al-Manshiya,2026-08-04 07:23:09
SR012775,MED0002,Tripoli,Tajoura,2026-05-06 06:41:57
SR012776,MED0349,Tripoli,Janzour,2026-06-06 06:29:41
SR012777,MED0384,Tripoli,Hay Al-Andalus,2026-05-18 20:41:00
SR012778,MED0404,Zawiya,Al-Harsha,2026-06-02 06:22:52
SR012779,MED0444,Tripoli,Tajoura,2026-07-25 04:03:08
SR012780,MED0436,Tripoli,Souq Al Juma'a,2026-06-30 05:56:17
SR012781,MED0174,Tripoli,Fashloum,2026-08-01 22:37:54
SR012782,MED0335,Tripoli,Janzour,2026-06-06 02:02:09
SR012783,MED0333,Misrata,Al-Ghiran,2026-08-12 08:53:32
SR012784,MED0176,Benghazi,Al-Hadaeq,2026-04-19 17:28:06
SR012785,MED0297,Tripoli,Souq Al Juma'a,2026-06-10 21:36:14
SR012786,MED0038,Benghazi,Al-Berka,2026-05-25 10:45:49
SR012787,MED0207,Misrata,Qasr Ahmad,2026-04-28 06:49:59
SR012788,MED0049,Zliten,Al-Qasabat,2026-03-28 20:48:03
SR012789,MED0056,Tripoli,Abu Salim,2026-08-11 12:10:00
SR012790,MED0174,Tripoli,Fashloum,2026-05-04 20:32:02
SR012791,MED0044,Misrata,Al-Ghiran,2026-07-05 04:36:42
SR012792,MED0295,Misrata,Al-Ghiran,2026-06-16 00:34:30
SR012793,MED0202,Benghazi,Al-Berka,2026-06-01 05:18:16
SR012794,MED0129,Tripoli,Hay Al-Andalus,2026-03-04 18:52:27
SR012795,MED0233,Tripoli,Tajoura,2026-07-19 19:47:00
SR012796,MED0500,Tripoli,Janzour,2026-03-30 13:08:07
SR012797,MED0213,Benghazi,Al-Berka,2026-05-26 08:16:34
SR012798,MED0380,Tripoli,Abu Salim,2026-04-12 13:55:49
SR012799,MED0432,Zawiya,Al-Harsha,2026-04-25 18:52:55
SR012800,MED0295,Tripoli,Souq Al Juma'a,2026-06-18 18:57:15
SR012801,MED0029,Zawiya,Bir Al-Ghanam,2026-06-04 19:21:37
SR012802,MED0054,Benghazi,Al-Selmani,2026-06-25 07:49:52
SR012803,MED0372,Tripoli,Ain Zara,2026-06-15 00:02:09
SR012804,MED0517,Tripoli,Tajoura,2026-07-16 03:54:54
SR012805,MED0442,Tripoli,Souq Al Juma'a,2026-03-21 11:39:54
SR012806,MED0446,Tripoli,Hay Al-Andalus,2026-06-19 10:20:27
SR012807,MED0133,Tripoli,Janzour,2026-07-26 02:32:13
SR012808,MED0066,Benghazi,Al-Hadaeq,2026-06-22 14:13:41
SR012809,MED0510,Tripoli,Abu Salim,2026-05-29 03:43:06
SR012810,MED0259,Tripoli,Fashloum,2026-06-29 15:39:10
SR012811,MED0197,Zawiya,Bir Al-Ghanam,2026-07-26 18:46:30
SR012812,MED0152,Tripoli,Fashloum,2026-07-28 05:05:31
SR012813,MED0173,Tripoli,Janzour,2026-08-21 00:19:38
SR012814,MED0221,Zawiya,Al-Harsha,2026-05-28 05:23:36
SR012815,MED0216,Tripoli,Souq Al Juma'a,2026-07-04 21:22:42
SR012816,MED0114,Tripoli,Abu Salim,2026-06-22 21:45:58
SR012817,MED0499,Tripoli,Gargaresh,2026-05-30 00:09:14
SR012818,MED0494,Tripoli,Ain Zara,2026-08-13 18:09:32
SR012819,MED0367,Tripoli,Fashloum,2026-07-25 15:22:43
SR012820,MED0333,Benghazi,Al-Berka,2026-08-03 12:21:44
SR012821,MED0114,Misrata,Zawiyat Al-Mahjoub,2026-07-19 00:51:13
SR012822,MED0046,Sabha,Tayouri,2026-07-18 08:42:23
SR012823,MED0127,Tripoli,Ain Zara,2026-07-16 11:03:18
SR012824,MED0396,Tripoli,Fashloum,2026-07-02 06:11:53
SR012825,MED0499,Misrata,Al-Karareem,2026-07-18 00:47:40
SR012826,MED0158,Tripoli,Fashloum,2026-05-24 22:28:27
SR012827,MED0022,Tripoli,Gargaresh,2026-04-29 23:50:38
SR012828,MED0270,Tripoli,Fashloum,2026-07-27 00:09:56
SR012829,MED0252,Benghazi,Al-Berka,2026-08-16 02:18:22
SR012830,MED0015,Benghazi,Al-Berka,2026-08-19 13:39:16
SR012831,MED0049,Tripoli,Tajoura,2026-08-05 07:47:14
SR012832,MED0032,Sabha,Tayouri,2026-08-17 06:14:17
SR012833,MED0216,Tripoli,Ain Zara,2026-03-31 21:33:22
SR012834,MED0333,Tripoli,Hay Al-Andalus,2026-05-22 23:05:49
SR012835,MED0319,Tripoli,Fashloum,2026-07-30 10:40:35
SR012836,MED0213,Tripoli,Tajoura,2026-08-09 10:30:52
SR012837,MED0508,Tripoli,Hay Al-Andalus,2026-06-26 05:40:18
SR012838,MED0212,Tripoli,Souq Al Juma'a,2026-08-11 10:27:56
SR012839,MED0365,Tripoli,Gargaresh,2026-08-13 00:53:44
SR012840,MED0122,Tripoli,Fashloum,2026-05-23 18:04:31
SR012841,MED0438,Tripoli,Gargaresh,2026-07-15 13:06:49
SR012842,MED0442,Tripoli,Souq Al Juma'a,2026-07-24 10:56:10
SR012843,MED0010,Tripoli,Gargaresh,2026-06-27 00:03:15
SR012844,MED0056,Benghazi,Al-Hadaeq,2026-07-18 14:14:33
SR012845,MED0093,Tripoli,Ain Zara,2026-08-16 06:36:38
SR012846,MED0084,Misrata,Al-Karareem,2026-06-23 04:23:49
SR012847,MED0372,Tripoli,Fashloum,2026-05-25 02:31:48
SR012848,MED0327,Tripoli,Janzour,2026-05-29 01:36:41
SR012849,MED0025,Tripoli,Janzour,2026-07-23 02:18:59
SR012850,MED0488,Tripoli,Tajoura,2026-07-07 23:37:52
SR012851,MED0019,Tripoli,Souq Al Juma'a,2026-07-25 19:42:22
SR012852,MED0068,Tripoli,Hay Al-Andalus,2026-07-18 20:09:36
SR012853,MED0019,Sabha,Tayouri,2026-08-16 05:20:45
SR012854,MED0387,Misrata,Qasr Ahmad,2026-07-10 15:36:07
SR012855,MED0021,Tripoli,Tajoura,2026-08-19 06:47:17
SR012856,MED0108,Tripoli,Abu Salim,2026-06-01 08:44:10
SR012857,MED0213,Tripoli,Hay Al-Andalus,2026-05-23 23:15:08
SR012858,MED0469,Tripoli,Gargaresh,2026-07-08 05:33:59
SR012859,MED0342,Benghazi,Al-Selmani,2026-08-01 17:46:18
SR012860,MED0430,Benghazi,Al-Berka,2026-07-30 16:38:49
SR012861,MED0496,Zawiya,Al-Mashtal,2026-07-18 01:24:25
SR012862,MED0024,Tripoli,Souq Al Juma'a,2026-07-11 01:55:13
SR012863,MED0105,Tripoli,Ain Zara,2026-07-09 17:19:32
SR012864,MED0272,Tripoli,Ain Zara,2026-07-08 05:22:07
SR012865,MED0231,Tripoli,Ain Zara,2026-06-17 04:20:06
SR012866,MED0332,Tripoli,Fashloum,2026-07-10 09:36:27
SR012867,MED0290,Tripoli,Fashloum,2026-06-13 07:48:30
SR012868,MED0032,Zawiya,Bir Al-Ghanam,2026-06-06 23:51:01
SR012869,MED0520,Tripoli,Janzour,2026-03-25 23:07:30
SR012870,MED0138,Tripoli,Janzour,2026-07-29 18:25:23
SR012871,MED0216,Benghazi,Al-Sabri,2026-06-22 08:30:41
SR012872,MED0122,Tripoli,Souq Al Juma'a,2026-08-08 00:38:45
SR012873,MED0297,Tripoli,Hay Al-Andalus,2026-06-02 16:46:51
SR012874,MED0030,Tripoli,Hay Al-Andalus,2026-05-18 07:22:59
SR012875,MED0302,Tripoli,Janzour,2026-07-28 10:32:18
SR012876,MED0405,Zawiya,Al-Harsha,2026-04-03 12:35:29
SR012877,MED0138,Tripoli,Fashloum,2026-06-22 18:45:00
SR012878,MED0362,Tripoli,Souq Al Juma'a,2026-06-28 02:35:47
SR012879,MED0064,Tripoli,Gargaresh,2026-07-14 12:23:15
SR012880,MED0198,Benghazi,Al-Hadaeq,2026-06-29 19:41:54
SR012881,MED0344,Tripoli,Gargaresh,2026-08-11 20:24:41
SR012882,MED0325,Tripoli,Ain Zara,2026-06-21 04:51:18
SR012883,MED0384,Tripoli,Fashloum,2026-07-24 10:05:40
SR012884,MED0446,Tripoli,Hay Al-Andalus,2026-08-16 15:37:38
SR012885,MED0497,Tripoli,Souq Al Juma'a,2026-04-11 17:49:07
SR012886,MED0041,Tripoli,Tajoura,2026-07-19 07:10:00
SR012887,MED0025,Tripoli,Hay Al-Andalus,2026-02-12 05:59:52
SR012888,MED0021,Tripoli,Ain Zara,2026-07-03 20:16:06
SR012889,MED0442,Tripoli,Janzour,2026-07-03 12:15:15
SR012890,MED0329,Benghazi,Al-Berka,2026-08-10 15:03:04
SR012891,MED0456,Benghazi,Al-Selmani,2026-06-04 01:51:47
SR012892,MED0325,Tripoli,Fashloum,2026-06-27 00:04:33
SR012893,MED0406,Tripoli,Souq Al Juma'a,2026-06-25 10:50:22
SR012894,MED0445,Tripoli,Ain Zara,2026-07-09 03:09:15
SR012895,MED0142,Tripoli,Janzour,2026-06-24 03:05:00
SR012896,MED0453,Tripoli,Souq Al Juma'a,2026-06-01 23:31:07
SR012897,MED0174,Tripoli,Ain Zara,2026-07-28 15:42:31
SR012898,MED0200,Tripoli,Gargaresh,2026-07-17 06:46:15
SR012899,MED0190,Tripoli,Fashloum,2026-05-24 01:00:04
SR012900,MED0036,Tripoli,Tajoura,2026-08-01 14:27:46
SR012901,MED0157,Tripoli,Souq Al Juma'a,2026-08-10 04:30:27
SR012902,MED0393,Tripoli,Janzour,2026-08-18 14:59:22
SR012903,MED0434,Tripoli,Fashloum,2026-07-14 00:53:34
SR012904,MED0368,Tripoli,Tajoura,2026-06-23 12:02:31
SR012905,MED0463,Misrata,Qasr Ahmad,2026-08-04 20:18:13
SR012906,MED0001,Tripoli,Abu Salim,2026-08-06 09:09:01
SR012907,MED0337,Benghazi,Al-Berka,2026-04-27 19:21:51
SR012908,MED0351,Misrata,Zawiyat Al-Mahjoub,2026-03-21 07:03:30
SR012909,MED0099,Tripoli,Janzour,2026-06-07 07:06:28
SR012910,MED0404,Tripoli,Ain Zara,2026-07-25 12:04:31
SR012911,MED0394,Tripoli,Gargaresh,2026-08-13 22:58:29
SR012912,MED0500,Tripoli,Tajoura,2026-06-25 15:12:08
SR012913,MED0297,Tripoli,Abu Salim,2026-07-04 12:59:59
SR012914,MED0259,Sabha,Al-Manshiya,2026-06-03 09:33:32
SR012915,MED0301,Benghazi,Al-Sabri,2026-08-05 01:42:41
SR012916,MED0213,Zawiya,Al-Mashtal,2026-08-19 05:21:45
SR012917,MED0214,Zawiya,Bir Al-Ghanam,2026-07-23 11:26:08
SR012918,MED0438,Tripoli,Abu Salim,2026-06-13 10:28:36
SR012919,MED0105,Sabha,Al-Manshiya,2026-07-21 11:31:39
SR012920,MED0039,Tripoli,Abu Salim,2026-06-26 13:10:35
SR012921,MED0357,Tripoli,Janzour,2026-06-11 04:20:48
SR012922,MED0024,Misrata,Qasr Ahmad,2026-07-17 12:03:41
SR012923,MED0436,Tripoli,Janzour,2026-08-18 12:25:54
SR012924,MED0103,Tripoli,Gargaresh,2026-05-11 02:17:26
SR012925,MED0173,Benghazi,Al-Sabri,2026-04-21 22:40:36
SR012926,MED0265,Zawiya,Al-Mashtal,2026-04-25 04:43:29
SR012927,MED0323,Tripoli,Fashloum,2026-07-27 22:21:17
SR012928,MED0173,Misrata,Al-Ghiran,2026-07-14 05:09:57
SR012929,MED0207,Tripoli,Abu Salim,2026-08-03 04:13:45
SR012930,MED0247,Tripoli,Ain Zara,2026-05-08 22:28:20
SR012931,MED0064,Tripoli,Janzour,2026-04-18 04:23:58
SR012932,MED0409,Tripoli,Gargaresh,2026-07-17 09:34:08
SR012933,MED0144,Benghazi,Al-Berka,2026-08-15 11:31:40
SR012934,MED0020,Tripoli,Tajoura,2026-08-19 15:47:24
SR012935,MED0447,Tripoli,Gargaresh,2026-04-11 02:30:16
SR012936,MED0207,Benghazi,Al-Hadaeq,2026-07-28 02:51:14
SR012937,MED0174,Misrata,Qasr Ahmad,2026-07-30 02:34:56
SR012938,MED0502,Misrata,Zawiyat Al-Mahjoub,2026-07-20 01:22:40
SR012939,MED0470,Sabha,Al-Dawwar,2026-04-20 21:17:10
SR012940,MED0055,Tripoli,Fashloum,2026-07-23 17:44:48
SR012941,MED0211,Tripoli,Janzour,2026-07-19 08:21:38
SR012942,MED0330,Tripoli,Janzour,2026-06-18 13:38:28
SR012943,MED0438,Tripoli,Fashloum,2026-08-05 13:42:17
SR012944,MED0079,Tripoli,Souq Al Juma'a,2026-05-26 18:58:45
SR012945,MED0410,Tripoli,Ain Zara,2026-05-13 12:04:21
SR012946,MED0361,Benghazi,Al-Hadaeq,2026-07-10 09:11:19
SR012947,MED0326,Benghazi,Al-Selmani,2026-08-17 13:40:31
SR012948,MED0016,Zawiya,Bir Al-Ghanam,2026-07-04 04:24:50
SR012949,MED0444,Sabha,Al-Manshiya,2026-03-14 02:31:32
SR012950,MED0298,Tripoli,Souq Al Juma'a,2026-07-19 05:39:50
SR012951,MED0303,Tripoli,Souq Al Juma'a,2026-03-11 08:35:24
SR012952,MED0203,Zawiya,Bir Al-Ghanam,2026-05-31 17:40:18
SR012953,MED0007,Tripoli,Abu Salim,2026-07-30 19:37:39
SR012954,MED0219,Tripoli,Tajoura,2026-06-26 06:03:53
SR012955,MED0015,Tripoli,Souq Al Juma'a,2026-07-25 22:46:33
SR012956,MED0108,Tripoli,Fashloum,2026-07-27 00:01:14
SR012957,MED0056,Tripoli,Hay Al-Andalus,2026-08-15 13:48:08
SR012958,MED0048,Tripoli,Gargaresh,2026-04-25 02:17:20
SR012959,MED0141,Benghazi,Al-Fuwayhat,2026-07-20 19:12:48
SR012960,MED0125,Benghazi,Al-Hadaeq,2026-06-15 21:08:40
SR012961,MED0025,Tripoli,Gargaresh,2026-07-24 00:27:56
SR012962,MED0033,Tripoli,Souq Al Juma'a,2026-03-16 17:50:14
SR012963,MED0075,Misrata,Al-Ghiran,2026-06-19 06:12:30
SR012964,MED0301,Tripoli,Hay Al-Andalus,2026-08-02 21:58:25
SR012965,MED0156,Sabha,Al-Dawwar,2026-06-05 22:21:08
SR012966,MED0104,Misrata,Al-Ghiran,2026-02-22 09:56:16
SR012967,MED0371,Tripoli,Ain Zara,2026-07-14 02:47:32
SR012968,MED0008,Tripoli,Abu Salim,2026-07-25 00:41:27
SR012969,MED0292,Tripoli,Souq Al Juma'a,2026-05-23 17:56:36
SR012970,MED0320,Tripoli,Ain Zara,2026-06-24 20:51:45
SR012971,MED0164,Tripoli,Abu Salim,2026-05-03 02:09:26
SR012972,MED0213,Misrata,Zawiyat Al-Mahjoub,2026-06-19 05:34:17
SR012973,MED0212,Tripoli,Fashloum,2026-03-25 05:29:44
SR012974,MED0021,Tripoli,Tajoura,2026-07-14 09:20:12
SR012975,MED0367,Tripoli,Janzour,2026-06-27 01:52:48
SR012976,MED0053,Tripoli,Tajoura,2026-06-01 03:37:57
SR012977,MED0223,Zliten,Souq Al-Thulatha,2026-06-29 05:07:36
SR012978,MED0144,Zawiya,Al-Mashtal,2026-08-04 15:24:07
SR012979,MED0167,Tripoli,Hay Al-Andalus,2026-07-17 01:39:03
SR012980,MED0405,Tripoli,Janzour,2026-06-18 01:35:22
SR012981,MED0489,Tripoli,Abu Salim,2026-07-15 08:49:58
SR012982,MED0003,Benghazi,Al-Selmani,2026-06-19 11:41:40
SR012983,MED0048,Misrata,Al-Ghiran,2026-05-22 19:38:08
SR012984,MED0305,Tripoli,Tajoura,2026-08-18 23:10:10
SR012985,MED0450,Tripoli,Souq Al Juma'a,2026-05-28 00:19:05
SR012986,MED0459,Benghazi,Al-Fuwayhat,2026-06-27 01:50:45
SR012987,MED0261,Tripoli,Gargaresh,2026-06-20 20:27:59
SR012988,MED0406,Tripoli,Gargaresh,2026-06-13 07:29:18
SR012989,MED0226,Tripoli,Gargaresh,2026-07-05 18:25:11
SR012990,MED0388,Benghazi,Al-Selmani,2026-05-23 11:38:51
SR012991,MED0302,Misrata,Qasr Ahmad,2026-07-26 08:10:30
SR012992,MED0051,Benghazi,Al-Fuwayhat,2026-06-10 11:59:54
SR012993,MED0395,Tripoli,Gargaresh,2026-06-10 02:22:54
SR012994,MED0290,Benghazi,Al-Selmani,2026-08-20 23:53:11
SR012995,MED0221,Tripoli,Abu Salim,2026-05-31 16:40:53
SR012996,MED0029,Benghazi,Al-Sabri,2026-03-26 04:28:47
SR012997,MED0406,Tripoli,Souq Al Juma'a,2026-07-29 07:11:59
SR012998,MED0216,Tripoli,Hay Al-Andalus,2026-07-19 03:19:47
SR012999,MED0447,Misrata,Al-Karareem,2026-02-22 05:04:01
SR013000,MED0347,Benghazi,Al-Fuwayhat,2026-02-18 02:55:27
